"id","matchDate","Country","League","Season","homeTeam","awayTeam","H","D","A","O05","U05","O15","U15","O25","U25","O35","U35","O45","U45","BTTSY","BTTSN"
"14540","25-05-25 17:00","England","Premier League","2024/2025","Bournemouth","Leicester","1.38","5.64","7.82","1.01","20.00","1.16","5.50","1.48","2.75","2.26","1.67","3.79","1.29","1.72","2.12"
"14541","25-05-25 17:00","England","Premier League","2024/2025","Fulham","Manchester City","6.24","4.64","1.53","1.03","15.00","1.19","5.00","1.61","2.38","2.47","1.57","4.48","1.22","1.65","2.24"
"14542","25-05-25 17:00","England","Premier League","2024/2025","Ipswich","West Ham","3.25","3.65","2.23","1.03","15.00","1.23","4.33","1.70","2.20","2.86","1.45","5.41","1.17","1.62","2.31"
"14543","25-05-25 17:00","England","Premier League","2024/2025","Liverpool","Crystal Palace","1.40","6.31","6.31","1.01","26.00","1.11","7.00","1.32","3.50","1.90","2.00","2.86","1.45","1.52","2.54"
"14544","25-05-25 17:00","England","Premier League","2024/2025","Manchester Utd","Aston Villa","4.38","4.42","1.74","1.02","17.00","1.22","4.50","1.61","2.38","2.47","1.57","4.48","1.22","1.60","2.34"
"14545","25-05-25 17:00","England","Premier League","2024/2025","Newcastle","Everton","1.30","6.11","10.20","1.01","21.00","1.16","5.50","1.48","2.75","2.24","1.73","3.67","1.30","1.76","2.06"
"14546","25-05-25 17:00","England","Premier League","2024/2025","Nottingham","Chelsea","3.50","3.86","2.06","1.03","15.00","1.23","4.33","1.70","2.20","2.86","1.45","5.41","1.17","1.60","2.34"
"14547","25-05-25 17:00","England","Premier League","2024/2025","Southampton","Arsenal","12.20","6.11","1.28","1.02","24.00","1.14","6.00","1.41","3.00","2.13","1.80","3.43","1.34","1.83","1.98"
"14548","25-05-25 17:00","England","Premier League","2024/2025","Tottenham","Brighton","3.63","4.12","1.95","1.01","20.00","1.16","5.50","1.51","2.63","2.24","1.73","3.79","1.29","1.48","2.68"
"14549","25-05-25 17:00","England","Premier League","2024/2025","Wolves","Brentford","2.98","3.80","2.31","1.01","19.50","1.16","5.50","1.51","2.63","2.26","1.67","4.14","1.25","1.48","2.68"
"14550","20-05-25 21:00","England","Premier League","2024/2025","Crystal Palace","Wolves","2.31","3.37","3.33","1.06","10.40","1.30","3.65","1.92","1.98","3.30","1.35","6.79","1.12","1.68","2.18"
"14551","20-05-25 21:00","England","Premier League","2024/2025","Manchester City","Bournemouth","1.36","5.64","8.64","1.02","17.00","1.16","5.50","1.51","2.63","2.26","1.67","3.79","1.29","1.76","2.06"
"14552","19-05-25 21:00","England","Premier League","2024/2025","Brighton","Liverpool","2.31","3.91","2.91","1.01","16.00","1.15","5.79","1.44","2.90","2.14","1.80","3.50","1.33","1.43","2.82"
"14553","18-05-25 17:30","England","Premier League","2024/2025","Arsenal","Newcastle","1.91","3.79","4.10","1.03","13.50","1.22","4.51","1.76","2.19","2.75","1.48","5.20","1.18","1.59","2.36"
"14554","18-05-25 16:00","England","Premier League","2024/2025","Brentford","Fulham","1.99","3.90","3.67","1.03","15.00","1.22","4.50","1.65","2.30","2.57","1.54","4.80","1.20","1.57","2.42"
"14555","18-05-25 16:00","England","Premier League","2024/2025","Leicester","Ipswich","2.30","3.69","3.07","1.04","13.00","1.23","4.33","1.70","2.20","2.66","1.50","4.80","1.20","1.57","2.41"
"14556","18-05-25 15:15","England","Premier League","2024/2025","West Ham","Nottingham","3.13","3.48","2.36","1.06","10.50","1.30","3.68","2.03","1.88","3.27","1.36","6.73","1.12","1.72","2.12"
"14557","18-05-25 13:00","England","Premier League","2024/2025","Everton","Southampton","1.46","4.87","7.18","1.04","13.00","1.26","4.00","1.82","2.10","3.06","1.40","5.41","1.17","1.90","1.90"
"14558","16-05-25 21:15","England","Premier League","2024/2025","Chelsea","Manchester Utd","1.62","4.62","5.13","1.02","17.90","1.18","5.26","1.51","2.63","2.26","1.67","3.94","1.27","1.60","2.34"
"14559","16-05-25 20:30","England","Premier League","2024/2025","Aston Villa","Tottenham","1.30","6.60","9.10","1.01","27.00","1.13","6.50","1.37","3.20","1.99","1.91","3.24","1.37","1.68","2.18"
"14560","11-05-25 17:30","England","Premier League","2024/2025","Liverpool","Arsenal","2.17","3.57","3.44","1.02","15.80","1.21","4.74","1.64","2.32","2.54","1.54","4.57","1.22","1.53","2.53"
"14561","11-05-25 15:15","England","Premier League","2024/2025","Manchester Utd","West Ham","1.98","3.76","3.85","1.04","13.00","1.26","4.00","1.82","2.10","3.06","1.40","5.41","1.17","1.65","2.24"
"14562","11-05-25 15:15","England","Premier League","2024/2025","Nottingham","Leicester","1.41","5.13","8.10","1.03","15.00","1.22","4.50","1.65","2.30","2.66","1.50","4.80","1.20","1.83","1.98"
"14563","11-05-25 15:15","England","Premier League","2024/2025","Tottenham","Crystal Palace","3.02","3.68","2.34","1.03","15.00","1.22","4.50","1.70","2.20","2.66","1.50","5.41","1.17","1.57","2.41"
"14564","11-05-25 13:00","England","Premier League","2024/2025","Newcastle","Chelsea","2.25","3.84","3.07","1.02","17.00","1.19","5.00","1.56","2.50","2.37","1.62","4.14","1.25","1.44","2.79"
"14565","10-05-25 18:30","England","Premier League","2024/2025","Bournemouth","Aston Villa","2.75","3.59","2.57","1.04","13.00","1.22","4.50","1.70","2.20","2.66","1.50","4.80","1.20","1.53","2.53"
"14566","10-05-25 16:00","England","Premier League","2024/2025","Fulham","Everton","1.78","3.66","5.09","1.06","10.00","1.32","3.50","1.99","1.91","3.43","1.34","7.06","1.11","1.83","1.98"
"14567","10-05-25 16:00","England","Premier League","2024/2025","Ipswich","Brentford","5.64","4.61","1.57","1.01","22.00","1.14","6.00","1.48","2.75","2.24","1.73","3.67","1.30","1.53","2.53"
"14568","10-05-25 16:00","England","Premier League","2024/2025","Southampton","Manchester City","14.10","7.28","1.22","1.02","26.00","1.14","6.25","1.38","3.13","2.05","1.86","3.30","1.35","1.90","1.90"
"14569","10-05-25 16:00","England","Premier League","2024/2025","Wolves","Brighton","2.97","3.48","2.46","1.07","9.37","1.32","3.54","2.05","1.86","3.53","1.32","6.79","1.12","1.72","2.12"
"14570","05-05-25 21:00","England","Premier League","2024/2025","Crystal Palace","Nottingham","2.27","3.48","3.31","1.06","10.00","1.32","3.50","1.99","1.91","3.43","1.34","7.06","1.11","1.72","2.12"
"14571","04-05-25 17:30","England","Premier League","2024/2025","Chelsea","Liverpool","2.49","3.73","2.77","1.01","20.00","1.16","5.50","1.51","2.63","2.26","1.67","3.79","1.29","1.44","2.79"
"14572","04-05-25 15:00","England","Premier League","2024/2025","Brentford","Manchester Utd","1.70","4.46","4.61","1.01","19.50","1.19","5.00","1.56","2.50","2.37","1.62","4.14","1.25","1.57","2.41"
"14573","04-05-25 15:00","England","Premier League","2024/2025","Brighton","Newcastle","3.35","3.80","2.13","1.02","17.00","1.19","5.00","1.61","2.38","2.47","1.57","4.48","1.22","1.49","2.64"
"14574","04-05-25 15:00","England","Premier League","2024/2025","West Ham","Tottenham","1.90","3.98","3.92","1.02","17.00","1.19","5.00","1.61","2.38","2.47","1.57","4.48","1.22","1.53","2.53"
"14575","03-05-25 18:30","England","Premier League","2024/2025","Arsenal","Bournemouth","1.66","4.18","5.36","1.03","15.00","1.22","4.50","1.70","2.20","2.66","1.50","4.80","1.20","1.65","2.24"
"14576","03-05-25 16:00","England","Premier League","2024/2025","Everton","Ipswich","1.59","4.45","5.64","1.04","13.00","1.26","4.00","1.82","2.10","3.06","1.40","5.41","1.17","1.76","2.06"
"14577","03-05-25 16:00","England","Premier League","2024/2025","Leicester","Southampton","2.37","3.61","3.01","1.04","13.00","1.26","4.00","1.90","2.00","3.06","1.40","6.00","1.14","1.60","2.34"
"14578","03-05-25 13:30","England","Premier League","2024/2025","Aston Villa","Fulham","1.86","3.85","4.32","1.03","13.80","1.22","4.61","1.73","2.23","2.70","1.49","5.11","1.18","1.65","2.24"
"26896","02-05-25 21:00","England","Premier League","2024/2025","Manchester City","Wolves","1.36","5.36","9.18","1.02","16.00","1.20","4.79","1.55","2.53","2.33","1.63","4.22","1.24","1.89","1.92"
"14580","01-05-25 20:30","England","Premier League","2024/2025","Nottingham","Brentford","2.25","3.58","3.26","1.04","13.00","1.23","4.33","1.82","2.10","2.86","1.45","5.41","1.17","1.57","2.41"
"14581","27-04-25 17:30","England","Premier League","2024/2025","Liverpool","Tottenham","1.23","7.10","13.40","","","1.09","8.00","1.32","3.50","1.82","2.10","2.86","1.45","1.68","2.18"
"14582","27-04-25 15:00","England","Premier League","2024/2025","Bournemouth","Manchester Utd","2.02","3.90","3.58","1.04","13.00","1.23","4.33","1.82","2.10","2.86","1.45","5.41","1.17","1.60","2.34"
"14583","26-04-25 16:00","England","Premier League","2024/2025","Brighton","West Ham","1.80","4.11","4.32","1.03","15.00","1.23","4.33","1.82","2.10","2.86","1.45","5.41","1.17","1.68","2.18"
"14584","26-04-25 16:00","England","Premier League","2024/2025","Newcastle","Ipswich","1.18","8.06","16.10","1.01","20.00","1.10","7.37","1.31","3.58","1.90","2.01","2.91","1.43","1.90","1.90"
"14585","26-04-25 16:00","England","Premier League","2024/2025","Southampton","Fulham","5.40","4.11","1.66","1.03","15.00","1.22","4.50","1.70","2.20","2.66","1.50","4.80","1.20","1.68","2.18"
"14586","26-04-25 16:00","England","Premier League","2024/2025","Wolves","Leicester","1.56","4.31","6.41","1.04","13.00","1.23","4.33","1.82","2.10","2.86","1.45","5.41","1.17","1.76","2.06"
"14587","26-04-25 13:30","England","Premier League","2024/2025","Chelsea","Everton","1.44","4.87","7.70","1.04","13.00","1.22","4.50","1.65","2.30","2.66","1.50","4.80","1.20","1.76","2.06"
"14588","23-04-25 21:00","England","Premier League","2024/2025","Arsenal","Crystal Palace","1.43","4.64","8.69","1.05","11.70","1.24","4.25","1.73","2.23","2.70","1.49","5.11","1.18","1.96","1.85"
"14589","22-04-25 21:00","England","Premier League","2024/2025","Manchester City","Aston Villa","1.91","4.02","3.87","1.02","17.90","1.18","5.26","1.56","2.50","2.35","1.63","4.26","1.24","1.53","2.53"
"14590","21-04-25 21:00","England","Premier League","2024/2025","Tottenham","Nottingham","2.42","3.60","2.95","1.03","15.00","1.22","4.50","1.70","2.20","2.66","1.50","4.80","1.20","1.57","2.41"
"14591","20-04-25 17:30","England","Premier League","2024/2025","Leicester","Liverpool","11.60","7.26","1.24","1.02","28.00","1.12","6.84","1.34","3.37","1.90","2.01","3.09","1.39","1.76","2.06"
"14592","20-04-25 15:00","England","Premier League","2024/2025","Fulham","Chelsea","3.28","3.65","2.22","1.04","13.00","1.26","4.00","1.82","2.10","3.06","1.40","5.41","1.17","1.60","2.34"
"14593","20-04-25 15:00","England","Premier League","2024/2025","Ipswich","Arsenal","9.97","5.04","1.37","1.03","13.70","1.21","4.74","1.64","2.32","2.54","1.54","4.57","1.22","1.89","1.92"
"14594","20-04-25 15:00","England","Premier League","2024/2025","Manchester Utd","Wolves","2.48","3.56","2.89","1.05","11.60","1.27","3.95","1.90","2.01","3.27","1.36","6.23","1.14","1.68","2.18"
"14595","19-04-25 18:30","England","Premier League","2024/2025","Aston Villa","Newcastle","2.68","3.77","2.55","1.02","16.00","1.20","4.79","1.58","2.45","2.43","1.59","4.53","1.22","1.53","2.53"
"14596","19-04-25 16:00","England","Premier League","2024/2025","Brentford","Brighton","2.58","3.61","2.74","1.03","15.00","1.19","5.00","1.61","2.38","2.47","1.57","4.48","1.22","1.52","2.54"
"14597","19-04-25 16:00","England","Premier League","2024/2025","Crystal Palace","Bournemouth","2.56","3.58","2.77","1.03","13.70","1.25","4.21","1.74","2.21","2.73","1.48","5.15","1.18","1.60","2.34"
"14598","19-04-25 16:00","England","Premier League","2024/2025","Everton","Manchester City","4.30","3.68","1.90","1.06","10.50","1.29","3.81","2.00","1.90","3.41","1.34","6.31","1.13","1.72","2.12"
"14599","19-04-25 16:00","England","Premier League","2024/2025","West Ham","Southampton","1.59","4.45","5.61","1.02","15.80","1.21","4.74","1.59","2.42","2.45","1.58","4.57","1.22","1.67","2.20"
"14600","16-04-25 20:30","England","Premier League","2024/2025","Newcastle","Crystal Palace","1.68","4.02","5.37","1.03","13.70","1.22","4.56","1.64","2.32","2.73","1.48","5.15","1.18","1.68","2.18"
"14601","14-04-25 21:00","England","Premier League","2024/2025","Bournemouth","Fulham","2.36","3.40","3.21","1.05","11.60","1.25","4.21","1.82","2.10","2.91","1.43","5.71","1.15","1.64","2.26"
"14602","13-04-25 17:30","England","Premier League","2024/2025","Newcastle","Manchester Utd","1.66","4.40","5.03","1.02","15.80","1.21","4.74","1.59","2.42","2.45","1.58","4.57","1.22","1.65","2.24"
"14603","13-04-25 15:00","England","Premier League","2024/2025","Chelsea","Ipswich","1.22","7.69","12.80","1.01","22.00","1.15","5.79","1.44","2.90","2.14","1.80","3.50","1.33","1.96","1.85"
"14604","13-04-25 15:00","England","Premier League","2024/2025","Liverpool","West Ham","1.30","5.60","11.70","1.02","15.80","1.18","5.26","1.51","2.63","2.26","1.67","3.94","1.27","1.90","1.90"
"14605","13-04-25 15:00","England","Premier League","2024/2025","Wolves","Tottenham","2.34","3.68","3.02","1.03","13.70","1.25","4.21","1.82","2.10","2.91","1.43","5.71","1.15","1.60","2.34"
"14606","12-04-25 18:30","England","Premier League","2024/2025","Arsenal","Brentford","1.63","4.31","5.40","1.03","13.70","1.22","4.56","1.74","2.21","2.73","1.48","5.15","1.18","1.72","2.12"
"14607","12-04-25 16:00","England","Premier League","2024/2025","Brighton","Leicester","1.33","6.17","8.89","1.02","17.90","1.18","5.26","1.47","2.77","2.26","1.67","3.94","1.27","1.90","1.90"
"14608","12-04-25 16:00","England","Premier League","2024/2025","Nottingham","Everton","1.94","3.43","4.48","1.09","8.42","1.38","3.16","2.24","1.73","3.94","1.27","8.05","1.09","1.96","1.85"
"14609","12-04-25 16:00","England","Premier League","2024/2025","Southampton","Aston Villa","6.68","4.44","1.53","1.02","17.90","1.18","5.26","1.56","2.50","2.35","1.63","4.26","1.24","1.67","2.20"
"14610","12-04-25 13:30","England","Premier League","2024/2025","Manchester City","Crystal Palace","1.63","4.31","5.40","1.02","15.80","1.21","4.74","1.64","2.32","2.54","1.54","4.57","1.22","1.68","2.18"
"14611","07-04-25 21:00","England","Premier League","2024/2025","Leicester","Newcastle","7.00","4.65","1.49","1.03","13.70","1.22","4.56","1.64","2.32","2.73","1.48","5.15","1.18","1.83","1.98"
"14612","06-04-25 17:30","England","Premier League","2024/2025","Manchester Utd","Manchester City","3.46","3.71","2.14","","","1.18","4.45","1.68","2.33","2.45","1.50","4.15","1.17","1.52","2.46"
"14613","06-04-25 15:00","England","Premier League","2024/2025","Brentford","Chelsea","2.98","3.57","2.42","1.03","15.00","1.22","4.50","1.70","2.20","2.66","1.50","4.80","1.20","1.53","2.53"
"14614","06-04-25 15:00","England","Premier League","2024/2025","Fulham","Liverpool","4.65","3.47","1.90","1.05","11.60","1.25","4.21","1.82","2.10","2.91","1.43","5.71","1.15","1.68","2.18"
"14615","06-04-25 15:00","England","Premier League","2024/2025","Tottenham","Southampton","1.39","5.64","7.48","1.02","24.00","1.13","6.50","1.41","3.00","2.13","1.80","3.24","1.37","1.65","2.25"
"14616","05-04-25 18:30","England","Premier League","2024/2025","Aston Villa","Nottingham","2.12","3.44","3.73","1.06","10.50","1.30","3.68","1.90","2.01","3.27","1.36","6.23","1.14","1.70","2.14"
"14617","05-04-25 16:00","England","Premier League","2024/2025","Crystal Palace","Brighton","2.56","3.58","2.77","1.02","11.60","1.27","3.95","1.90","2.01","3.09","1.39","6.23","1.10","1.60","2.27"
"14618","05-04-25 16:00","England","Premier League","2024/2025","Ipswich","Wolves","2.94","3.28","2.59","1.03","8.42","1.38","3.16","2.26","1.67","4.26","1.24","8.82","1.08","1.90","1.90"
"14619","05-04-25 16:00","England","Premier League","2024/2025","West Ham","Bournemouth","2.96","3.57","2.43","1.05","11.60","1.25","4.21","1.82","2.10","2.91","1.43","5.71","1.15","1.65","2.24"
"14620","05-04-25 13:30","England","Premier League","2024/2025","Everton","Arsenal","4.21","3.25","2.06","1.10","7.45","1.43","2.93","2.33","1.63","4.53","1.22","9.43","1.07","2.00","1.82"
"14621","03-04-25 21:00","England","Premier League","2024/2025","Chelsea","Tottenham","1.69","4.46","4.65","1.01","21.00","1.16","5.50","1.48","2.75","2.24","1.73","3.67","1.30","1.49","2.64"
"14622","02-04-25 21:00","England","Premier League","2024/2025","Liverpool","Everton","1.51","4.46","6.96","1.05","11.60","1.25","4.21","1.82","2.10","3.09","1.39","5.71","1.15","1.90","1.90"
"14623","02-04-25 20:45","England","Premier League","2024/2025","Bournemouth","Ipswich","1.42","5.13","7.70","1.02","15.00","1.22","4.50","1.65","2.30","2.66","1.50","4.55","1.17","1.83","1.98"
"14624","02-04-25 20:45","England","Premier League","2024/2025","Brighton","Aston Villa","2.45","3.50","2.97","1.03","11.60","1.17","4.21","1.82","2.10","3.09","1.39","5.71","1.15","1.65","2.24"
"14625","02-04-25 20:45","England","Premier League","2024/2025","Manchester City","Leicester","1.22","7.69","12.80","1.01","19.50","1.13","6.50","1.37","3.20","1.99","1.91","3.24","1.37","1.83","1.98"
"14626","02-04-25 20:45","England","Premier League","2024/2025","Newcastle","Brentford","1.69","4.30","4.86","1.02","17.90","1.18","5.26","1.56","2.50","2.26","1.67","3.94","1.27","1.57","2.41"
"14627","02-04-25 20:45","England","Premier League","2024/2025","Southampton","Crystal Palace","5.84","4.18","1.61","1.05","11.60","1.25","4.21","1.82","2.10","2.91","1.43","5.71","1.15","1.78","2.03"
"14628","01-04-25 21:00","England","Premier League","2024/2025","Nottingham","Manchester Utd","2.43","3.36","3.10","1.06","10.50","1.29","3.68","2.03","1.88","3.27","1.36","6.73","1.05","1.72","2.12"
"14629","01-04-25 20:45","England","Premier League","2024/2025","Arsenal","Fulham","1.52","4.19","7.45","1.07","9.47","1.31","3.58","2.03","1.88","3.50","1.33","7.18","1.11","2.06","1.76"
"14630","01-04-25 20:45","England","Premier League","2024/2025","Wolves","West Ham","2.43","3.28","3.20","1.09","8.42","1.38","3.16","2.26","1.67","4.26","1.24","8.82","1.08","1.90","1.90"
"14631","16-03-25 20:00","England","Premier League","2024/2025","Leicester","Manchester Utd","4.82","3.76","1.79","1.05","11.60","1.27","3.95","1.90","2.01","3.27","1.36","6.23","1.14","1.76","2.06"
"14632","16-03-25 14:30","England","Premier League","2024/2025","Arsenal","Chelsea","1.74","3.69","5.38","1.06","10.60","1.31","3.62","2.01","1.90","3.57","1.31","7.12","1.11","1.94","1.86"
"14633","16-03-25 14:30","England","Premier League","2024/2025","Fulham","Tottenham","1.89","3.99","4.00","1.02","15.80","1.22","4.56","1.64","2.32","2.73","1.48","5.15","1.18","1.60","2.34"
"14634","15-03-25 18:30","England","Premier League","2024/2025","Bournemouth","Brentford","1.81","4.32","4.06","1.01","19.50","1.16","5.50","1.51","2.63","2.26","1.67","3.79","1.29","1.49","2.64"
"14635","15-03-25 16:00","England","Premier League","2024/2025","Everton","West Ham","2.26","3.18","3.65","1.10","7.62","1.52","2.62","2.49","1.56","4.71","1.21","9.75","1.06","1.96","1.85"
"14636","15-03-25 16:00","England","Premier League","2024/2025","Ipswich","Nottingham","4.20","3.58","1.94","1.05","11.60","1.27","3.95","1.90","2.01","3.09","1.39","6.23","1.14","1.72","2.12"
"14637","15-03-25 16:00","England","Premier League","2024/2025","Manchester City","Brighton","1.79","4.20","4.25","1.02","19.50","1.15","5.79","1.47","2.77","2.16","1.73","3.61","1.31","1.49","2.64"
"14638","15-03-25 16:00","England","Premier League","2024/2025","Southampton","Wolves","4.19","3.36","2.03","1.08","9.00","1.34","3.40","2.24","1.73","3.79","1.29","7.54","1.10","1.83","1.98"
"14639","10-03-25 21:00","England","Premier League","2024/2025","West Ham","Newcastle","3.54","3.47","2.17","1.05","11.00","1.29","3.75","1.99","1.91","3.24","1.37","6.54","1.13","1.68","2.18"
"14640","09-03-25 17:30","England","Premier League","2024/2025","Manchester Utd","Arsenal","5.09","3.66","1.78","1.07","9.57","1.31","3.62","2.01","1.90","3.57","1.31","7.12","1.11","1.89","1.92"
"14641","09-03-25 15:00","England","Premier League","2024/2025","Chelsea","Leicester","1.22","7.43","14.40","1.01","22.00","1.07","6.10","1.40","2.78","2.15","1.78","3.42","1.28","1.94","1.82"
"14642","09-03-25 15:00","England","Premier League","2024/2025","Tottenham","Bournemouth","2.89","3.79","2.40","1.01","20.00","1.09","5.55","1.44","2.63","2.19","1.76","3.48","1.27","1.38","2.94"
"14643","08-03-25 21:00","England","Premier League","2024/2025","Wolves","Everton","2.85","3.05","2.85","1.12","6.91","1.46","2.79","2.43","1.59","5.11","1.18","10.60","1.06","1.94","1.86"
"14644","08-03-25 18:30","England","Premier League","2024/2025","Brentford","Aston Villa","2.27","3.87","3.01","1.01","17.00","1.15","5.71","1.52","2.62","2.36","1.66","3.86","1.28","1.41","2.94"
"14645","08-03-25 16:00","England","Premier League","2024/2025","Brighton","Fulham","2.04","3.57","3.83","1.05","11.60","1.25","4.21","1.82","2.10","2.91","1.43","5.71","1.15","1.68","2.18"
"14646","08-03-25 16:00","England","Premier League","2024/2025","Crystal Palace","Ipswich","1.56","4.31","6.41","1.05","11.60","1.27","3.95","1.82","2.10","3.09","1.39","5.71","1.15","1.90","1.90"
"14647","08-03-25 16:00","England","Premier League","2024/2025","Liverpool","Southampton","1.12","10.90","22.00","1.01","25.00","1.09","8.42","1.27","3.95","1.64","2.32","2.45","1.58","1.96","1.85"
"14648","08-03-25 13:30","England","Premier League","2024/2025","Nottingham","Manchester City","4.12","3.87","1.89","1.03","14.30","1.24","4.29","1.67","2.26","2.60","1.53","4.71","1.21","1.51","2.55"
"14649","27-02-25 21:00","England","Premier League","2024/2025","West Ham","Leicester","1.78","3.82","4.84","1.05","11.60","1.27","3.95","1.90","2.01","3.27","1.36","6.23","1.14","1.74","2.09"
"14650","26-02-25 21:15","England","Premier League","2024/2025","Liverpool","Newcastle","1.40","5.38","7.69","1.02","24.00","1.13","6.32","1.38","3.16","2.03","1.88","3.27","1.36","1.60","2.34"
"14651","26-02-25 20:30","England","Premier League","2024/2025","Brentford","Everton","2.14","3.65","3.45","1.03","13.70","1.25","4.21","1.82","2.10","2.91","1.43","5.71","1.15","1.65","2.24"
"14652","26-02-25 20:30","England","Premier League","2024/2025","Manchester Utd","Ipswich","1.54","4.47","6.45","1.02","15.80","1.21","4.74","1.64","2.32","2.54","1.54","4.57","1.22","1.74","2.09"
"14653","26-02-25 20:30","England","Premier League","2024/2025","Nottingham","Arsenal","4.35","3.46","1.95","1.09","8.42","1.38","3.16","2.24","1.73","4.26","1.24","8.82","1.08","1.96","1.85"
"14654","26-02-25 20:30","England","Premier League","2024/2025","Tottenham","Manchester City","4.10","4.30","1.80","1.01","28.00","1.10","7.37","1.34","3.37","1.90","2.01","2.91","1.43","1.37","3.12"
"14655","25-02-25 21:15","England","Premier League","2024/2025","Chelsea","Southampton","1.19","8.24","14.90","1.01","19.50","1.09","8.00","1.29","3.75","1.82","2.10","2.66","1.50","1.76","2.06"
"14656","25-02-25 20:30","England","Premier League","2024/2025","Brighton","Bournemouth","1.99","3.88","3.68","1.02","17.90","1.18","5.26","1.56","2.50","2.35","1.63","4.26","1.24","1.53","2.53"
"14657","25-02-25 20:30","England","Premier League","2024/2025","Crystal Palace","Aston Villa","2.35","3.61","3.05","1.03","13.70","1.22","4.56","1.74","2.21","2.73","1.48","5.15","1.18","1.60","2.34"
"14658","25-02-25 20:30","England","Premier League","2024/2025","Wolves","Fulham","2.53","3.44","2.90","1.07","9.47","1.34","3.37","2.14","1.80","3.94","1.27","8.05","1.09","1.83","1.98"
"14659","23-02-25 17:30","England","Premier League","2024/2025","Manchester City","Liverpool","3.22","3.87","2.17","1.02","18.50","1.15","5.85","1.46","2.79","2.14","1.74","3.90","1.28","1.44","2.79"
"14660","23-02-25 15:00","England","Premier League","2024/2025","Newcastle","Nottingham","1.94","3.89","3.84","1.02","18.10","1.17","5.32","1.55","2.53","2.33","1.63","4.22","1.24","1.53","2.53"
"14661","22-02-25 18:30","England","Premier League","2024/2025","Aston Villa","Chelsea","2.70","3.42","2.72","1.02","15.80","1.18","5.26","1.59","2.42","2.45","1.58","4.57","1.22","1.49","2.64"
"14662","22-02-25 16:00","England","Premier League","2024/2025","Arsenal","West Ham","1.29","5.87","11.70","1.06","10.50","1.25","4.21","1.82","2.10","3.09","1.39","5.71","1.15","2.31","1.62"
"14663","22-02-25 16:00","England","Premier League","2024/2025","Bournemouth","Wolves","1.65","4.23","5.37","1.03","13.70","1.22","4.56","1.64","2.32","2.73","1.48","5.15","1.18","1.68","2.18"
"14664","22-02-25 16:00","England","Premier League","2024/2025","Fulham","Crystal Palace","2.09","3.46","3.81","1.06","10.00","1.32","3.50","1.99","1.91","3.43","1.34","7.06","1.11","1.72","2.12"
"14665","22-02-25 16:00","England","Premier League","2024/2025","Ipswich","Tottenham","3.63","3.90","2.01","1.01","19.50","1.15","5.79","1.47","2.77","2.16","1.73","3.61","1.31","1.46","2.74"
"14666","22-02-25 16:00","England","Premier League","2024/2025","Southampton","Brighton","5.92","4.48","1.57","1.02","17.90","1.18","5.26","1.51","2.63","2.26","1.67","3.94","1.27","1.62","2.30"
"14667","22-02-25 13:30","England","Premier League","2024/2025","Everton","Manchester Utd","2.86","3.09","2.79","1.08","8.51","1.38","3.19","2.22","1.74","3.90","1.28","7.97","1.09","1.81","2.00"
"14668","21-02-25 21:00","England","Premier League","2024/2025","Leicester","Brentford","3.60","3.91","2.01","1.02","17.00","1.19","5.00","1.61","2.38","2.47","1.57","4.48","1.22","1.53","2.53"
"14669","19-02-25 20:30","England","Premier League","2024/2025","Aston Villa","Liverpool","3.95","4.06","1.88","1.02","17.90","1.18","5.26","1.56","2.50","2.35","1.63","4.26","1.24","1.53","2.53"
"14670","16-02-25 17:30","England","Premier League","2024/2025","Tottenham","Manchester Utd","2.19","3.87","3.16","1.02","17.90","1.18","5.19","1.57","2.48","2.41","1.60","4.03","1.26","1.44","2.79"
"14671","16-02-25 15:00","England","Premier League","2024/2025","Liverpool","Wolves","1.24","7.20","11.80","1.02","24.00","1.15","5.79","1.44","2.90","2.14","1.80","3.50","1.33","1.83","1.98"
"14672","15-02-25 18:30","England","Premier League","2024/2025","Crystal Palace","Everton","2.09","3.17","4.22","1.10","7.37","1.44","2.90","2.35","1.63","4.57","1.22","9.52","1.07","2.00","1.82"
"14673","15-02-25 16:00","England","Premier League","2024/2025","Aston Villa","Ipswich","1.46","4.92","7.02","1.02","17.50","1.19","5.00","1.51","2.63","2.26","1.67","4.14","1.25","1.74","2.10"
"14674","15-02-25 16:00","England","Premier League","2024/2025","Fulham","Nottingham","2.27","3.48","3.31","1.06","10.00","1.29","3.75","1.99","1.91","3.43","1.34","6.54","1.13","1.68","2.18"
"14675","15-02-25 16:00","England","Premier League","2024/2025","Manchester City","Newcastle","2.00","4.01","3.57","1.01","20.00","1.12","6.84","1.34","3.37","1.90","2.01","3.09","1.39","1.37","3.12"
"14676","15-02-25 16:00","England","Premier League","2024/2025","Southampton","Bournemouth","6.14","4.61","1.54","1.02","17.90","1.18","5.26","1.47","2.77","2.16","1.73","3.94","1.27","1.62","2.30"
"14677","15-02-25 16:00","England","Premier League","2024/2025","West Ham","Brentford","2.40","3.67","2.93","1.02","17.90","1.18","5.26","1.56","2.50","2.35","1.63","4.26","1.24","1.50","2.60"
"14678","15-02-25 13:30","England","Premier League","2024/2025","Leicester","Arsenal","9.64","5.33","1.35","1.03","13.70","1.22","4.56","1.74","2.21","2.73","1.48","5.15","1.18","2.05","1.78"
"14679","14-02-25 21:00","England","Premier League","2024/2025","Brighton","Chelsea","3.11","3.77","2.26","1.02","18.10","1.17","5.32","1.55","2.53","2.33","1.63","4.22","1.24","1.49","2.64"
"14680","12-02-25 20:30","England","Premier League","2024/2025","Everton","Liverpool","7.54","4.48","1.48","1.05","11.60","1.25","4.21","1.82","2.10","2.91","1.43","5.71","1.15","1.94","1.86"
"14681","03-02-25 21:00","England","Premier League","2024/2025","Chelsea","West Ham","1.30","6.28","9.94","1.02","28.00","1.10","7.37","1.31","3.58","1.90","2.01","2.91","1.43","1.60","2.34"
"14682","02-02-25 17:30","England","Premier League","2024/2025","Arsenal","Manchester City","1.95","3.85","3.87","1.02","17.90","1.21","4.74","1.59","2.42","2.45","1.58","4.26","1.24","1.51","2.55"
"14683","02-02-25 15:00","England","Premier League","2024/2025","Brentford","Tottenham","2.07","4.38","3.34","1.01","23.00","1.05","8.42","1.30","3.68","1.74","2.21","2.54","1.54","1.34","3.30"
"14684","02-02-25 15:00","England","Premier League","2024/2025","Manchester Utd","Crystal Palace","1.78","3.70","5.09","1.02","11.60","1.27","3.95","1.90","2.01","3.27","1.36","6.23","1.14","1.76","2.06"
"14685","01-02-25 18:30","England","Premier League","2024/2025","Wolves","Aston Villa","3.34","3.49","2.27","1.01","9.10","1.25","3.64","1.87","2.04","2.90","1.37","5.20","1.11","1.64","2.20"
"14686","01-02-25 16:00","England","Premier League","2024/2025","Bournemouth","Liverpool","4.68","4.31","1.71","1.01","21.00","1.15","5.79","1.44","2.90","2.14","1.80","3.50","1.33","1.49","2.64"
"14687","01-02-25 16:00","England","Premier League","2024/2025","Everton","Leicester","1.92","3.49","4.48","1.09","8.42","1.38","3.16","2.26","1.67","4.26","1.24","8.82","1.08","1.96","1.85"
"14688","01-02-25 16:00","England","Premier League","2024/2025","Ipswich","Southampton","1.92","3.70","4.18","1.04","13.00","1.26","4.00","1.82","2.10","3.06","1.40","5.41","1.17","1.65","2.24"
"14689","01-02-25 16:00","England","Premier League","2024/2025","Newcastle","Fulham","1.72","3.99","5.06","1.03","13.70","1.22","4.56","1.64","2.32","2.73","1.48","5.15","1.18","1.65","2.24"
"14690","01-02-25 13:30","England","Premier League","2024/2025","Nottingham","Brighton","2.54","3.38","2.94","1.05","11.70","1.26","3.99","1.88","2.03","3.06","1.40","6.17","1.14","1.64","2.26"
"14691","26-01-25 20:00","England","Premier League","2024/2025","Fulham","Manchester Utd","2.49","3.44","2.96","1.05","11.70","1.24","4.25","1.88","2.03","3.06","1.40","5.66","1.16","1.64","2.26"
"14692","26-01-25 17:30","England","Premier League","2024/2025","Aston Villa","West Ham","1.50","4.88","6.18","1.02","15.80","1.21","4.74","1.56","2.50","2.35","1.63","4.26","1.24","1.68","2.18"
"14693","26-01-25 15:00","England","Premier League","2024/2025","Crystal Palace","Brentford","2.03","3.77","3.67","1.02","17.00","1.19","5.00","1.61","2.38","2.47","1.57","4.48","1.22","1.53","2.53"
"14694","26-01-25 15:00","England","Premier League","2024/2025","Tottenham","Leicester","1.53","4.88","5.88","1.02","28.00","1.10","7.37","1.31","3.58","1.90","2.01","2.91","1.43","1.46","2.74"
"14695","25-01-25 18:30","England","Premier League","2024/2025","Manchester City","Chelsea","2.33","3.81","2.96","1.01","21.00","1.13","6.38","1.43","2.93","2.11","1.81","3.46","1.33","1.41","2.94"
"14696","25-01-25 16:00","England","Premier League","2024/2025","Bournemouth","Nottingham","2.05","3.68","3.70","1.03","13.70","1.25","4.21","1.82","2.10","2.91","1.43","5.71","1.15","1.65","2.24"
"14697","25-01-25 16:00","England","Premier League","2024/2025","Brighton","Everton","1.73","3.76","5.34","1.06","10.50","1.31","3.58","2.03","1.88","3.50","1.33","6.73","1.12","1.90","1.90"
"14698","25-01-25 16:00","England","Premier League","2024/2025","Liverpool","Ipswich","1.12","12.40","17.60","1.01","29.00","1.09","8.42","1.27","3.95","1.74","2.21","2.54","1.54","2.05","1.78"
"14699","25-01-25 16:00","England","Premier League","2024/2025","Southampton","Newcastle","6.94","4.87","1.47","1.01","20.00","1.15","5.79","1.47","2.77","2.16","1.73","3.61","1.31","1.62","2.30"
"14700","25-01-25 16:00","England","Premier League","2024/2025","Wolves","Arsenal","6.16","4.07","1.61","1.05","11.60","1.27","3.95","1.90","2.01","3.27","1.36","6.23","1.14","1.90","1.90"
"14701","20-01-25 21:00","England","Premier League","2024/2025","Chelsea","Wolves","1.45","5.07","6.94","1.02","25.00","1.13","6.32","1.38","3.16","2.03","1.88","3.27","1.36","1.57","2.41"
"14702","19-01-25 17:30","England","Premier League","2024/2025","Ipswich","Manchester City","8.10","5.13","1.41","1.02","16.00","1.17","5.32","1.50","2.66","2.23","1.69","3.90","1.28","1.72","2.12"
"14703","19-01-25 15:00","England","Premier League","2024/2025","Everton","Tottenham","2.72","3.39","2.72","1.05","11.50","1.25","4.19","1.83","2.10","3.10","1.39","5.74","1.15","1.65","2.24"
"14704","19-01-25 15:00","England","Premier League","2024/2025","Manchester Utd","Brighton","2.29","3.50","3.24","1.05","11.60","1.25","4.21","1.82","2.10","2.91","1.43","5.71","1.15","1.60","2.34"
"14705","19-01-25 15:00","England","Premier League","2024/2025","Nottingham","Southampton","1.44","4.87","7.70","1.03","13.60","1.22","4.54","1.65","2.30","2.55","1.54","4.59","1.22","1.94","1.86"
"14706","18-01-25 18:30","England","Premier League","2024/2025","Arsenal","Aston Villa","1.59","4.20","6.04","1.03","13.60","1.22","4.54","1.75","2.20","2.74","1.48","5.18","1.18","1.75","2.07"
"14707","18-01-25 16:00","England","Premier League","2024/2025","Brentford","Liverpool","6.15","5.12","1.49","1.02","28.00","1.10","7.33","1.31","3.56","1.83","2.10","2.93","1.43","1.50","2.58"
"14708","18-01-25 16:00","England","Premier League","2024/2025","Leicester","Fulham","4.57","3.76","1.83","1.05","11.60","1.25","4.21","1.82","2.10","2.91","1.43","5.71","1.15","1.72","2.12"
"14709","18-01-25 16:00","England","Premier League","2024/2025","West Ham","Crystal Palace","2.72","3.39","2.72","1.06","10.50","1.31","3.56","2.04","1.87","3.51","1.32","7.22","1.11","1.72","2.12"
"14710","18-01-25 13:30","England","Premier League","2024/2025","Newcastle","Bournemouth","1.65","4.25","5.30","1.02","17.90","1.18","5.26","1.47","2.77","2.16","1.73","3.94","1.27","1.52","2.54"
"14711","16-01-25 21:00","England","Premier League","2024/2025","Manchester Utd","Southampton","1.30","6.16","9.91","1.02","15.90","1.18","5.29","1.55","2.51","2.34","1.63","4.24","1.24","1.96","1.85"
"14712","16-01-25 20:30","England","Premier League","2024/2025","Ipswich","Brighton","3.81","3.70","2.01","1.03","13.60","1.25","4.19","1.83","2.10","2.93","1.43","5.18","1.18","1.65","2.24"
"14713","15-01-25 21:00","England","Premier League","2024/2025","Arsenal","Tottenham","1.40","5.59","7.30","1.02","18.50","1.19","5.00","1.56","2.50","2.37","1.62","4.14","1.25","1.72","2.12"
"14714","15-01-25 20:30","England","Premier League","2024/2025","Everton","Aston Villa","3.63","3.19","2.26","1.09","8.00","1.41","3.00","2.35","1.67","4.48","1.22","9.26","1.07","1.90","1.90"
"14715","15-01-25 20:30","England","Premier League","2024/2025","Leicester","Crystal Palace","3.90","3.79","1.96","1.05","11.50","1.27","3.93","1.91","2.00","3.10","1.39","6.26","1.14","1.72","2.12"
"14716","15-01-25 20:30","England","Premier League","2024/2025","Newcastle","Wolves","1.39","5.26","8.18","1.01","20.00","1.15","5.76","1.48","2.75","2.17","1.73","3.62","1.30","1.68","2.18"
"14717","14-01-25 21:00","England","Premier League","2024/2025","Nottingham","Liverpool","5.36","4.19","1.65","1.02","15.70","1.18","5.24","1.57","2.49","2.36","1.62","4.28","1.24","1.60","2.34"
"14718","14-01-25 20:30","England","Premier League","2024/2025","Brentford","Manchester City","5.62","4.29","1.62","1.01","22.00","1.14","6.28","1.44","2.88","2.14","1.79","3.51","1.32","1.56","2.44"
"14719","14-01-25 20:30","England","Premier League","2024/2025","Chelsea","Bournemouth","1.54","4.92","5.63","1.02","24.00","1.14","6.28","1.38","3.14","2.04","1.87","3.29","1.36","1.53","2.53"
"14720","14-01-25 20:30","England","Premier League","2024/2025","West Ham","Fulham","3.20","3.40","2.36","1.05","11.50","1.27","3.93","1.91","2.00","3.10","1.39","6.26","1.14","1.68","2.18"
"14721","06-01-25 21:00","England","Premier League","2024/2025","Wolves","Nottingham","4.18","3.58","1.95","1.05","11.50","1.25","4.19","1.83","2.10","2.93","1.43","5.74","1.15","1.68","2.20"
"14722","05-01-25 17:30","England","Premier League","2024/2025","Liverpool","Manchester Utd","1.40","5.59","7.19","1.02","18.00","1.18","5.29","1.51","2.65","2.25","1.68","3.92","1.27","1.75","2.07"
"14723","05-01-25 15:00","England","Premier League","2024/2025","Fulham","Ipswich","1.58","4.31","6.11","1.05","11.60","1.25","4.21","1.82","2.10","2.91","1.43","5.71","1.15","1.82","1.99"
"14724","04-01-25 18:30","England","Premier League","2024/2025","Brighton","Arsenal","5.45","3.59","1.76","1.06","10.60","1.30","3.72","2.01","1.90","3.24","1.37","6.66","1.12","1.81","2.00"
"14725","04-01-25 16:00","England","Premier League","2024/2025","Aston Villa","Leicester","1.37","5.41","8.76","1.02","24.00","1.14","6.28","1.38","3.14","2.04","1.87","3.29","1.36","1.65","2.24"
"14726","04-01-25 16:00","England","Premier League","2024/2025","Bournemouth","Everton","1.72","3.92","5.16","1.05","11.00","1.26","4.00","1.90","2.00","3.06","1.40","6.00","1.14","1.76","2.06"
"14727","04-01-25 16:00","England","Premier League","2024/2025","Crystal Palace","Chelsea","3.89","4.00","1.91","1.02","19.50","1.15","5.76","1.48","2.75","2.17","1.73","3.62","1.30","1.44","2.79"
"14728","04-01-25 16:00","England","Premier League","2024/2025","Manchester City","West Ham","1.28","7.21","9.27","1.01","34.00","1.09","8.00","1.32","3.50","1.90","2.00","2.86","1.45","1.65","2.25"
"14729","04-01-25 16:00","England","Premier League","2024/2025","Southampton","Brentford","3.49","3.71","2.11","1.02","15.70","1.22","4.54","1.75","2.20","2.74","1.48","5.18","1.18","1.57","2.42"
"14730","04-01-25 13:30","England","Premier League","2024/2025","Tottenham","Newcastle","3.77","4.62","1.82","1.01","36.00","1.08","9.00","1.26","4.00","1.70","2.20","2.57","1.54","1.30","3.58"
"14731","01-01-25 18:30","England","Premier League","2024/2025","Brentford","Arsenal","6.00","4.45","1.57","1.02","16.00","1.20","4.79","1.63","2.34","2.52","1.55","4.53","1.22","1.69","2.17"
"14732","30-12-24 21:00","England","Premier League","2024/2025","Manchester Utd","Newcastle","2.74","3.56","2.59","1.02","15.80","1.21","4.74","1.64","2.32","2.54","1.54","4.57","1.22","1.53","2.53"
"14733","30-12-24 20:45","England","Premier League","2024/2025","Aston Villa","Brighton","1.86","3.78","4.37","1.02","15.70","1.21","4.71","1.60","2.41","2.46","1.58","4.59","1.22","1.57","2.41"
"14734","30-12-24 20:45","England","Premier League","2024/2025","Ipswich","Chelsea","7.52","5.13","1.43","1.01","20.00","1.15","5.76","1.48","2.75","2.17","1.73","3.62","1.30","1.68","2.18"
"14735","29-12-24 18:15","England","Premier League","2024/2025","West Ham","Liverpool","7.49","5.33","1.41","1.01","23.00","1.13","6.35","1.43","2.91","2.12","1.81","3.25","1.36","1.59","2.35"
"14736","29-12-24 16:00","England","Premier League","2024/2025","Crystal Palace","Southampton","1.55","4.44","6.16","1.03","13.60","1.22","4.54","1.75","2.20","2.74","1.48","5.18","1.18","1.76","2.06"
"14737","29-12-24 16:00","England","Premier League","2024/2025","Everton","Nottingham","2.78","3.16","2.82","1.10","7.33","1.44","2.88","2.36","1.62","4.59","1.22","9.56","1.07","1.90","1.90"
"14738","29-12-24 16:00","England","Premier League","2024/2025","Fulham","Bournemouth","2.30","3.46","3.26","1.05","11.50","1.25","4.19","1.83","2.10","2.93","1.43","5.74","1.15","1.65","2.24"
"14739","29-12-24 16:00","England","Premier League","2024/2025","Tottenham","Wolves","1.68","4.45","4.79","1.02","27.00","1.12","6.81","1.34","3.35","1.91","2.00","3.10","1.39","1.41","2.94"
"14740","29-12-24 15:30","England","Premier League","2024/2025","Leicester","Manchester City","9.70","6.38","1.30","1.02","28.00","1.10","7.33","1.31","3.56","1.91","2.00","2.93","1.43","1.68","2.20"
"14741","27-12-24 21:15","England","Premier League","2024/2025","Arsenal","Ipswich","1.16","8.99","17.20","1.02","26.00","1.12","6.81","1.38","3.14","2.04","1.87","3.10","1.39","2.02","1.80"
"14742","27-12-24 20:30","England","Premier League","2024/2025","Brighton","Brentford","1.67","4.62","4.66","1.01","22.00","1.15","5.74","1.51","2.63","2.34","1.67","3.84","1.28","1.49","2.64"
"14743","26-12-24 21:00","England","Premier League","2024/2025","Liverpool","Leicester","1.08","14.70","28.00","1.01","34.00","1.06","10.40","1.24","4.24","1.57","2.48","2.38","1.65","1.90","1.90"
"14744","26-12-24 18:30","England","Premier League","2024/2025","Wolves","Manchester Utd","4.69","3.87","1.79","1.03","13.80","1.22","4.61","1.73","2.23","2.70","1.49","5.11","1.18","1.65","2.25"
"14745","26-12-24 16:00","England","Premier League","2024/2025","Bournemouth","Crystal Palace","2.03","3.75","3.67","1.02","15.70","1.22","4.54","1.65","2.30","2.74","1.48","5.18","1.18","1.60","2.34"
"14746","26-12-24 16:00","England","Premier League","2024/2025","Chelsea","Fulham","1.46","5.37","6.16","1.01","20.00","1.15","5.79","1.47","2.77","2.16","1.73","3.61","1.31","1.60","2.34"
"14747","26-12-24 16:00","England","Premier League","2024/2025","Newcastle","Aston Villa","1.90","3.88","4.04","1.03","14.20","1.24","4.26","1.72","2.18","2.72","1.49","5.08","1.18","1.57","2.41"
"14748","26-12-24 16:00","England","Premier League","2024/2025","Nottingham","Tottenham","2.26","4.11","2.91","1.02","24.00","1.14","6.28","1.38","3.14","2.04","1.87","3.29","1.36","1.36","3.17"
"14749","26-12-24 16:00","England","Premier League","2024/2025","Southampton","West Ham","3.28","3.57","2.24","1.03","13.60","1.22","4.54","1.75","2.20","2.74","1.48","5.18","1.18","1.57","2.41"
"14750","26-12-24 13:30","England","Premier League","2024/2025","Manchester City","Everton","1.35","5.60","9.01","1.02","17.80","1.18","5.24","1.52","2.62","2.26","1.66","3.96","1.27","1.76","2.06"
"14751","22-12-24 17:30","England","Premier League","2024/2025","Tottenham","Liverpool","4.87","4.62","1.64","1.01","34.00","1.08","8.51","1.26","3.99","1.69","2.23","2.52","1.55","1.32","3.40"
"14752","22-12-24 15:00","England","Premier League","2024/2025","Everton","Chelsea","4.90","4.24","1.70","1.02","15.80","1.21","4.74","1.59","2.42","2.45","1.58","4.57","1.22","1.70","2.16"
"14753","22-12-24 15:00","England","Premier League","2024/2025","Fulham","Southampton","1.61","4.26","5.81","1.03","15.00","1.23","4.33","1.82","2.10","2.86","1.45","5.41","1.17","1.72","2.12"
"14754","22-12-24 15:00","England","Premier League","2024/2025","Leicester","Wolves","2.87","3.50","2.53","1.03","13.60","1.21","4.71","1.65","2.30","2.55","1.54","5.18","1.18","1.53","2.53"
"14755","22-12-24 15:00","England","Premier League","2024/2025","Manchester Utd","Bournemouth","1.86","3.78","4.39","1.02","15.80","1.22","4.56","1.74","2.21","2.73","1.48","5.15","1.18","1.60","2.34"
"14756","21-12-24 18:30","England","Premier League","2024/2025","Crystal Palace","Arsenal","7.46","4.41","1.49","1.05","11.60","1.27","3.95","1.82","2.10","3.09","1.39","5.71","1.15","1.89","1.92"
"14757","21-12-24 16:00","England","Premier League","2024/2025","Brentford","Nottingham","2.54","3.66","2.74","1.02","15.90","1.18","5.29","1.58","2.43","2.34","1.63","4.24","1.24","1.49","2.64"
"14758","21-12-24 16:00","England","Premier League","2024/2025","Ipswich","Newcastle","5.05","3.96","1.73","1.02","16.30","1.20","4.78","1.66","2.28","2.58","1.53","4.69","1.21","1.57","2.41"
"14759","21-12-24 16:00","England","Premier League","2024/2025","West Ham","Brighton","2.69","3.66","2.58","1.02","19.50","1.15","5.79","1.47","2.77","2.16","1.73","3.61","1.31","1.46","2.74"
"14760","21-12-24 13:30","England","Premier League","2024/2025","Aston Villa","Manchester City","3.38","3.68","2.16","1.02","15.90","1.20","4.76","1.58","2.43","2.43","1.58","4.55","1.22","1.51","2.55"
"14761","16-12-24 21:00","England","Premier League","2024/2025","Bournemouth","West Ham","1.78","4.31","4.25","1.02","18.50","1.15","5.76","1.48","2.75","2.17","1.73","3.62","1.30","1.49","2.64"
"14762","15-12-24 20:00","England","Premier League","2024/2025","Chelsea","Brentford","1.38","5.86","7.39","1.02","26.00","1.10","7.33","1.31","3.56","1.91","2.00","2.93","1.43","1.54","2.48"
"14763","15-12-24 20:00","England","Premier League","2024/2025","Southampton","Tottenham","4.16","4.58","1.75","1.01","34.00","1.08","8.61","1.28","3.83","1.77","2.10","2.69","1.50","1.34","3.30"
"14764","15-12-24 17:30","England","Premier League","2024/2025","Manchester City","Manchester Utd","1.55","4.84","5.53","1.01","21.00","1.15","5.76","1.44","2.88","2.14","1.79","3.62","1.30","1.57","2.42"
"14765","15-12-24 15:00","England","Premier League","2024/2025","Brighton","Crystal Palace","1.91","3.68","4.26","1.03","13.70","1.25","4.21","1.82","2.10","2.91","1.43","5.71","1.15","1.68","2.18"
"14766","14-12-24 18:30","England","Premier League","2024/2025","Nottingham","Aston Villa","2.87","3.25","2.67","1.07","9.47","1.34","3.37","2.14","1.80","3.61","1.31","8.05","1.09","1.75","2.07"
"14767","14-12-24 16:00","England","Premier League","2024/2025","Arsenal","Everton","1.24","6.61","13.70","1.02","15.80","1.21","4.74","1.59","2.42","2.54","1.54","4.57","1.22","2.06","1.76"
"14768","14-12-24 16:00","England","Premier League","2024/2025","Liverpool","Fulham","1.31","6.17","9.64","1.02","24.00","1.14","6.28","1.38","3.14","2.04","1.87","3.29","1.36","1.68","2.18"
"14769","14-12-24 16:00","England","Premier League","2024/2025","Newcastle","Leicester","1.32","6.36","8.80","1.02","25.00","1.13","6.50","1.37","3.20","1.99","1.91","3.24","1.37","1.68","2.18"
"14770","14-12-24 16:00","England","Premier League","2024/2025","Wolves","Ipswich","1.98","3.77","3.82","1.03","13.60","1.25","4.19","1.83","2.10","2.93","1.43","5.74","1.15","1.68","2.18"
"14771","09-12-24 21:00","England","Premier League","2024/2025","West Ham","Wolves","1.80","3.97","4.46","1.03","13.80","1.22","4.58","1.74","2.22","2.72","1.49","5.13","1.18","1.65","2.25"
"14772","08-12-24 17:30","England","Premier League","2024/2025","Tottenham","Chelsea","3.12","4.08","2.15","1.02","28.00","1.12","6.70","1.36","3.26","1.99","1.91","3.00","1.41","1.32","3.40"
"14773","08-12-24 15:00","England","Premier League","2024/2025","Fulham","Arsenal","5.42","4.41","1.62","1.03","13.70","1.25","4.21","1.74","2.21","2.91","1.43","5.15","1.18","1.75","2.07"
"14774","08-12-24 15:00","England","Premier League","2024/2025","Ipswich","Bournemouth","3.95","3.90","1.92","1.02","15.70","1.21","4.71","1.65","2.30","2.55","1.54","4.59","1.22","1.57","2.41"
"14775","08-12-24 15:00","England","Premier League","2024/2025","Leicester","Brighton","4.87","4.25","1.70","1.02","17.90","1.18","5.26","1.51","2.63","2.26","1.67","3.94","1.27","1.57","2.42"
"14776","07-12-24 18:30","England","Premier League","2024/2025","Manchester Utd","Nottingham","1.69","4.00","5.31","1.03","13.60","1.25","4.19","1.83","2.10","2.93","1.43","5.74","1.15","1.72","2.12"
"14777","07-12-24 16:00","England","Premier League","2024/2025","Aston Villa","Southampton","1.33","5.77","9.45","1.01","20.00","1.15","5.76","1.44","2.88","2.14","1.79","3.62","1.30","1.75","2.09"
"14778","07-12-24 16:00","England","Premier League","2024/2025","Brentford","Newcastle","3.10","3.84","2.24","1.02","17.80","1.18","5.24","1.57","2.49","2.36","1.62","4.28","1.24","1.49","2.64"
"14779","07-12-24 16:00","England","Premier League","2024/2025","Crystal Palace","Manchester City","4.88","4.08","1.72","1.02","15.70","1.21","4.71","1.60","2.41","2.46","1.58","4.59","1.22","1.60","2.34"
"14780","05-12-24 21:15","England","Premier League","2024/2025","Bournemouth","Tottenham","2.26","4.11","2.91","1.01","21.00","1.15","5.76","1.44","2.88","2.14","1.79","3.51","1.32","1.41","2.94"
"14781","05-12-24 20:30","England","Premier League","2024/2025","Fulham","Brighton","2.61","3.68","2.66","1.03","15.00","1.22","4.50","1.70","2.20","2.66","1.50","5.41","1.17","1.57","2.42"
"14782","04-12-24 21:15","England","Premier League","2024/2025","Arsenal","Manchester Utd","1.51","4.71","6.42","1.02","15.70","1.21","4.71","1.60","2.41","2.46","1.58","4.59","1.22","1.75","2.07"
"14783","04-12-24 21:15","England","Premier League","2024/2025","Aston Villa","Brentford","1.70","4.07","5.09","1.02","17.00","1.19","5.00","1.56","2.50","2.37","1.62","4.14","1.25","1.57","2.41"
"14784","04-12-24 20:30","England","Premier League","2024/2025","Everton","Wolves","2.15","3.38","3.69","1.07","9.42","1.31","3.56","2.04","1.87","3.51","1.32","7.22","1.11","1.76","2.06"
"14785","04-12-24 20:30","England","Premier League","2024/2025","Manchester City","Nottingham","1.33","5.56","10.50","1.02","17.80","1.15","5.76","1.44","2.88","2.14","1.79","3.62","1.30","1.72","2.12"
"14786","04-12-24 20:30","England","Premier League","2024/2025","Newcastle","Liverpool","3.80","3.83","1.98","1.03","14.20","1.24","4.24","1.72","2.17","2.73","1.48","5.11","1.18","1.59","2.35"
"14787","04-12-24 20:30","England","Premier League","2024/2025","Southampton","Chelsea","9.12","5.90","1.33","1.02","27.00","1.12","6.81","1.34","3.35","1.91","2.00","2.93","1.43","1.60","2.34"
"14788","03-12-24 21:15","England","Premier League","2024/2025","Leicester","West Ham","3.08","3.57","2.34","1.03","13.70","1.25","4.21","1.82","2.10","2.91","1.43","5.71","1.15","1.59","2.35"
"14789","03-12-24 20:30","England","Premier League","2024/2025","Ipswich","Crystal Palace","3.40","3.46","2.23","1.06","10.00","1.32","3.50","1.99","1.91","3.43","1.34","7.06","1.11","1.72","2.12"
"14790","01-12-24 17:00","England","Premier League","2024/2025","Liverpool","Manchester City","2.11","3.87","3.36","1.02","18.50","1.15","5.76","1.48","2.75","2.17","1.73","3.96","1.27","1.44","2.79"
"14791","01-12-24 14:30","England","Premier League","2024/2025","Chelsea","Aston Villa","1.70","4.24","4.85","1.02","17.80","1.18","5.24","1.57","2.49","2.36","1.62","4.28","1.24","1.57","2.41"
"14792","01-12-24 14:30","England","Premier League","2024/2025","Manchester Utd","Everton","1.64","4.00","5.91","1.03","13.60","1.25","4.19","1.83","2.10","2.93","1.43","5.74","1.15","1.76","2.06"
"14793","01-12-24 14:30","England","Premier League","2024/2025","Tottenham","Fulham","1.90","4.41","3.62","1.02","25.00","1.12","6.81","1.38","3.14","2.04","1.87","3.10","1.39","1.42","2.88"
"14794","30-11-24 18:30","England","Premier League","2024/2025","West Ham","Arsenal","7.26","4.67","1.48","1.02","15.80","1.21","4.74","1.64","2.32","2.54","1.54","4.57","1.22","1.76","2.06"
"14795","30-11-24 16:00","England","Premier League","2024/2025","Brentford","Leicester","1.66","4.44","4.92","1.02","17.80","1.18","5.24","1.57","2.49","2.36","1.62","4.28","1.24","1.60","2.34"
"14796","30-11-24 16:00","England","Premier League","2024/2025","Crystal Palace","Newcastle","3.43","3.50","2.21","1.05","11.50","1.25","4.19","1.83","2.10","3.10","1.39","5.74","1.15","1.65","2.24"
"14797","30-11-24 16:00","England","Premier League","2024/2025","Nottingham","Ipswich","1.71","4.07","5.01","1.03","13.60","1.25","4.19","1.75","2.20","2.93","1.43","5.18","1.18","1.72","2.12"
"14798","30-11-24 16:00","England","Premier League","2024/2025","Wolves","Bournemouth","2.58","3.57","2.74","1.03","13.60","1.22","4.54","1.75","2.20","2.74","1.48","5.18","1.18","1.57","2.41"
"14799","29-11-24 21:00","England","Premier League","2024/2025","Brighton","Southampton","1.42","5.33","7.37","1.02","28.00","1.14","6.22","1.40","3.06","2.09","1.83","3.39","1.34","1.53","2.53"
"14800","25-11-24 21:00","England","Premier League","2024/2025","Newcastle","West Ham","1.50","4.85","6.38","1.01","19.50","1.15","5.79","1.47","2.77","2.16","1.73","3.61","1.31","1.59","2.35"
"14801","24-11-24 17:30","England","Premier League","2024/2025","Ipswich","Manchester Utd","5.42","4.18","1.65","1.02","15.90","1.20","4.76","1.63","2.33","2.53","1.55","4.55","1.22","1.65","2.24"
"14802","24-11-24 15:00","England","Premier League","2024/2025","Southampton","Liverpool","9.17","5.41","1.36","1.02","25.00","1.13","6.32","1.38","3.16","2.03","1.88","3.09","1.39","1.60","2.34"
"14803","23-11-24 18:30","England","Premier League","2024/2025","Manchester City","Tottenham","1.45","5.13","6.90","1.02","28.00","1.10","7.33","1.31","3.56","1.83","2.10","2.93","1.43","1.49","2.64"
"14804","23-11-24 16:00","England","Premier League","2024/2025","Arsenal","Nottingham","1.43","4.87","8.02","1.05","11.50","1.27","3.93","1.83","2.10","3.10","1.39","6.26","1.14","2.06","1.76"
"14805","23-11-24 16:00","England","Premier League","2024/2025","Aston Villa","Crystal Palace","1.74","3.80","5.11","1.05","11.60","1.25","4.21","1.82","2.10","3.09","1.39","5.71","1.15","1.76","2.06"
"14806","23-11-24 16:00","England","Premier League","2024/2025","Bournemouth","Brighton","2.47","3.67","2.83","1.02","17.80","1.18","5.24","1.57","2.49","2.36","1.62","4.28","1.24","1.49","2.64"
"14807","23-11-24 16:00","England","Premier League","2024/2025","Everton","Brentford","2.29","3.47","3.28","1.05","11.00","1.26","4.00","1.90","2.00","3.24","1.37","6.00","1.14","1.65","2.24"
"14808","23-11-24 16:00","England","Premier League","2024/2025","Fulham","Wolves","1.57","4.44","5.90","1.02","17.80","1.21","4.71","1.60","2.41","2.46","1.58","4.28","1.24","1.65","2.24"
"14809","23-11-24 13:30","England","Premier League","2024/2025","Leicester","Chelsea","7.44","4.82","1.45","1.02","17.80","1.18","5.24","1.57","2.49","2.36","1.62","4.28","1.24","1.71","2.13"
"14810","10-11-24 17:30","England","Premier League","2024/2025","Chelsea","Arsenal","3.14","3.44","2.38","1.05","11.60","1.25","4.21","1.82","2.10","2.91","1.43","5.71","1.15","1.59","2.36"
"14811","10-11-24 15:00","England","Premier League","2024/2025","Manchester Utd","Leicester","1.35","5.85","8.48","1.01","20.00","1.15","5.79","1.47","2.77","2.16","1.73","3.61","1.31","1.76","2.06"
"14812","10-11-24 15:00","England","Premier League","2024/2025","Nottingham","Newcastle","2.90","3.39","2.56","1.05","11.50","1.27","3.93","1.91","2.00","3.29","1.36","6.26","1.14","1.68","2.18"
"14813","10-11-24 15:00","England","Premier League","2024/2025","Tottenham","Ipswich","1.27","6.83","10.40","1.02","28.00","1.10","7.33","1.31","3.56","1.91","2.00","2.93","1.43","1.70","2.14"
"14814","09-11-24 21:00","England","Premier League","2024/2025","Liverpool","Aston Villa","1.51","4.84","6.17","1.02","17.80","1.18","5.24","1.57","2.49","2.36","1.62","4.28","1.24","1.68","2.18"
"14815","09-11-24 18:30","England","Premier League","2024/2025","Brighton","Manchester City","4.36","4.10","1.80","1.01","20.00","1.15","5.79","1.44","2.90","2.14","1.80","3.50","1.33","1.44","2.79"
"14816","09-11-24 16:00","England","Premier League","2024/2025","Brentford","Bournemouth","2.65","3.57","2.68","1.02","15.70","1.22","4.54","1.65","2.30","2.74","1.48","5.18","1.18","1.57","2.41"
"14817","09-11-24 16:00","England","Premier League","2024/2025","Crystal Palace","Fulham","3.38","3.33","2.30","1.08","9.00","1.37","3.20","2.24","1.73","3.79","1.29","8.45","1.09","1.76","2.06"
"14818","09-11-24 16:00","England","Premier League","2024/2025","West Ham","Everton","2.15","3.38","3.71","1.05","11.50","1.27","3.93","1.91","2.00","3.10","1.39","6.26","1.14","1.68","2.18"
"14819","09-11-24 16:00","England","Premier League","2024/2025","Wolves","Southampton","1.90","3.82","4.11","1.03","13.60","1.22","4.54","1.75","2.20","2.74","1.48","5.18","1.18","1.60","2.34"
"14820","04-11-24 21:00","England","Premier League","2024/2025","Fulham","Brentford","1.99","3.88","3.68","1.03","13.60","1.22","4.54","1.75","2.20","2.74","1.48","5.18","1.18","1.60","2.34"
"14821","03-11-24 17:30","England","Premier League","2024/2025","Manchester Utd","Chelsea","2.68","3.57","2.65","1.01","19.50","1.15","5.76","1.48","2.75","2.17","1.73","3.62","1.30","1.41","2.94"
"14822","03-11-24 15:00","England","Premier League","2024/2025","Tottenham","Aston Villa","1.96","4.11","3.60","1.01","21.00","1.15","5.76","1.44","2.88","2.14","1.79","3.51","1.32","1.46","2.74"
"14823","02-11-24 18:30","England","Premier League","2024/2025","Wolves","Crystal Palace","2.54","3.48","2.86","1.06","10.50","1.30","3.66","1.91","2.00","3.29","1.36","6.76","1.12","1.72","2.12"
"14824","02-11-24 16:00","England","Premier League","2024/2025","Bournemouth","Manchester City","6.27","4.31","1.57","1.02","17.80","1.18","5.24","1.57","2.49","2.36","1.62","4.28","1.24","1.62","2.30"
"14825","02-11-24 16:00","England","Premier League","2024/2025","Ipswich","Leicester","2.41","3.77","2.86","1.02","15.70","1.21","4.71","1.65","2.30","2.55","1.54","5.18","1.18","1.57","2.41"
"14826","02-11-24 16:00","England","Premier League","2024/2025","Liverpool","Brighton","1.41","5.39","7.44","1.02","26.00","1.14","6.28","1.38","3.14","2.04","1.87","3.29","1.36","1.60","2.34"
"14827","02-11-24 16:00","England","Premier League","2024/2025","Nottingham","West Ham","2.09","3.57","3.68","1.06","10.00","1.32","3.50","2.13","1.80","3.67","1.30","7.06","1.11","1.76","2.06"
"14828","02-11-24 16:00","England","Premier League","2024/2025","Southampton","Everton","2.82","3.37","2.63","1.06","10.00","1.32","3.50","1.99","1.91","3.43","1.34","7.06","1.11","1.68","2.18"
"14829","02-11-24 13:30","England","Premier League","2024/2025","Newcastle","Arsenal","4.30","3.63","1.91","1.05","11.60","1.26","3.97","1.89","2.02","3.07","1.40","5.68","1.16","1.71","2.13"
"14830","27-10-24 17:30","England","Premier League","2024/2025","Arsenal","Liverpool","2.34","3.37","3.27","1.05","11.60","1.24","4.23","1.89","2.02","3.07","1.40","6.20","1.14","1.65","2.25"
"14831","27-10-24 15:00","England","Premier League","2024/2025","Chelsea","Newcastle","1.77","4.32","4.30","1.02","19.50","1.16","5.50","1.51","2.63","2.26","1.67","4.14","1.25","1.49","2.64"
"14832","27-10-24 15:00","England","Premier League","2024/2025","Crystal Palace","Tottenham","3.86","4.08","1.90","1.02","18.50","1.18","5.24","1.48","2.75","2.17","1.73","3.96","1.27","1.50","2.59"
"14833","27-10-24 15:00","England","Premier League","2024/2025","West Ham","Manchester Utd","3.45","3.82","2.09","1.02","15.70","1.21","4.71","1.60","2.41","2.46","1.58","4.59","1.22","1.53","2.53"
"14834","26-10-24 18:30","England","Premier League","2024/2025","Everton","Fulham","2.77","3.49","2.62","1.03","13.60","1.25","4.19","1.83","2.10","2.93","1.43","5.74","1.15","1.60","2.34"
"14835","26-10-24 16:00","England","Premier League","2024/2025","Aston Villa","Bournemouth","1.79","3.94","4.59","1.02","15.70","1.21","4.71","1.60","2.41","2.46","1.58","4.59","1.22","1.60","2.34"
"14836","26-10-24 16:00","England","Premier League","2024/2025","Brentford","Ipswich","1.68","4.27","5.01","1.02","15.70","1.22","4.54","1.65","2.30","2.55","1.54","4.59","1.22","1.68","2.18"
"14837","26-10-24 16:00","England","Premier League","2024/2025","Brighton","Wolves","1.59","4.45","5.64","1.02","15.70","1.21","4.71","1.60","2.41","2.46","1.58","4.59","1.22","1.68","2.18"
"14838","26-10-24 16:00","England","Premier League","2024/2025","Manchester City","Southampton","1.14","10.80","17.60","1.01","29.00","1.07","9.47","1.25","4.21","1.59","2.42","2.35","1.63","1.86","1.95"
"14839","25-10-24 21:00","England","Premier League","2024/2025","Leicester","Nottingham","2.87","3.48","2.53","1.06","10.50","1.30","3.66","2.04","1.87","3.29","1.36","6.76","1.12","1.71","2.13"
"14840","21-10-24 21:00","England","Premier League","2024/2025","Nottingham","Crystal Palace","2.30","3.39","3.32","1.09","8.47","1.38","3.18","2.25","1.68","4.24","1.24","8.78","1.08","1.90","1.90"
"14841","20-10-24 17:30","England","Premier League","2024/2025","Liverpool","Chelsea","1.68","4.58","4.58","1.02","25.00","1.06","6.19","1.33","2.84","2.24","1.73","2.88","1.32","1.43","2.73"
"14842","20-10-24 15:00","England","Premier League","2024/2025","Wolves","Manchester City","9.11","5.60","1.34","1.01","21.00","1.17","5.32","1.46","2.79","2.14","1.74","3.57","1.31","1.68","2.18"
"14843","19-10-24 18:30","England","Premier League","2024/2025","Bournemouth","Arsenal","5.37","3.76","1.73","1.06","10.70","1.26","4.07","1.84","2.08","2.88","1.44","5.06","1.18","1.78","2.04"
"14844","19-10-24 16:00","England","Premier League","2024/2025","Fulham","Aston Villa","2.54","3.50","2.86","1.05","11.00","1.26","4.00","1.90","2.00","3.06","1.40","6.00","1.14","1.60","2.34"
"14845","19-10-24 16:00","England","Premier League","2024/2025","Ipswich","Everton","2.43","3.58","2.95","1.03","13.60","1.25","4.19","1.83","2.10","3.10","1.39","5.74","1.15","1.65","2.24"
"14846","19-10-24 16:00","England","Premier League","2024/2025","Manchester Utd","Brentford","1.68","4.19","5.09","1.02","19.50","1.18","5.24","1.48","2.75","2.17","1.73","3.96","1.27","1.53","2.53"
"14847","19-10-24 16:00","England","Premier League","2024/2025","Newcastle","Brighton","1.78","4.08","4.43","1.02","18.50","1.18","5.24","1.52","2.62","2.26","1.66","3.96","1.27","1.53","2.53"
"14848","19-10-24 16:00","England","Premier League","2024/2025","Southampton","Leicester","2.25","3.67","3.20","1.03","13.60","1.22","4.54","1.75","2.20","2.74","1.48","5.18","1.18","1.60","2.34"
"14849","19-10-24 13:30","England","Premier League","2024/2025","Tottenham","West Ham","1.49","5.37","5.88","1.02","29.00","1.10","7.33","1.31","3.56","1.91","2.00","2.93","1.43","1.49","2.64"
"14850","06-10-24 17:30","England","Premier League","2024/2025","Brighton","Tottenham","3.06","4.04","2.19","1.02","24.00","1.12","6.81","1.38","3.14","1.91","2.00","3.10","1.39","1.41","2.92"
"14851","06-10-24 15:00","England","Premier League","2024/2025","Aston Villa","Manchester Utd","2.23","3.99","3.02","1.01","20.00","1.15","5.76","1.44","2.88","2.14","1.79","3.62","1.30","1.44","2.79"
"14852","06-10-24 15:00","England","Premier League","2024/2025","Chelsea","Nottingham","1.50","4.59","6.94","1.02","15.70","1.18","5.24","1.57","2.49","2.36","1.62","4.28","1.24","1.68","2.18"
"14853","05-10-24 18:30","England","Premier League","2024/2025","Everton","Newcastle","3.96","3.78","1.94","1.02","15.70","1.22","4.54","1.65","2.30","2.74","1.48","5.18","1.18","1.59","2.35"
"14854","05-10-24 16:00","England","Premier League","2024/2025","Arsenal","Southampton","1.20","7.97","14.30","1.01","22.00","1.14","6.28","1.44","2.88","2.14","1.79","3.29","1.36","2.02","1.80"
"14855","05-10-24 16:00","England","Premier League","2024/2025","Brentford","Wolves","2.00","3.69","3.86","1.03","13.60","1.22","4.54","1.75","2.20","2.74","1.48","5.18","1.18","1.60","2.34"
"14856","05-10-24 16:00","England","Premier League","2024/2025","Leicester","Bournemouth","3.42","3.94","2.06","1.02","15.80","1.21","4.74","1.59","2.42","2.45","1.58","4.57","1.22","1.53","2.53"
"14857","05-10-24 16:00","England","Premier League","2024/2025","Manchester City","Fulham","1.27","6.69","10.80","1.01","19.50","1.15","5.76","1.48","2.75","2.17","1.73","3.62","1.30","1.90","1.90"
"14858","05-10-24 16:00","England","Premier League","2024/2025","West Ham","Ipswich","1.87","3.91","4.18","1.03","13.60","1.22","4.54","1.75","2.20","2.74","1.48","5.18","1.18","1.68","2.20"
"14859","05-10-24 13:30","England","Premier League","2024/2025","Crystal Palace","Liverpool","5.42","4.07","1.66","1.03","14.40","1.24","4.31","1.70","2.20","2.79","1.46","5.03","1.19","1.65","2.24"
"14860","30-09-24 21:00","England","Premier League","2024/2025","Bournemouth","Southampton","1.58","4.34","5.94","1.02","15.80","1.18","5.26","1.56","2.50","2.35","1.63","4.26","1.24","1.65","2.25"
"14861","29-09-24 17:30","England","Premier League","2024/2025","Manchester Utd","Tottenham","2.04","4.00","3.46","1.01","22.00","1.13","6.32","1.44","2.90","2.03","1.88","3.27","1.36","1.41","2.94"
"14862","29-09-24 15:00","England","Premier League","2024/2025","Ipswich","Aston Villa","3.78","3.56","2.06","1.03","13.60","1.25","4.19","1.83","2.10","2.93","1.43","5.74","1.15","1.65","2.24"
"14863","28-09-24 18:30","England","Premier League","2024/2025","Wolves","Liverpool","8.48","5.85","1.35","1.02","25.00","1.14","6.00","1.41","3.00","2.13","1.80","3.43","1.34","1.65","2.25"
"14864","28-09-24 16:00","England","Premier League","2024/2025","Arsenal","Leicester","1.21","7.59","13.70","1.02","15.70","1.21","4.71","1.57","2.49","2.46","1.58","4.28","1.24","2.22","1.66"
"14865","28-09-24 16:00","England","Premier League","2024/2025","Brentford","West Ham","2.33","3.61","3.09","1.02","15.70","1.21","4.71","1.65","2.30","2.55","1.54","4.59","1.22","1.53","2.53"
"14866","28-09-24 16:00","England","Premier League","2024/2025","Chelsea","Brighton","1.74","4.30","4.50","1.01","21.00","1.15","5.76","1.44","2.88","2.14","1.79","3.51","1.32","1.46","2.74"
"14867","28-09-24 16:00","England","Premier League","2024/2025","Everton","Crystal Palace","2.78","3.35","2.68","1.05","11.50","1.25","4.19","1.91","2.00","3.10","1.39","6.26","1.14","1.65","2.24"
"14868","28-09-24 16:00","England","Premier League","2024/2025","Nottingham","Fulham","2.64","3.18","2.97","1.09","8.38","1.34","3.35","2.25","1.72","3.96","1.27","8.09","1.09","1.83","1.98"
"14869","28-09-24 13:30","England","Premier League","2024/2025","Newcastle","Manchester City","5.17","4.19","1.67","1.02","17.80","1.18","5.24","1.57","2.49","2.36","1.62","4.28","1.24","1.60","2.34"
"14870","22-09-24 17:30","England","Premier League","2024/2025","Manchester City","Arsenal","1.77","3.59","5.37","1.06","10.50","1.30","3.66","2.04","1.87","3.29","1.36","6.76","1.12","1.76","2.06"
"14871","22-09-24 15:00","England","Premier League","2024/2025","Brighton","Nottingham","1.82","3.79","4.63","1.01","12.80","1.28","3.83","1.99","1.91","3.20","1.37","6.28","1.14","1.72","2.12"
"14872","21-09-24 18:30","England","Premier League","2024/2025","Crystal Palace","Manchester Utd","2.80","3.80","2.47","1.01","16.00","1.16","4.20","1.69","2.30","2.47","1.44","4.20","1.14","1.55","2.38"
"14873","21-09-24 16:00","England","Premier League","2024/2025","Aston Villa","Wolves","1.65","4.23","5.37","1.02","15.70","1.21","4.71","1.60","2.41","2.55","1.54","4.59","1.22","1.65","2.24"
"14874","21-09-24 16:00","England","Premier League","2024/2025","Fulham","Newcastle","3.11","3.48","2.37","1.04","13.00","1.22","4.50","1.70","2.20","2.66","1.50","4.80","1.20","1.53","2.53"
"14875","21-09-24 16:00","England","Premier League","2024/2025","Leicester","Everton","2.14","3.56","3.56","1.05","11.50","1.22","4.54","1.75","2.20","2.74","1.48","5.18","1.18","1.60","2.34"
"14876","21-09-24 16:00","England","Premier League","2024/2025","Liverpool","Bournemouth","1.27","6.69","10.70","1.01","14.90","1.09","8.38","1.30","3.66","1.83","2.10","2.74","1.48","1.62","2.30"
"14877","21-09-24 16:00","England","Premier League","2024/2025","Southampton","Ipswich","2.43","3.46","3.03","1.04","13.00","1.26","4.00","1.90","2.00","3.06","1.40","6.00","1.14","1.65","2.25"
"14878","21-09-24 16:00","England","Premier League","2024/2025","Tottenham","Brentford","1.48","5.12","6.37","1.01","23.00","1.14","6.28","1.38","3.14","2.04","1.87","3.29","1.36","1.53","2.53"
"14879","21-09-24 13:30","England","Premier League","2024/2025","West Ham","Chelsea","3.81","3.99","1.93","1.01","19.50","1.18","5.24","1.52","2.62","2.26","1.66","3.96","1.27","1.49","2.64"
"14880","15-09-24 17:30","England","Premier League","2024/2025","Wolves","Newcastle","4.03","3.58","1.98","1.03","15.00","1.22","4.50","1.65","2.30","2.57","1.54","4.80","1.20","1.53","2.53"
"14881","15-09-24 15:00","England","Premier League","2024/2025","Tottenham","Arsenal","3.00","3.49","2.43","1.02","15.90","1.20","4.76","1.58","2.43","2.34","1.63","4.24","1.24","1.49","2.64"
"14882","14-09-24 21:00","England","Premier League","2024/2025","Bournemouth","Chelsea","3.27","3.69","2.21","1.01","20.00","1.15","5.79","1.47","2.77","2.16","1.73","3.61","1.31","1.44","2.79"
"14883","14-09-24 18:30","England","Premier League","2024/2025","Aston Villa","Everton","1.69","3.84","5.64","1.03","13.70","1.25","4.21","1.74","2.21","2.91","1.43","5.15","1.18","1.72","2.12"
"14884","14-09-24 16:00","England","Premier League","2024/2025","Brighton","Ipswich","1.47","4.86","6.92","1.02","15.70","1.21","4.71","1.60","2.41","2.55","1.54","4.59","1.22","1.72","2.12"
"14885","14-09-24 16:00","England","Premier League","2024/2025","Crystal Palace","Leicester","1.69","3.98","5.36","1.05","11.50","1.27","3.93","1.91","2.00","3.10","1.39","6.26","1.14","1.76","2.06"
"14886","14-09-24 16:00","England","Premier League","2024/2025","Fulham","West Ham","2.31","3.39","3.29","1.05","11.00","1.26","4.00","1.90","2.00","3.06","1.40","6.00","1.14","1.65","2.24"
"14887","14-09-24 16:00","England","Premier League","2024/2025","Liverpool","Nottingham","1.27","6.37","11.70","1.02","26.00","1.14","6.00","1.41","3.00","2.13","1.80","3.43","1.34","1.76","2.06"
"14888","14-09-24 16:00","England","Premier League","2024/2025","Manchester City","Brentford","1.18","8.24","16.10","1.02","25.00","1.14","6.28","1.38","3.14","2.14","1.79","3.29","1.36","1.90","1.90"
"14889","14-09-24 13:30","England","Premier League","2024/2025","Southampton","Manchester Utd","4.33","4.17","1.78","1.02","17.80","1.18","5.24","1.57","2.49","2.36","1.62","4.28","1.24","1.57","2.41"
"14890","01-09-24 17:00","England","Premier League","2024/2025","Manchester Utd","Liverpool","3.76","4.19","1.90","1.01","22.00","1.15","5.71","1.52","2.62","2.36","1.66","3.86","1.28","1.44","2.79"
"14891","01-09-24 14:30","England","Premier League","2024/2025","Chelsea","Crystal Palace","1.65","4.40","5.08","1.02","17.80","1.18","5.24","1.52","2.62","2.26","1.66","3.96","1.27","1.57","2.41"
"14892","01-09-24 14:30","England","Premier League","2024/2025","Newcastle","Tottenham","2.60","4.00","2.53","1.01","22.00","1.12","6.81","1.38","3.14","2.04","1.87","3.10","1.39","1.37","3.11"
"14893","31-08-24 18:30","England","Premier League","2024/2025","West Ham","Manchester City","8.11","5.08","1.41","1.02","17.90","1.18","5.26","1.51","2.63","2.35","1.63","3.94","1.27","1.68","2.20"
"14894","31-08-24 16:00","England","Premier League","2024/2025","Brentford","Southampton","1.79","3.94","4.59","1.05","11.50","1.25","4.19","1.83","2.10","2.93","1.43","5.74","1.15","1.68","2.18"
"14895","31-08-24 16:00","England","Premier League","2024/2025","Everton","Bournemouth","2.96","3.48","2.47","1.04","13.00","1.26","4.00","1.90","2.00","3.06","1.40","6.00","1.14","1.70","2.15"
"14896","31-08-24 16:00","England","Premier League","2024/2025","Ipswich","Fulham","3.20","3.46","2.33","1.06","10.50","1.27","3.93","1.91","2.00","3.10","1.39","6.26","1.14","1.68","2.18"
"14897","31-08-24 16:00","England","Premier League","2024/2025","Leicester","Aston Villa","4.20","3.70","1.91","1.03","13.70","1.25","4.21","1.82","2.10","2.91","1.43","5.71","1.15","1.68","2.18"
"14898","31-08-24 16:00","England","Premier League","2024/2025","Nottingham","Wolves","2.05","3.70","3.68","1.05","11.50","1.27","3.93","1.91","2.00","3.10","1.39","6.26","1.14","1.72","2.12"
"14899","31-08-24 13:30","England","Premier League","2024/2025","Arsenal","Brighton","1.39","5.38","7.97","1.02","15.80","1.18","5.26","1.51","2.63","2.35","1.63","3.94","1.27","1.75","2.07"
"14900","25-08-24 17:30","England","Premier League","2024/2025","Liverpool","Brentford","1.22","7.28","13.50","1.01","14.90","1.11","7.00","1.32","3.50","1.90","2.00","2.86","1.45","1.68","2.18"
"14901","25-08-24 15:00","England","Premier League","2024/2025","Bournemouth","Newcastle","2.68","3.70","2.58","1.02","16.30","1.20","4.78","1.66","2.28","2.58","1.53","4.69","1.21","1.49","2.64"
"14902","25-08-24 15:00","England","Premier League","2024/2025","Wolves","Chelsea","4.02","3.89","1.90","1.03","15.00","1.22","4.50","1.65","2.30","2.57","1.54","4.48","1.22","1.53","2.53"
"14903","24-08-24 18:30","England","Premier League","2024/2025","Aston Villa","Arsenal","4.80","4.08","1.73","1.03","13.70","1.22","4.56","1.74","2.21","2.73","1.48","5.15","1.18","1.68","2.20"
"14904","24-08-24 16:00","England","Premier League","2024/2025","Crystal Palace","West Ham","1.94","3.96","3.81","1.02","15.70","1.21","4.71","1.65","2.30","2.55","1.54","4.59","1.22","1.57","2.41"
"14905","24-08-24 16:00","England","Premier League","2024/2025","Fulham","Leicester","1.89","3.82","4.18","1.05","11.50","1.27","3.93","1.83","2.10","3.10","1.39","6.26","1.14","1.72","2.12"
"14906","24-08-24 16:00","England","Premier League","2024/2025","Manchester City","Ipswich","1.09","11.00","26.00","1.01","16.50","1.09","8.38","1.30","3.66","1.75","2.20","2.55","1.54","2.20","1.68"
"14907","24-08-24 16:00","England","Premier League","2024/2025","Southampton","Nottingham","2.42","3.58","2.97","1.05","11.50","1.25","4.19","1.83","2.10","2.93","1.43","5.74","1.15","1.60","2.34"
"14908","24-08-24 16:00","England","Premier League","2024/2025","Tottenham","Everton","1.39","5.38","7.97","1.02","24.00","1.14","6.00","1.41","3.00","2.13","1.80","3.43","1.34","1.65","2.24"
"14909","24-08-24 13:30","England","Premier League","2024/2025","Brighton","Manchester Utd","2.57","3.85","2.63","1.02","17.50","1.18","5.24","1.52","2.62","2.26","1.66","3.96","1.27","1.44","2.79"
"14910","19-08-24 21:00","England","Premier League","2024/2025","Leicester","Tottenham","4.79","4.27","1.70","1.02","17.90","1.18","5.26","1.56","2.50","2.35","1.63","4.26","1.24","1.57","2.41"
"14911","18-08-24 17:30","England","Premier League","2024/2025","Chelsea","Manchester City","3.89","3.96","1.92","1.02","17.80","1.18","5.24","1.57","2.49","2.36","1.62","4.28","1.24","1.52","2.54"
"14912","18-08-24 15:00","England","Premier League","2024/2025","Brentford","Crystal Palace","2.98","3.30","2.56","1.06","10.50","1.31","3.58","2.03","1.88","3.50","1.33","7.18","1.11","1.75","2.07"
"14913","17-08-24 18:30","England","Premier League","2024/2025","West Ham","Aston Villa","2.56","3.60","2.77","1.03","13.70","1.22","4.56","1.64","2.32","2.73","1.48","5.15","1.18","1.57","2.41"
"14914","17-08-24 16:00","England","Premier League","2024/2025","Arsenal","Wolves","1.16","9.39","16.60","1.02","24.00","1.14","6.00","1.41","3.00","2.13","1.80","3.43","1.34","2.25","1.65"
"14915","17-08-24 16:00","England","Premier League","2024/2025","Everton","Brighton","3.16","3.47","2.34","1.05","11.50","1.27","3.93","1.91","2.00","3.10","1.39","6.26","1.14","1.68","2.18"
"14916","17-08-24 16:00","England","Premier League","2024/2025","Newcastle","Southampton","1.39","5.34","7.90","1.01","22.00","1.14","6.28","1.44","2.88","2.14","1.79","3.51","1.32","1.62","2.30"
"14917","17-08-24 16:00","England","Premier League","2024/2025","Nottingham","Bournemouth","2.26","3.49","3.33","1.05","11.50","1.25","4.19","1.91","2.00","3.10","1.39","5.74","1.15","1.65","2.24"
"14918","17-08-24 13:30","England","Premier League","2024/2025","Ipswich","Liverpool","8.57","5.85","1.34","1.02","27.00","1.12","6.81","1.34","3.35","1.91","2.00","3.10","1.39","1.60","2.34"
"14919","16-08-24 21:00","England","Premier League","2024/2025","Manchester Utd","Fulham","1.66","4.15","5.33","1.03","15.00","1.22","4.50","1.65","2.30","2.57","1.54","4.80","1.20","1.60","2.34"
"3909","19-05-24 17:00","England","Premier League","2023/2024","Arsenal","Everton","1.24","7.70","10.60","1.02","27.00","1.13","6.31","1.39","3.11","2.06","1.86","3.34","1.35","1.78","2.04"
"3910","19-05-24 17:00","England","Premier League","2023/2024","Brentford","Newcastle","3.11","4.03","2.17","1.02","29.00","1.11","7.00","1.34","3.40","1.90","2.00","3.06","1.40","1.34","3.26"
"3911","19-05-24 17:00","England","Premier League","2023/2024","Brighton","Manchester Utd","2.76","4.10","2.36","1.02","29.00","1.09","8.00","1.34","3.40","1.90","2.00","2.86","1.45","1.33","3.34"
"3912","19-05-24 17:00","England","Premier League","2023/2024","Burnley","Nottingham","3.05","3.88","2.25","1.02","18.50","1.19","5.00","1.56","2.50","2.37","1.62","4.14","1.25","1.48","2.68"
"3913","19-05-24 17:00","England","Premier League","2023/2024","Chelsea","Bournemouth","1.41","5.39","7.52","1.02","30.00","1.09","8.00","1.32","3.50","1.90","2.00","2.86","1.45","1.52","2.54"
"3914","19-05-24 17:00","England","Premier League","2023/2024","Crystal Palace","Aston Villa","1.65","4.67","4.74","1.01","22.00","1.16","5.67","1.45","2.84","2.20","1.70","3.68","1.30","1.54","2.50"
"3915","19-05-24 17:00","England","Premier League","2023/2024","Liverpool","Wolves","1.14","10.30","17.70","","","1.04","13.00","1.19","5.00","1.41","3.00","1.99","1.91","1.62","2.31"
"3916","19-05-24 17:00","England","Premier League","2023/2024","Luton","Fulham","3.17","3.99","2.15","1.01","21.00","1.16","5.50","1.48","2.75","2.24","1.73","3.79","1.29","1.48","2.68"
"3917","19-05-24 17:00","England","Premier League","2023/2024","Manchester City","West Ham","1.08","16.60","23.00","","","1.06","10.30","1.21","4.64","1.53","2.58","2.10","1.77","1.98","1.83"
"3918","19-05-24 17:00","England","Premier League","2023/2024","Sheffield Utd","Tottenham","7.94","5.91","1.36","1.01","26.00","1.10","7.73","1.30","3.62","1.88","2.03","2.77","1.47","1.54","2.49"
"3919","15-05-24 21:00","England","Premier League","2023/2024","Manchester Utd","Newcastle","2.86","4.09","2.29","1.02","25.00","1.13","6.50","1.37","3.20","1.99","1.91","3.24","1.37","1.38","3.04"
"3920","15-05-24 20:45","England","Premier League","2023/2024","Brighton","Chelsea","3.44","4.12","2.01","1.02","27.00","1.12","6.70","1.35","3.30","1.94","1.97","2.97","1.42","1.38","3.09"
"3921","14-05-24 21:00","England","Premier League","2023/2024","Tottenham","Manchester City","6.88","6.13","1.38","1.01","16.50","1.10","7.77","1.30","3.64","1.87","2.04","2.75","1.48","1.45","2.76"
"3922","13-05-24 21:00","England","Premier League","2023/2024","Aston Villa","Liverpool","3.78","4.85","1.78","1.02","27.00","1.13","6.50","1.37","3.20","1.99","1.91","3.06","1.40","1.41","2.90"
"3923","12-05-24 17:30","England","Premier League","2023/2024","Manchester Utd","Arsenal","9.21","6.11","1.32","1.01","20.00","1.14","6.19","1.39","3.10","2.06","1.85","3.33","1.35","1.74","2.10"
"3924","11-05-24 18:30","England","Premier League","2023/2024","Nottingham","Chelsea","4.50","4.11","1.77","1.02","17.60","1.18","5.18","1.58","2.46","2.38","1.61","4.33","1.23","1.54","2.46"
"3925","11-05-24 16:00","England","Premier League","2023/2024","Bournemouth","Brentford","2.16","3.68","3.38","1.01","20.00","1.16","5.67","1.49","2.70","2.18","1.77","3.68","1.30","1.45","2.76"
"3926","11-05-24 16:00","England","Premier League","2023/2024","Everton","Sheffield Utd","1.43","5.13","7.44","1.02","17.50","1.18","5.15","1.53","2.58","2.30","1.65","4.02","1.26","1.74","2.10"
"3927","11-05-24 16:00","England","Premier League","2023/2024","Newcastle","Brighton","1.61","4.82","4.97","1.02","27.00","1.12","6.70","1.35","3.30","1.94","1.97","3.15","1.38","1.46","2.72"
"3928","11-05-24 16:00","England","Premier League","2023/2024","Tottenham","Burnley","1.31","6.71","8.55","1.01","34.00","1.08","8.74","1.25","4.21","1.65","2.30","2.44","1.58","1.49","2.64"
"3929","11-05-24 16:00","England","Premier League","2023/2024","West Ham","Luton","1.86","4.09","4.02","1.02","24.00","1.12","6.70","1.39","3.10","2.06","1.85","3.33","1.35","1.43","2.86"
"3930","11-05-24 16:00","England","Premier League","2023/2024","Wolves","Crystal Palace","3.37","3.57","2.20","1.03","13.40","1.25","4.12","1.85","2.06","2.97","1.42","5.82","1.15","1.66","2.22"
"3931","11-05-24 13:30","England","Premier League","2023/2024","Fulham","Manchester City","13.40","7.49","1.22","1.01","14.90","1.10","7.29","1.32","3.54","1.83","2.09","2.75","1.48","1.66","2.22"
"3932","06-05-24 21:00","England","Premier League","2023/2024","Crystal Palace","Manchester Utd","2.05","3.88","3.50","1.01","19.50","1.18","5.21","1.52","2.61","2.28","1.66","3.98","1.26","1.50","2.61"
"3933","05-05-24 17:30","England","Premier League","2023/2024","Liverpool","Tottenham","1.48","5.85","5.40","1.01","29.00","1.07","9.37","1.25","4.17","1.65","2.29","2.38","1.61","1.41","2.92"
"3934","05-05-24 15:00","England","Premier League","2023/2024","Brighton","Aston Villa","2.63","3.84","2.56","1.01","21.00","1.14","6.19","1.45","2.84","2.06","1.85","3.56","1.31","1.43","2.86"
"3935","05-05-24 15:00","England","Premier League","2023/2024","Chelsea","West Ham","1.53","5.08","5.59","1.02","28.00","1.11","7.22","1.32","3.50","1.94","1.97","2.97","1.42","1.45","2.76"
"3936","04-05-24 18:30","England","Premier League","2023/2024","Manchester City","Wolves","1.09","14.70","21.00","1.01","34.00","1.08","8.74","1.28","3.88","1.74","2.14","2.54","1.54","1.92","1.88"
"3937","04-05-24 16:00","England","Premier League","2023/2024","Brentford","Fulham","2.06","3.90","3.46","1.02","17.50","1.21","4.64","1.62","2.37","2.50","1.56","4.66","1.21","1.54","2.50"
"3938","04-05-24 16:00","England","Premier League","2023/2024","Burnley","Newcastle","3.65","4.10","1.95","1.01","22.00","1.14","6.19","1.45","2.84","2.06","1.85","3.33","1.35","1.41","2.90"
"3939","04-05-24 16:00","England","Premier League","2023/2024","Sheffield Utd","Nottingham","4.98","4.27","1.68","1.02","17.50","1.18","5.15","1.58","2.45","2.40","1.60","4.35","1.23","1.61","2.31"
"3940","04-05-24 13:30","England","Premier League","2023/2024","Arsenal","Bournemouth","1.22","7.28","14.00","1.01","14.90","1.11","7.22","1.32","3.50","1.94","1.97","2.97","1.42","1.70","2.16"
"3941","03-05-24 21:00","England","Premier League","2023/2024","Luton","Everton","2.86","3.83","2.38","1.03","15.60","1.22","4.51","1.76","2.19","2.75","1.48","5.20","1.18","1.61","2.31"
"3942","02-05-24 20:30","England","Premier League","2023/2024","Chelsea","Tottenham","2.36","4.08","2.76","1.02","28.00","1.11","7.22","1.32","3.50","1.85","2.06","2.78","1.46","1.30","3.49"
"3943","28-04-24 17:30","England","Premier League","2023/2024","Nottingham","Manchester City","12.90","6.11","1.26","1.02","17.80","1.18","5.24","1.52","2.62","2.26","1.66","3.96","1.27","1.85","1.96"
"3944","28-04-24 15:00","England","Premier League","2023/2024","Bournemouth","Brighton","1.98","4.27","3.44","1.01","22.00","1.14","6.19","1.39","3.10","2.06","1.85","3.33","1.35","1.43","2.86"
"3945","28-04-24 15:00","England","Premier League","2023/2024","Tottenham","Arsenal","4.63","4.31","1.72","1.01","21.00","1.18","5.21","1.52","2.61","2.28","1.66","3.98","1.26","1.54","2.50"
"3946","27-04-24 21:00","England","Premier League","2023/2024","Aston Villa","Chelsea","2.14","3.85","3.29","1.01","22.00","1.16","5.67","1.45","2.84","2.18","1.77","3.56","1.31","1.41","2.90"
"3947","27-04-24 18:30","England","Premier League","2023/2024","Everton","Brentford","2.77","3.60","2.56","1.05","11.30","1.28","3.87","1.94","1.97","3.15","1.38","6.35","1.13","1.70","2.16"
"3948","27-04-24 16:00","England","Premier League","2023/2024","Fulham","Crystal Palace","2.14","3.60","3.49","1.05","11.30","1.28","3.87","1.94","1.97","3.33","1.35","6.35","1.13","1.74","2.10"
"3949","27-04-24 16:00","England","Premier League","2023/2024","Manchester Utd","Burnley","1.51","5.08","5.83","1.01","14.90","1.09","8.25","1.31","3.61","1.85","2.06","2.78","1.46","1.43","2.86"
"3950","27-04-24 16:00","England","Premier League","2023/2024","Newcastle","Sheffield Utd","1.22","7.96","12.00","1.01","14.90","1.09","8.25","1.28","3.87","1.78","2.17","2.59","1.53","1.66","2.22"
"3951","27-04-24 16:00","England","Premier League","2023/2024","Wolves","Luton","1.90","3.94","4.01","1.03","15.50","1.21","4.64","1.62","2.37","2.59","1.53","4.66","1.21","1.58","2.38"
"3952","27-04-24 13:30","England","Premier League","2023/2024","West Ham","Liverpool","5.33","4.86","1.57","1.02","27.00","1.12","6.74","1.35","3.32","1.93","1.98","3.13","1.38","1.45","2.76"
"3953","25-04-24 21:00","England","Premier League","2023/2024","Brighton","Manchester City","8.64","5.64","1.36","1.02","25.00","1.14","6.22","1.39","3.11","2.06","1.86","3.13","1.38","1.61","2.31"
"3954","24-04-24 21:00","England","Premier League","2023/2024","Crystal Palace","Newcastle","3.27","3.68","2.21","1.03","15.50","1.21","4.64","1.66","2.27","2.59","1.53","4.66","1.21","1.54","2.50"
"3955","24-04-24 21:00","England","Premier League","2023/2024","Everton","Liverpool","7.44","5.13","1.43","1.01","19.50","1.16","5.67","1.49","2.70","2.20","1.70","3.68","1.30","1.66","2.22"
"3956","24-04-24 21:00","England","Premier League","2023/2024","Manchester Utd","Sheffield Utd","1.33","6.13","8.69","1.01","14.90","1.11","7.22","1.32","3.50","1.85","2.06","2.78","1.46","1.65","2.25"
"3957","24-04-24 20:45","England","Premier League","2023/2024","Wolves","Bournemouth","2.68","3.83","2.52","1.03","15.50","1.21","4.64","1.66","2.27","2.59","1.53","4.66","1.21","1.54","2.50"
"3958","23-04-24 21:00","England","Premier League","2023/2024","Arsenal","Chelsea","1.45","5.13","6.84","1.02","17.80","1.18","5.24","1.57","2.49","2.36","1.62","4.28","1.24","1.77","2.05"
"3959","21-04-24 17:30","England","Premier League","2023/2024","Fulham","Liverpool","4.61","4.60","1.68","1.01","22.00","1.15","5.70","1.45","2.85","2.17","1.78","3.55","1.32","1.50","2.61"
"3960","21-04-24 16:00","England","Premier League","2023/2024","Aston Villa","Bournemouth","1.85","4.11","4.04","1.01","20.00","1.16","5.67","1.49","2.70","2.20","1.70","3.68","1.30","1.50","2.61"
"3961","21-04-24 16:00","England","Premier League","2023/2024","Crystal Palace","West Ham","2.26","3.59","3.24","1.03","13.40","1.25","4.12","1.85","2.06","2.97","1.42","5.82","1.15","1.61","2.31"
"3962","21-04-24 14:30","England","Premier League","2023/2024","Everton","Nottingham","2.25","3.26","3.57","1.07","9.28","1.35","3.30","2.18","1.77","3.68","1.30","8.21","1.09","1.78","2.04"
"3963","20-04-24 20:30","England","Premier League","2023/2024","Wolves","Arsenal","10.60","6.39","1.28","1.03","15.50","1.18","5.18","1.58","2.46","2.38","1.61","4.33","1.23","2.02","1.80"
"3964","20-04-24 16:00","England","Premier League","2023/2024","Luton","Brentford","2.92","3.71","2.38","1.03","15.50","1.23","4.47","1.78","2.17","2.78","1.46","5.25","1.18","1.61","2.31"
"3965","20-04-24 16:00","England","Premier League","2023/2024","Sheffield Utd","Burnley","2.76","3.50","2.62","1.03","13.40","1.25","4.12","1.78","2.17","2.78","1.46","5.25","1.18","1.61","2.31"
"3966","15-04-24 21:00","England","Premier League","2023/2024","Chelsea","Everton","1.70","4.11","5.06","1.03","15.50","1.21","4.66","1.66","2.28","2.58","1.53","4.64","1.21","1.66","2.22"
"3967","14-04-24 17:30","England","Premier League","2023/2024","Arsenal","Aston Villa","1.29","6.49","10.30","1.02","25.00","1.14","6.19","1.39","3.10","2.06","1.85","3.33","1.35","1.73","2.11"
"3968","14-04-24 15:00","England","Premier League","2023/2024","West Ham","Fulham","2.38","3.67","2.96","1.03","13.40","1.23","4.47","1.78","2.17","2.78","1.46","5.25","1.18","1.58","2.38"
"4668","14-04-24 15:00","England","Premier League","2023/2024","Liverpool","Crystal Palace","1.22","7.96","12.10","1.01","26.00","1.09","8.25","1.31","3.61","1.85","2.06","2.78","1.46","1.74","2.10"
"3969","13-04-24 18:30","England","Premier League","2023/2024","Bournemouth","Manchester Utd","2.49","4.13","2.58","1.01","22.00","1.13","6.50","1.41","3.00","1.99","1.91","3.24","1.37","1.38","3.04"
"3970","13-04-24 16:00","England","Premier League","2023/2024","Brentford","Sheffield Utd","1.54","4.81","5.84","1.01","20.00","1.18","5.15","1.49","2.70","2.20","1.70","3.68","1.30","1.61","2.31"
"3971","13-04-24 16:00","England","Premier League","2023/2024","Burnley","Brighton","3.85","4.10","1.90","1.02","17.00","1.19","5.00","1.56","2.50","2.37","1.62","4.14","1.25","1.59","2.35"
"3972","13-04-24 16:00","England","Premier League","2023/2024","Manchester City","Luton","1.09","15.40","20.00","1.01","34.00","1.06","10.30","1.23","4.47","1.58","2.45","2.30","1.65","1.92","1.88"
"3973","13-04-24 16:00","England","Premier League","2023/2024","Nottingham","Wolves","2.10","3.50","3.73","1.06","10.30","1.28","3.87","1.94","1.97","3.33","1.35","6.35","1.13","1.74","2.10"
"3974","13-04-24 13:30","England","Premier League","2023/2024","Newcastle","Tottenham","2.70","4.07","2.41","1.02","27.00","1.11","7.22","1.32","3.50","1.85","2.06","2.97","1.42","1.33","3.37"
"3975","07-04-24 19:00","England","Premier League","2023/2024","Tottenham","Nottingham","1.47","5.37","6.12","1.02","25.00","1.14","6.00","1.41","3.00","2.13","1.80","3.43","1.34","1.57","2.42"
"3976","07-04-24 18:30","England","Premier League","2023/2024","Sheffield Utd","Chelsea","6.81","5.28","1.44","1.02","26.00","1.14","6.19","1.39","3.10","2.06","1.85","3.33","1.35","1.58","2.38"
"3977","07-04-24 16:30","England","Premier League","2023/2024","Manchester Utd","Liverpool","4.69","4.67","1.66","1.01","16.50","1.09","8.29","1.30","3.63","1.84","2.08","2.77","1.47","1.37","3.14"
"3978","06-04-24 18:30","England","Premier League","2023/2024","Brighton","Arsenal","6.43","4.61","1.52","1.03","15.50","1.21","4.66","1.61","2.38","2.58","1.53","4.64","1.21","1.73","2.11"
"3979","06-04-24 16:00","England","Premier League","2023/2024","Aston Villa","Brentford","1.63","4.08","5.81","1.03","15.50","1.18","5.15","1.58","2.45","2.40","1.60","4.35","1.23","1.61","2.31"
"3980","06-04-24 16:00","England","Premier League","2023/2024","Everton","Burnley","1.74","3.88","5.00","1.05","11.30","1.25","4.12","1.85","2.06","2.97","1.42","5.82","1.15","1.74","2.10"
"3981","06-04-24 16:00","England","Premier League","2023/2024","Fulham","Newcastle","2.53","3.67","2.76","1.02","17.50","1.18","5.15","1.58","2.45","2.40","1.60","4.35","1.23","1.50","2.61"
"3982","06-04-24 16:00","England","Premier League","2023/2024","Luton","Bournemouth","3.72","3.87","1.98","1.02","18.40","1.17","5.34","1.59","2.43","2.34","1.63","4.27","1.24","1.54","2.50"
"3983","06-04-24 16:00","England","Premier League","2023/2024","Wolves","West Ham","2.85","3.66","2.46","1.06","10.70","1.30","3.64","2.06","1.86","3.34","1.35","6.75","1.12","1.70","2.16"
"3984","06-04-24 13:30","England","Premier League","2023/2024","Crystal Palace","Manchester City","10.70","5.09","1.35","1.03","13.50","1.22","4.51","1.65","2.29","2.57","1.54","4.61","1.21","1.92","1.88"
"3985","04-04-24 21:15","England","Premier League","2023/2024","Chelsea","Manchester Utd","1.86","4.25","3.86","1.02","25.00","1.13","6.31","1.43","2.91","2.19","1.76","3.54","1.32","1.41","2.90"
"3986","04-04-24 20:30","England","Premier League","2023/2024","Liverpool","Sheffield Utd","1.08","16.60","23.00","","","1.05","11.00","1.19","5.00","1.48","2.75","2.13","1.80","2.04","1.78"
"3987","03-04-24 21:15","England","Premier League","2023/2024","Manchester City","Aston Villa","1.22","7.28","13.90","1.01","22.00","1.16","5.67","1.45","2.84","2.18","1.77","3.56","1.31","1.92","1.88"
"3988","03-04-24 20:30","England","Premier League","2023/2024","Arsenal","Luton","1.15","9.79","15.90","1.01","16.50","1.11","7.22","1.31","3.61","1.85","2.06","2.78","1.46","1.98","1.83"
"3989","03-04-24 20:30","England","Premier League","2023/2024","Brentford","Brighton","2.63","3.88","2.55","1.02","18.50","1.18","5.15","1.53","2.58","2.30","1.65","4.02","1.26","1.45","2.76"
"3990","02-04-24 21:15","England","Premier League","2023/2024","West Ham","Tottenham","3.55","4.26","1.94","1.02","24.00","1.14","6.19","1.39","3.10","2.06","1.85","3.33","1.35","1.41","2.90"
"3991","02-04-24 20:45","England","Premier League","2023/2024","Bournemouth","Crystal Palace","1.89","3.93","4.05","1.04","13.00","1.26","4.00","1.82","2.10","3.06","1.40","5.41","1.17","1.70","2.16"
"3992","02-04-24 20:45","England","Premier League","2023/2024","Burnley","Wolves","2.43","3.69","2.88","1.03","13.50","1.25","4.14","1.84","2.08","3.13","1.38","5.79","1.15","1.71","2.14"
"3993","02-04-24 20:30","England","Premier League","2023/2024","Newcastle","Everton","1.96","3.85","3.85","1.03","15.00","1.22","4.50","1.70","2.20","2.66","1.50","5.41","1.17","1.61","2.31"
"3994","02-04-24 20:30","England","Premier League","2023/2024","Nottingham","Fulham","2.85","3.46","2.56","1.04","13.00","1.26","4.00","1.90","2.00","3.06","1.40","6.00","1.14","1.61","2.31"
"3995","31-03-24 17:30","England","Premier League","2023/2024","Manchester City","Arsenal","1.98","3.83","3.76","1.03","13.50","1.25","4.14","1.84","2.08","2.95","1.43","5.79","1.15","1.68","2.18"
"3996","31-03-24 15:00","England","Premier League","2023/2024","Liverpool","Brighton","1.32","6.13","9.14","1.01","16.50","1.09","8.25","1.31","3.61","1.85","2.06","2.78","1.46","1.54","2.50"
"3997","30-03-24 21:00","England","Premier League","2023/2024","Brentford","Manchester Utd","3.47","4.06","2.02","1.02","18.50","1.14","6.22","1.45","2.85","2.06","1.86","3.32","1.35","1.42","2.86"
"3998","30-03-24 18:30","England","Premier League","2023/2024","Aston Villa","Wolves","1.58","4.44","5.72","1.03","15.50","1.21","4.64","1.66","2.27","2.59","1.53","4.66","1.21","1.74","2.10"
"3999","30-03-24 16:00","England","Premier League","2023/2024","Bournemouth","Everton","2.23","3.80","3.15","1.03","15.50","1.21","4.64","1.66","2.27","2.59","1.53","4.66","1.21","1.58","2.38"
"4000","30-03-24 16:00","England","Premier League","2023/2024","Chelsea","Burnley","1.30","6.57","9.38","1.02","25.00","1.12","6.70","1.39","3.10","2.06","1.85","3.15","1.38","1.74","2.10"
"4001","30-03-24 16:00","England","Premier League","2023/2024","Nottingham","Crystal Palace","2.29","3.37","3.37","1.08","9.00","1.34","3.40","2.13","1.80","3.79","1.29","7.54","1.10","1.78","2.04"
"4002","30-03-24 16:00","England","Premier League","2023/2024","Sheffield Utd","Fulham","4.98","4.07","1.71","1.03","13.40","1.25","4.12","1.78","2.17","2.78","1.46","5.25","1.18","1.76","2.07"
"4003","30-03-24 16:00","England","Premier League","2023/2024","Tottenham","Luton","1.24","8.31","9.64","1.01","34.00","1.06","10.00","1.23","4.33","1.61","2.38","2.26","1.67","1.55","2.46"
"4004","30-03-24 13:30","England","Premier League","2023/2024","Newcastle","West Ham","1.84","4.28","3.94","1.01","20.00","1.16","5.67","1.49","2.70","2.20","1.70","3.68","1.30","1.50","2.61"
"4005","17-03-24 15:00","England","Premier League","2023/2024","West Ham","Aston Villa","2.47","3.80","2.76","1.02","17.50","1.18","5.15","1.58","2.45","2.40","1.60","4.35","1.23","1.50","2.61"
"4006","16-03-24 18:30","England","Premier League","2023/2024","Fulham","Tottenham","3.51","4.10","1.99","1.01","20.00","1.16","5.67","1.45","2.84","2.20","1.70","3.68","1.30","1.45","2.76"
"4007","16-03-24 16:00","England","Premier League","2023/2024","Burnley","Brentford","3.27","3.80","2.17","1.03","15.50","1.23","4.47","1.78","2.17","2.78","1.46","5.25","1.18","1.61","2.31"
"4008","16-03-24 16:00","England","Premier League","2023/2024","Luton","Nottingham","2.58","3.49","2.80","1.03","13.40","1.23","4.47","1.78","2.17","2.78","1.46","5.25","1.18","1.58","2.38"
"4009","13-03-24 20:30","England","Premier League","2023/2024","Bournemouth","Luton","1.57","4.81","5.41","1.02","24.00","1.14","6.19","1.39","3.10","2.06","1.85","3.33","1.35","1.50","2.61"
"4010","11-03-24 21:00","England","Premier League","2023/2024","Chelsea","Newcastle","1.87","4.16","3.90","1.01","22.00","1.14","6.19","1.45","2.84","2.18","1.77","3.56","1.31","1.45","2.78"
"4011","10-03-24 16:45","England","Premier League","2023/2024","Liverpool","Manchester City","3.63","3.85","2.02","1.01","19.50","1.15","5.76","1.44","2.88","2.14","1.79","3.62","1.30","1.45","2.76"
"4012","10-03-24 15:00","England","Premier League","2023/2024","Brighton","Nottingham","1.66","4.35","5.07","1.03","15.00","1.19","5.00","1.61","2.38","2.47","1.57","4.48","1.22","1.61","2.31"
"4013","10-03-24 15:00","England","Premier League","2023/2024","West Ham","Burnley","1.68","4.10","5.28","1.05","11.00","1.26","4.00","1.90","2.00","3.06","1.40","6.00","1.14","1.78","2.04"
"4014","10-03-24 14:00","England","Premier League","2023/2024","Aston Villa","Tottenham","2.37","4.08","2.75","1.02","25.00","1.12","6.77","1.38","3.13","2.05","1.86","3.12","1.39","1.37","3.14"
"4015","09-03-24 18:30","England","Premier League","2023/2024","Arsenal","Brentford","1.22","7.28","14.00","1.02","25.00","1.15","5.76","1.44","2.88","2.14","1.79","3.29","1.36","1.84","1.97"
"4016","09-03-24 16:00","England","Premier League","2023/2024","Bournemouth","Sheffield Utd","1.38","5.80","7.67","1.01","21.00","1.15","5.82","1.50","2.67","2.19","1.76","3.54","1.32","1.66","2.22"
"4017","09-03-24 16:00","England","Premier League","2023/2024","Crystal Palace","Luton","1.92","3.83","4.00","1.03","13.50","1.25","4.14","1.84","2.08","3.13","1.38","5.79","1.15","1.74","2.10"
"4018","09-03-24 16:00","England","Premier League","2023/2024","Wolves","Fulham","2.41","3.49","3.05","1.05","11.30","1.28","3.87","1.94","1.97","3.15","1.38","6.35","1.13","1.70","2.16"
"4019","09-03-24 13:30","England","Premier League","2023/2024","Manchester Utd","Everton","1.86","3.85","4.32","1.03","13.40","1.23","4.47","1.78","2.17","2.78","1.46","5.25","1.18","1.66","2.22"
"4020","04-03-24 21:00","England","Premier League","2023/2024","Sheffield Utd","Arsenal","14.30","7.97","1.20","1.02","17.50","1.18","5.15","1.53","2.58","2.30","1.65","4.02","1.26","2.18","1.69"
"4021","03-03-24 16:30","England","Premier League","2023/2024","Manchester City","Manchester Utd","1.29","6.83","9.51","1.02","29.00","1.12","6.70","1.35","3.30","1.94","1.97","3.15","1.38","1.69","2.17"
"4022","03-03-24 14:00","England","Premier League","2023/2024","Burnley","Bournemouth","3.80","3.69","2.02","1.03","15.00","1.22","4.50","1.70","2.20","2.86","1.45","5.41","1.17","1.61","2.31"
"4023","02-03-24 18:30","England","Premier League","2023/2024","Luton","Aston Villa","4.57","4.41","1.71","1.01","22.00","1.16","5.67","1.45","2.84","2.18","1.77","3.56","1.31","1.50","2.61"
"4024","02-03-24 16:00","England","Premier League","2023/2024","Brentford","Chelsea","3.43","3.67","2.14","1.03","15.50","1.21","4.64","1.62","2.37","2.59","1.53","4.66","1.21","1.54","2.50"
"4025","02-03-24 16:00","England","Premier League","2023/2024","Everton","West Ham","2.23","3.65","3.25","1.05","11.00","1.29","3.75","1.99","1.91","3.43","1.34","6.54","1.13","1.78","2.04"
"4026","02-03-24 16:00","England","Premier League","2023/2024","Fulham","Brighton","2.48","3.56","2.89","1.04","13.00","1.26","4.00","1.90","2.00","3.06","1.40","6.00","1.14","1.65","2.25"
"4027","02-03-24 16:00","England","Premier League","2023/2024","Newcastle","Wolves","1.76","4.27","4.40","1.02","17.00","1.19","5.00","1.56","2.50","2.37","1.62","4.14","1.25","1.54","2.50"
"4028","02-03-24 16:00","England","Premier League","2023/2024","Nottingham","Liverpool","5.55","4.40","1.61","1.02","18.50","1.18","5.15","1.53","2.58","2.30","1.65","4.02","1.26","1.58","2.38"
"4029","02-03-24 16:00","England","Premier League","2023/2024","Tottenham","Crystal Palace","1.55","4.58","6.03","1.02","18.50","1.16","5.50","1.51","2.63","2.26","1.67","3.79","1.29","1.58","2.38"
"4030","26-02-24 21:00","England","Premier League","2023/2024","West Ham","Brentford","2.27","3.65","3.15","1.03","13.40","1.25","4.12","1.85","2.06","2.97","1.42","5.82","1.15","1.65","2.25"
"4031","25-02-24 14:30","England","Premier League","2023/2024","Wolves","Sheffield Utd","1.48","4.60","7.38","1.03","13.40","1.25","4.12","1.78","2.17","2.97","1.42","5.25","1.18","1.85","1.96"
"4032","24-02-24 21:00","England","Premier League","2023/2024","Arsenal","Newcastle","1.40","5.59","7.37","1.01","21.00","1.15","5.76","1.44","2.88","2.14","1.79","3.51","1.32","1.69","2.17"
"4033","24-02-24 18:30","England","Premier League","2023/2024","Bournemouth","Manchester City","7.56","4.62","1.46","1.01","20.00","1.15","5.70","1.49","2.72","2.19","1.71","3.66","1.30","1.63","2.29"
"4034","24-02-24 16:00","England","Premier League","2023/2024","Aston Villa","Nottingham","1.58","4.58","5.51","1.02","18.50","1.19","5.00","1.51","2.63","2.26","1.67","4.14","1.25","1.58","2.38"
"4035","24-02-24 16:00","England","Premier League","2023/2024","Brighton","Everton","1.86","3.90","4.23","1.03","15.00","1.22","4.50","1.65","2.30","2.57","1.54","4.80","1.20","1.62","2.31"
"4036","24-02-24 16:00","England","Premier League","2023/2024","Crystal Palace","Burnley","1.95","3.56","4.19","1.06","10.30","1.35","3.30","2.18","1.77","4.02","1.26","8.21","1.09","1.92","1.88"
"4037","24-02-24 16:00","England","Premier League","2023/2024","Manchester Utd","Fulham","1.64","4.36","5.21","1.02","17.00","1.19","5.00","1.56","2.50","2.37","1.62","4.14","1.25","1.58","2.38"
"4038","21-02-24 20:30","England","Premier League","2023/2024","Liverpool","Luton","1.31","6.48","8.99","1.02","28.00","1.12","6.70","1.35","3.30","1.94","1.97","3.15","1.38","1.74","2.09"
"4039","20-02-24 20:30","England","Premier League","2023/2024","Manchester City","Brentford","1.20","7.97","14.30","1.02","28.00","1.12","6.70","1.35","3.30","1.94","1.97","3.15","1.38","1.85","1.96"
"4040","19-02-24 21:00","England","Premier League","2023/2024","Everton","Crystal Palace","1.83","3.46","5.09","1.11","7.22","1.45","2.84","2.30","1.65","4.35","1.23","8.99","1.08","2.04","1.78"
"4041","18-02-24 17:30","England","Premier League","2023/2024","Luton","Manchester Utd","4.27","4.06","1.82","1.02","18.00","1.18","5.21","1.52","2.61","2.28","1.66","3.98","1.26","1.50","2.61"
"4042","18-02-24 15:00","England","Premier League","2023/2024","Sheffield Utd","Brighton","4.76","4.42","1.68","1.02","17.50","1.18","5.15","1.58","2.45","2.40","1.60","4.35","1.23","1.61","2.31"
"4043","17-02-24 18:30","England","Premier League","2023/2024","Manchester City","Chelsea","1.36","5.91","7.94","1.01","14.90","1.11","7.00","1.34","3.40","1.99","1.91","3.06","1.40","1.58","2.38"
"4044","17-02-24 16:00","England","Premier League","2023/2024","Burnley","Arsenal","10.70","5.86","1.30","1.03","15.50","1.18","5.15","1.58","2.45","2.40","1.60","4.35","1.23","1.92","1.88"
"4045","17-02-24 16:00","England","Premier League","2023/2024","Fulham","Aston Villa","3.08","3.84","2.25","1.02","17.50","1.21","4.64","1.62","2.37","2.50","1.56","4.66","1.21","1.55","2.46"
"4046","17-02-24 16:00","England","Premier League","2023/2024","Newcastle","Bournemouth","1.95","4.10","3.63","1.02","17.00","1.19","5.00","1.61","2.38","2.47","1.57","4.48","1.22","1.52","2.54"
"4047","17-02-24 16:00","England","Premier League","2023/2024","Nottingham","West Ham","2.32","3.61","3.10","1.05","11.30","1.28","3.87","1.94","1.97","3.15","1.38","6.35","1.13","1.70","2.16"
"4048","17-02-24 16:00","England","Premier League","2023/2024","Tottenham","Wolves","1.53","5.13","5.55","1.02","26.00","1.14","6.00","1.41","3.00","2.13","1.80","3.43","1.34","1.50","2.61"
"4049","17-02-24 13:30","England","Premier League","2023/2024","Brentford","Liverpool","5.08","4.27","1.66","1.01","20.00","1.15","5.70","1.45","2.85","2.17","1.78","3.66","1.30","1.50","2.61"
"4050","12-02-24 21:00","England","Premier League","2023/2024","Crystal Palace","Chelsea","5.06","4.07","1.70","1.03","13.50","1.25","4.14","1.84","2.08","3.13","1.38","5.79","1.15","1.78","2.04"
"4051","11-02-24 17:30","England","Premier League","2023/2024","Aston Villa","Manchester Utd","2.27","3.87","3.01","1.02","17.70","1.18","5.21","1.48","2.74","2.18","1.72","3.98","1.26","1.45","2.76"
"4052","11-02-24 15:00","England","Premier League","2023/2024","West Ham","Arsenal","5.86","4.31","1.59","1.05","11.50","1.28","3.91","1.92","1.98","3.12","1.39","6.29","1.14","1.90","1.90"
"4053","10-02-24 18:30","England","Premier League","2023/2024","Nottingham","Newcastle","3.32","3.83","2.13","1.02","16.50","1.23","4.37","1.69","2.23","2.65","1.50","4.95","1.19","1.54","2.50"
"4054","10-02-24 16:00","England","Premier League","2023/2024","Fulham","Bournemouth","2.45","3.69","2.85","1.04","13.00","1.26","4.00","1.90","2.00","3.06","1.40","6.00","1.14","1.61","2.31"
"4055","10-02-24 16:00","England","Premier League","2023/2024","Liverpool","Burnley","1.18","7.99","17.70","1.01","16.50","1.09","8.00","1.32","3.50","1.90","2.00","2.86","1.45","1.88","1.92"
"4056","10-02-24 16:00","England","Premier League","2023/2024","Luton","Sheffield Utd","1.72","3.99","5.04","1.03","13.40","1.25","4.12","1.85","2.06","2.97","1.42","5.82","1.15","1.74","2.10"
"4057","10-02-24 16:00","England","Premier League","2023/2024","Tottenham","Brighton","1.74","4.45","4.28","1.02","29.00","1.11","7.22","1.32","3.50","1.85","2.06","2.97","1.42","1.38","3.09"
"4058","10-02-24 16:00","England","Premier League","2023/2024","Wolves","Brentford","2.19","3.57","3.39","1.03","13.40","1.25","4.12","1.85","2.06","2.97","1.42","5.82","1.15","1.66","2.22"
"4059","10-02-24 13:30","England","Premier League","2023/2024","Manchester City","Everton","1.22","7.28","14.10","1.01","21.00","1.18","5.18","1.49","2.72","2.19","1.71","3.66","1.30","1.92","1.88"
"4060","05-02-24 21:00","England","Premier League","2023/2024","Brentford","Manchester City","7.91","5.29","1.40","1.02","17.70","1.18","5.21","1.52","2.61","2.28","1.66","3.98","1.26","1.74","2.10"
"4061","04-02-24 17:30","England","Premier League","2023/2024","Arsenal","Liverpool","2.24","3.71","3.19","1.03","13.60","1.22","4.54","1.65","2.30","2.55","1.54","4.59","1.22","1.57","2.41"
"4062","04-02-24 15:00","England","Premier League","2023/2024","Bournemouth","Nottingham","1.70","4.40","4.68","1.02","17.50","1.18","5.15","1.58","2.45","2.40","1.60","4.35","1.23","1.61","2.31"
"4063","04-02-24 15:00","England","Premier League","2023/2024","Chelsea","Wolves","1.58","4.31","6.08","1.03","15.50","1.21","4.64","1.62","2.37","2.50","1.56","4.35","1.23","1.70","2.16"
"4064","04-02-24 15:00","England","Premier League","2023/2024","Manchester Utd","West Ham","1.57","4.45","5.88","1.03","15.50","1.21","4.64","1.58","2.45","2.50","1.56","4.35","1.23","1.66","2.22"
"4065","03-02-24 18:30","England","Premier League","2023/2024","Sheffield Utd","Aston Villa","5.31","4.31","1.64","1.03","15.50","1.21","4.64","1.66","2.27","2.59","1.53","4.66","1.21","1.70","2.16"
"4066","03-02-24 16:00","England","Premier League","2023/2024","Brighton","Crystal Palace","1.74","3.87","5.10","1.06","10.30","1.32","3.50","2.06","1.85","3.56","1.31","7.32","1.10","1.92","1.88"
"4067","03-02-24 16:00","England","Premier League","2023/2024","Burnley","Fulham","3.00","3.41","2.48","1.07","9.28","1.35","3.30","2.18","1.77","3.68","1.30","7.32","1.10","1.78","2.04"
"4068","03-02-24 16:00","England","Premier League","2023/2024","Newcastle","Luton","1.56","4.61","5.84","1.03","15.50","1.21","4.64","1.58","2.45","2.50","1.56","4.35","1.23","1.66","2.22"
"4069","03-02-24 13:30","England","Premier League","2023/2024","Everton","Tottenham","3.34","3.83","2.13","1.03","15.50","1.21","4.64","1.62","2.37","2.59","1.53","4.66","1.21","1.54","2.50"
"4070","01-02-24 21:15","England","Premier League","2023/2024","Wolves","Manchester Utd","3.13","3.60","2.31","1.05","11.70","1.26","3.99","1.88","2.03","3.06","1.40","6.17","1.14","1.66","2.23"
"4071","01-02-24 20:30","England","Premier League","2023/2024","West Ham","Bournemouth","2.28","3.69","3.12","1.03","13.80","1.24","4.25","1.80","2.13","2.88","1.44","5.66","1.16","1.58","2.39"
"4072","31-01-24 21:15","England","Premier League","2023/2024","Liverpool","Chelsea","1.66","4.30","5.17","1.02","17.90","1.18","5.19","1.57","2.48","2.41","1.60","4.03","1.26","1.47","2.70"
"4073","31-01-24 20:30","England","Premier League","2023/2024","Manchester City","Burnley","1.10","12.10","22.00","1.01","26.00","1.10","7.53","1.30","3.66","1.86","2.05","2.86","1.45","2.03","1.79"
"4074","31-01-24 20:30","England","Premier League","2023/2024","Tottenham","Brentford","1.61","4.44","5.45","1.01","21.00","1.15","5.85","1.43","2.93","2.11","1.81","3.46","1.33","1.50","2.58"
"4075","30-01-24 21:15","England","Premier League","2023/2024","Aston Villa","Newcastle","1.96","4.09","3.63","1.02","18.10","1.17","5.32","1.55","2.53","2.33","1.63","4.22","1.24","1.50","2.58"
"4076","30-01-24 21:00","England","Premier League","2023/2024","Crystal Palace","Sheffield Utd","1.63","3.83","6.52","1.07","9.57","1.31","3.62","2.01","1.90","3.46","1.33","7.12","1.11","1.92","1.88"
"4077","30-01-24 20:45","England","Premier League","2023/2024","Fulham","Everton","2.19","3.24","3.77","1.07","9.57","1.34","3.41","2.22","1.74","3.90","1.28","7.97","1.09","1.79","2.02"
"4078","30-01-24 20:45","England","Premier League","2023/2024","Luton","Brighton","4.20","4.20","1.80","1.03","15.00","1.23","4.33","1.70","2.20","2.86","1.45","5.41","1.17","1.63","2.29"
"4079","30-01-24 20:30","England","Premier League","2023/2024","Nottingham","Arsenal","9.05","5.00","1.39","1.03","13.80","1.24","4.25","1.73","2.23","2.88","1.44","5.11","1.18","1.98","1.83"
"4080","22-01-24 20:45","England","Premier League","2023/2024","Brighton","Wolves","1.71","4.15","4.85","1.02","16.00","1.20","4.79","1.63","2.34","2.52","1.55","4.53","1.22","1.63","2.29"
"4081","21-01-24 17:30","England","Premier League","2023/2024","Bournemouth","Liverpool","4.81","4.60","1.65","1.02","24.00","1.13","6.38","1.38","3.19","2.01","1.90","3.24","1.37","1.43","2.85"
"4082","21-01-24 15:00","England","Premier League","2023/2024","Sheffield Utd","West Ham","3.12","3.37","2.42","1.06","10.60","1.30","3.72","2.01","1.90","3.24","1.37","6.66","1.12","1.69","2.17"
"4083","20-01-24 18:30","England","Premier League","2023/2024","Brentford","Nottingham","1.82","3.81","4.56","1.05","11.70","1.26","3.99","1.88","2.03","3.24","1.37","6.17","1.14","1.73","2.10"
"4084","20-01-24 13:30","England","Premier League","2023/2024","Arsenal","Crystal Palace","1.26","6.11","13.00","1.05","12.00","1.23","4.35","1.70","2.29","2.65","1.50","5.01","1.19","2.16","1.70"
"4085","14-01-24 17:30","England","Premier League","2023/2024","Manchester Utd","Tottenham","1.98","4.06","3.58","1.01","20.00","1.16","5.50","1.48","2.75","2.26","1.67","3.79","1.29","1.43","2.85"
"4086","14-01-24 15:00","England","Premier League","2023/2024","Everton","Aston Villa","2.81","3.56","2.54","1.03","14.00","1.21","4.66","1.72","2.26","2.68","1.50","5.06","1.18","1.55","2.46"
"4087","13-01-24 18:30","England","Premier League","2023/2024","Newcastle","Manchester City","5.12","4.10","1.69","1.04","13.00","1.23","4.33","1.82","2.10","2.86","1.45","5.41","1.17","1.74","2.10"
"4088","13-01-24 13:30","England","Premier League","2023/2024","Chelsea","Fulham","1.64","4.27","5.34","1.03","14.00","1.21","4.66","1.72","2.26","2.68","1.50","5.06","1.18","1.69","2.17"
"4089","12-01-24 20:45","England","Premier League","2023/2024","Burnley","Luton","2.12","3.48","3.70","1.06","10.60","1.31","3.62","2.01","1.90","3.46","1.33","7.12","1.11","1.73","2.10"
"4090","02-01-24 20:30","England","Premier League","2023/2024","West Ham","Brighton","2.93","3.61","2.43","1.03","14.10","1.21","4.71","1.70","2.29","2.65","1.50","5.01","1.19","1.54","2.49"
"4091","01-01-24 21:00","England","Premier League","2023/2024","Liverpool","Newcastle","1.42","5.38","7.12","1.02","28.00","1.14","6.13","1.41","3.02","2.12","1.81","3.25","1.37","1.54","2.49"
"4092","31-12-23 15:00","England","Premier League","2023/2024","Fulham","Arsenal","6.66","4.09","1.57","1.05","11.70","1.24","4.25","1.80","2.13","2.88","1.44","5.66","1.16","1.78","2.05"
"4093","31-12-23 15:00","England","Premier League","2023/2024","Tottenham","Bournemouth","1.73","4.61","4.23","1.01","14.90","1.10","7.53","1.30","3.66","1.78","2.15","2.68","1.50","1.36","3.15"
"4094","30-12-23 18:30","England","Premier League","2023/2024","Nottingham","Manchester Utd","3.64","3.68","2.06","1.03","14.30","1.20","4.76","1.69","2.31","2.63","1.51","4.96","1.19","1.58","2.39"
"4095","30-12-23 16:00","England","Premier League","2023/2024","Aston Villa","Burnley","1.41","5.33","7.65","1.01","19.50","1.19","5.00","1.51","2.63","2.37","1.62","4.14","1.25","1.69","2.17"
"4096","30-12-23 16:00","England","Premier League","2023/2024","Crystal Palace","Brentford","2.10","3.38","3.85","1.08","8.51","1.38","3.19","2.23","1.69","4.22","1.24","8.74","1.08","1.92","1.88"
"4097","30-12-23 16:00","England","Premier League","2023/2024","Manchester City","Sheffield Utd","1.09","14.70","21.00","1.01","16.50","1.10","7.53","1.30","3.66","1.78","2.15","2.68","1.50","2.39","1.58"
"4098","30-12-23 16:00","England","Premier League","2023/2024","Wolves","Everton","2.96","3.32","2.55","1.07","9.57","1.34","3.41","2.11","1.81","3.90","1.28","7.97","1.09","1.73","2.10"
"4099","30-12-23 13:30","England","Premier League","2023/2024","Luton","Chelsea","5.39","4.45","1.61","1.02","18.10","1.17","5.32","1.55","2.53","2.33","1.63","4.22","1.24","1.63","2.29"
"4100","28-12-23 21:15","England","Premier League","2023/2024","Arsenal","West Ham","1.31","6.11","9.67","1.02","16.10","1.17","5.38","1.50","2.69","2.31","1.65","3.87","1.28","1.85","1.95"
"4101","28-12-23 20:30","England","Premier League","2023/2024","Brighton","Tottenham","2.81","3.81","2.43","1.01","22.00","1.14","6.00","1.48","2.75","2.13","1.80","3.67","1.30","1.39","3.00"
"4102","27-12-23 21:15","England","Premier League","2023/2024","Everton","Manchester City","6.26","4.10","1.59","1.05","11.80","1.26","4.03","1.86","2.05","3.21","1.37","6.12","1.14","1.87","1.94"
"4103","27-12-23 20:30","England","Premier League","2023/2024","Brentford","Wolves","2.35","3.47","3.14","1.07","9.57","1.34","3.41","2.11","1.81","3.57","1.31","7.12","1.11","1.98","1.83"
"4104","27-12-23 20:30","England","Premier League","2023/2024","Chelsea","Crystal Palace","1.74","3.81","5.20","1.05","11.70","1.30","3.72","1.88","2.03","3.24","1.37","6.66","1.12","1.98","1.83"
"4105","26-12-23 21:00","England","Premier League","2023/2024","Manchester Utd","Aston Villa","2.44","3.84","2.78","1.02","18.10","1.17","5.32","1.55","2.53","2.33","1.63","4.22","1.24","1.47","2.70"
"4106","26-12-23 18:30","England","Premier League","2023/2024","Burnley","Liverpool","8.84","5.34","1.37","1.01","22.00","1.15","5.85","1.43","2.93","2.11","1.81","3.46","1.33","1.63","2.29"
"4107","26-12-23 16:00","England","Premier League","2023/2024","Bournemouth","Fulham","1.95","3.88","3.83","1.02","16.00","1.20","4.79","1.63","2.34","2.52","1.55","4.53","1.22","1.58","2.39"
"4108","26-12-23 16:00","England","Premier League","2023/2024","Sheffield Utd","Luton","2.56","3.31","2.95","1.08","8.51","1.38","3.19","2.22","1.74","3.90","1.28","7.97","1.09","1.79","2.02"
"4109","26-12-23 13:30","England","Premier League","2023/2024","Newcastle","Nottingham","1.43","5.31","6.93","1.02","16.00","1.20","4.79","1.58","2.45","2.52","1.55","4.53","1.22","1.73","2.10"
"4110","24-12-23 14:00","England","Premier League","2023/2024","Wolves","Chelsea","3.56","3.72","2.08","1.03","13.80","1.24","4.25","1.80","2.13","2.88","1.44","5.66","1.16","1.63","2.29"
"4111","23-12-23 18:30","England","Premier League","2023/2024","Liverpool","Arsenal","2.27","3.83","3.03","1.02","16.30","1.19","4.89","1.56","2.50","2.38","1.61","4.44","1.23","1.50","2.61"
"4112","23-12-23 16:00","England","Premier League","2023/2024","Fulham","Burnley","1.72","3.72","5.56","1.07","9.57","1.30","3.72","1.88","2.03","3.24","1.37","6.66","1.12","1.85","1.96"
"4113","23-12-23 16:00","England","Premier League","2023/2024","Luton","Newcastle","5.77","4.29","1.60","1.03","13.80","1.26","3.99","1.80","2.13","3.06","1.40","6.17","1.14","1.79","2.02"
"4114","23-12-23 16:00","England","Premier League","2023/2024","Nottingham","Bournemouth","2.94","3.46","2.49","1.05","11.70","1.26","3.99","1.88","2.03","3.24","1.37","6.17","1.14","1.66","2.23"
"4115","23-12-23 16:00","England","Premier League","2023/2024","Tottenham","Everton","1.69","4.31","4.83","1.02","18.10","1.17","5.32","1.50","2.66","2.33","1.63","3.90","1.28","1.58","2.38"
"4116","23-12-23 13:30","England","Premier League","2023/2024","West Ham","Manchester Utd","2.26","3.86","3.03","1.02","16.00","1.20","4.79","1.58","2.45","2.43","1.59","4.53","1.22","1.50","2.58"
"4117","22-12-23 21:00","England","Premier League","2023/2024","Aston Villa","Sheffield Utd","1.21","7.28","14.90","1.02","25.00","1.13","6.38","1.38","3.19","2.11","1.81","3.24","1.37","1.92","1.88"
"4118","21-12-23 21:00","England","Premier League","2023/2024","Crystal Palace","Brighton","3.45","3.30","2.29","1.07","9.57","1.34","3.41","2.11","1.81","3.90","1.28","7.97","1.09","1.79","2.02"
"4119","17-12-23 17:30","England","Premier League","2023/2024","Liverpool","Manchester Utd","1.37","6.09","7.41","1.02","27.00","1.12","6.91","1.34","3.41","1.88","2.03","3.06","1.40","1.58","2.39"
"4120","17-12-23 15:00","England","Premier League","2023/2024","Arsenal","Brighton","1.46","5.12","6.61","1.02","16.00","1.20","4.79","1.58","2.45","2.52","1.55","4.53","1.22","1.72","2.13"
"4121","17-12-23 15:00","England","Premier League","2023/2024","Brentford","Aston Villa","3.48","3.61","2.14","1.05","11.70","1.30","3.72","1.88","2.03","3.24","1.37","6.66","1.12","1.69","2.17"
"4122","17-12-23 15:00","England","Premier League","2023/2024","West Ham","Wolves","1.90","3.67","4.34","1.06","10.60","1.30","3.72","2.01","1.90","3.46","1.33","6.66","1.12","1.73","2.10"
"4123","16-12-23 18:30","England","Premier League","2023/2024","Burnley","Everton","3.63","3.57","2.10","1.05","11.70","1.30","3.72","1.88","2.03","3.24","1.37","6.17","1.14","1.69","2.17"
"4124","16-12-23 16:00","England","Premier League","2023/2024","Chelsea","Sheffield Utd","1.20","7.97","13.80","1.02","27.00","1.13","6.38","1.38","3.19","2.01","1.90","3.24","1.37","1.92","1.88"
"4125","16-12-23 16:00","England","Premier League","2023/2024","Manchester City","Crystal Palace","1.18","8.06","16.10","1.05","11.00","1.26","4.00","1.82","2.10","2.86","1.45","5.41","1.17","2.87","1.42"
"4126","16-12-23 16:00","England","Premier League","2023/2024","Newcastle","Fulham","1.86","3.82","4.33","1.03","13.80","1.24","4.25","1.80","2.13","2.88","1.44","5.66","1.16","1.66","2.23"
"4127","15-12-23 21:00","England","Premier League","2023/2024","Nottingham","Tottenham","5.19","4.27","1.66","1.03","14.00","1.21","4.66","1.72","2.26","2.68","1.50","5.06","1.18","1.69","2.17"
"4128","10-12-23 17:30","England","Premier League","2023/2024","Tottenham","Newcastle","2.06","3.86","3.50","1.01","19.50","1.16","5.50","1.51","2.63","2.26","1.67","4.14","1.25","1.43","2.85"
"4129","10-12-23 15:00","England","Premier League","2023/2024","Everton","Chelsea","2.74","3.56","2.59","1.05","11.00","1.29","3.75","1.99","1.91","3.24","1.37","6.54","1.13","1.66","2.23"
"4130","10-12-23 15:00","England","Premier League","2023/2024","Fulham","West Ham","2.35","3.56","3.09","1.05","11.70","1.24","4.25","1.80","2.13","3.06","1.40","5.66","1.16","1.63","2.29"
"4131","10-12-23 15:00","England","Premier League","2023/2024","Luton","Manchester City","14.90","7.97","1.19","1.02","16.30","1.17","5.43","1.53","2.58","2.29","1.66","4.15","1.25","2.18","1.69"
"4132","09-12-23 18:30","England","Premier League","2023/2024","Aston Villa","Arsenal","3.65","3.80","2.03","1.04","13.00","1.26","4.00","1.82","2.10","2.86","1.45","5.41","1.17","1.70","2.15"
"4133","09-12-23 16:00","England","Premier League","2023/2024","Brighton","Burnley","1.57","4.31","6.27","1.03","13.80","1.22","4.61","1.63","2.34","2.70","1.49","5.11","1.18","1.88","1.92"
"4134","09-12-23 16:00","England","Premier League","2023/2024","Manchester Utd","Bournemouth","1.65","4.45","5.02","1.01","20.00","1.15","5.85","1.46","2.79","2.14","1.74","3.57","1.31","1.50","2.58"
"4135","09-12-23 16:00","England","Premier League","2023/2024","Sheffield Utd","Brentford","4.65","3.92","1.78","1.06","10.40","1.35","3.30","2.12","1.81","3.65","1.30","6.96","1.11","1.79","2.02"
"4136","09-12-23 16:00","England","Premier League","2023/2024","Wolves","Nottingham","1.90","3.36","4.87","1.10","7.45","1.46","2.79","2.43","1.59","4.53","1.22","9.43","1.07","2.03","1.79"
"4137","09-12-23 13:30","England","Premier League","2023/2024","Crystal Palace","Liverpool","7.17","4.87","1.46","1.02","16.50","1.20","4.76","1.59","2.42","2.63","1.51","4.96","1.19","1.73","2.10"
"4138","07-12-23 21:15","England","Premier League","2023/2024","Tottenham","West Ham","1.67","4.22","5.14","1.02","18.30","1.17","5.38","1.50","2.69","2.21","1.70","3.87","1.28","1.55","2.46"
"4139","07-12-23 20:30","England","Premier League","2023/2024","Everton","Newcastle","3.55","3.50","2.16","1.06","10.60","1.30","3.72","2.01","1.90","3.46","1.33","6.66","1.12","1.68","2.19"
"4140","06-12-23 21:15","England","Premier League","2023/2024","Aston Villa","Manchester City","5.74","4.27","1.61","1.02","16.30","1.19","4.89","1.61","2.39","2.47","1.57","4.44","1.23","1.66","2.23"
"4141","06-12-23 21:15","England","Premier League","2023/2024","Manchester Utd","Chelsea","2.61","3.59","2.70","1.02","16.50","1.19","4.94","1.55","2.53","2.36","1.62","4.40","1.23","1.50","2.58"
"4142","06-12-23 20:30","England","Premier League","2023/2024","Brighton","Brentford","1.78","4.05","4.52","1.02","16.00","1.20","4.79","1.63","2.34","2.52","1.55","4.53","1.22","1.58","2.39"
"4143","06-12-23 20:30","England","Premier League","2023/2024","Crystal Palace","Bournemouth","2.30","3.57","3.17","1.06","10.60","1.31","3.62","2.01","1.90","3.57","1.31","7.12","1.11","1.73","2.10"
"4144","06-12-23 20:30","England","Premier League","2023/2024","Fulham","Nottingham","1.98","3.50","4.15","1.07","9.57","1.34","3.41","2.11","1.81","3.90","1.28","7.97","1.09","1.87","1.94"
"4145","06-12-23 20:30","England","Premier League","2023/2024","Sheffield Utd","Liverpool","16.40","7.61","1.19","1.02","29.00","1.10","7.53","1.30","3.66","1.78","2.15","2.68","1.50","1.73","2.10"
"4146","05-12-23 21:15","England","Premier League","2023/2024","Luton","Arsenal","17.20","8.08","1.18","1.02","16.10","1.20","4.84","1.57","2.48","2.49","1.56","4.49","1.22","2.39","1.58"
"4147","05-12-23 20:30","England","Premier League","2023/2024","Wolves","Burnley","1.89","3.67","4.39","1.06","10.60","1.30","3.72","1.88","2.03","3.24","1.37","6.17","1.14","1.73","2.10"
"4148","03-12-23 17:30","England","Premier League","2023/2024","Manchester City","Tottenham","1.28","6.69","10.30","1.01","16.50","1.09","8.00","1.32","3.50","1.82","2.10","2.66","1.50","1.65","2.25"
"4149","03-12-23 15:00","England","Premier League","2023/2024","Bournemouth","Aston Villa","3.35","4.11","2.05","1.01","19.50","1.16","5.50","1.51","2.63","2.26","1.67","3.79","1.29","1.48","2.68"
"4150","03-12-23 15:00","England","Premier League","2023/2024","Chelsea","Brighton","1.61","4.45","5.39","1.02","16.00","1.20","4.79","1.63","2.34","2.52","1.55","4.53","1.22","1.69","2.17"
"4151","03-12-23 15:00","England","Premier League","2023/2024","Liverpool","Fulham","1.26","7.08","10.80","1.02","27.00","1.13","6.38","1.38","3.19","2.01","1.90","3.24","1.37","1.78","2.04"
"4152","03-12-23 15:00","England","Premier League","2023/2024","West Ham","Crystal Palace","1.89","3.67","4.39","1.07","9.57","1.34","3.41","2.11","1.81","3.57","1.31","7.97","1.09","1.87","1.94"
"4153","02-12-23 21:00","England","Premier League","2023/2024","Newcastle","Manchester Utd","2.00","3.85","3.69","1.03","14.30","1.20","4.76","1.69","2.31","2.63","1.51","4.96","1.19","1.62","2.31"
"4154","02-12-23 18:30","England","Premier League","2023/2024","Nottingham","Everton","2.85","3.16","2.75","1.08","8.70","1.36","3.26","2.19","1.71","4.15","1.25","8.58","1.08","1.85","1.95"
"4155","02-12-23 16:00","England","Premier League","2023/2024","Arsenal","Wolves","1.24","6.79","13.30","1.03","14.00","1.20","4.84","1.57","2.48","2.49","1.56","4.49","1.22","2.12","1.73"
"4156","02-12-23 16:00","England","Premier League","2023/2024","Brentford","Luton","1.55","4.31","6.54","1.05","11.00","1.26","4.00","1.82","2.10","2.86","1.45","5.41","1.17","1.72","2.13"
"4157","02-12-23 16:00","England","Premier League","2023/2024","Burnley","Sheffield Utd","1.82","3.69","4.75","1.07","9.57","1.34","3.41","2.11","1.81","3.57","1.31","7.12","1.11","1.92","1.88"
"4158","27-11-23 21:00","England","Premier League","2023/2024","Fulham","Wolves","2.44","3.38","3.08","1.07","9.57","1.34","3.41","2.11","1.81","3.90","1.28","7.97","1.09","1.79","2.02"
"4159","26-11-23 17:30","England","Premier League","2023/2024","Everton","Manchester Utd","3.01","3.38","2.49","1.05","11.70","1.26","3.99","1.88","2.03","3.06","1.40","6.17","1.14","1.66","2.23"
"4160","26-11-23 15:00","England","Premier League","2023/2024","Tottenham","Aston Villa","2.43","3.85","2.79","1.02","17.00","1.19","5.00","1.61","2.38","2.47","1.57","4.48","1.22","1.47","2.70"
"4161","25-11-23 18:30","England","Premier League","2023/2024","Brentford","Arsenal","6.18","4.12","1.60","1.06","10.00","1.29","3.75","1.99","1.91","3.24","1.37","6.54","1.13","1.98","1.83"
"4162","25-11-23 16:00","England","Premier League","2023/2024","Burnley","West Ham","3.72","3.72","2.10","1.02","9.20","1.27","3.40","1.97","1.97","3.14","1.31","5.80","1.09","1.76","2.01"
"4163","25-11-23 16:00","England","Premier League","2023/2024","Luton","Crystal Palace","4.19","3.49","2.04","1.04","7.40","1.39","2.76","2.35","1.70","4.10","1.20","7.90","1.04","2.01","1.76"
"4164","25-11-23 16:00","England","Premier League","2023/2024","Newcastle","Chelsea","2.73","3.74","2.62","1.01","14.30","1.21","3.92","1.80","2.18","2.72","1.40","4.85","1.13","1.60","2.27"
"4165","25-11-23 16:00","England","Premier League","2023/2024","Nottingham","Brighton","3.34","3.65","2.26","1.01","9.50","1.26","3.46","1.94","2.00","3.04","1.33","5.60","1.09","1.71","2.08"
"4166","25-11-23 16:00","England","Premier League","2023/2024","Sheffield Utd","Bournemouth","3.35","3.66","2.25","1.01","9.40","1.26","3.46","1.96","1.98","3.08","1.32","5.70","1.09","1.72","2.07"
"4167","25-11-23 13:30","England","Premier League","2023/2024","Manchester City","Liverpool","1.77","4.40","4.50","1.02","18.50","1.13","4.90","1.50","2.45","2.40","1.67","3.80","1.23","1.52","2.46"
"4168","12-11-23 17:30","England","Premier League","2023/2024","Chelsea","Manchester City","5.41","3.84","1.71","1.05","11.70","1.24","4.25","1.80","2.13","2.88","1.44","5.66","1.16","1.69","2.17"
"4169","12-11-23 15:00","England","Premier League","2023/2024","Aston Villa","Fulham","1.69","4.10","5.12","1.04","13.00","1.23","4.33","1.82","2.10","2.86","1.45","5.41","1.17","1.74","2.10"
"4170","12-11-23 15:00","England","Premier League","2023/2024","Brighton","Sheffield Utd","1.28","6.49","10.80","1.03","15.00","1.19","5.00","1.56","2.50","2.37","1.62","4.14","1.25","1.98","1.83"
"4171","12-11-23 15:00","England","Premier League","2023/2024","Liverpool","Brentford","1.39","5.59","7.63","1.02","24.00","1.16","5.50","1.48","2.75","2.24","1.73","3.43","1.34","1.65","2.25"
"4172","12-11-23 15:00","England","Premier League","2023/2024","West Ham","Nottingham","1.83","3.80","4.56","1.05","11.00","1.29","3.75","1.99","1.91","3.43","1.34","6.54","1.13","1.83","1.98"
"4173","11-11-23 18:30","England","Premier League","2023/2024","Bournemouth","Newcastle","4.08","3.67","1.95","1.04","13.00","1.26","4.00","1.90","2.00","3.06","1.40","6.00","1.14","1.74","2.10"
"4174","11-11-23 16:00","England","Premier League","2023/2024","Arsenal","Burnley","1.26","6.53","14.00","","","1.19","4.15","1.75","2.26","2.61","1.43","4.55","1.14","2.34","1.57"
"4175","11-11-23 16:00","England","Premier League","2023/2024","Crystal Palace","Everton","2.56","3.31","3.10","1.05","7.10","1.42","2.65","2.44","1.65","4.33","1.18","8.40","1.03","1.99","1.78"
"4176","11-11-23 16:00","England","Premier League","2023/2024","Manchester Utd","Luton","1.33","6.11","10.00","1.01","20.00","1.12","5.05","1.46","2.52","2.31","1.72","3.54","1.25","1.87","1.89"
"4177","11-11-23 13:30","England","Premier League","2023/2024","Wolves","Tottenham","3.19","3.74","2.30","","","1.23","3.72","1.85","2.11","2.84","1.37","5.10","1.11","1.64","2.20"
"4178","06-11-23 21:00","England","Premier League","2023/2024","Tottenham","Chelsea","2.31","3.70","3.21","1.01","10.70","1.20","4.20","1.75","2.25","2.59","1.45","4.50","1.15","1.57","2.34"
"4179","05-11-23 17:30","England","Premier League","2023/2024","Luton","Liverpool","12.60","7.96","1.21","1.02","29.00","1.10","7.45","1.31","3.62","1.88","2.03","2.88","1.44","1.73","2.10"
"4180","05-11-23 15:00","England","Premier League","2023/2024","Nottingham","Aston Villa","4.27","3.84","1.86","1.03","13.80","1.22","4.61","1.73","2.23","2.70","1.49","5.11","1.18","1.73","2.12"
"4181","04-11-23 18:30","England","Premier League","2023/2024","Newcastle","Arsenal","2.88","3.09","2.78","1.08","9.00","1.34","3.40","2.24","1.73","3.79","1.29","8.45","1.09","1.83","1.98"
"4182","04-11-23 16:00","England","Premier League","2023/2024","Brentford","West Ham","2.06","3.89","3.68","1.01","14.90","1.20","4.05","1.77","2.22","2.68","1.41","4.75","1.13","1.62","2.23"
"4183","04-11-23 16:00","England","Premier League","2023/2024","Burnley","Crystal Palace","3.29","3.31","2.44","1.05","7.00","1.42","2.65","2.46","1.64","4.33","1.17","8.40","1.03","2.01","1.76"
"4184","04-11-23 16:00","England","Premier League","2023/2024","Everton","Brighton","2.93","3.86","2.41","","","1.17","4.40","1.70","2.35","2.46","1.48","4.30","1.16","1.53","2.42"
"4185","04-11-23 16:00","England","Premier League","2023/2024","Manchester City","Bournemouth","1.11","12.60","29.00","1.01","26.00","1.05","7.20","1.27","3.40","1.81","2.17","2.52","1.46","2.18","1.65"
"4186","04-11-23 16:00","England","Premier League","2023/2024","Sheffield Utd","Wolves","3.95","3.83","2.00","1.01","9.60","1.26","3.46","1.94","2.00","3.04","1.33","5.60","1.09","1.75","2.03"
"4187","04-11-23 13:30","England","Premier League","2023/2024","Fulham","Manchester Utd","3.29","3.71","2.26","1.01","9.90","1.24","3.62","1.90","2.04","2.93","1.35","5.40","1.10","1.68","2.13"
"4188","29-10-23 16:30","England","Premier League","2023/2024","Manchester Utd","Manchester City","5.64","4.30","1.61","1.03","13.80","1.22","4.61","1.63","2.34","2.70","1.49","5.11","1.18","1.69","2.17"
"4189","29-10-23 15:00","England","Premier League","2023/2024","Aston Villa","Luton","1.37","5.59","8.11","1.01","21.00","1.15","5.85","1.43","2.93","2.14","1.74","3.57","1.31","1.74","2.10"
"4190","29-10-23 15:00","England","Premier League","2023/2024","Brighton","Fulham","1.68","4.08","5.24","1.03","13.80","1.20","4.79","1.63","2.34","2.52","1.55","4.53","1.22","1.70","2.16"
"4191","29-10-23 15:00","England","Premier League","2023/2024","Liverpool","Nottingham","1.24","7.20","12.00","1.01","23.00","1.15","5.85","1.43","2.93","2.14","1.74","3.46","1.33","1.87","1.94"
"4192","29-10-23 14:00","England","Premier League","2023/2024","West Ham","Everton","2.03","3.66","3.80","1.03","13.80","1.22","4.61","1.73","2.23","2.70","1.49","5.11","1.18","1.58","2.39"
"4193","28-10-23 18:30","England","Premier League","2023/2024","Wolves","Newcastle","4.37","3.93","1.83","1.03","13.80","1.24","4.25","1.80","2.13","2.88","1.44","5.66","1.16","1.68","2.19"
"4194","28-10-23 16:00","England","Premier League","2023/2024","Arsenal","Sheffield Utd","1.14","9.53","21.00","1.02","28.00","1.13","6.50","1.37","3.20","1.99","1.91","3.24","1.37","2.25","1.65"
"4195","28-10-23 16:00","England","Premier League","2023/2024","Bournemouth","Burnley","2.21","3.59","3.34","1.05","11.00","1.26","4.00","1.90","2.00","3.24","1.37","6.00","1.14","1.70","2.15"
"4196","28-10-23 13:30","England","Premier League","2023/2024","Chelsea","Brentford","1.66","4.32","5.55","","","1.23","3.72","1.86","2.10","2.84","1.37","5.15","1.11","1.83","1.93"
"4197","27-10-23 21:00","England","Premier League","2023/2024","Crystal Palace","Tottenham","4.84","3.87","1.82","1.01","9.90","1.26","3.54","1.92","2.03","3.04","1.34","5.55","1.10","1.73","2.05"
"4198","23-10-23 21:00","England","Premier League","2023/2024","Tottenham","Fulham","1.50","4.69","6.65","1.02","19.50","1.17","5.32","1.46","2.79","2.14","1.74","3.90","1.28","1.58","2.39"
"4199","22-10-23 17:30","England","Premier League","2023/2024","Aston Villa","West Ham","1.90","3.83","4.10","1.02","16.00","1.20","4.79","1.58","2.45","2.43","1.59","4.53","1.22","1.54","2.49"
"4200","21-10-23 21:00","England","Premier League","2023/2024","Sheffield Utd","Manchester Utd","7.57","5.80","1.38","1.01","22.00","1.18","5.19","1.53","2.59","2.38","1.65","3.90","1.28","1.78","2.04"
"4201","21-10-23 18:30","England","Premier League","2023/2024","Chelsea","Arsenal","3.46","3.26","2.30","1.08","9.00","1.34","3.40","2.13","1.80","3.67","1.30","7.54","1.10","1.83","1.98"
"4202","21-10-23 16:00","England","Premier League","2023/2024","Bournemouth","Wolves","2.49","3.50","2.92","1.05","11.00","1.29","3.75","1.99","1.91","3.24","1.37","6.54","1.13","1.66","2.23"
"4203","21-10-23 16:00","England","Premier League","2023/2024","Brentford","Burnley","1.71","3.91","5.20","1.05","11.00","1.29","3.75","1.99","1.91","3.24","1.37","6.54","1.13","1.83","1.98"
"4204","21-10-23 16:00","England","Premier League","2023/2024","Manchester City","Brighton","1.37","6.13","7.22","1.02","26.00","1.14","6.13","1.41","3.02","2.12","1.81","3.25","1.37","1.55","2.46"
"4205","21-10-23 16:00","England","Premier League","2023/2024","Newcastle","Crystal Palace","1.46","4.60","7.62","1.06","10.60","1.30","3.72","1.88","2.03","3.46","1.33","6.66","1.12","2.09","1.74"
"4206","21-10-23 16:00","England","Premier League","2023/2024","Nottingham","Luton","1.70","3.77","5.61","1.08","9.00","1.37","3.20","2.24","1.73","4.14","1.25","8.45","1.09","2.10","1.74"
"4207","21-10-23 13:30","England","Premier League","2023/2024","Liverpool","Everton","1.42","5.39","7.25","1.02","25.00","1.14","6.00","1.41","3.00","2.13","1.80","3.43","1.34","1.58","2.39"
"4208","08-10-23 17:30","England","Premier League","2023/2024","Arsenal","Manchester City","3.31","3.35","2.32","1.06","9.78","1.30","3.70","2.08","1.84","3.51","1.32","6.98","1.11","1.70","2.15"
"4209","08-10-23 15:00","England","Premier League","2023/2024","Brighton","Liverpool","3.50","4.32","2.01","1.02","29.00","1.05","6.90","1.29","3.30","1.87","2.08","2.65","1.42","1.32","3.25"
"4210","08-10-23 15:00","England","Premier League","2023/2024","West Ham","Newcastle","3.35","3.78","2.21","","","1.22","3.82","1.84","2.12","2.80","1.38","5.05","1.12","1.65","2.18"
"4211","08-10-23 15:00","England","Premier League","2023/2024","Wolves","Aston Villa","3.62","3.78","2.11","1.01","9.90","1.24","3.62","1.88","2.07","2.88","1.36","5.30","1.11","1.69","2.11"
"4212","07-10-23 18:30","England","Premier League","2023/2024","Crystal Palace","Nottingham","2.20","3.19","3.80","1.10","7.45","1.43","2.93","2.33","1.63","4.53","1.22","9.43","1.07","1.92","1.88"
"4213","07-10-23 16:00","England","Premier League","2023/2024","Burnley","Chelsea","5.64","4.04","1.65","1.05","11.00","1.26","4.00","1.90","2.00","3.24","1.37","6.00","1.14","1.83","1.98"
"4214","07-10-23 16:00","England","Premier League","2023/2024","Everton","Bournemouth","1.90","3.67","4.34","1.04","13.00","1.26","4.00","1.90","2.00","3.06","1.40","6.00","1.14","1.74","2.10"
"4215","07-10-23 16:00","England","Premier League","2023/2024","Fulham","Sheffield Utd","1.57","4.11","6.66","1.05","11.00","1.23","4.33","1.82","2.10","2.86","1.45","5.41","1.17","1.90","1.90"
"4216","07-10-23 16:00","England","Premier League","2023/2024","Manchester Utd","Brentford","1.65","4.30","5.22","1.03","13.80","1.22","4.61","1.63","2.34","2.52","1.55","4.53","1.22","1.63","2.29"
"4217","07-10-23 13:30","England","Premier League","2023/2024","Luton","Tottenham","7.80","5.13","1.42","1.01","20.00","1.17","5.38","1.46","2.83","2.12","1.76","3.54","1.32","1.58","2.39"
"4218","03-10-23 20:30","England","Premier League","2023/2024","Luton","Burnley","3.13","3.17","2.53","1.09","8.00","1.41","3.00","2.35","1.67","4.14","1.25","8.45","1.09","1.79","2.02"
"4219","02-10-23 21:00","England","Premier League","2023/2024","Fulham","Chelsea","3.82","3.48","2.08","1.05","11.00","1.32","3.50","1.99","1.91","3.43","1.34","7.06","1.11","1.69","2.17"
"4220","01-10-23 15:00","England","Premier League","2023/2024","Nottingham","Brentford","2.56","3.09","3.17","1.09","8.26","1.43","2.94","2.46","1.62","4.55","1.22","9.29","1.07","1.73","2.10"
"4221","30-09-23 18:30","England","Premier League","2023/2024","Tottenham","Liverpool","3.29","3.87","2.14","1.02","26.00","1.11","7.00","1.37","3.20","1.99","1.91","3.24","1.37","1.31","3.48"
"4222","30-09-23 16:00","England","Premier League","2023/2024","Bournemouth","Arsenal","6.06","4.61","1.54","1.03","15.00","1.22","4.50","1.65","2.30","2.57","1.54","4.80","1.20","1.74","2.10"
"4223","30-09-23 16:00","England","Premier League","2023/2024","Everton","Luton","1.63","3.89","6.27","1.06","10.00","1.32","3.50","2.13","1.80","3.67","1.30","7.06","1.11","1.98","1.83"
"4224","30-09-23 16:00","England","Premier League","2023/2024","Manchester Utd","Crystal Palace","1.56","4.28","6.50","1.05","11.70","1.24","4.25","1.80","2.13","2.88","1.44","5.66","1.16","1.79","2.02"
"4225","30-09-23 16:00","England","Premier League","2023/2024","Newcastle","Burnley","1.42","5.13","7.64","1.04","12.30","1.26","4.09","1.78","2.08","3.05","1.40","5.76","1.15","2.04","1.78"
"4226","30-09-23 16:00","England","Premier League","2023/2024","West Ham","Sheffield Utd","1.46","4.62","7.64","1.04","13.00","1.23","4.33","1.82","2.10","2.86","1.45","5.41","1.17","1.90","1.90"
"4227","30-09-23 16:00","England","Premier League","2023/2024","Wolves","Manchester City","8.19","5.08","1.41","1.03","13.80","1.22","4.61","1.63","2.34","2.70","1.49","5.11","1.18","1.92","1.88"
"4228","30-09-23 13:30","England","Premier League","2023/2024","Aston Villa","Brighton","2.70","3.69","2.56","1.02","18.50","1.16","5.50","1.51","2.63","2.26","1.67","3.79","1.29","1.39","3.00"
"4229","24-09-23 17:30","England","Premier League","2023/2024","Sheffield Utd","Newcastle","6.57","4.41","1.54","1.05","12.10","1.23","4.40","1.75","2.20","2.80","1.46","5.50","1.17","1.82","1.99"
"4230","24-09-23 15:00","England","Premier League","2023/2024","Arsenal","Tottenham","1.63","4.46","5.20","1.02","18.50","1.17","5.32","1.50","2.66","2.23","1.69","3.90","1.28","1.54","2.49"
"4231","24-09-23 15:00","England","Premier League","2023/2024","Brighton","Bournemouth","1.51","4.88","6.07","1.02","24.00","1.16","5.50","1.48","2.75","2.24","1.73","3.67","1.30","1.69","2.18"
"4232","24-09-23 15:00","England","Premier League","2023/2024","Chelsea","Aston Villa","1.93","3.82","4.00","1.05","11.70","1.22","4.61","1.73","2.23","2.70","1.49","5.11","1.18","1.61","2.31"
"4233","24-09-23 15:00","England","Premier League","2023/2024","Liverpool","West Ham","1.38","5.38","8.18","1.02","25.00","1.13","6.38","1.38","3.19","2.01","1.90","3.24","1.37","1.58","2.39"
"4234","23-09-23 21:00","England","Premier League","2023/2024","Burnley","Manchester Utd","4.62","3.90","1.79","1.02","16.10","1.21","4.66","1.72","2.26","2.68","1.50","5.06","1.18","1.63","2.29"
"4235","23-09-23 18:30","England","Premier League","2023/2024","Brentford","Everton","1.98","3.83","4.03","1.01","9.50","1.26","3.46","1.95","1.99","3.08","1.32","5.65","1.09","1.76","2.01"
"4236","23-09-23 16:00","England","Premier League","2023/2024","Crystal Palace","Fulham","2.03","3.34","4.20","1.08","8.51","1.34","3.41","2.22","1.74","3.90","1.28","7.97","1.09","1.87","1.94"
"4237","23-09-23 16:00","England","Premier League","2023/2024","Luton","Wolves","3.38","3.35","2.29","1.07","9.57","1.31","3.62","2.11","1.81","3.57","1.31","7.12","1.11","1.78","2.04"
"4238","23-09-23 16:00","England","Premier League","2023/2024","Manchester City","Nottingham","1.18","8.68","15.20","1.02","18.30","1.17","5.38","1.46","2.83","2.21","1.70","3.87","1.28","2.18","1.69"
"4239","18-09-23 20:45","England","Premier League","2023/2024","Nottingham","Burnley","2.00","3.60","3.95","1.06","10.60","1.31","3.62","2.01","1.90","3.46","1.33","7.12","1.11","1.73","2.10"
"4240","17-09-23 17:30","England","Premier League","2023/2024","Everton","Arsenal","6.68","4.61","1.50","1.04","12.30","1.26","4.09","1.92","1.98","3.05","1.40","5.76","1.15","1.88","1.92"
"4241","17-09-23 15:00","England","Premier League","2023/2024","Bournemouth","Chelsea","4.33","3.89","1.84","1.02","16.50","1.20","4.76","1.69","2.31","2.63","1.51","4.96","1.19","1.63","2.29"
"4242","16-09-23 18:30","England","Premier League","2023/2024","Newcastle","Brentford","1.64","4.10","5.64","1.03","14.00","1.21","4.66","1.72","2.26","2.68","1.50","5.06","1.18","1.69","2.17"
"4243","16-09-23 16:00","England","Premier League","2023/2024","Aston Villa","Crystal Palace","1.90","3.63","4.34","1.05","11.70","1.26","3.99","1.88","2.03","3.06","1.40","6.17","1.14","1.69","2.17"
"4244","16-09-23 16:00","England","Premier League","2023/2024","Fulham","Luton","1.66","3.67","6.50","1.07","9.57","1.34","3.41","2.11","1.81","3.90","1.28","7.97","1.09","2.04","1.78"
"4245","16-09-23 16:00","England","Premier League","2023/2024","Manchester Utd","Brighton","1.97","4.10","3.58","1.01","22.00","1.15","5.85","1.43","2.93","2.11","1.81","3.46","1.33","1.43","2.85"
"4246","16-09-23 16:00","England","Premier League","2023/2024","Tottenham","Sheffield Utd","1.31","5.86","10.20","1.02","25.00","1.13","6.38","1.38","3.19","2.01","1.90","3.24","1.37","1.70","2.16"
"4247","16-09-23 16:00","England","Premier League","2023/2024","West Ham","Manchester City","6.13","4.30","1.58","1.03","13.80","1.24","4.25","1.73","2.23","2.70","1.49","5.11","1.18","1.78","2.04"
"4248","16-09-23 13:30","England","Premier League","2023/2024","Wolves","Liverpool","5.27","4.45","1.67","1.02","19.50","1.13","4.85","1.51","2.42","2.38","1.68","3.72","1.24","1.58","2.31"
"4249","03-09-23 17:30","England","Premier League","2023/2024","Arsenal","Manchester Utd","1.86","4.19","3.90","1.01","20.00","1.16","5.50","1.51","2.63","2.24","1.73","3.79","1.29","1.47","2.70"
"4250","03-09-23 15:00","England","Premier League","2023/2024","Crystal Palace","Wolves","1.94","3.70","4.34","1.03","8.40","1.33","3.10","2.14","1.82","3.55","1.26","6.70","1.06","1.90","1.86"
"4251","03-09-23 15:00","England","Premier League","2023/2024","Liverpool","Aston Villa","1.62","4.86","5.17","1.02","25.00","1.08","5.95","1.37","2.90","2.05","1.90","3.08","1.33","1.47","2.60"
"4252","02-09-23 18:30","England","Premier League","2023/2024","Brighton","Newcastle","2.83","3.92","2.37","1.01","19.50","1.18","5.19","1.57","2.48","2.41","1.60","4.03","1.26","1.43","2.85"
"4253","02-09-23 16:00","England","Premier League","2023/2024","Brentford","Bournemouth","1.72","4.08","4.88","1.03","13.80","1.24","4.25","1.80","2.13","2.88","1.44","5.66","1.16","1.69","2.17"
"4254","02-09-23 16:00","England","Premier League","2023/2024","Burnley","Tottenham","3.60","3.91","2.01","1.03","15.00","1.22","4.50","1.70","2.20","2.66","1.50","4.80","1.20","1.55","2.46"
"4255","02-09-23 16:00","England","Premier League","2023/2024","Chelsea","Nottingham","1.42","4.87","8.19","1.05","11.70","1.22","4.61","1.73","2.23","2.70","1.49","5.11","1.18","2.10","1.73"
"4256","02-09-23 16:00","England","Premier League","2023/2024","Manchester City","Fulham","1.19","8.17","14.10","1.01","22.00","1.13","6.52","1.36","3.26","2.08","1.84","3.18","1.38","1.92","1.88"
"4257","02-09-23 13:30","England","Premier League","2023/2024","Sheffield Utd","Everton","3.36","3.43","2.27","1.06","10.00","1.34","3.40","2.13","1.80","3.67","1.30","7.54","1.10","1.73","2.10"
"4258","01-09-23 21:00","England","Premier League","2023/2024","Luton","West Ham","4.99","4.08","1.71","1.03","14.10","1.21","4.71","1.70","2.29","2.65","1.50","5.01","1.19","1.66","2.23"
"4259","27-08-23 17:30","England","Premier League","2023/2024","Newcastle","Liverpool","2.40","3.87","2.81","1.02","18.50","1.15","5.85","1.46","2.79","2.14","1.74","3.90","1.28","1.43","2.85"
"4260","27-08-23 15:00","England","Premier League","2023/2024","Burnley","Aston Villa","3.66","3.46","2.13","1.03","13.80","1.22","4.61","1.80","2.13","2.88","1.44","5.66","1.16","1.61","2.31"
"4261","27-08-23 15:00","England","Premier League","2023/2024","Sheffield Utd","Manchester City","13.80","7.49","1.21","1.03","13.80","1.20","4.79","1.58","2.45","2.43","1.59","4.53","1.22","2.12","1.72"
"4262","26-08-23 18:30","England","Premier League","2023/2024","Brighton","West Ham","1.57","4.88","5.28","1.01","20.00","1.16","5.50","1.51","2.63","2.26","1.67","3.79","1.29","1.58","2.39"
"4263","26-08-23 16:00","England","Premier League","2023/2024","Arsenal","Fulham","1.30","5.82","11.00","1.02","16.00","1.17","5.32","1.50","2.66","2.23","1.69","3.90","1.28","1.87","1.94"
"4264","26-08-23 16:00","England","Premier League","2023/2024","Brentford","Crystal Palace","2.18","3.45","3.55","1.08","8.51","1.38","3.19","2.22","1.74","4.22","1.24","8.74","1.08","1.87","1.94"
"4265","26-08-23 16:00","England","Premier League","2023/2024","Everton","Wolves","2.48","3.41","3.00","1.07","9.43","1.35","3.30","2.12","1.81","3.65","1.30","6.96","1.11","1.66","2.23"
"4266","26-08-23 16:00","England","Premier League","2023/2024","Manchester Utd","Nottingham","1.38","5.13","8.83","1.03","14.20","1.21","4.72","1.68","2.24","2.63","1.51","4.76","1.20","1.73","2.10"
"4267","26-08-23 13:30","England","Premier League","2023/2024","Bournemouth","Tottenham","3.91","3.87","1.94","1.02","17.00","1.19","5.00","1.61","2.38","2.37","1.62","4.14","1.25","1.47","2.70"
"4268","25-08-23 21:00","England","Premier League","2023/2024","Chelsea","Luton","1.28","6.27","11.50","1.02","16.00","1.20","4.79","1.58","2.45","2.52","1.55","4.53","1.22","1.98","1.83"
"4269","21-08-23 21:00","England","Premier League","2023/2024","Crystal Palace","Arsenal","4.83","3.49","1.86","1.06","9.68","1.30","3.66","1.99","1.91","3.54","1.32","7.05","1.11","1.79","2.02"
"4270","20-08-23 17:30","England","Premier League","2023/2024","West Ham","Chelsea","3.60","3.72","2.06","1.02","16.10","1.21","4.66","1.72","2.26","2.68","1.50","5.06","1.18","1.58","2.39"
"4271","20-08-23 15:00","England","Premier League","2023/2024","Aston Villa","Everton","1.78","3.89","4.68","1.03","13.80","1.24","4.25","1.73","2.23","2.70","1.49","5.11","1.18","1.63","2.29"
"4272","19-08-23 21:00","England","Premier League","2023/2024","Manchester City","Newcastle","1.79","3.79","4.76","1.05","12.10","1.23","4.40","1.75","2.20","2.80","1.46","5.50","1.17","1.68","2.19"
"4273","19-08-23 18:30","England","Premier League","2023/2024","Tottenham","Manchester Utd","3.38","3.84","2.11","1.02","18.50","1.16","5.50","1.51","2.63","2.26","1.67","4.14","1.25","1.43","2.85"
"4274","19-08-23 16:00","England","Premier League","2023/2024","Fulham","Brentford","2.69","3.26","2.83","1.07","9.57","1.34","3.41","2.11","1.81","3.90","1.28","7.97","1.09","1.73","2.10"
"4275","19-08-23 16:00","England","Premier League","2023/2024","Liverpool","Bournemouth","1.22","7.69","13.10","1.01","26.00","1.10","7.55","1.32","3.54","1.78","2.08","2.73","1.48","1.63","2.29"
"4276","19-08-23 16:00","England","Premier League","2023/2024","Wolves","Brighton","4.25","4.05","1.82","1.02","18.10","1.17","5.32","1.55","2.53","2.33","1.63","4.22","1.24","1.54","2.50"
"4277","18-08-23 20:45","England","Premier League","2023/2024","Nottingham","Sheffield Utd","1.87","3.49","4.78","1.08","8.60","1.37","3.23","2.20","1.75","3.87","1.28","7.90","1.10","1.92","1.88"
"4278","14-08-23 21:00","England","Premier League","2023/2024","Manchester Utd","Wolves","1.29","6.49","10.00","1.03","14.20","1.24","4.24","1.68","2.24","2.73","1.48","4.76","1.20","1.98","1.83"
"4279","13-08-23 17:30","England","Premier League","2023/2024","Chelsea","Liverpool","3.45","3.72","2.12","1.02","18.50","1.17","5.32","1.50","2.66","2.23","1.69","3.90","1.28","1.47","2.70"
"4280","13-08-23 15:00","England","Premier League","2023/2024","Brentford","Tottenham","2.81","3.70","2.48","1.03","14.10","1.21","4.71","1.70","2.29","2.65","1.50","5.01","1.19","1.58","2.39"
"4281","12-08-23 18:30","England","Premier League","2023/2024","Newcastle","Aston Villa","1.64","4.10","5.64","1.03","13.80","1.20","4.79","1.63","2.34","2.52","1.55","4.53","1.22","1.66","2.23"
"4282","12-08-23 16:00","England","Premier League","2023/2024","Bournemouth","West Ham","2.88","3.57","2.48","1.03","13.80","1.22","4.61","1.73","2.23","2.70","1.49","5.11","1.18","1.55","2.46"
"4283","12-08-23 16:00","England","Premier League","2023/2024","Brighton","Luton","1.28","6.59","10.40","1.02","18.10","1.17","5.32","1.50","2.66","2.23","1.69","3.90","1.28","1.92","1.88"
"4284","12-08-23 16:00","England","Premier League","2023/2024","Everton","Fulham","2.37","3.29","3.29","1.08","8.51","1.34","3.41","2.11","1.81","3.90","1.28","7.97","1.09","1.79","2.02"
"4285","12-08-23 16:00","England","Premier League","2023/2024","Sheffield Utd","Crystal Palace","3.68","3.28","2.20","1.10","7.45","1.46","2.79","2.52","1.55","5.11","1.18","10.60","1.06","2.03","1.79"
"4286","12-08-23 13:30","England","Premier League","2023/2024","Arsenal","Nottingham","1.20","7.42","16.90","1.02","18.10","1.15","5.85","1.46","2.79","2.14","1.74","3.57","1.31","2.03","1.79"
"4287","11-08-23 21:00","England","Premier League","2023/2024","Burnley","Manchester City","9.98","5.36","1.34","1.03","13.80","1.20","4.79","1.58","2.45","2.52","1.55","4.53","1.22","2.10","1.73"
"4288","28-05-23 17:30","England","Premier League","2022/2023","Arsenal","Wolves","1.32","6.08","9.47","1.02","26.00","1.12","6.91","1.38","3.19","2.01","1.90","3.06","1.40","1.70","2.16"
"4289","28-05-23 17:30","England","Premier League","2022/2023","Aston Villa","Brighton","1.89","4.09","3.88","1.02","20.00","1.19","5.00","1.51","2.63","2.26","1.67","4.14","1.25","1.52","2.54"
"4290","28-05-23 17:30","England","Premier League","2022/2023","Brentford","Manchester City","3.70","3.61","2.06","1.05","11.70","1.24","4.25","1.80","2.13","3.06","1.40","5.66","1.16","1.66","2.23"
"4291","28-05-23 17:30","England","Premier League","2022/2023","Chelsea","Newcastle","3.09","3.69","2.30","1.03","18.00","1.19","5.00","1.56","2.50","2.37","1.62","4.14","1.25","1.48","2.68"
"4292","28-05-23 17:30","England","Premier League","2022/2023","Crystal Palace","Nottingham","1.66","4.07","5.52","1.05","11.00","1.26","4.00","1.90","2.00","3.24","1.37","6.00","1.14","1.90","1.90"
"4293","28-05-23 17:30","England","Premier League","2022/2023","Everton","Bournemouth","1.63","4.11","5.74","1.04","13.00","1.23","4.33","1.82","2.10","2.86","1.45","5.41","1.17","1.78","2.04"
"4294","28-05-23 17:30","England","Premier League","2022/2023","Leeds","Tottenham","2.94","4.01","2.27","1.03","19.00","1.17","5.32","1.50","2.66","2.33","1.63","3.90","1.28","1.47","2.70"
"4295","28-05-23 17:30","England","Premier League","2022/2023","Leicester","West Ham","2.19","3.90","3.15","1.03","18.00","1.19","5.00","1.56","2.50","2.37","1.62","4.14","1.25","1.52","2.54"
"4296","28-05-23 17:30","England","Premier League","2022/2023","Manchester Utd","Fulham","1.48","4.92","6.60","1.02","24.00","1.14","6.00","1.41","3.00","2.13","1.80","3.24","1.37","1.57","2.42"
"4297","28-05-23 17:30","England","Premier League","2022/2023","Southampton","Liverpool","6.08","4.67","1.54","1.02","27.00","1.11","7.00","1.37","3.20","1.99","1.91","3.06","1.40","1.48","2.68"
"4298","25-05-23 21:00","England","Premier League","2022/2023","Manchester Utd","Chelsea","1.61","4.61","5.22","1.02","16.00","1.24","4.24","1.72","2.17","2.73","1.48","5.11","1.18","1.69","2.17"
"4299","24-05-23 21:00","England","Premier League","2022/2023","Brighton","Manchester City","4.17","4.24","1.80","1.03","20.00","1.15","5.85","1.43","2.93","2.11","1.81","3.46","1.33","1.45","2.76"
"4300","22-05-23 21:00","England","Premier League","2022/2023","Newcastle","Leicester","1.34","5.88","8.44","1.02","22.00","1.17","5.49","1.44","2.89","2.17","1.72","3.80","1.29","1.79","2.02"
"4301","21-05-23 17:00","England","Premier League","2022/2023","Manchester City","Chelsea","1.55","4.38","6.31","1.06","10.60","1.31","3.62","2.01","1.90","3.46","1.33","6.66","1.12","1.92","1.88"
"4302","21-05-23 15:00","England","Premier League","2022/2023","Brighton","Southampton","1.23","7.49","11.80","1.02","29.00","1.10","7.45","1.34","3.41","1.88","2.03","2.88","1.44","1.73","2.10"
"4303","21-05-23 14:30","England","Premier League","2022/2023","West Ham","Leeds","2.48","3.57","2.88","1.03","13.80","1.24","4.25","1.80","2.13","2.88","1.44","5.66","1.16","1.58","2.39"
"4304","20-05-23 18:30","England","Premier League","2022/2023","Nottingham","Arsenal","5.57","4.31","1.62","1.03","14.10","1.23","4.35","1.70","2.29","2.83","1.46","5.01","1.19","1.73","2.10"
"4305","20-05-23 16:00","England","Premier League","2022/2023","Bournemouth","Manchester Utd","7.57","5.33","1.41","1.02","23.00","1.18","5.19","1.53","2.59","2.38","1.65","3.90","1.28","1.74","2.09"
"4306","20-05-23 16:00","England","Premier League","2022/2023","Fulham","Crystal Palace","2.24","3.30","3.56","1.07","9.57","1.34","3.41","2.22","1.74","3.90","1.28","7.97","1.09","1.79","2.02"
"4307","20-05-23 16:00","England","Premier League","2022/2023","Liverpool","Aston Villa","1.50","4.81","6.53","1.02","20.00","1.15","5.85","1.43","2.93","2.11","1.81","3.46","1.33","1.55","2.46"
"4308","20-05-23 16:00","England","Premier League","2022/2023","Wolves","Everton","3.07","3.58","2.35","1.05","11.70","1.30","3.72","1.88","2.03","3.24","1.37","6.17","1.14","1.74","2.10"
"4309","20-05-23 13:30","England","Premier League","2022/2023","Tottenham","Brentford","1.88","3.84","4.18","1.03","15.00","1.23","4.33","1.82","2.10","2.86","1.45","5.41","1.17","1.58","2.39"
"4310","18-05-23 20:30","England","Premier League","2022/2023","Newcastle","Brighton","1.85","4.10","4.10","1.02","18.10","1.17","5.32","1.55","2.53","2.33","1.63","4.22","1.24","1.50","2.58"
"4311","15-05-23 21:00","England","Premier League","2022/2023","Leicester","Liverpool","5.03","4.27","1.67","1.02","22.00","1.15","5.85","1.46","2.79","2.14","1.74","3.90","1.28","1.47","2.70"
"4312","14-05-23 17:30","England","Premier League","2022/2023","Arsenal","Brighton","1.72","4.32","4.62","1.02","24.00","1.15","5.85","1.43","2.93","2.11","1.81","3.46","1.33","1.50","2.61"
"4313","14-05-23 15:00","England","Premier League","2022/2023","Brentford","West Ham","1.90","3.69","4.31","1.08","9.00","1.37","3.20","2.24","1.73","3.79","1.29","7.54","1.10","1.87","1.94"
"4314","14-05-23 15:00","England","Premier League","2022/2023","Everton","Manchester City","9.07","5.54","1.35","1.02","16.10","1.21","4.66","1.62","2.37","2.68","1.50","5.06","1.18","1.87","1.94"
"4315","13-05-23 16:00","England","Premier League","2022/2023","Aston Villa","Tottenham","2.44","3.72","2.85","1.02","16.00","1.20","4.79","1.63","2.34","2.52","1.55","4.53","1.22","1.55","2.46"
"4316","13-05-23 16:00","England","Premier League","2022/2023","Chelsea","Nottingham","1.58","4.34","5.94","1.05","11.70","1.24","4.25","1.80","2.13","2.88","1.44","5.66","1.16","1.79","2.02"
"4317","13-05-23 16:00","England","Premier League","2022/2023","Crystal Palace","Bournemouth","1.77","3.84","4.87","1.05","12.10","1.28","3.85","1.95","1.95","3.37","1.34","6.48","1.13","1.87","1.94"
"4318","13-05-23 16:00","England","Premier League","2022/2023","Manchester Utd","Wolves","1.40","5.41","7.57","1.02","15.90","1.21","4.67","1.69","2.22","2.66","1.50","4.81","1.20","1.73","2.10"
"4319","13-05-23 16:00","England","Premier League","2022/2023","Southampton","Fulham","2.90","3.59","2.45","1.05","11.70","1.26","3.99","1.88","2.03","3.24","1.37","6.17","1.14","1.66","2.23"
"4320","13-05-23 13:30","England","Premier League","2022/2023","Leeds","Newcastle","5.30","4.54","1.65","1.03","19.00","1.13","4.74","1.52","2.40","2.45","1.65","3.92","1.22","1.61","2.25"
"4321","08-05-23 21:00","England","Premier League","2022/2023","Nottingham","Southampton","2.01","3.60","3.91","1.06","10.80","1.30","3.66","2.10","1.83","3.54","1.32","7.05","1.11","1.79","2.02"
"4322","08-05-23 18:30","England","Premier League","2022/2023","Brighton","Everton","1.38","5.64","7.60","1.02","18.10","1.17","5.32","1.46","2.79","2.23","1.69","3.90","1.28","1.73","2.10"
"4323","08-05-23 16:00","England","Premier League","2022/2023","Fulham","Leicester","2.69","3.38","2.76","1.05","11.70","1.30","3.72","1.88","2.03","3.24","1.37","6.66","1.12","1.69","2.17"
"4324","07-05-23 20:00","England","Premier League","2022/2023","West Ham","Manchester Utd","3.97","3.67","1.98","1.03","13.80","1.22","4.61","1.73","2.23","2.70","1.49","5.11","1.18","1.58","2.39"
"4325","07-05-23 17:30","England","Premier League","2022/2023","Newcastle","Arsenal","2.51","3.88","2.67","1.02","16.10","1.20","4.84","1.62","2.37","2.49","1.56","4.49","1.22","1.55","2.46"
"4326","06-05-23 18:30","England","Premier League","2022/2023","Liverpool","Brentford","1.45","5.30","7.30","1.03","21.00","1.12","5.00","1.48","2.50","2.34","1.70","3.64","1.25","1.70","2.10"
"4330","06-05-23 16:00","England","Premier League","2022/2023","Wolves","Aston Villa","3.17","3.48","2.42","1.03","8.20","1.33","3.08","2.17","1.81","3.64","1.25","6.80","1.06","1.83","1.93"
"4327","06-05-23 16:00","England","Premier League","2022/2023","Bournemouth","Chelsea","3.66","3.72","2.11","1.01","9.60","1.26","3.54","1.94","2.00","3.08","1.33","5.60","1.09","1.73","2.06"
"4328","06-05-23 16:00","England","Premier League","2022/2023","Manchester City","Leeds","1.17","9.50","18.00","1.01","17.00","1.06","6.60","1.31","3.22","1.92","2.03","2.77","1.40","1.95","1.81"
"4329","06-05-23 16:00","England","Premier League","2022/2023","Tottenham","Crystal Palace","1.88","3.96","4.28","","","1.23","3.82","1.84","2.12","2.85","1.38","5.05","1.12","1.71","2.08"
"4331","04-05-23 21:00","England","Premier League","2022/2023","Brighton","Manchester Utd","2.32","3.87","2.93","1.03","20.00","1.17","5.32","1.50","2.66","2.23","1.69","3.90","1.28","1.47","2.70"
"4332","03-05-23 21:00","England","Premier League","2022/2023","Liverpool","Fulham","1.33","5.88","9.20","1.02","24.00","1.14","6.04","1.41","3.02","2.06","1.86","3.48","1.33","1.73","2.10"
"4333","03-05-23 21:00","England","Premier League","2022/2023","Manchester City","West Ham","1.18","8.68","15.00","1.02","26.00","1.13","6.38","1.38","3.19","2.01","1.90","3.24","1.37","1.92","1.88"
"4334","02-05-23 21:00","England","Premier League","2022/2023","Arsenal","Chelsea","1.60","4.41","5.60","1.02","16.10","1.21","4.66","1.62","2.37","2.68","1.50","5.06","1.18","1.69","2.17"
"4335","01-05-23 21:00","England","Premier League","2022/2023","Leicester","Everton","1.94","3.58","4.25","1.06","9.68","1.33","3.44","2.10","1.83","3.54","1.32","7.05","1.11","1.79","2.02"
"4336","30-04-23 17:30","England","Premier League","2022/2023","Liverpool","Tottenham","1.55","4.81","5.57","1.02","27.00","1.12","6.91","1.38","3.19","2.01","1.90","3.06","1.40","1.47","2.70"
"4337","30-04-23 15:00","England","Premier League","2022/2023","Bournemouth","Leeds","2.49","3.46","2.94","1.05","11.70","1.26","3.99","1.88","2.03","3.24","1.37","6.17","1.14","1.66","2.23"
"4338","30-04-23 15:00","England","Premier League","2022/2023","Fulham","Manchester City","9.95","6.17","1.30","1.02","16.00","1.20","4.79","1.55","2.53","2.33","1.63","4.22","1.24","1.87","1.94"
"4339","30-04-23 15:00","England","Premier League","2022/2023","Manchester Utd","Aston Villa","1.78","4.11","4.45","1.02","17.00","1.19","5.00","1.61","2.38","2.47","1.57","4.48","1.22","1.55","2.46"
"4340","30-04-23 15:00","England","Premier League","2022/2023","Newcastle","Southampton","1.29","6.27","10.70","1.02","16.00","1.17","5.32","1.55","2.53","2.33","1.63","4.22","1.24","1.98","1.83"
"4341","29-04-23 16:00","England","Premier League","2022/2023","Brentford","Nottingham","1.77","3.69","5.13","1.07","9.57","1.31","3.62","2.01","1.90","3.46","1.33","7.12","1.11","1.82","1.99"
"4342","29-04-23 16:00","England","Premier League","2022/2023","Brighton","Wolves","1.62","4.26","5.57","1.03","14.40","1.23","4.44","1.74","2.22","2.78","1.47","5.45","1.17","1.73","2.10"
"4343","29-04-23 13:30","England","Premier League","2022/2023","Crystal Palace","West Ham","2.62","3.30","2.89","1.08","8.51","1.38","3.19","2.22","1.74","3.90","1.28","7.97","1.09","1.79","2.02"
"4344","27-04-23 21:15","England","Premier League","2022/2023","Tottenham","Manchester Utd","2.92","3.94","2.38","1.03","20.00","1.14","4.70","1.52","2.40","2.46","1.64","3.92","1.22","1.48","2.57"
"4345","27-04-23 20:45","England","Premier League","2022/2023","Everton","Newcastle","4.80","3.86","1.82","1.02","9.00","1.29","3.34","2.03","1.92","3.28","1.30","6.10","1.08","1.88","1.88"
"4346","27-04-23 20:45","England","Premier League","2022/2023","Southampton","Bournemouth","2.50","3.50","3.02","1.03","8.50","1.32","3.15","2.11","1.85","3.48","1.27","6.55","1.06","1.80","1.96"
"4347","26-04-23 21:00","England","Premier League","2022/2023","Manchester City","Arsenal","1.65","4.38","5.55","1.01","11.00","1.22","4.10","1.80","2.18","2.78","1.42","4.90","1.13","1.79","1.98"
"4348","26-04-23 20:45","England","Premier League","2022/2023","Chelsea","Brentford","1.80","3.82","5.00","1.03","8.40","1.33","3.10","2.14","1.83","3.54","1.26","6.75","1.06","1.97","1.80"
"4349","26-04-23 20:45","England","Premier League","2022/2023","West Ham","Liverpool","3.90","4.10","1.94","1.03","18.00","1.16","4.80","1.59","2.46","2.46","1.64","3.92","1.19","1.53","2.43"
"4350","26-04-23 20:30","England","Premier League","2022/2023","Nottingham","Brighton","5.50","4.40","1.65","","","1.22","3.92","1.80","2.18","2.73","1.41","4.80","1.13","1.78","1.99"
"4351","25-04-23 21:00","England","Premier League","2022/2023","Leeds","Leicester","2.55","3.56","2.92","1.01","15.00","1.18","4.30","1.74","2.26","2.63","1.44","4.70","1.14","1.52","2.46"
"4352","25-04-23 20:45","England","Premier League","2022/2023","Aston Villa","Fulham","1.78","4.02","4.86","1.01","9.70","1.26","3.54","1.92","2.03","3.04","1.34","5.50","1.10","1.81","1.95"
"4353","25-04-23 20:30","England","Premier League","2022/2023","Wolves","Crystal Palace","2.53","3.12","3.32","1.08","6.10","1.59","2.59","2.64","1.52","4.94","1.15","9.50","1.01","2.12","1.69"
"4354","23-04-23 15:00","England","Premier League","2022/2023","Bournemouth","West Ham","3.25","3.31","2.38","1.06","10.60","1.31","3.62","2.01","1.90","3.46","1.33","7.12","1.11","1.73","2.10"
"4355","23-04-23 15:00","England","Premier League","2022/2023","Newcastle","Tottenham","2.01","3.78","3.74","1.03","13.80","1.24","4.25","1.80","2.13","2.88","1.44","5.11","1.18","1.62","2.31"
"4356","22-04-23 16:00","England","Premier League","2022/2023","Brentford","Aston Villa","2.81","3.37","2.65","1.07","9.57","1.34","3.41","2.11","1.81","3.57","1.31","7.12","1.11","1.73","2.10"
"4357","22-04-23 16:00","England","Premier League","2022/2023","Crystal Palace","Everton","1.92","3.41","4.62","1.08","8.51","1.43","2.93","2.23","1.69","4.53","1.22","9.43","1.07","1.98","1.83"
"4358","22-04-23 16:00","England","Premier League","2022/2023","Leicester","Wolves","2.44","3.38","3.08","1.06","10.00","1.32","3.56","2.04","1.87","3.76","1.29","7.68","1.10","1.79","2.02"
"4359","22-04-23 16:00","England","Premier League","2022/2023","Liverpool","Nottingham","1.20","8.05","14.10","1.02","25.00","1.13","6.38","1.38","3.19","2.01","1.90","3.24","1.37","2.03","1.79"
"4360","22-04-23 13:30","England","Premier League","2022/2023","Fulham","Leeds","2.23","3.58","3.30","1.05","11.80","1.26","4.03","1.86","2.05","3.03","1.41","6.12","1.14","1.66","2.23"
"4361","21-04-23 21:00","England","Premier League","2022/2023","Arsenal","Southampton","1.22","7.49","13.70","1.02","18.30","1.17","5.38","1.50","2.69","2.21","1.70","3.87","1.28","2.03","1.79"
"4362","17-04-23 21:00","England","Premier League","2022/2023","Leeds","Liverpool","5.03","4.32","1.66","1.02","21.00","1.17","5.32","1.46","2.79","2.14","1.74","3.90","1.28","1.54","2.50"
"4363","16-04-23 17:30","England","Premier League","2022/2023","Nottingham","Manchester Utd","5.25","4.07","1.68","1.03","13.80","1.24","4.25","1.80","2.13","2.88","1.44","5.66","1.16","1.69","2.17"
"4364","16-04-23 15:00","England","Premier League","2022/2023","West Ham","Arsenal","5.86","4.27","1.60","1.03","14.10","1.23","4.35","1.70","2.29","2.83","1.46","5.01","1.19","1.73","2.10"
"4365","15-04-23 18:30","England","Premier League","2022/2023","Manchester City","Leicester","1.15","9.39","18.40","1.02","28.00","1.11","7.06","1.33","3.48","1.85","2.07","2.83","1.46","1.98","1.83"
"4366","15-04-23 16:00","England","Premier League","2022/2023","Chelsea","Brighton","2.80","3.46","2.60","1.06","10.60","1.30","3.72","1.88","2.03","3.24","1.37","6.17","1.14","1.69","2.17"
"4367","15-04-23 16:00","England","Premier League","2022/2023","Everton","Fulham","2.18","3.40","3.61","1.09","8.00","1.41","3.00","2.35","1.67","4.14","1.25","8.45","1.09","1.98","1.83"
"4368","15-04-23 16:00","England","Premier League","2022/2023","Southampton","Crystal Palace","3.12","3.16","2.54","1.10","7.45","1.43","2.93","2.33","1.63","4.53","1.22","9.43","1.07","1.87","1.94"
"4369","15-04-23 16:00","England","Premier League","2022/2023","Tottenham","Bournemouth","1.53","4.64","6.75","","","1.21","4.04","1.79","2.20","2.70","1.42","4.74","1.13","1.86","1.90"
"4370","15-04-23 16:00","England","Premier League","2022/2023","Wolves","Brentford","2.88","3.19","2.70","1.08","8.51","1.38","3.19","2.22","1.74","3.90","1.28","7.97","1.09","1.79","2.02"
"4371","15-04-23 13:30","England","Premier League","2022/2023","Aston Villa","Newcastle","3.94","3.50","2.04","1.06","10.60","1.30","3.72","2.01","1.90","3.24","1.37","6.66","1.12","1.73","2.10"
"4372","09-04-23 17:30","England","Premier League","2022/2023","Liverpool","Arsenal","2.77","3.58","2.56","1.03","14.00","1.21","4.66","1.62","2.37","2.68","1.50","5.06","1.18","1.54","2.49"
"4373","09-04-23 15:00","England","Premier League","2022/2023","Leeds","Crystal Palace","2.06","3.61","3.71","1.06","10.90","1.30","3.70","1.97","1.93","3.51","1.32","6.98","1.11","1.73","2.10"
"4374","08-04-23 18:30","England","Premier League","2022/2023","Southampton","Manchester City","14.40","6.61","1.24","1.02","16.70","1.19","5.00","1.54","2.56","2.34","1.63","4.36","1.23","2.03","1.79"
"4375","08-04-23 16:00","England","Premier League","2022/2023","Aston Villa","Nottingham","1.58","4.30","6.00","1.05","11.70","1.26","3.99","1.88","2.03","3.06","1.40","6.17","1.14","1.87","1.94"
"4376","08-04-23 16:00","England","Premier League","2022/2023","Brentford","Newcastle","4.22","3.68","1.91","1.07","9.57","1.34","3.41","2.11","1.81","3.90","1.28","7.97","1.09","1.87","1.94"
"4377","08-04-23 16:00","England","Premier League","2022/2023","Fulham","West Ham","2.98","3.28","2.57","1.08","9.00","1.37","3.20","2.35","1.67","4.14","1.25","8.45","1.09","1.79","2.02"
"4378","08-04-23 16:00","England","Premier League","2022/2023","Leicester","Bournemouth","2.02","3.46","4.06","1.06","10.00","1.29","3.75","1.99","1.91","3.43","1.34","6.54","1.13","1.78","2.04"
"4379","08-04-23 16:00","England","Premier League","2022/2023","Tottenham","Brighton","2.54","3.56","2.81","1.03","13.80","1.24","4.25","1.80","2.13","2.88","1.44","5.66","1.16","1.63","2.29"
"4380","08-04-23 16:00","England","Premier League","2022/2023","Wolves","Chelsea","5.31","3.70","1.75","1.08","8.49","1.41","3.02","2.38","1.65","4.40","1.23","8.99","1.08","1.98","1.83"
"4381","08-04-23 13:30","England","Premier League","2022/2023","Manchester Utd","Everton","1.61","4.48","5.90","","","1.21","4.04","1.78","2.21","2.66","1.43","4.70","1.14","1.79","1.98"
"4382","05-04-23 21:00","England","Premier League","2022/2023","Manchester Utd","Brentford","1.59","4.34","5.35","1.03","18.00","1.22","4.50","1.65","2.30","2.66","1.50","4.80","1.20","1.70","2.15"
"4383","05-04-23 21:00","England","Premier League","2022/2023","West Ham","Newcastle","3.52","3.40","2.28","1.05","7.40","1.40","2.77","2.36","1.69","4.14","1.20","7.90","1.04","1.97","1.80"
"4384","04-04-23 21:00","England","Premier League","2022/2023","Chelsea","Liverpool","2.26","3.56","3.26","1.05","11.70","1.26","3.99","1.88","2.03","3.06","1.40","6.17","1.14","1.69","2.17"
"4385","04-04-23 20:45","England","Premier League","2022/2023","Bournemouth","Brighton","5.55","4.34","1.62","1.04","12.30","1.26","4.09","1.92","1.98","3.05","1.40","5.76","1.15","1.88","1.92"
"4386","04-04-23 20:45","England","Premier League","2022/2023","Leeds","Nottingham","1.68","4.08","5.29","1.05","11.70","1.30","3.72","1.88","2.03","3.24","1.37","6.17","1.14","1.79","2.02"
"4387","04-04-23 20:45","England","Premier League","2022/2023","Leicester","Aston Villa","3.01","3.45","2.45","1.06","10.60","1.30","3.72","1.88","2.03","3.24","1.37","6.17","1.14","1.66","2.23"
"4388","03-04-23 21:00","England","Premier League","2022/2023","Everton","Tottenham","4.18","3.38","2.02","1.07","9.57","1.34","3.41","2.11","1.81","3.90","1.28","7.97","1.09","1.87","1.94"
"4389","02-04-23 17:30","England","Premier League","2022/2023","Newcastle","Manchester Utd","2.50","3.57","2.85","1.05","11.80","1.24","4.30","1.78","2.15","2.86","1.45","5.60","1.16","1.63","2.29"
"4390","02-04-23 15:00","England","Premier League","2022/2023","West Ham","Southampton","1.77","3.69","5.13","1.07","9.57","1.31","3.62","2.01","1.90","3.57","1.31","7.12","1.11","1.87","1.94"
"4391","01-04-23 18:30","England","Premier League","2022/2023","Chelsea","Aston Villa","1.64","3.89","6.14","1.06","10.60","1.30","3.72","1.88","2.03","3.24","1.37","6.66","1.12","1.87","1.94"
"4392","01-04-23 16:00","England","Premier League","2022/2023","Arsenal","Leeds","1.29","6.65","11.00","1.02","23.00","1.11","5.25","1.44","2.63","2.25","1.76","3.48","1.27","1.89","1.87"
"4393","01-04-23 16:00","England","Premier League","2022/2023","Bournemouth","Fulham","2.64","3.46","2.87","1.03","8.30","1.33","3.10","2.14","1.83","3.54","1.26","6.75","1.06","1.82","1.94"
"4394","01-04-23 16:00","England","Premier League","2022/2023","Brighton","Brentford","1.68","4.24","5.45","1.01","10.00","1.24","3.72","1.87","2.08","2.93","1.36","5.25","1.11","1.83","1.93"
"4395","01-04-23 16:00","England","Premier League","2022/2023","Crystal Palace","Leicester","2.40","3.46","3.20","1.03","8.20","1.33","3.10","2.15","1.82","3.64","1.25","6.80","1.06","1.83","1.93"
"4396","01-04-23 16:00","England","Premier League","2022/2023","Nottingham","Wolves","3.32","3.32","2.41","1.06","6.90","1.44","2.63","2.48","1.63","4.44","1.18","8.60","1.03","2.02","1.76"
"4397","01-04-23 13:30","England","Premier League","2022/2023","Manchester City","Liverpool","1.72","4.25","4.69","1.02","16.10","1.20","4.84","1.57","2.48","2.40","1.60","4.49","1.22","1.63","2.29"
"4398","19-03-23 15:00","England","Premier League","2022/2023","Arsenal","Crystal Palace","1.29","6.17","11.00","1.03","13.80","1.22","4.61","1.63","2.34","2.70","1.49","5.11","1.18","2.12","1.73"
"4399","18-03-23 18:30","England","Premier League","2022/2023","Chelsea","Everton","1.48","4.29","8.17","1.08","8.51","1.38","3.19","2.22","1.74","3.90","1.28","7.97","1.09","2.29","1.63"
"4400","18-03-23 16:00","England","Premier League","2022/2023","Aston Villa","Bournemouth","1.78","3.96","4.96","1.01","9.40","1.27","3.48","1.96","1.98","3.15","1.32","5.70","1.09","1.85","1.91"
"4401","18-03-23 16:00","England","Premier League","2022/2023","Brentford","Leicester","1.90","4.04","4.14","1.01","16.00","1.20","4.20","1.74","2.26","2.63","1.44","4.54","1.14","1.63","2.22"
"4402","18-03-23 16:00","England","Premier League","2022/2023","Southampton","Tottenham","4.54","3.76","1.88","1.02","8.60","1.31","3.22","2.08","1.87","3.48","1.27","6.45","1.06","1.89","1.87"
"4403","18-03-23 16:00","England","Premier League","2022/2023","Wolves","Leeds","2.41","3.32","3.32","1.05","7.30","1.38","2.85","2.28","1.74","3.90","1.22","7.40","1.05","1.89","1.87"
"4404","17-03-23 21:00","England","Premier League","2022/2023","Nottingham","Newcastle","5.38","3.69","1.74","1.07","9.57","1.34","3.41","2.11","1.81","3.57","1.31","7.12","1.11","1.92","1.88"
"4405","15-03-23 20:30","England","Premier League","2022/2023","Brighton","Crystal Palace","1.42","4.92","8.08","1.05","11.70","1.24","4.25","1.80","2.13","2.88","1.44","5.66","1.16","2.03","1.79"
"4406","15-03-23 20:30","England","Premier League","2022/2023","Southampton","Brentford","3.36","3.26","2.34","1.08","8.51","1.38","3.19","2.23","1.69","4.22","1.24","8.74","1.08","1.87","1.94"
"4407","12-03-23 17:30","England","Premier League","2022/2023","Newcastle","Wolves","1.67","3.92","5.68","1.07","9.57","1.34","3.41","2.11","1.81","3.90","1.28","7.97","1.09","2.03","1.79"
"4408","12-03-23 15:00","England","Premier League","2022/2023","Fulham","Arsenal","7.70","4.87","1.44","1.03","13.80","1.24","4.25","1.73","2.23","2.70","1.49","5.11","1.18","1.87","1.94"
"4409","12-03-23 15:00","England","Premier League","2022/2023","Manchester Utd","Southampton","1.30","5.60","12.10","1.02","18.10","1.15","5.85","1.46","2.79","2.14","1.74","3.57","1.31","1.85","1.96"
"4410","12-03-23 15:00","England","Premier League","2022/2023","West Ham","Aston Villa","2.21","3.37","3.58","1.07","9.57","1.34","3.41","2.11","1.81","3.90","1.28","7.97","1.09","1.85","1.96"
"4411","11-03-23 18:30","England","Premier League","2022/2023","Crystal Palace","Manchester City","11.00","5.09","1.34","1.05","11.70","1.26","3.99","1.88","2.03","3.06","1.40","6.17","1.14","2.18","1.69"
"4412","11-03-23 16:00","England","Premier League","2022/2023","Everton","Brentford","2.85","3.19","2.86","1.06","6.55","1.45","2.59","2.53","1.61","4.54","1.17","8.70","1.02","2.02","1.76"
"4413","11-03-23 16:00","England","Premier League","2022/2023","Leeds","Brighton","4.34","3.94","1.88","1.01","10.00","1.24","3.72","1.87","2.08","2.93","1.36","5.25","1.11","1.73","2.06"
"4414","11-03-23 16:00","England","Premier League","2022/2023","Leicester","Chelsea","4.10","3.78","1.97","1.03","9.00","1.31","3.32","2.04","1.91","3.40","1.30","6.30","1.08","1.85","1.91"
"4415","11-03-23 16:00","England","Premier League","2022/2023","Tottenham","Nottingham","1.48","4.70","7.80","1.01","9.70","1.26","3.54","1.94","2.00","3.08","1.33","5.60","1.09","2.07","1.72"
"4416","11-03-23 13:30","England","Premier League","2022/2023","Bournemouth","Liverpool","8.50","5.65","1.38","1.03","21.00","1.12","4.94","1.49","2.48","2.36","1.69","3.72","1.24","1.79","1.98"
"4417","06-03-23 21:00","England","Premier League","2022/2023","Brentford","Fulham","2.08","3.69","3.59","1.05","11.70","1.30","3.72","2.01","1.90","3.46","1.33","6.66","1.12","1.73","2.10"
"4418","05-03-23 17:30","England","Premier League","2022/2023","Liverpool","Manchester Utd","2.70","3.67","2.58","1.03","13.80","1.22","4.61","1.73","2.23","2.70","1.49","5.11","1.18","1.55","2.46"
"4419","05-03-23 15:00","England","Premier League","2022/2023","Nottingham","Everton","3.15","3.05","2.59","1.12","6.91","1.50","2.66","2.52","1.55","5.11","1.18","10.60","1.06","1.98","1.83"
"4420","04-03-23 18:30","England","Premier League","2022/2023","Southampton","Leicester","2.98","3.45","2.47","1.02","11.70","1.30","3.72","1.88","2.03","3.24","1.37","6.66","1.12","1.69","2.17"
"4421","04-03-23 16:00","England","Premier League","2022/2023","Arsenal","Bournemouth","1.23","7.20","15.00","1.03","19.00","1.14","4.64","1.53","2.38","2.46","1.64","3.92","1.22","2.20","1.64"
"4422","04-03-23 16:00","England","Premier League","2022/2023","Aston Villa","Crystal Palace","2.22","3.46","3.62","1.04","7.60","1.38","2.85","2.30","1.73","3.92","1.22","7.50","1.04","1.93","1.83"
"4423","04-03-23 16:00","England","Premier League","2022/2023","Brighton","West Ham","1.76","4.00","5.05","1.02","9.30","1.28","3.40","1.97","1.97","3.15","1.32","5.80","1.09","1.86","1.90"
"4424","04-03-23 16:00","England","Premier League","2022/2023","Chelsea","Leeds","1.58","4.38","6.35","1.01","9.60","1.26","3.54","1.94","2.00","3.08","1.33","5.60","1.09","1.95","1.81"
"4425","04-03-23 16:00","England","Premier League","2022/2023","Wolves","Tottenham","3.30","3.40","2.38","1.04","7.60","1.38","2.85","2.30","1.73","3.92","1.22","7.60","1.04","1.92","1.84"
"4426","04-03-23 13:30","England","Premier League","2022/2023","Manchester City","Newcastle","1.50","4.42","7.20","1.03","13.80","1.22","4.61","1.73","2.23","2.70","1.49","5.11","1.18","1.78","2.04"
"4427","01-03-23 21:00","England","Premier League","2022/2023","Liverpool","Wolves","1.53","4.42","6.63","1.05","11.00","1.26","4.00","1.82","2.10","2.86","1.45","5.41","1.17","1.73","2.10"
"4428","01-03-23 20:45","England","Premier League","2022/2023","Arsenal","Everton","1.32","5.21","12.30","1.06","10.60","1.26","3.99","1.88","2.03","3.06","1.40","6.17","1.14","2.18","1.69"
"4429","26-02-23 14:30","England","Premier League","2022/2023","Tottenham","Chelsea","2.79","3.34","2.68","1.06","10.60","1.31","3.62","2.01","1.90","3.46","1.33","6.66","1.12","1.69","2.17"
"4430","25-02-23 20:45","England","Premier League","2022/2023","Crystal Palace","Liverpool","5.31","4.11","1.67","1.03","13.80","1.24","4.25","1.80","2.13","2.88","1.44","5.66","1.16","1.73","2.10"
"4431","25-02-23 18:30","England","Premier League","2022/2023","Bournemouth","Manchester City","9.42","5.10","1.37","1.03","13.80","1.17","5.32","1.55","2.53","2.33","1.63","4.22","1.24","1.92","1.88"
"4432","25-02-23 16:00","England","Premier League","2022/2023","Everton","Aston Villa","2.78","3.25","2.75","1.10","7.45","1.43","2.93","2.33","1.63","4.53","1.22","9.43","1.07","1.92","1.88"
"4433","25-02-23 16:00","England","Premier League","2022/2023","Leeds","Southampton","1.99","3.68","3.88","1.05","11.70","1.26","3.99","1.88","2.03","3.24","1.37","6.17","1.14","1.74","2.10"
"4434","25-02-23 16:00","England","Premier League","2022/2023","Leicester","Arsenal","6.50","4.28","1.56","1.03","13.80","1.22","4.61","1.73","2.23","2.70","1.49","5.11","1.18","1.69","2.17"
"4435","25-02-23 16:00","England","Premier League","2022/2023","West Ham","Nottingham","1.73","3.80","5.32","1.07","9.57","1.34","3.41","2.11","1.81","3.57","1.31","7.97","1.09","1.98","1.83"
"4436","24-02-23 21:00","England","Premier League","2022/2023","Fulham","Wolves","2.51","3.26","3.07","1.08","8.51","1.38","3.19","2.23","1.69","4.22","1.24","8.74","1.08","1.87","1.94"
"4437","19-02-23 17:30","England","Premier League","2022/2023","Tottenham","West Ham","1.82","3.50","5.09","1.06","9.68","1.30","3.66","2.10","1.83","3.54","1.32","7.05","1.11","1.87","1.94"
"4438","19-02-23 15:00","England","Premier League","2022/2023","Manchester Utd","Leicester","1.57","4.54","5.81","1.02","18.10","1.17","5.32","1.55","2.53","2.33","1.63","4.22","1.24","1.63","2.29"
"4439","18-02-23 18:30","England","Premier League","2022/2023","Newcastle","Liverpool","2.74","3.50","2.64","1.05","11.70","1.24","4.25","1.80","2.13","3.06","1.40","5.66","1.16","1.63","2.29"
"4440","18-02-23 16:00","England","Premier League","2022/2023","Brentford","Crystal Palace","1.88","3.57","4.57","1.08","9.00","1.37","3.20","2.24","1.73","4.14","1.25","8.45","1.09","1.92","1.88"
"4441","18-02-23 16:00","England","Premier League","2022/2023","Brighton","Fulham","1.59","4.36","5.83","1.03","13.80","1.22","4.61","1.73","2.23","2.70","1.49","5.11","1.18","1.73","2.10"
"4442","18-02-23 16:00","England","Premier League","2022/2023","Chelsea","Southampton","1.43","4.64","8.77","1.05","11.70","1.24","4.25","1.73","2.23","2.88","1.44","5.11","1.18","1.92","1.88"
"4443","18-02-23 16:00","England","Premier League","2022/2023","Everton","Leeds","2.60","3.27","2.94","1.07","9.57","1.34","3.41","2.22","1.74","3.90","1.28","7.97","1.09","1.79","2.02"
"4444","18-02-23 16:00","England","Premier League","2022/2023","Nottingham","Manchester City","9.98","5.36","1.34","1.03","13.80","1.20","4.79","1.58","2.45","2.43","1.59","4.53","1.22","1.98","1.83"
"4445","18-02-23 16:00","England","Premier League","2022/2023","Wolves","Bournemouth","1.85","3.70","4.56","1.06","10.00","1.32","3.50","2.13","1.80","3.67","1.30","7.06","1.11","1.90","1.90"
"4446","18-02-23 13:30","England","Premier League","2022/2023","Aston Villa","Arsenal","4.81","3.68","1.82","1.05","12.10","1.25","4.12","1.83","2.09","3.15","1.38","6.00","1.14","1.73","2.10"
"4447","15-02-23 20:30","England","Premier League","2022/2023","Arsenal","Manchester City","3.58","3.46","2.16","1.05","11.70","1.26","3.99","1.88","2.03","3.06","1.40","6.17","1.14","1.66","2.23"
"4448","13-02-23 21:00","England","Premier League","2022/2023","Liverpool","Everton","1.62","4.08","6.03","1.04","13.00","1.23","4.33","1.82","2.10","2.86","1.45","5.41","1.17","1.73","2.10"
"4449","12-02-23 17:30","England","Premier League","2022/2023","Manchester City","Aston Villa","1.34","5.36","9.87","1.02","16.00","1.17","5.32","1.46","2.79","2.14","1.74","3.90","1.28","1.79","2.02"
"4450","12-02-23 15:00","England","Premier League","2022/2023","Leeds","Manchester Utd","4.00","3.88","1.91","1.02","16.00","1.20","4.79","1.63","2.34","2.52","1.55","4.53","1.22","1.55","2.46"
"4451","11-02-23 18:30","England","Premier League","2022/2023","Bournemouth","Newcastle","5.89","3.89","1.66","1.06","10.60","1.30","3.72","1.88","2.03","3.24","1.37","6.17","1.14","1.92","1.88"
"4452","11-02-23 16:00","England","Premier League","2022/2023","Arsenal","Brentford","1.53","4.42","6.63","1.05","11.00","1.23","4.33","1.82","2.10","2.86","1.45","5.41","1.17","1.90","1.90"
"4453","11-02-23 16:00","England","Premier League","2022/2023","Crystal Palace","Brighton","4.83","3.81","1.78","1.08","9.00","1.37","3.20","2.24","1.73","3.79","1.29","7.54","1.10","1.98","1.83"
"4454","11-02-23 16:00","England","Premier League","2022/2023","Fulham","Nottingham","1.93","3.53","4.37","1.08","9.00","1.34","3.40","2.13","1.80","3.67","1.30","7.54","1.10","1.90","1.90"
"4455","11-02-23 16:00","England","Premier League","2022/2023","Leicester","Tottenham","3.80","3.83","1.98","1.03","13.80","1.22","4.61","1.73","2.23","2.70","1.49","5.11","1.18","1.61","2.31"
"4456","11-02-23 16:00","England","Premier League","2022/2023","Southampton","Wolves","3.05","3.25","2.54","1.09","8.00","1.41","3.00","2.37","1.62","4.48","1.22","9.26","1.07","1.98","1.83"
"4457","11-02-23 13:30","England","Premier League","2022/2023","West Ham","Chelsea","3.85","3.37","2.11","1.07","9.57","1.34","3.41","2.11","1.81","3.90","1.28","7.97","1.09","1.79","2.02"
"4458","08-02-23 21:00","England","Premier League","2022/2023","Manchester Utd","Leeds","1.53","4.58","6.36","1.03","13.80","1.22","4.61","1.63","2.34","2.70","1.49","5.11","1.18","1.78","2.04"
"4459","05-02-23 17:30","England","Premier League","2022/2023","Tottenham","Manchester City","4.21","3.87","1.87","1.03","13.80","1.22","4.61","1.73","2.23","2.70","1.49","5.11","1.18","1.63","2.29"
"4460","05-02-23 15:00","England","Premier League","2022/2023","Nottingham","Leeds","2.98","3.37","2.51","1.05","11.70","1.26","3.99","1.88","2.03","3.06","1.40","6.17","1.14","1.70","2.15"
"4461","04-02-23 18:30","England","Premier League","2022/2023","Newcastle","West Ham","1.68","3.87","5.61","1.05","11.70","1.26","3.99","1.88","2.03","3.24","1.37","6.17","1.14","1.79","2.02"
"4462","04-02-23 16:00","England","Premier League","2022/2023","Aston Villa","Leicester","2.15","3.58","3.49","1.05","11.00","1.32","3.50","1.99","1.91","3.43","1.34","7.06","1.11","1.83","1.98"
"4463","04-02-23 16:00","England","Premier League","2022/2023","Brentford","Southampton","1.74","3.84","5.12","1.06","10.00","1.34","3.40","2.13","1.80","3.67","1.30","7.54","1.10","1.98","1.83"
"4464","04-02-23 16:00","England","Premier League","2022/2023","Brighton","Bournemouth","1.40","5.26","7.89","1.03","15.00","1.22","4.50","1.65","2.30","2.66","1.50","4.80","1.20","1.90","1.90"
"4465","04-02-23 16:00","England","Premier League","2022/2023","Manchester Utd","Crystal Palace","1.40","5.13","8.21","1.04","13.00","1.23","4.33","1.82","2.10","2.86","1.45","5.41","1.17","2.04","1.78"
"4466","04-02-23 16:00","England","Premier League","2022/2023","Wolves","Liverpool","3.87","3.87","1.94","1.04","13.00","1.26","4.00","1.90","2.00","3.06","1.40","6.00","1.14","1.74","2.10"
"4467","04-02-23 13:30","England","Premier League","2022/2023","Everton","Arsenal","9.29","4.27","1.45","1.06","9.89","1.28","3.85","1.95","1.95","3.37","1.34","6.48","1.13","2.06","1.77"
"4468","03-02-23 21:00","England","Premier League","2022/2023","Chelsea","Fulham","1.58","4.09","6.59","1.06","10.20","1.33","3.47","2.17","1.78","3.52","1.32","7.11","1.11","1.79","2.02"
"4469","23-01-23 21:15","England","Premier League","2022/2023","Fulham","Tottenham","3.40","3.94","2.13","1.01","17.00","1.18","4.50","1.68","2.38","2.48","1.49","4.24","1.17","1.55","2.38"
"4470","22-01-23 17:30","England","Premier League","2022/2023","Arsenal","Manchester Utd","1.94","3.82","3.93","1.03","13.80","1.24","4.25","1.80","2.13","2.88","1.44","5.11","1.18","1.65","2.26"
"4471","22-01-23 15:00","England","Premier League","2022/2023","Leeds","Brentford","2.53","3.64","2.77","1.03","13.80","1.24","4.25","1.80","2.13","2.88","1.44","5.66","1.16","1.63","2.29"
"4472","22-01-23 15:00","England","Premier League","2022/2023","Manchester City","Wolves","1.26","6.98","10.30","1.02","18.10","1.17","5.32","1.50","2.66","2.23","1.69","3.90","1.28","2.17","1.69"
"4473","21-01-23 18:30","England","Premier League","2022/2023","Crystal Palace","Newcastle","4.61","3.69","1.85","1.07","9.43","1.37","3.21","2.26","1.71","4.03","1.26","8.02","1.09","1.87","1.94"
"4474","21-01-23 16:00","England","Premier League","2022/2023","Bournemouth","Nottingham","3.03","3.21","2.57","1.08","8.51","1.38","3.19","2.22","1.74","4.22","1.24","8.74","1.08","1.90","1.90"
"4475","21-01-23 16:00","England","Premier League","2022/2023","Leicester","Brighton","4.09","3.88","1.89","1.02","16.00","1.22","4.61","1.73","2.23","2.70","1.49","5.11","1.18","1.63","2.29"
"4476","21-01-23 16:00","England","Premier League","2022/2023","Southampton","Aston Villa","2.86","3.20","2.71","1.08","8.51","1.38","3.19","2.22","1.74","3.90","1.28","8.74","1.08","1.79","2.02"
"4477","21-01-23 16:00","England","Premier League","2022/2023","West Ham","Everton","1.92","3.58","4.34","1.07","9.57","1.34","3.41","2.11","1.81","3.57","1.31","7.12","1.11","1.98","1.83"
"4478","21-01-23 13:30","England","Premier League","2022/2023","Liverpool","Chelsea","2.05","3.69","3.69","1.05","11.00","1.29","3.75","1.99","1.91","3.24","1.37","6.54","1.13","1.74","2.10"
"4479","19-01-23 21:00","England","Premier League","2022/2023","Manchester City","Tottenham","1.51","4.61","6.53","1.02","17.00","1.19","5.00","1.56","2.50","2.37","1.62","4.14","1.25","1.70","2.15"
"4480","18-01-23 21:00","England","Premier League","2022/2023","Crystal Palace","Manchester Utd","5.89","4.03","1.63","1.05","11.70","1.26","3.99","1.88","2.03","3.24","1.37","6.17","1.14","1.79","2.02"
"4481","15-01-23 17:30","England","Premier League","2022/2023","Tottenham","Arsenal","3.67","3.58","2.09","1.05","11.80","1.29","3.76","1.86","2.05","3.21","1.37","6.12","1.14","1.68","2.19"
"4482","15-01-23 15:00","England","Premier League","2022/2023","Chelsea","Crystal Palace","1.82","3.56","4.97","1.08","8.51","1.38","3.19","2.14","1.74","4.22","1.24","8.74","1.08","1.98","1.83"
"4483","15-01-23 15:00","England","Premier League","2022/2023","Newcastle","Fulham","1.56","4.42","6.14","1.03","13.80","1.22","4.61","1.73","2.23","2.70","1.49","5.11","1.18","1.73","2.10"
"4484","14-01-23 18:30","England","Premier League","2022/2023","Brentford","Bournemouth","1.63","4.07","5.85","1.05","11.70","1.26","3.99","1.88","2.03","3.24","1.37","6.17","1.14","1.87","1.94"
"4485","14-01-23 16:00","England","Premier League","2022/2023","Brighton","Liverpool","3.19","3.85","2.18","1.02","18.10","1.17","5.32","1.55","2.53","2.33","1.63","4.22","1.24","1.47","2.70"
"4486","14-01-23 16:00","England","Premier League","2022/2023","Everton","Southampton","2.33","3.28","3.38","1.08","8.51","1.38","3.19","2.23","1.69","4.22","1.24","8.74","1.08","1.87","1.94"
"4487","14-01-23 16:00","England","Premier League","2022/2023","Nottingham","Leicester","2.83","3.26","2.69","1.08","8.51","1.43","2.93","2.23","1.69","4.22","1.24","8.74","1.08","1.87","1.94"
"4488","14-01-23 16:00","England","Premier League","2022/2023","Wolves","West Ham","2.45","3.29","3.14","1.08","8.51","1.38","3.19","2.22","1.74","4.22","1.24","8.74","1.08","1.87","1.94"
"4489","14-01-23 13:30","England","Premier League","2022/2023","Manchester Utd","Manchester City","3.78","3.98","1.94","1.02","16.10","1.21","4.66","1.62","2.37","2.68","1.50","5.06","1.18","1.57","2.42"
"4490","13-01-23 21:00","England","Premier League","2022/2023","Aston Villa","Leeds","2.04","3.56","3.87","1.03","13.80","1.22","4.61","1.73","2.23","2.70","1.49","5.11","1.18","1.58","2.39"
"4491","12-01-23 21:00","England","Premier League","2022/2023","Fulham","Chelsea","4.12","3.50","2.05","1.04","7.60","1.36","2.94","2.24","1.76","3.72","1.24","7.20","1.05","1.93","1.83"
"4492","05-01-23 21:00","England","Premier League","2022/2023","Chelsea","Manchester City","5.19","4.15","1.68","1.05","11.70","1.24","4.25","1.73","2.23","2.70","1.49","5.11","1.18","1.69","2.17"
"4493","04-01-23 21:00","England","Premier League","2022/2023","Aston Villa","Wolves","1.93","3.56","4.33","1.07","9.57","1.34","3.41","2.11","1.81","3.90","1.28","7.97","1.09","2.10","1.73"
"4494","04-01-23 21:00","England","Premier League","2022/2023","Crystal Palace","Tottenham","3.66","3.47","2.13","1.06","10.60","1.30","3.72","1.88","2.03","3.24","1.37","6.66","1.12","1.69","2.17"
"4495","04-01-23 20:45","England","Premier League","2022/2023","Leeds","West Ham","2.93","3.46","2.50","1.05","11.70","1.30","3.72","1.88","2.03","3.24","1.37","6.66","1.12","1.69","2.17"
"4496","04-01-23 20:30","England","Premier League","2022/2023","Southampton","Nottingham","2.34","3.36","3.26","1.08","8.51","1.34","3.41","2.11","1.81","3.90","1.28","7.97","1.09","1.79","2.02"
"4497","03-01-23 21:00","England","Premier League","2022/2023","Manchester Utd","Bournemouth","1.28","6.27","11.50","1.02","18.10","1.17","5.32","1.50","2.66","2.23","1.69","3.90","1.28","1.92","1.88"
"4498","03-01-23 20:45","England","Premier League","2022/2023","Arsenal","Newcastle","1.77","3.88","4.85","1.05","12.00","1.26","4.08","1.85","2.07","3.00","1.41","6.06","1.14","1.72","2.13"
"4499","03-01-23 20:45","England","Premier League","2022/2023","Everton","Brighton","3.48","3.44","2.21","1.08","8.49","1.41","3.02","2.38","1.65","4.40","1.23","8.99","1.08","1.73","2.10"
"4500","03-01-23 20:45","England","Premier League","2022/2023","Leicester","Fulham","2.27","3.62","3.19","1.03","13.80","1.22","4.61","1.63","2.34","2.70","1.49","5.11","1.18","1.55","2.46"
"4501","02-01-23 18:30","England","Premier League","2022/2023","Brentford","Liverpool","6.68","4.61","1.50","1.02","16.10","1.20","4.84","1.57","2.48","2.40","1.60","4.49","1.22","1.65","2.26"
"4502","01-01-23 17:30","England","Premier League","2022/2023","Nottingham","Chelsea","6.23","4.08","1.60","1.05","11.70","1.26","3.99","1.88","2.03","3.06","1.40","6.17","1.14","1.87","1.94"
"4503","01-01-23 15:00","England","Premier League","2022/2023","Tottenham","Aston Villa","1.62","4.21","5.67","1.03","14.20","1.24","4.24","1.72","2.17","2.73","1.48","5.11","1.18","1.63","2.29"
"4504","31-12-22 18:30","England","Premier League","2022/2023","Brighton","Arsenal","4.78","3.80","1.79","1.05","12.10","1.25","4.12","1.83","2.09","2.98","1.42","6.00","1.14","1.66","2.22"
"4505","31-12-22 16:00","England","Premier League","2022/2023","Bournemouth","Crystal Palace","3.12","3.27","2.47","1.08","8.51","1.38","3.19","2.23","1.69","4.22","1.24","8.74","1.08","1.87","1.94"
"4506","31-12-22 16:00","England","Premier League","2022/2023","Fulham","Southampton","1.80","3.89","4.58","1.03","13.80","1.22","4.61","1.73","2.23","2.88","1.44","5.11","1.18","1.66","2.23"
"4507","31-12-22 16:00","England","Premier League","2022/2023","Manchester City","Everton","1.15","8.52","22.00","1.02","15.00","1.12","6.91","1.34","3.41","1.88","2.03","2.88","1.44","1.98","1.83"
"4508","31-12-22 16:00","England","Premier League","2022/2023","Newcastle","Leeds","1.46","4.86","7.07","1.02","16.00","1.20","4.79","1.58","2.45","2.52","1.55","4.53","1.22","1.73","2.10"
"4509","31-12-22 13:30","England","Premier League","2022/2023","Wolves","Manchester Utd","4.53","3.67","1.86","1.05","11.70","1.26","3.99","1.88","2.03","3.06","1.40","6.17","1.14","1.69","2.17"
"4510","30-12-22 21:00","England","Premier League","2022/2023","Liverpool","Leicester","1.28","6.27","11.50","1.02","26.00","1.13","6.38","1.43","2.93","2.01","1.90","3.24","1.37","1.85","1.96"
"4511","30-12-22 20:45","England","Premier League","2022/2023","West Ham","Brentford","2.14","3.71","3.41","1.05","11.70","1.26","3.99","1.80","2.13","3.06","1.40","6.17","1.14","1.66","2.23"
"4512","28-12-22 21:00","England","Premier League","2022/2023","Leeds","Manchester City","10.40","6.11","1.30","1.02","26.00","1.11","6.99","1.37","3.23","1.99","1.91","3.03","1.41","1.78","2.04"
"4513","27-12-22 21:00","England","Premier League","2022/2023","Manchester Utd","Nottingham","1.34","5.60","9.41","1.02","16.00","1.18","5.19","1.57","2.48","2.41","1.60","4.03","1.26","1.88","1.92"
"4514","27-12-22 18:30","England","Premier League","2022/2023","Chelsea","Bournemouth","1.34","5.36","9.87","1.03","15.00","1.22","4.50","1.65","2.30","2.66","1.50","4.80","1.20","1.98","1.83"
"4515","26-12-22 21:00","England","Premier League","2022/2023","Arsenal","West Ham","1.54","4.31","6.76","1.05","11.80","1.24","4.30","1.78","2.15","2.86","1.45","5.60","1.16","1.79","2.02"
"4516","26-12-22 18:30","England","Premier League","2022/2023","Aston Villa","Liverpool","4.89","3.91","1.75","1.03","14.10","1.19","4.89","1.61","2.39","2.47","1.57","4.44","1.23","1.63","2.29"
"4517","26-12-22 16:00","England","Premier League","2022/2023","Crystal Palace","Fulham","2.16","3.68","3.38","1.05","11.70","1.30","3.72","1.88","2.03","3.24","1.37","6.17","1.14","1.69","2.17"
"4518","26-12-22 16:00","England","Premier League","2022/2023","Everton","Wolves","2.35","3.34","3.28","1.09","8.00","1.41","3.00","2.35","1.67","4.48","1.22","9.26","1.07","1.87","1.94"
"4519","26-12-22 16:00","England","Premier League","2022/2023","Leicester","Newcastle","3.63","3.58","2.10","1.05","11.70","1.26","3.99","1.88","2.03","3.24","1.37","6.17","1.14","1.69","2.17"
"4520","26-12-22 16:00","England","Premier League","2022/2023","Southampton","Brighton","3.70","3.50","2.11","1.07","9.43","1.35","3.30","2.12","1.81","3.65","1.30","7.51","1.10","1.83","1.98"
"4521","26-12-22 13:30","England","Premier League","2022/2023","Brentford","Tottenham","3.72","3.69","2.04","1.03","13.80","1.24","4.25","1.73","2.23","2.88","1.44","5.11","1.18","1.58","2.39"
"4522","13-11-22 17:30","England","Premier League","2022/2023","Fulham","Manchester Utd","4.44","3.88","1.83","1.03","13.80","1.22","4.61","1.73","2.23","2.70","1.49","5.11","1.18","1.63","2.29"
"4523","13-11-22 15:00","England","Premier League","2022/2023","Brighton","Aston Villa","1.82","3.88","4.49","1.06","10.60","1.30","3.72","1.88","2.03","3.24","1.37","6.17","1.14","1.79","2.02"
"4524","12-11-22 20:45","England","Premier League","2022/2023","Wolves","Arsenal","7.16","4.10","1.54","1.06","10.60","1.26","3.99","1.88","2.03","3.06","1.40","6.17","1.14","1.87","1.94"
"4525","12-11-22 18:30","England","Premier League","2022/2023","Newcastle","Chelsea","2.29","3.45","3.29","1.07","9.57","1.31","3.62","2.11","1.81","3.57","1.31","7.12","1.11","1.73","2.10"
"4526","12-11-22 16:00","England","Premier League","2022/2023","Bournemouth","Everton","2.69","3.30","2.81","1.04","9.00","1.37","3.20","2.35","1.67","3.80","1.23","8.45","1.05","1.90","1.90"
"4527","12-11-22 16:00","England","Premier League","2022/2023","Liverpool","Southampton","1.28","6.62","11.00","1.02","27.00","1.14","6.13","1.41","3.02","2.12","1.81","3.45","1.33","1.78","2.04"
"4528","12-11-22 16:00","England","Premier League","2022/2023","Nottingham","Crystal Palace","3.39","3.40","2.37","1.11","7.40","1.41","3.00","2.35","1.70","4.48","1.22","9.26","1.04","1.95","1.81"
"4529","12-11-22 16:00","England","Premier League","2022/2023","Tottenham","Leeds","1.63","4.40","5.33","1.03","15.00","1.22","4.50","1.61","2.38","2.47","1.57","4.48","1.14","1.65","2.25"
"4530","12-11-22 16:00","England","Premier League","2022/2023","West Ham","Leicester","2.16","3.46","3.60","1.02","11.00","1.29","3.75","1.97","1.97","3.14","1.32","6.54","1.09","1.74","2.10"
"4531","12-11-22 13:30","England","Premier League","2022/2023","Manchester City","Brentford","1.15","8.64","21.00","1.02","26.00","1.13","6.38","1.38","3.19","2.01","1.90","3.24","1.37","2.09","1.74"
"4532","06-11-22 17:30","England","Premier League","2022/2023","Tottenham","Liverpool","3.24","3.86","2.16","1.02","16.00","1.20","4.79","1.58","2.45","2.52","1.55","4.53","1.22","1.55","2.46"
"4533","06-11-22 15:00","England","Premier League","2022/2023","Aston Villa","Manchester Utd","3.41","3.57","2.19","1.05","11.70","1.26","3.99","1.88","2.03","3.24","1.36","6.17","1.14","1.74","2.10"
"4534","06-11-22 15:00","England","Premier League","2022/2023","Southampton","Newcastle","4.66","3.79","1.80","1.05","11.00","1.29","3.75","1.99","1.91","3.43","1.34","6.54","1.13","1.83","1.98"
"4535","06-11-22 15:00","England","Premier League","2022/2023","West Ham","Crystal Palace","1.90","3.74","4.52","1.03","8.40","1.33","3.10","2.14","1.83","3.54","1.26","6.75","1.06","1.91","1.85"
"4536","06-11-22 13:00","England","Premier League","2022/2023","Chelsea","Arsenal","2.93","3.49","2.47","1.05","11.70","1.26","3.99","1.88","2.03","3.06","1.40","6.17","1.14","1.66","2.23"
"4537","05-11-22 18:30","England","Premier League","2022/2023","Everton","Leicester","2.49","3.45","2.95","1.06","10.60","1.31","3.62","2.01","1.90","3.46","1.33","6.66","1.12","1.69","2.17"
"4538","05-11-22 16:00","England","Premier League","2022/2023","Leeds","Bournemouth","1.68","4.32","5.25","","","1.21","4.04","1.79","2.20","2.73","1.41","4.80","1.13","1.75","2.03"
"4539","05-11-22 16:00","England","Premier League","2022/2023","Manchester City","Fulham","1.17","8.06","17.10","1.02","29.00","1.13","6.50","1.37","3.20","1.99","1.91","3.24","1.37","1.98","1.83"
"4540","05-11-22 16:00","England","Premier League","2022/2023","Nottingham","Brentford","2.66","3.28","2.98","1.05","7.30","1.38","2.85","2.31","1.72","3.90","1.22","7.60","1.04","1.90","1.86"
"4541","05-11-22 16:00","England","Premier League","2022/2023","Wolves","Brighton","3.64","3.44","2.22","1.04","7.40","1.39","2.81","2.35","1.70","4.04","1.21","7.90","1.04","1.97","1.80"
"4542","30-10-22 17:15","England","Premier League","2022/2023","Manchester Utd","West Ham","1.69","3.99","5.34","1.05","11.70","1.26","3.99","1.88","2.03","3.06","1.40","6.17","1.14","1.73","2.11"
"4543","30-10-22 15:00","England","Premier League","2022/2023","Arsenal","Nottingham","1.25","6.61","12.50","1.02","16.00","1.17","5.32","1.50","2.66","2.33","1.63","3.90","1.27","2.03","1.78"
"4544","29-10-22 20:45","England","Premier League","2022/2023","Liverpool","Leeds","1.24","6.79","12.50","1.02","30.00","1.10","7.45","1.34","3.40","1.88","2.03","2.88","1.44","1.78","2.04"
"4545","29-10-22 18:30","England","Premier League","2022/2023","Fulham","Everton","2.25","3.48","3.33","1.05","11.70","1.24","4.26","1.88","2.03","3.06","1.40","6.17","1.14","1.66","2.23"
"4546","29-10-22 16:00","England","Premier League","2022/2023","Bournemouth","Tottenham","5.10","3.74","1.81","1.03","8.50","1.32","3.14","2.11","1.85","3.48","1.27","6.60","1.06","1.93","1.83"
"4547","29-10-22 16:00","England","Premier League","2022/2023","Brentford","Wolves","2.21","3.54","3.54","1.02","8.60","1.29","3.36","2.01","1.93","3.20","1.31","5.95","1.08","1.76","2.01"
"4548","29-10-22 16:00","England","Premier League","2022/2023","Brighton","Chelsea","3.28","3.46","2.29","1.06","10.60","1.31","3.62","2.01","1.90","3.46","1.33","6.66","1.12","1.73","2.11"
"4549","29-10-22 16:00","England","Premier League","2022/2023","Crystal Palace","Southampton","2.07","3.60","3.90","1.03","8.10","1.34","3.04","2.18","1.80","3.62","1.25","6.95","1.05","1.89","1.87"
"4550","29-10-22 16:00","England","Premier League","2022/2023","Newcastle","Aston Villa","1.81","3.98","4.68","1.01","9.80","1.25","3.62","1.91","2.03","2.98","1.35","5.45","1.10","1.78","1.99"
"4551","29-10-22 13:30","England","Premier League","2022/2023","Leicester","Manchester City","7.72","5.13","1.42","1.02","16.00","1.20","4.79","1.55","2.53","2.33","1.63","4.22","1.24","1.69","2.17"
"4552","24-10-22 21:00","England","Premier League","2022/2023","West Ham","Bournemouth","1.63","4.22","6.00","1.02","9.30","1.28","3.40","1.97","1.97","3.14","1.32","5.80","1.09","1.93","1.83"
"4553","23-10-22 17:30","England","Premier League","2022/2023","Tottenham","Newcastle","2.10","3.50","3.70","1.05","11.70","1.26","3.99","1.88","2.03","3.24","1.36","6.17","1.14","1.66","2.23"
"4554","23-10-22 15:00","England","Premier League","2022/2023","Aston Villa","Brentford","2.11","3.60","3.60","1.06","10.40","1.32","3.54","2.12","1.81","3.65","1.30","6.96","1.11","1.78","2.04"
"4555","23-10-22 15:00","England","Premier League","2022/2023","Leeds","Fulham","2.09","3.67","3.57","1.03","15.00","1.19","5.00","1.61","2.38","2.47","1.57","4.48","1.22","1.52","2.53"
"4556","23-10-22 15:00","England","Premier League","2022/2023","Southampton","Arsenal","6.77","4.52","1.51","1.04","13.00","1.22","4.50","1.70","2.20","2.66","1.50","4.80","1.20","1.83","1.98"
"4557","23-10-22 15:00","England","Premier League","2022/2023","Wolves","Leicester","2.34","3.36","3.26","1.06","10.00","1.32","3.50","1.99","1.91","3.43","1.34","7.06","1.11","1.74","2.10"
"4558","22-10-22 18:30","England","Premier League","2022/2023","Chelsea","Manchester Utd","2.15","3.69","3.38","1.03","13.80","1.24","4.26","1.80","2.13","3.06","1.40","5.66","1.16","1.66","2.23"
"4559","22-10-22 16:00","England","Premier League","2022/2023","Everton","Crystal Palace","2.56","3.24","3.16","1.05","7.00","1.40","2.77","2.37","1.69","4.14","1.20","7.90","1.04","1.93","1.83"
"4560","22-10-22 16:00","England","Premier League","2022/2023","Manchester City","Brighton","1.25","7.00","13.00","1.02","21.00","1.10","5.30","1.45","2.61","2.28","1.74","3.54","1.26","1.93","1.83"
"4561","22-10-22 13:30","England","Premier League","2022/2023","Nottingham","Liverpool","8.14","5.80","1.36","1.03","18.00","1.20","4.79","1.55","2.53","2.42","1.59","4.22","1.24","1.98","1.83"
"4562","20-10-22 21:15","England","Premier League","2022/2023","Leicester","Leeds","2.19","3.57","3.41","1.03","13.80","1.21","4.61","1.63","2.34","2.52","1.55","4.53","1.22","1.55","2.46"
"4563","20-10-22 20:30","England","Premier League","2022/2023","Fulham","Aston Villa","2.82","3.41","2.61","1.06","10.60","1.29","3.72","1.88","2.03","3.24","1.36","6.17","1.14","1.66","2.23"
"4564","19-10-22 21:15","England","Premier League","2022/2023","Manchester Utd","Tottenham","2.52","3.62","2.80","1.03","13.80","1.24","4.26","1.80","2.13","2.88","1.44","5.66","1.16","1.62","2.29"
"4565","19-10-22 20:30","England","Premier League","2022/2023","Bournemouth","Southampton","2.50","3.32","3.03","1.08","8.51","1.37","3.19","2.22","1.74","3.90","1.27","7.97","1.09","1.79","2.02"
"4566","19-10-22 20:30","England","Premier League","2022/2023","Brentford","Chelsea","4.41","3.85","1.84","1.05","11.70","1.29","3.72","1.88","2.03","3.24","1.36","6.17","1.14","1.73","2.11"
"4567","19-10-22 20:30","England","Premier League","2022/2023","Liverpool","West Ham","1.42","5.13","7.64","1.03","20.00","1.17","5.32","1.55","2.53","2.33","1.63","4.22","1.24","1.78","2.04"
"4568","19-10-22 20:30","England","Premier League","2022/2023","Newcastle","Everton","1.77","3.88","4.81","1.05","11.70","1.26","3.99","1.88","2.03","3.24","1.36","6.17","1.14","1.87","1.94"
"4569","18-10-22 21:15","England","Premier League","2022/2023","Crystal Palace","Wolves","2.04","3.35","4.11","1.08","8.51","1.37","3.19","2.23","1.68","4.22","1.24","8.74","1.08","1.87","1.94"
"4570","18-10-22 20:30","England","Premier League","2022/2023","Brighton","Nottingham","1.40","5.26","7.89","1.05","11.70","1.24","4.26","1.73","2.23","2.70","1.49","5.11","1.18","1.92","1.88"
"4571","16-10-22 17:30","England","Premier League","2022/2023","Liverpool","Manchester City","4.18","4.10","1.83","1.02","25.00","1.15","5.85","1.43","2.93","2.11","1.81","3.46","1.33","1.42","2.85"
"4572","16-10-22 15:00","England","Premier League","2022/2023","Aston Villa","Chelsea","4.33","3.56","1.92","1.06","10.60","1.31","3.62","2.01","1.90","3.57","1.31","7.12","1.11","1.79","2.02"
"4573","16-10-22 15:00","England","Premier League","2022/2023","Leeds","Arsenal","5.73","4.06","1.63","1.02","16.00","1.17","5.32","1.55","2.53","2.33","1.63","4.22","1.24","1.65","2.24"
"4574","16-10-22 15:00","England","Premier League","2022/2023","Manchester Utd","Newcastle","1.95","3.80","3.92","1.02","16.00","1.21","4.61","1.63","2.34","2.70","1.49","5.11","1.18","1.65","2.24"
"4575","16-10-22 15:00","England","Premier League","2022/2023","Southampton","West Ham","3.14","3.45","2.37","1.05","11.70","1.29","3.72","2.01","1.90","3.24","1.36","6.66","1.12","1.78","2.04"
"4576","15-10-22 18:30","England","Premier League","2022/2023","Tottenham","Everton","1.47","4.56","7.60","1.03","13.80","1.21","4.61","1.63","2.34","2.52","1.55","4.53","1.22","1.73","2.11"
"4577","15-10-22 16:00","England","Premier League","2022/2023","Fulham","Bournemouth","1.95","3.67","4.08","1.05","11.00","1.29","3.75","1.99","1.91","3.24","1.37","6.54","1.13","1.78","2.04"
"4578","15-10-22 16:00","England","Premier League","2022/2023","Wolves","Nottingham","1.74","3.84","5.12","1.06","10.00","1.32","3.50","2.13","1.80","3.43","1.34","7.06","1.11","1.98","1.83"
"4579","15-10-22 13:30","England","Premier League","2022/2023","Leicester","Crystal Palace","2.35","3.58","3.07","1.05","11.70","1.26","3.99","1.88","2.03","3.06","1.40","6.17","1.14","1.62","2.29"
"4580","14-10-22 21:00","England","Premier League","2022/2023","Brentford","Brighton","3.54","3.48","2.16","1.06","10.40","1.32","3.54","2.12","1.81","3.45","1.33","6.96","1.11","1.66","2.23"
"4581","10-10-22 21:00","England","Premier League","2022/2023","Nottingham","Aston Villa","3.97","3.69","1.97","1.05","11.70","1.26","3.99","1.88","2.03","3.24","1.36","6.17","1.14","1.73","2.11"
"4582","09-10-22 20:00","England","Premier League","2022/2023","Everton","Manchester Utd","3.96","3.56","2.01","1.05","11.70","1.24","4.26","1.80","2.13","2.88","1.44","5.66","1.16","1.62","2.29"
"4583","09-10-22 17:30","England","Premier League","2022/2023","Arsenal","Liverpool","2.55","3.82","2.65","1.03","21.00","1.17","5.32","1.50","2.66","2.23","1.68","3.90","1.27","1.42","2.85"
"4584","09-10-22 15:00","England","Premier League","2022/2023","Crystal Palace","Leeds","2.04","3.60","3.83","1.06","10.40","1.32","3.54","2.12","1.81","3.65","1.30","6.96","1.11","1.83","1.98"
"4585","09-10-22 15:00","England","Premier League","2022/2023","West Ham","Fulham","1.68","3.95","5.46","1.05","11.70","1.26","3.99","1.88","2.03","3.06","1.40","6.17","1.14","1.79","2.02"
"4586","08-10-22 18:30","England","Premier League","2022/2023","Brighton","Tottenham","2.74","3.39","2.69","1.06","10.60","1.29","3.72","2.01","1.90","3.46","1.33","6.66","1.12","1.69","2.17"
"4587","08-10-22 16:00","England","Premier League","2022/2023","Bournemouth","Leicester","3.48","3.57","2.16","1.05","11.70","1.26","3.99","1.88","2.03","3.06","1.40","6.17","1.14","1.74","2.10"
"4588","08-10-22 16:00","England","Premier League","2022/2023","Chelsea","Wolves","1.50","4.27","7.56","1.06","10.60","1.26","3.99","1.88","2.03","3.24","1.36","6.17","1.14","2.04","1.78"
"4589","08-10-22 16:00","England","Premier League","2022/2023","Manchester City","Southampton","1.12","10.60","21.00","1.01","29.00","1.08","8.51","1.26","3.99","1.68","2.23","2.42","1.59","2.11","1.73"
"4590","08-10-22 16:00","England","Premier League","2022/2023","Newcastle","Brentford","1.70","4.06","5.03","1.03","13.80","1.24","4.26","1.80","2.13","2.88","1.44","5.66","1.16","1.78","2.04"
"4591","03-10-22 21:00","England","Premier League","2022/2023","Leicester","Nottingham","1.70","4.11","4.98","1.02","16.00","1.21","4.61","1.63","2.34","2.70","1.49","5.11","1.18","1.62","2.29"
"4592","02-10-22 17:30","England","Premier League","2022/2023","Leeds","Aston Villa","2.59","3.35","2.89","1.05","11.70","1.26","3.99","1.88","2.03","3.06","1.40","6.17","1.14","1.62","2.29"
"4593","02-10-22 15:00","England","Premier League","2022/2023","Manchester City","Manchester Utd","1.47","5.49","5.94","1.02","24.00","1.15","5.91","1.42","2.96","2.09","1.83","3.43","1.33","1.58","2.38"
"4594","01-10-22 18:30","England","Premier League","2022/2023","West Ham","Wolves","2.03","3.44","4.05","1.07","9.57","1.37","3.19","2.22","1.74","3.90","1.27","7.97","1.09","1.87","1.94"
"4595","01-10-22 16:00","England","Premier League","2022/2023","Bournemouth","Brentford","3.26","3.66","2.29","1.01","9.40","1.27","3.48","1.96","1.98","3.10","1.33","5.70","1.09","1.71","2.08"
"4596","01-10-22 16:00","England","Premier League","2022/2023","Crystal Palace","Chelsea","4.88","3.92","1.80","1.02","8.90","1.30","3.26","2.03","1.91","3.32","1.29","6.15","1.08","1.88","1.88"
"4597","01-10-22 16:00","England","Premier League","2022/2023","Fulham","Newcastle","3.08","3.50","2.47","1.02","9.10","1.27","3.48","1.95","1.99","3.08","1.33","5.60","1.09","1.69","2.11"
"4598","01-10-22 16:00","England","Premier League","2022/2023","Liverpool","Brighton","1.50","4.94","6.80","1.03","18.00","1.15","4.54","1.64","2.46","2.47","1.58","4.14","1.20","1.74","2.04"
"4599","01-10-22 16:00","England","Premier League","2022/2023","Southampton","Everton","2.37","3.46","3.28","1.03","8.10","1.34","3.04","2.20","1.79","3.72","1.24","7.00","1.05","1.86","1.90"
"4600","01-10-22 13:30","England","Premier League","2022/2023","Arsenal","Tottenham","2.03","3.83","3.61","1.03","13.80","1.21","4.61","1.73","2.23","2.70","1.49","5.11","1.18","1.62","2.29"
"4601","18-09-22 15:15","England","Premier League","2022/2023","Everton","West Ham","2.96","3.32","2.55","1.07","9.43","1.37","3.21","2.26","1.71","3.90","1.27","7.51","1.10","1.69","2.17"
"4602","18-09-22 13:00","England","Premier League","2022/2023","Brentford","Arsenal","4.96","3.90","1.74","1.04","12.00","1.23","4.35","1.77","2.17","2.83","1.45","5.01","1.19","1.66","2.23"
"4603","17-09-22 18:30","England","Premier League","2022/2023","Tottenham","Leicester","1.50","4.55","7.06","1.03","14.10","1.21","4.72","1.68","2.24","2.63","1.51","4.76","1.20","1.62","2.29"
"4604","17-09-22 16:00","England","Premier League","2022/2023","Newcastle","Bournemouth","1.45","4.70","7.83","1.03","13.80","1.21","4.61","1.73","2.23","2.70","1.49","5.11","1.18","1.87","1.94"
"4605","17-09-22 13:30","England","Premier League","2022/2023","Wolves","Manchester City","8.66","5.85","1.35","1.03","19.00","1.17","5.32","1.55","2.53","2.33","1.63","4.22","1.24","1.98","1.83"
"4606","16-09-22 21:00","England","Premier League","2022/2023","Aston Villa","Southampton","2.02","3.57","3.90","1.05","11.70","1.26","3.99","1.88","2.03","3.06","1.40","6.17","1.14","1.69","2.17"
"4607","16-09-22 21:00","England","Premier League","2022/2023","Nottingham","Fulham","2.80","3.37","2.65","1.05","11.70","1.26","3.99","1.88","2.03","3.06","1.40","6.17","1.14","1.70","2.15"
"4608","04-09-22 17:30","England","Premier League","2022/2023","Manchester Utd","Arsenal","2.71","3.60","2.71","","","1.22","3.90","1.80","2.18","2.73","1.41","4.80","1.13","1.58","2.32"
"4609","04-09-22 15:00","England","Premier League","2022/2023","Brighton","Leicester","2.01","3.56","3.95","1.07","9.43","1.35","3.30","2.12","1.81","3.65","1.30","6.96","1.11","1.73","2.11"
"4610","03-09-22 18:30","England","Premier League","2022/2023","Aston Villa","Manchester City","9.40","6.05","1.34","1.02","23.00","1.10","5.50","1.42","2.69","2.19","1.79","3.36","1.29","1.72","2.07"
"4611","03-09-22 16:00","England","Premier League","2022/2023","Brentford","Leeds","2.15","3.69","3.38","1.04","13.00","1.22","3.90","1.90","2.00","3.06","1.40","6.00","1.14","1.63","2.22"
"4612","03-09-22 16:00","England","Premier League","2022/2023","Chelsea","West Ham","1.72","4.12","5.15","1.02","9.30","1.27","3.48","1.97","1.97","3.14","1.32","5.75","1.09","1.89","1.87"
"4613","03-09-22 16:00","England","Premier League","2022/2023","Newcastle","Crystal Palace","2.12","3.53","3.63","1.03","9.00","1.37","3.20","2.24","1.73","3.62","1.25","7.54","1.10","1.90","1.90"
"4614","03-09-22 16:00","England","Premier League","2022/2023","Nottingham","Bournemouth","2.20","3.37","3.58","1.08","9.00","1.37","3.20","2.35","1.67","3.72","1.24","8.45","1.05","1.98","1.83"
"4615","03-09-22 16:00","England","Premier League","2022/2023","Tottenham","Fulham","1.53","4.42","6.63","1.02","17.00","1.19","5.00","1.61","2.38","2.47","1.57","4.48","1.22","1.74","2.10"
"4616","03-09-22 16:00","England","Premier League","2022/2023","Wolves","Southampton","2.19","3.58","3.56","1.02","8.60","1.31","3.20","2.08","1.87","3.48","1.27","6.45","1.06","1.82","1.94"
"4617","03-09-22 13:30","England","Premier League","2022/2023","Everton","Liverpool","7.80","5.20","1.44","1.03","18.00","1.15","4.50","1.65","2.44","2.50","1.57","4.20","1.20","1.81","1.95"
"4618","01-09-22 21:00","England","Premier League","2022/2023","Leicester","Manchester Utd","3.56","3.84","2.04","1.02","16.00","1.20","4.79","1.58","2.45","2.52","1.55","4.53","1.22","1.50","2.57"
"4619","31-08-22 21:00","England","Premier League","2022/2023","Liverpool","Newcastle","1.36","5.85","9.00","1.02","25.00","1.10","5.45","1.42","2.69","2.18","1.80","3.32","1.29","1.72","2.07"
"4620","31-08-22 20:45","England","Premier League","2022/2023","West Ham","Tottenham","3.52","3.72","2.15","1.01","9.80","1.25","3.62","1.91","2.03","2.98","1.35","5.45","1.10","1.70","2.10"
"4621","31-08-22 20:30","England","Premier League","2022/2023","Arsenal","Aston Villa","1.59","4.52","6.00","1.01","16.00","1.20","4.14","1.75","2.26","2.62","1.44","4.60","1.14","1.78","1.99"
"4622","31-08-22 20:30","England","Premier League","2022/2023","Bournemouth","Wolves","3.40","3.44","2.31","1.04","7.60","1.38","2.85","2.29","1.73","3.90","1.22","7.50","1.04","1.91","1.85"
"4623","31-08-22 20:30","England","Premier League","2022/2023","Manchester City","Nottingham","1.12","12.00","25.00","1.01","29.00","1.03","8.00","1.23","3.80","1.70","2.35","2.32","1.55","2.05","1.73"
"4624","30-08-22 21:00","England","Premier League","2022/2023","Leeds","Everton","2.02","3.70","3.75","1.05","11.70","1.24","4.26","1.80","2.13","2.88","1.44","5.66","1.16","1.70","2.15"
"4625","30-08-22 20:45","England","Premier League","2022/2023","Southampton","Chelsea","5.57","4.10","1.65","1.03","14.10","1.23","4.35","1.77","2.17","2.83","1.45","5.55","1.16","1.78","2.04"
"4626","30-08-22 20:30","England","Premier League","2022/2023","Crystal Palace","Brentford","2.04","3.49","3.94","1.06","10.60","1.29","3.72","1.88","2.03","3.24","1.36","6.17","1.14","1.78","2.04"
"4627","30-08-22 20:30","England","Premier League","2022/2023","Fulham","Brighton","3.17","3.26","2.44","1.07","9.57","1.34","3.40","2.22","1.74","3.90","1.27","7.97","1.09","1.79","2.02"
"4628","28-08-22 17:30","England","Premier League","2022/2023","Nottingham","Tottenham","7.53","4.81","1.45","1.02","16.00","1.20","4.79","1.58","2.45","2.52","1.55","4.53","1.22","1.73","2.11"
"4629","28-08-22 15:00","England","Premier League","2022/2023","Aston Villa","West Ham","2.19","3.49","3.50","1.06","10.60","1.26","3.99","1.88","2.03","3.06","1.40","6.17","1.14","1.66","2.23"
"4630","28-08-22 15:00","England","Premier League","2022/2023","Wolves","Newcastle","2.70","3.34","2.76","1.07","9.57","1.31","3.62","2.11","1.81","3.57","1.31","7.12","1.11","1.73","2.11"
"4631","27-08-22 18:30","England","Premier League","2022/2023","Arsenal","Fulham","1.41","5.60","7.12","1.03","20.00","1.17","5.32","1.50","2.66","2.33","1.63","4.22","1.24","1.73","2.11"
"4632","27-08-22 16:00","England","Premier League","2022/2023","Brentford","Everton","2.17","3.58","3.60","1.02","8.60","1.31","3.20","2.08","1.87","3.40","1.28","6.40","1.07","1.82","1.94"
"4633","27-08-22 16:00","England","Premier League","2022/2023","Brighton","Leeds","1.85","3.94","4.52","1.01","9.80","1.25","3.62","1.91","2.03","2.98","1.35","5.50","1.10","1.78","1.99"
"4634","27-08-22 16:00","England","Premier League","2022/2023","Chelsea","Leicester","1.43","5.25","8.00","1.03","18.00","1.17","4.50","1.67","2.40","2.45","1.50","4.20","1.17","1.84","1.92"
"4635","27-08-22 16:00","England","Premier League","2022/2023","Liverpool","Bournemouth","1.16","9.40","19.00","1.02","30.00","1.07","6.35","1.33","3.10","1.96","1.98","2.85","1.38","2.07","1.72"
"4636","27-08-22 16:00","England","Premier League","2022/2023","Manchester City","Crystal Palace","1.20","7.90","17.00","1.02","22.00","1.12","5.10","1.47","2.53","2.29","1.73","3.54","1.26","2.24","1.62"
"4637","27-08-22 13:30","England","Premier League","2022/2023","Southampton","Manchester Utd","3.92","3.94","1.91","1.03","19.00","1.17","5.32","1.55","2.53","2.33","1.63","4.22","1.24","1.50","2.57"
"4638","22-08-22 21:00","England","Premier League","2022/2023","Manchester Utd","Liverpool","4.83","4.27","1.70","1.02","22.00","1.14","5.98","1.45","2.85","2.10","1.77","3.83","1.28","1.49","2.60"
"4639","21-08-22 17:30","England","Premier League","2022/2023","Newcastle","Manchester City","7.24","4.87","1.45","1.02","16.00","1.20","4.79","1.55","2.53","2.42","1.59","4.22","1.24","1.73","2.10"
"4640","21-08-22 15:00","England","Premier League","2022/2023","Leeds","Chelsea","6.23","4.84","1.51","1.02","16.00","1.20","4.79","1.58","2.45","2.42","1.59","4.53","1.22","1.69","2.17"
"4641","21-08-22 15:00","England","Premier League","2022/2023","West Ham","Brighton","2.31","3.45","3.24","1.07","9.43","1.35","3.30","2.12","1.81","3.65","1.30","7.51","1.10","1.66","2.23"
"4642","20-08-22 18:30","England","Premier League","2022/2023","Bournemouth","Arsenal","8.19","4.88","1.42","1.05","11.00","1.26","4.00","1.90","2.00","3.06","1.40","6.00","1.14","1.98","1.83"
"4643","20-08-22 16:00","England","Premier League","2022/2023","Crystal Palace","Aston Villa","2.56","3.28","3.12","1.05","7.30","1.37","2.89","2.28","1.74","3.88","1.22","7.40","1.05","1.88","1.88"
"4644","20-08-22 16:00","England","Premier League","2022/2023","Everton","Nottingham","1.99","3.70","4.12","1.03","8.50","1.32","3.14","2.11","1.85","3.48","1.27","6.55","1.06","1.87","1.89"
"4645","20-08-22 16:00","England","Premier League","2022/2023","Fulham","Brentford","2.66","3.40","2.74","1.02","8.80","1.26","3.54","1.94","2.00","2.98","1.35","6.17","1.10","1.68","2.13"
"4646","20-08-22 16:00","England","Premier League","2022/2023","Leicester","Southampton","1.92","4.06","4.04","1.01","16.00","1.18","4.40","1.70","2.34","2.53","1.47","4.34","1.16","1.60","2.27"
"4647","20-08-22 13:30","England","Premier League","2022/2023","Tottenham","Wolves","1.42","4.88","8.19","1.02","16.00","1.20","4.79","1.63","2.34","2.52","1.55","4.53","1.22","1.94","1.87"
"4648","15-08-22 21:00","England","Premier League","2022/2023","Liverpool","Crystal Palace","1.24","7.00","14.50","1.02","19.00","1.14","4.70","1.52","2.39","2.45","1.65","3.90","1.22","2.20","1.64"
"4649","14-08-22 17:30","England","Premier League","2022/2023","Chelsea","Tottenham","2.25","3.56","3.27","1.05","11.70","1.26","3.99","1.88","2.03","3.24","1.36","6.17","1.14","1.69","2.17"
"4650","14-08-22 15:00","England","Premier League","2022/2023","Nottingham","West Ham","4.48","3.67","1.87","1.05","11.70","1.26","3.99","1.88","2.03","3.06","1.40","6.17","1.14","1.69","2.17"
"4651","13-08-22 18:30","England","Premier League","2022/2023","Brentford","Manchester Utd","4.82","3.83","1.78","1.03","13.80","1.21","4.61","1.63","2.34","2.70","1.49","5.11","1.18","1.62","2.29"
"4652","13-08-22 16:00","England","Premier League","2022/2023","Arsenal","Leicester","1.56","4.45","6.00","1.02","16.00","1.20","4.79","1.63","2.34","2.52","1.55","4.53","1.22","1.69","2.17"
"4653","13-08-22 16:00","England","Premier League","2022/2023","Brighton","Newcastle","2.56","3.38","2.91","1.07","9.57","1.34","3.40","2.11","1.81","3.90","1.27","7.97","1.09","1.79","2.02"
"4654","13-08-22 16:00","England","Premier League","2022/2023","Manchester City","Bournemouth","1.08","14.70","27.00","1.01","17.00","1.08","8.51","1.26","3.99","1.73","2.23","2.52","1.55","2.46","1.55"
"4655","13-08-22 16:00","England","Premier League","2022/2023","Southampton","Leeds","2.57","3.57","2.76","1.02","16.00","1.20","4.79","1.58","2.45","2.42","1.59","4.53","1.22","1.56","2.42"
"4656","13-08-22 16:00","England","Premier League","2022/2023","Wolves","Fulham","2.15","3.47","3.59","1.06","10.60","1.29","3.72","1.88","2.03","3.24","1.36","6.17","1.14","1.78","2.04"
"4657","13-08-22 13:30","England","Premier League","2022/2023","Aston Villa","Everton","1.77","3.58","5.37","1.08","8.51","1.34","3.40","2.11","1.81","3.57","1.31","7.97","1.09","1.87","1.94"
"4658","07-08-22 17:30","England","Premier League","2022/2023","West Ham","Manchester City","8.27","5.38","1.38","1.02","21.00","1.17","5.38","1.45","2.82","2.12","1.76","3.54","1.32","1.66","2.23"
"4659","07-08-22 15:00","England","Premier League","2022/2023","Leicester","Brentford","1.83","3.88","4.40","1.05","11.70","1.26","3.99","1.88","2.03","3.24","1.36","6.17","1.14","1.73","2.11"
"4660","07-08-22 15:00","England","Premier League","2022/2023","Manchester Utd","Brighton","1.77","3.83","4.87","1.05","11.70","1.26","3.99","1.88","2.03","3.24","1.36","6.17","1.14","1.73","2.11"
"4661","06-08-22 18:30","England","Premier League","2022/2023","Everton","Chelsea","7.08","4.25","1.52","1.07","9.57","1.34","3.40","2.11","1.81","3.57","1.31","7.12","1.11","2.03","1.78"
"4662","06-08-22 16:00","England","Premier League","2022/2023","Bournemouth","Aston Villa","3.99","3.58","2.00","1.08","9.00","1.37","3.20","2.24","1.73","3.79","1.29","7.54","1.10","1.90","1.90"
"4663","06-08-22 16:00","England","Premier League","2022/2023","Leeds","Wolves","2.44","3.38","3.08","1.06","10.00","1.29","3.75","1.99","1.91","3.43","1.34","6.54","1.13","1.74","2.10"
"4664","06-08-22 16:00","England","Premier League","2022/2023","Newcastle","Nottingham","1.60","4.12","6.18","1.06","10.00","1.32","3.50","1.99","1.91","3.43","1.34","6.54","1.13","1.98","1.83"
"4665","06-08-22 16:00","England","Premier League","2022/2023","Tottenham","Southampton","1.39","5.10","8.66","1.03","15.00","1.22","4.50","1.65","2.30","2.66","1.50","4.80","1.20","1.98","1.83"
"4666","06-08-22 13:30","England","Premier League","2022/2023","Fulham","Liverpool","11.00","5.86","1.30","1.02","23.00","1.15","5.91","1.45","2.82","2.12","1.76","3.54","1.32","1.84","1.97"
"4667","05-08-22 21:00","England","Premier League","2022/2023","Crystal Palace","Arsenal","5.01","3.69","1.78","1.07","9.57","1.34","3.40","2.11","1.81","3.57","1.31","7.12","1.11","1.87","1.94"
"4669","22-05-22 17:00","England","Premier League","2021/2022","Arsenal","Everton","1.35","5.88","8.61","1.03","20.00","1.17","5.43","1.48","2.72","2.19","1.71","3.83","1.28","1.69","2.18"
"4670","22-05-22 17:00","England","Premier League","2021/2022","Brentford","Leeds","2.21","3.89","3.12","1.03","19.00","1.17","5.43","1.48","2.72","2.19","1.71","3.83","1.28","1.40","2.95"
"4671","22-05-22 17:00","England","Premier League","2021/2022","Brighton","West Ham","2.90","3.49","2.50","1.03","14.10","1.23","4.35","1.77","2.17","2.83","1.45","5.55","1.16","1.59","2.36"
"4672","22-05-22 17:00","England","Premier League","2021/2022","Burnley","Newcastle","2.43","3.67","2.88","1.08","8.70","1.36","3.26","2.17","1.77","3.83","1.28","7.83","1.09","1.82","2.00"
"4673","22-05-22 17:00","England","Premier League","2021/2022","Chelsea","Watford","1.21","7.91","13.40","1.02","23.00","1.14","5.98","1.41","2.99","2.07","1.84","3.40","1.34","1.87","1.93"
"4674","22-05-22 17:00","England","Premier League","2021/2022","Crystal Palace","Manchester Utd","3.01","3.59","2.38","1.03","14.10","1.23","4.35","1.77","2.17","2.83","1.45","5.55","1.16","1.55","2.46"
"4675","22-05-22 17:00","England","Premier League","2021/2022","Leicester","Southampton","1.69","4.38","4.76","1.03","23.00","1.17","5.43","1.45","2.85","2.19","1.71","3.83","1.28","1.47","2.66"
"4676","22-05-22 17:00","England","Premier League","2021/2022","Liverpool","Wolves","1.13","10.90","17.00","1.02","29.00","1.10","7.61","1.33","3.48","1.85","2.07","2.83","1.45","1.97","1.83"
"4677","22-05-22 17:00","England","Premier League","2021/2022","Manchester City","Aston Villa","1.19","8.66","13.70","1.02","15.00","1.10","7.61","1.30","3.70","1.77","2.17","2.65","1.50","1.69","2.18"
"4678","22-05-22 17:00","England","Premier League","2021/2022","Norwich","Tottenham","9.52","5.41","1.35","1.02","16.30","1.19","4.89","1.53","2.58","2.29","1.66","4.15","1.25","1.82","2.00"
"4679","19-05-22 21:00","England","Premier League","2021/2022","Aston Villa","Burnley","1.95","3.91","3.80","1.06","9.78","1.30","3.70","2.07","1.84","3.51","1.32","6.98","1.11","1.74","2.09"
"4680","19-05-22 21:00","England","Premier League","2021/2022","Chelsea","Leicester","1.40","5.26","7.99","1.03","21.00","1.17","5.43","1.53","2.58","2.29","1.66","4.15","1.25","1.65","2.24"
"4681","19-05-22 20:45","England","Premier League","2021/2022","Everton","Crystal Palace","1.85","3.90","4.31","1.08","8.70","1.41","2.99","2.19","1.71","4.15","1.25","8.58","1.08","1.93","1.88"
"4682","17-05-22 20:45","England","Premier League","2021/2022","Southampton","Liverpool","7.15","4.86","1.46","1.02","16.10","1.20","4.84","1.57","2.47","2.40","1.60","4.49","1.22","1.68","2.19"
"4683","16-05-22 21:00","England","Premier League","2021/2022","Newcastle","Arsenal","4.10","3.85","1.90","1.05","11.00","1.29","3.75","1.90","2.00","3.24","1.37","6.00","1.14","1.78","2.04"
"4684","15-05-22 17:30","England","Premier League","2021/2022","Everton","Brentford","1.85","3.61","4.72","1.04","12.00","1.26","4.08","1.85","2.07","3.00","1.41","6.06","1.14","1.66","2.22"
"4685","15-05-22 15:00","England","Premier League","2021/2022","Aston Villa","Crystal Palace","1.81","3.61","4.99","1.07","9.68","1.30","3.66","2.09","1.83","3.54","1.32","7.05","1.11","1.85","1.96"
"4686","15-05-22 15:00","England","Premier League","2021/2022","Leeds","Brighton","2.48","3.57","2.88","1.04","11.80","1.26","4.03","1.86","2.05","3.03","1.41","6.12","1.14","1.61","2.31"
"4687","15-05-22 15:00","England","Premier League","2021/2022","Watford","Leicester","5.47","4.07","1.66","1.03","14.00","1.24","4.30","1.78","2.15","3.03","1.41","5.60","1.16","1.72","2.13"
"4688","15-05-22 15:00","England","Premier League","2021/2022","West Ham","Manchester City","8.19","5.08","1.40","1.02","16.10","1.17","5.38","1.49","2.69","2.21","1.70","3.87","1.28","1.72","2.13"
"4689","15-05-22 15:00","England","Premier League","2021/2022","Wolves","Norwich","1.54","4.55","6.25","1.03","14.00","1.21","4.66","1.72","2.26","2.68","1.50","5.06","1.18","1.72","2.13"
"4690","15-05-22 13:00","England","Premier League","2021/2022","Tottenham","Burnley","1.32","5.66","10.50","1.03","14.00","1.20","4.84","1.57","2.47","2.49","1.56","4.49","1.22","1.91","1.90"
"4691","12-05-22 20:45","England","Premier League","2021/2022","Tottenham","Arsenal","2.25","3.57","3.27","1.04","12.00","1.28","3.80","1.85","2.07","3.18","1.38","6.06","1.14","1.66","2.22"
"4692","11-05-22 21:15","England","Premier League","2021/2022","Wolves","Manchester City","11.20","5.86","1.30","1.02","16.30","1.17","5.43","1.53","2.58","2.29","1.66","4.15","1.25","1.89","1.91"
"4693","11-05-22 20:45","England","Premier League","2021/2022","Leicester","Norwich","1.34","5.75","10.00","1.03","20.00","1.13","4.94","1.51","2.49","2.40","1.67","3.88","1.24","1.91","1.85"
"4694","11-05-22 20:45","England","Premier League","2021/2022","Watford","Everton","6.12","3.84","1.65","1.08","8.70","1.33","3.48","2.07","1.84","3.83","1.28","7.83","1.09","1.94","1.86"
"4695","11-05-22 20:30","England","Premier League","2021/2022","Leeds","Chelsea","5.25","4.07","1.68","1.03","14.10","1.21","4.71","1.70","2.28","2.65","1.50","5.01","1.19","1.63","2.28"
"4696","10-05-22 21:00","England","Premier League","2021/2022","Aston Villa","Liverpool","6.84","4.58","1.50","1.02","16.30","1.19","4.89","1.60","2.39","2.47","1.57","4.44","1.22","1.66","2.22"
"4697","08-05-22 17:30","England","Premier League","2021/2022","Manchester City","Newcastle","1.17","8.06","17.30","1.02","25.00","1.13","6.45","1.42","2.96","2.09","1.83","3.21","1.37","1.96","1.85"
"4698","08-05-22 15:00","England","Premier League","2021/2022","Arsenal","Leeds","1.57","4.61","5.64","1.02","16.10","1.20","4.84","1.62","2.37","2.49","1.56","4.49","1.22","1.68","2.19"
"4699","08-05-22 15:00","England","Premier League","2021/2022","Leicester","Everton","2.68","3.35","2.78","1.08","9.00","1.34","3.40","2.24","1.73","3.79","1.29","7.54","1.10","1.83","1.98"
"4700","08-05-22 15:00","England","Premier League","2021/2022","Norwich","West Ham","4.94","4.18","1.74","1.01","10.50","1.23","3.98","1.82","2.14","2.82","1.41","5.00","1.13","1.80","1.96"
"4701","07-05-22 20:45","England","Premier League","2021/2022","Liverpool","Tottenham","1.44","5.20","7.60","1.02","20.00","1.13","4.90","1.52","2.46","2.43","1.66","3.88","1.24","1.75","2.03"
"4702","07-05-22 18:30","England","Premier League","2021/2022","Brighton","Manchester Utd","3.28","3.46","2.29","1.05","10.70","1.30","3.66","1.99","1.91","3.43","1.33","7.05","1.11","1.72","2.13"
"4703","07-05-22 16:00","England","Premier League","2021/2022","Brentford","Southampton","2.15","3.48","3.59","1.05","11.00","1.26","4.00","1.90","2.00","3.24","1.37","6.00","1.14","1.74","2.10"
"4704","07-05-22 16:00","England","Premier League","2021/2022","Burnley","Aston Villa","3.04","3.25","2.54","1.08","8.70","1.36","3.26","2.19","1.71","4.15","1.25","8.58","1.08","1.83","1.98"
"4705","07-05-22 16:00","England","Premier League","2021/2022","Chelsea","Wolves","1.37","5.06","9.81","1.04","12.00","1.26","4.08","1.77","2.17","3.00","1.41","5.55","1.16","2.07","1.75"
"4706","07-05-22 16:00","England","Premier League","2021/2022","Crystal Palace","Watford","1.70","3.88","5.37","1.05","10.90","1.30","3.70","1.97","1.93","3.51","1.32","6.98","1.11","1.89","1.91"
"4707","02-05-22 21:00","England","Premier League","2021/2022","Manchester Utd","Brentford","1.73","3.92","5.05","1.03","14.10","1.21","4.71","1.60","2.39","2.65","1.50","5.01","1.19","1.59","2.36"
"4708","01-05-22 17:30","England","Premier League","2021/2022","West Ham","Arsenal","4.62","4.05","1.76","1.03","14.00","1.24","4.30","1.72","2.26","2.85","1.45","5.06","1.18","1.63","2.28"
"4709","01-05-22 15:00","England","Premier League","2021/2022","Everton","Chelsea","5.57","3.84","1.69","1.05","10.90","1.28","3.80","1.97","1.93","3.40","1.34","6.54","1.13","1.82","2.00"
"4710","01-05-22 15:00","England","Premier League","2021/2022","Tottenham","Leicester","1.34","5.83","9.02","1.02","16.30","1.19","4.89","1.56","2.50","2.38","1.61","4.15","1.25","1.74","2.09"
"4711","30-04-22 18:30","England","Premier League","2021/2022","Leeds","Manchester City","10.00","5.95","1.33","1.03","20.00","1.13","5.00","1.50","2.52","2.37","1.69","3.78","1.25","1.74","2.09"
"4712","30-04-22 16:00","England","Premier League","2021/2022","Aston Villa","Norwich","1.50","4.47","7.22","1.04","13.00","1.22","4.50","1.70","2.20","2.66","1.50","4.80","1.20","1.83","1.98"
"4713","30-04-22 16:00","England","Premier League","2021/2022","Southampton","Crystal Palace","2.41","3.25","3.25","1.08","8.70","1.36","3.26","2.17","1.77","3.83","1.28","7.83","1.09","1.76","2.07"
"4714","30-04-22 16:00","England","Premier League","2021/2022","Watford","Burnley","2.64","3.24","2.91","1.06","9.78","1.33","3.48","2.17","1.77","3.83","1.28","7.83","1.09","1.76","2.07"
"4715","30-04-22 16:00","England","Premier League","2021/2022","Wolves","Brighton","2.73","3.13","2.90","1.11","7.07","1.48","2.72","2.47","1.57","5.01","1.19","10.40","1.06","1.99","1.81"
"4716","30-04-22 13:30","England","Premier League","2021/2022","Newcastle","Liverpool","6.57","4.41","1.53","1.04","12.00","1.26","4.08","1.77","2.17","3.00","1.41","5.55","1.16","1.83","1.98"
"4717","28-04-22 20:45","England","Premier League","2021/2022","Manchester Utd","Chelsea","3.47","3.99","2.03","1.03","14.10","1.23","4.35","1.77","2.17","2.83","1.45","5.55","1.16","1.59","2.36"
"4718","25-04-22 21:00","England","Premier League","2021/2022","Crystal Palace","Leeds","2.42","3.57","2.96","1.04","12.00","1.26","4.08","1.85","2.07","3.00","1.41","6.06","1.14","1.63","2.28"
"4719","24-04-22 17:30","England","Premier League","2021/2022","Liverpool","Everton","1.21","7.42","14.30","1.02","25.00","1.15","5.91","1.42","2.96","2.09","1.83","3.43","1.33","1.91","1.90"
"4720","24-04-22 15:00","England","Premier League","2021/2022","Brighton","Southampton","2.06","3.64","3.68","1.08","8.70","1.33","3.48","2.07","1.84","3.83","1.28","7.83","1.09","1.74","2.09"
"4721","24-04-22 15:00","England","Premier League","2021/2022","Burnley","Wolves","2.47","3.46","2.97","1.10","7.61","1.41","2.99","2.29","1.66","4.44","1.22","9.25","1.07","1.87","1.93"
"4722","24-04-22 15:00","England","Premier League","2021/2022","Chelsea","West Ham","1.40","5.26","7.99","1.03","14.10","1.23","4.35","1.70","2.28","2.83","1.45","5.01","1.19","1.82","2.00"
"4723","23-04-22 18:30","England","Premier League","2021/2022","Brentford","Tottenham","5.32","3.91","1.70","1.01","14.00","1.21","4.66","1.62","2.37","2.68","1.50","5.06","1.13","1.60","2.34"
"4724","23-04-22 16:00","England","Premier League","2021/2022","Leicester","Aston Villa","2.89","3.63","2.44","1.04","12.00","1.26","4.08","1.85","2.07","3.00","1.41","6.06","1.14","1.63","2.28"
"4725","23-04-22 16:00","England","Premier League","2021/2022","Manchester City","Watford","1.11","11.00","28.00","1.02","27.00","1.11","6.99","1.33","3.44","1.86","2.05","3.03","1.41","2.26","1.63"
"4726","23-04-22 16:00","England","Premier League","2021/2022","Norwich","Newcastle","3.62","3.47","2.14","1.07","9.68","1.30","3.66","2.09","1.83","3.54","1.32","7.05","1.11","1.70","2.15"
"4727","23-04-22 13:30","England","Premier League","2021/2022","Arsenal","Manchester Utd","2.13","3.69","3.45","1.04","11.80","1.24","4.30","1.78","2.15","2.85","1.45","5.60","1.16","1.61","2.31"
"4728","21-04-22 20:45","England","Premier League","2021/2022","Burnley","Southampton","2.59","3.59","2.73","1.04","11.80","1.29","3.76","1.86","2.05","3.21","1.37","6.12","1.14","1.64","2.26"
"4729","20-04-22 21:00","England","Premier League","2021/2022","Manchester City","Brighton","1.23","6.61","14.20","1.02","16.10","1.17","5.38","1.54","2.55","2.31","1.64","4.18","1.25","2.01","1.80"
"4730","20-04-22 20:45","England","Premier League","2021/2022","Chelsea","Arsenal","1.87","3.53","4.70","1.08","8.60","1.33","3.44","2.09","1.83","3.87","1.28","7.90","1.09","1.85","1.96"
"4731","20-04-22 20:45","England","Premier League","2021/2022","Everton","Leicester","2.50","3.39","2.98","1.05","10.70","1.30","3.66","1.99","1.91","3.43","1.33","7.05","1.11","1.68","2.19"
"4732","20-04-22 20:45","England","Premier League","2021/2022","Newcastle","Crystal Palace","2.16","3.39","3.65","1.08","8.60","1.37","3.23","2.21","1.70","4.18","1.25","8.66","1.08","1.85","1.96"
"4733","19-04-22 21:00","England","Premier League","2021/2022","Liverpool","Manchester Utd","1.35","5.85","9.40","1.02","24.00","1.11","5.35","1.45","2.67","2.24","1.76","3.54","1.28","1.77","2.00"
"4734","17-04-22 15:15","England","Premier League","2021/2022","Newcastle","Leicester","2.13","3.61","3.50","1.04","11.80","1.26","4.03","1.86","2.05","3.21","1.37","6.12","1.14","1.68","2.19"
"4735","17-04-22 15:15","England","Premier League","2021/2022","West Ham","Burnley","1.75","3.86","4.98","1.04","11.80","1.29","3.76","1.86","2.05","3.21","1.37","6.12","1.14","1.72","2.13"
"4736","16-04-22 16:00","England","Premier League","2021/2022","Manchester Utd","Norwich","1.30","6.08","10.10","1.02","26.00","1.13","6.52","1.36","3.26","1.97","1.93","3.00","1.41","1.65","2.24"
"4737","16-04-22 16:00","England","Premier League","2021/2022","Southampton","Arsenal","4.22","3.83","1.87","1.03","14.10","1.26","4.08","1.77","2.17","3.00","1.41","6.06","1.14","1.65","2.24"
"4738","16-04-22 16:00","England","Premier League","2021/2022","Watford","Brentford","2.95","3.39","2.52","1.05","10.90","1.30","3.70","1.97","1.93","3.40","1.34","6.54","1.13","1.65","2.24"
"4739","16-04-22 13:30","England","Premier League","2021/2022","Tottenham","Brighton","1.53","4.50","6.50","1.03","14.10","1.21","4.71","1.70","2.28","2.65","1.50","5.01","1.19","1.69","2.18"
"4740","10-04-22 17:30","England","Premier League","2021/2022","Manchester City","Liverpool","1.92","4.12","3.74","1.03","14.10","1.23","4.35","1.77","2.17","2.83","1.45","5.01","1.19","1.59","2.36"
"4741","10-04-22 15:00","England","Premier League","2021/2022","Brentford","West Ham","2.85","3.44","2.56","1.05","10.90","1.30","3.70","2.07","1.84","3.51","1.32","6.98","1.11","1.72","2.13"
"4742","10-04-22 15:00","England","Premier League","2021/2022","Leicester","Crystal Palace","2.41","3.31","3.19","1.06","9.78","1.33","3.48","2.07","1.84","3.83","1.28","7.83","1.09","1.72","2.13"
"4743","10-04-22 15:00","England","Premier League","2021/2022","Norwich","Burnley","3.07","3.58","2.35","1.05","10.70","1.30","3.66","1.99","1.91","3.43","1.33","7.05","1.11","1.72","2.13"
"4744","09-04-22 18:30","England","Premier League","2021/2022","Aston Villa","Tottenham","3.37","3.47","2.24","1.06","10.00","1.29","3.75","1.99","1.91","3.24","1.37","6.54","1.13","1.74","2.10"
"4745","09-04-22 16:00","England","Premier League","2021/2022","Arsenal","Brighton","1.67","3.71","6.19","1.09","8.00","1.41","3.00","2.35","1.67","4.14","1.25","8.45","1.09","2.15","1.70"
"4746","09-04-22 16:00","England","Premier League","2021/2022","Southampton","Chelsea","4.04","3.72","2.00","1.01","10.00","1.27","3.62","1.94","2.00","3.14","1.34","5.75","1.10","1.82","1.94"
"4747","09-04-22 16:00","England","Premier League","2021/2022","Watford","Leeds","2.86","3.37","2.60","1.05","11.00","1.26","4.00","1.90","2.00","3.24","1.37","6.00","1.14","1.70","2.15"
"4748","09-04-22 13:30","England","Premier League","2021/2022","Everton","Manchester Utd","4.34","3.82","1.91","1.01","10.50","1.24","3.88","1.84","2.12","2.90","1.39","5.15","1.12","1.63","2.28"
"4749","08-04-22 21:00","England","Premier League","2021/2022","Newcastle","Wolves","2.07","3.28","4.15","1.10","7.61","1.41","2.99","2.29","1.66","4.44","1.22","9.25","1.07","1.94","1.86"
"4750","06-04-22 20:30","England","Premier League","2021/2022","Burnley","Everton","2.50","3.17","3.17","1.08","8.70","1.36","3.26","2.19","1.71","4.15","1.25","8.58","1.08","1.82","2.00"
"4751","04-04-22 21:00","England","Premier League","2021/2022","Crystal Palace","Arsenal","4.46","3.49","1.92","1.06","9.78","1.33","3.48","2.07","1.84","3.83","1.28","7.83","1.09","1.82","2.00"
"4752","03-04-22 17:30","England","Premier League","2021/2022","Tottenham","Newcastle","1.54","4.31","6.61","1.03","14.00","1.24","4.30","1.78","2.15","2.85","1.45","5.60","1.16","1.72","2.13"
"4753","03-04-22 15:00","England","Premier League","2021/2022","West Ham","Everton","1.83","3.81","4.51","1.04","12.00","1.26","4.08","1.85","2.07","3.18","1.38","6.06","1.14","1.70","2.15"
"4754","02-04-22 18:30","England","Premier League","2021/2022","Manchester Utd","Leicester","1.58","4.62","5.53","1.02","16.30","1.19","4.89","1.56","2.50","2.38","1.61","4.15","1.25","1.60","2.34"
"4755","02-04-22 16:00","England","Premier League","2021/2022","Brighton","Norwich","1.52","4.27","7.11","1.05","10.90","1.30","3.70","1.97","1.93","3.40","1.34","6.54","1.13","1.93","1.88"
"4756","02-04-22 16:00","England","Premier League","2021/2022","Burnley","Manchester City","17.20","6.60","1.22","1.03","14.10","1.19","4.89","1.53","2.58","2.29","1.66","4.15","1.25","2.12","1.72"
"4757","02-04-22 16:00","England","Premier League","2021/2022","Chelsea","Brentford","1.43","4.60","8.69","1.06","9.78","1.28","3.80","1.85","2.07","3.18","1.38","6.54","1.13","2.06","1.77"
"4758","02-04-22 16:00","England","Premier League","2021/2022","Leeds","Southampton","2.45","3.67","2.86","1.03","15.00","1.22","4.50","1.65","2.30","2.57","1.54","4.80","1.20","1.56","2.42"
"4759","02-04-22 16:00","England","Premier League","2021/2022","Wolves","Aston Villa","3.07","3.18","2.56","1.10","7.61","1.45","2.85","2.38","1.61","4.44","1.22","10.40","1.06","1.93","1.88"
"4760","02-04-22 13:30","England","Premier League","2021/2022","Liverpool","Watford","1.16","9.39","16.60","1.02","25.00","1.13","6.52","1.36","3.26","1.97","1.93","3.00","1.41","1.93","1.88"
"4761","20-03-22 17:30","England","Premier League","2021/2022","Tottenham","West Ham","1.67","4.13","5.18","1.05","10.90","1.26","4.08","1.85","2.07","3.18","1.38","6.06","1.14","1.69","2.18"
"4762","20-03-22 15:00","England","Premier League","2021/2022","Leicester","Brentford","2.13","3.46","3.66","1.08","9.00","1.34","3.40","2.13","1.80","3.67","1.30","7.54","1.10","1.83","1.98"
"4763","19-03-22 13:30","England","Premier League","2021/2022","Aston Villa","Arsenal","3.13","3.49","2.36","1.04","12.00","1.28","3.80","1.85","2.07","3.18","1.38","6.54","1.13","1.65","2.24"
"4764","18-03-22 21:00","England","Premier League","2021/2022","Wolves","Leeds","2.10","3.59","3.63","1.06","9.78","1.33","3.48","2.07","1.84","3.83","1.28","7.83","1.09","1.74","2.09"
"4765","17-03-22 20:45","England","Premier League","2021/2022","Everton","Newcastle","2.56","3.30","2.97","1.08","8.70","1.36","3.26","2.17","1.77","3.83","1.28","7.83","1.09","1.76","2.07"
"4766","16-03-22 21:15","England","Premier League","2021/2022","Arsenal","Liverpool","3.88","3.83","1.95","1.03","14.10","1.23","4.35","1.70","2.28","2.83","1.45","5.01","1.19","1.59","2.36"
"4767","16-03-22 20:30","England","Premier League","2021/2022","Brighton","Tottenham","3.59","3.48","2.15","1.06","9.78","1.33","3.48","2.07","1.84","3.51","1.32","7.83","1.09","1.74","2.09"
"4768","14-03-22 21:00","England","Premier League","2021/2022","Crystal Palace","Manchester City","9.77","5.36","1.35","1.03","14.10","1.21","4.71","1.60","2.39","2.65","1.50","5.01","1.19","1.93","1.88"
"4769","13-03-22 17:30","England","Premier League","2021/2022","Arsenal","Leicester","1.46","5.05","7.50","1.03","18.00","1.16","4.44","1.66","2.41","2.56","1.57","4.32","1.20","1.82","1.94"
"4770","13-03-22 15:00","England","Premier League","2021/2022","Chelsea","Newcastle","1.42","4.88","8.37","1.03","14.10","1.23","4.35","1.70","2.28","2.83","1.45","5.01","1.19","1.85","1.96"
"4771","13-03-22 15:00","England","Premier League","2021/2022","Everton","Wolves","2.20","3.17","3.84","1.10","7.61","1.45","2.85","2.47","1.57","5.01","1.19","10.40","1.06","1.99","1.81"
"4772","13-03-22 15:00","England","Premier League","2021/2022","Leeds","Norwich","1.65","4.10","5.51","1.03","14.00","1.21","4.66","1.62","2.37","2.49","1.56","4.49","1.22","1.64","2.26"
"4773","13-03-22 15:00","England","Premier League","2021/2022","Southampton","Watford","1.66","4.27","5.19","1.03","14.00","1.24","4.30","1.78","2.15","2.85","1.45","5.60","1.16","1.72","2.13"
"4774","13-03-22 15:00","England","Premier League","2021/2022","West Ham","Aston Villa","2.34","3.41","3.22","1.05","10.70","1.29","3.76","1.99","1.91","3.43","1.33","6.60","1.12","1.68","2.19"
"4775","12-03-22 18:30","England","Premier League","2021/2022","Manchester Utd","Tottenham","2.24","3.84","3.09","1.03","14.10","1.23","4.35","1.77","2.17","2.83","1.45","5.55","1.16","1.56","2.43"
"4776","12-03-22 16:00","England","Premier League","2021/2022","Brentford","Burnley","2.19","3.34","3.64","1.08","8.70","1.41","2.99","2.19","1.71","4.15","1.25","8.58","1.08","1.89","1.91"
"4777","12-03-22 13:30","England","Premier League","2021/2022","Brighton","Liverpool","6.61","4.81","1.49","1.03","14.10","1.21","4.71","1.70","2.28","2.65","1.50","5.01","1.19","1.74","2.09"
"4778","10-03-22 20:45","England","Premier League","2021/2022","Leeds","Aston Villa","3.13","3.60","2.31","1.02","16.30","1.19","4.89","1.60","2.39","2.47","1.57","4.44","1.22","1.48","2.63"
"4779","10-03-22 20:30","England","Premier League","2021/2022","Norwich","Chelsea","8.80","4.92","1.40","1.06","10.00","1.32","3.50","1.99","1.91","3.43","1.34","6.54","1.13","2.24","1.65"
"4780","10-03-22 20:30","England","Premier League","2021/2022","Southampton","Newcastle","2.08","3.69","3.60","1.04","12.00","1.26","4.08","1.85","2.07","3.18","1.38","6.06","1.14","1.66","2.22"
"4781","10-03-22 20:30","England","Premier League","2021/2022","Wolves","Watford","1.89","3.48","4.67","1.08","8.70","1.36","3.26","2.17","1.77","3.83","1.28","8.58","1.08","1.89","1.91"
"4782","07-03-22 21:00","England","Premier League","2021/2022","Tottenham","Everton","1.71","3.91","5.26","1.04","11.80","1.24","4.30","1.78","2.15","2.85","1.45","5.60","1.16","1.68","2.19"
"4783","06-03-22 17:30","England","Premier League","2021/2022","Manchester City","Manchester Utd","1.45","4.94","7.28","1.02","16.30","1.19","4.89","1.53","2.58","2.29","1.66","4.15","1.25","1.65","2.24"
"4784","06-03-22 15:00","England","Premier League","2021/2022","Watford","Arsenal","7.17","4.31","1.52","1.04","12.00","1.26","4.08","1.85","2.07","3.00","1.41","6.06","1.14","1.82","2.00"
"4785","05-03-22 18:30","England","Premier League","2021/2022","Liverpool","West Ham","1.23","7.62","12.00","1.02","24.00","1.11","6.99","1.33","3.44","1.99","1.91","3.03","1.41","1.66","2.22"
"4786","05-03-22 16:00","England","Premier League","2021/2022","Aston Villa","Southampton","2.10","3.72","3.48","1.03","14.10","1.21","4.71","1.70","2.28","2.65","1.50","5.01","1.19","1.56","2.43"
"4787","05-03-22 16:00","England","Premier League","2021/2022","Burnley","Chelsea","7.91","3.95","1.53","1.08","8.70","1.33","3.48","2.07","1.84","3.83","1.28","7.83","1.09","2.07","1.75"
"4788","05-03-22 16:00","England","Premier League","2021/2022","Newcastle","Brighton","2.57","3.29","2.96","1.09","8.00","1.41","3.00","2.37","1.62","4.48","1.22","9.26","1.07","1.98","1.83"
"4789","05-03-22 16:00","England","Premier League","2021/2022","Norwich","Brentford","3.43","3.19","2.34","1.08","8.70","1.33","3.48","2.17","1.77","3.83","1.28","7.83","1.09","1.76","2.07"
"4790","05-03-22 16:00","England","Premier League","2021/2022","Wolves","Crystal Palace","2.23","3.16","3.77","1.11","7.07","1.48","2.72","2.47","1.57","5.01","1.19","10.40","1.06","1.99","1.81"
"4791","05-03-22 13:30","England","Premier League","2021/2022","Leicester","Leeds","2.00","3.82","3.92","1.03","16.30","1.16","4.44","1.66","2.41","2.51","1.59","4.20","1.21","1.44","2.78"
"4792","01-03-22 20:45","England","Premier League","2021/2022","Burnley","Leicester","3.18","3.32","2.40","1.07","9.68","1.29","3.76","1.99","1.91","3.21","1.37","6.60","1.12","1.68","2.19"
"4793","27-02-22 15:00","England","Premier League","2021/2022","West Ham","Wolves","1.92","3.35","4.73","1.08","8.70","1.36","3.26","2.19","1.71","4.15","1.25","8.58","1.08","1.87","1.93"
"4794","26-02-22 18:30","England","Premier League","2021/2022","Everton","Manchester City","11.50","6.27","1.27","1.02","16.30","1.17","5.43","1.48","2.72","2.19","1.71","3.83","1.28","1.82","2.00"
"4795","26-02-22 16:30","England","Premier League","2021/2022","Brighton","Aston Villa","2.34","3.24","3.56","1.05","7.40","1.39","2.90","2.29","1.73","3.88","1.24","7.50","1.05","1.97","1.80"
"4796","26-02-22 16:00","England","Premier League","2021/2022","Brentford","Newcastle","2.30","3.17","3.57","1.10","7.61","1.41","2.99","2.29","1.66","4.44","1.22","9.25","1.07","1.87","1.93"
"4797","26-02-22 16:00","England","Premier League","2021/2022","Crystal Palace","Burnley","1.94","3.36","4.58","1.08","8.70","1.41","2.99","2.19","1.71","4.15","1.25","8.58","1.08","1.93","1.88"
"4798","26-02-22 16:00","England","Premier League","2021/2022","Manchester Utd","Watford","1.38","5.26","8.48","1.04","12.00","1.23","4.35","1.70","2.28","2.65","1.50","5.01","1.19","1.87","1.93"
"4799","26-02-22 13:30","England","Premier League","2021/2022","Leeds","Tottenham","4.18","3.69","1.92","1.02","16.30","1.19","4.89","1.60","2.39","2.47","1.57","4.44","1.22","1.52","2.51"
"4800","25-02-22 21:00","England","Premier League","2021/2022","Southampton","Norwich","1.45","5.05","6.99","1.03","14.10","1.21","4.71","1.70","2.28","2.65","1.50","5.01","1.19","1.69","2.18"
"4801","24-02-22 20:45","England","Premier League","2021/2022","Arsenal","Wolves","1.68","3.74","5.97","1.08","8.70","1.36","3.26","2.17","1.77","3.83","1.28","7.83","1.09","1.97","1.83"
"4802","23-02-22 20:45","England","Premier League","2021/2022","Liverpool","Leeds","1.18","8.06","16.10","1.01","26.00","1.08","8.70","1.26","4.08","1.60","2.39","2.38","1.61","1.62","2.31"
"4803","23-02-22 20:30","England","Premier League","2021/2022","Burnley","Tottenham","4.56","3.65","1.86","1.06","9.78","1.33","3.48","2.07","1.84","3.51","1.32","7.83","1.09","1.82","2.00"
"4804","23-02-22 20:30","England","Premier League","2021/2022","Watford","Crystal Palace","2.94","3.17","2.66","1.10","7.61","1.41","2.99","2.29","1.66","4.44","1.22","9.25","1.07","1.87","1.93"
"4805","20-02-22 17:30","England","Premier League","2021/2022","Wolves","Leicester","2.16","3.52","3.53","1.10","7.61","1.41","2.99","2.29","1.66","4.44","1.22","9.25","1.07","1.93","1.88"
"4806","20-02-22 15:00","England","Premier League","2021/2022","Leeds","Manchester Utd","5.32","4.11","1.66","1.02","16.30","1.19","4.89","1.56","2.50","2.47","1.57","4.44","1.22","1.59","2.36"
"4807","19-02-22 18:30","England","Premier League","2021/2022","Manchester City","Tottenham","1.29","6.23","10.10","1.02","16.10","1.20","4.84","1.54","2.55","2.40","1.60","4.18","1.25","1.89","1.91"
"4808","19-02-22 16:00","England","Premier League","2021/2022","Arsenal","Brentford","1.61","3.69","7.18","1.08","8.70","1.36","3.26","2.17","1.77","3.83","1.28","7.83","1.09","2.07","1.75"
"4809","19-02-22 16:00","England","Premier League","2021/2022","Aston Villa","Watford","1.63","3.85","6.35","1.04","11.80","1.24","4.30","1.78","2.15","2.85","1.45","5.60","1.16","1.70","2.15"
"4810","19-02-22 16:00","England","Premier League","2021/2022","Brighton","Burnley","1.64","3.69","6.66","1.08","8.60","1.30","3.66","2.09","1.83","3.54","1.32","7.05","1.11","1.94","1.86"
"4811","19-02-22 16:00","England","Premier League","2021/2022","Crystal Palace","Chelsea","5.52","3.69","1.73","1.06","9.78","1.33","3.48","2.07","1.84","3.83","1.28","7.83","1.09","1.94","1.86"
"4812","19-02-22 16:00","England","Premier League","2021/2022","Liverpool","Norwich","1.15","10.10","16.80","1.02","29.00","1.11","6.99","1.33","3.44","1.86","2.05","3.03","1.41","1.99","1.81"
"4813","19-02-22 16:00","England","Premier League","2021/2022","Southampton","Everton","2.01","3.93","3.61","1.03","14.00","1.24","4.30","1.78","2.15","3.03","1.41","5.60","1.16","1.63","2.28"
"4814","19-02-22 13:30","England","Premier League","2021/2022","West Ham","Newcastle","1.63","4.41","5.20","1.04","12.00","1.26","4.08","1.85","2.07","3.00","1.41","6.06","1.14","1.74","2.09"
"4815","15-02-22 21:15","England","Premier League","2021/2022","Manchester Utd","Brighton","1.84","3.59","4.83","1.05","10.90","1.30","3.70","1.97","1.93","3.40","1.34","6.54","1.13","1.74","2.09"
"4816","13-02-22 17:30","England","Premier League","2021/2022","Leicester","West Ham","2.86","3.47","2.55","1.03","14.10","1.21","4.71","1.70","2.28","2.65","1.50","5.01","1.19","1.51","2.54"
"4817","13-02-22 15:00","England","Premier League","2021/2022","Burnley","Liverpool","13.50","7.30","1.22","1.02","24.00","1.13","6.52","1.36","3.26","1.97","1.93","3.18","1.38","1.74","2.09"
"4818","13-02-22 15:00","England","Premier League","2021/2022","Newcastle","Aston Villa","2.82","3.39","2.62","1.05","11.00","1.26","4.00","1.90","2.00","3.06","1.40","6.00","1.14","1.70","2.15"
"4819","13-02-22 15:00","England","Premier League","2021/2022","Tottenham","Wolves","1.70","3.81","5.59","1.08","9.00","1.37","3.20","2.24","1.73","4.14","1.25","8.45","1.09","2.04","1.78"
"4820","12-02-22 18:30","England","Premier League","2021/2022","Norwich","Manchester City","11.70","7.61","1.22","1.02","16.30","1.19","4.89","1.56","2.50","2.38","1.61","4.44","1.22","2.12","1.72"
"4821","12-02-22 16:00","England","Premier League","2021/2022","Brentford","Crystal Palace","3.29","3.13","2.45","1.10","7.61","1.41","2.99","2.29","1.66","4.15","1.25","9.25","1.07","1.82","2.00"
"4822","12-02-22 16:00","England","Premier League","2021/2022","Everton","Leeds","2.44","4.01","2.69","1.02","16.30","1.21","4.71","1.60","2.39","2.65","1.50","5.01","1.19","1.51","2.54"
"4823","12-02-22 16:00","England","Premier League","2021/2022","Watford","Brighton","3.65","3.41","2.15","1.08","8.70","1.36","3.26","2.10","1.77","4.15","1.25","8.58","1.08","1.82","2.00"
"4824","12-02-22 13:30","England","Premier League","2021/2022","Manchester Utd","Southampton","1.54","4.44","6.41","1.02","16.30","1.17","5.43","1.53","2.58","2.29","1.66","3.83","1.28","1.55","2.46"
"4825","10-02-22 20:45","England","Premier League","2021/2022","Liverpool","Leicester","1.21","7.91","13.40","1.02","28.00","1.11","7.07","1.33","3.48","1.85","2.07","3.00","1.41","1.74","2.09"
"4826","10-02-22 20:45","England","Premier League","2021/2022","Wolves","Arsenal","3.71","3.45","2.12","1.10","7.61","1.41","2.99","2.29","1.66","4.44","1.22","9.25","1.07","1.93","1.88"
"4827","09-02-22 21:00","England","Premier League","2021/2022","Aston Villa","Leeds","1.92","3.88","3.96","1.02","16.10","1.20","4.84","1.62","2.37","2.49","1.56","4.49","1.22","1.54","2.48"
"4828","09-02-22 20:45","England","Premier League","2021/2022","Manchester City","Brentford","1.07","11.00","28.00","1.02","27.00","1.13","6.45","1.37","3.23","1.99","1.91","3.03","1.41","2.64","1.48"
"4829","09-02-22 20:45","England","Premier League","2021/2022","Norwich","Crystal Palace","3.92","3.35","2.09","1.07","9.68","1.33","3.44","2.09","1.83","3.87","1.28","7.90","1.09","1.78","2.04"
"4830","09-02-22 20:45","England","Premier League","2021/2022","Tottenham","Southampton","1.59","4.26","5.99","1.03","14.00","1.21","4.66","1.72","2.26","2.68","1.50","5.06","1.18","1.68","2.19"
"4831","08-02-22 21:00","England","Premier League","2021/2022","Burnley","Manchester Utd","6.71","4.28","1.54","1.03","14.10","1.21","4.71","1.70","2.28","2.65","1.50","5.01","1.19","1.70","2.15"
"4832","08-02-22 20:45","England","Premier League","2021/2022","Newcastle","Everton","2.50","3.65","2.80","1.05","10.90","1.28","3.80","1.97","1.93","3.18","1.38","6.54","1.13","1.66","2.22"
"4833","08-02-22 20:45","England","Premier League","2021/2022","West Ham","Watford","1.54","4.63","6.03","1.04","12.00","1.23","4.35","1.77","2.17","3.00","1.41","5.55","1.16","1.83","1.98"
"4834","05-02-22 19:00","England","Premier League","2021/2022","Burnley","Watford","2.21","3.32","3.78","1.05","7.60","1.36","3.02","2.22","1.77","3.78","1.25","7.20","1.06","1.96","1.80"
"4835","23-01-22 17:30","England","Premier League","2021/2022","Chelsea","Tottenham","1.74","3.84","5.12","1.07","9.68","1.30","3.66","1.99","1.91","3.43","1.33","6.60","1.12","1.85","1.96"
"4836","23-01-22 15:00","England","Premier League","2021/2022","Arsenal","Burnley","1.30","5.47","12.30","1.02","16.10","1.20","4.84","1.57","2.47","2.40","1.60","4.49","1.22","1.91","1.90"
"4837","23-01-22 15:00","England","Premier League","2021/2022","Crystal Palace","Liverpool","6.34","4.31","1.56","1.04","11.80","1.24","4.30","1.72","2.26","2.68","1.50","5.06","1.18","1.72","2.13"
"4838","23-01-22 15:00","England","Premier League","2021/2022","Leicester","Brighton","2.40","3.47","3.08","1.03","14.00","1.21","4.66","1.72","2.26","2.68","1.50","5.06","1.18","1.54","2.48"
"4839","22-01-22 18:30","England","Premier League","2021/2022","Southampton","Manchester City","11.30","6.82","1.25","1.02","19.00","1.19","4.89","1.53","2.58","2.38","1.61","4.15","1.25","1.82","2.00"
"4840","22-01-22 16:00","England","Premier League","2021/2022","Brentford","Wolves","2.34","3.43","3.20","1.10","7.61","1.48","2.72","2.47","1.57","5.01","1.19","11.60","1.05","2.06","1.77"
"4841","22-01-22 16:00","England","Premier League","2021/2022","Leeds","Newcastle","1.89","4.30","3.71","1.02","16.30","1.19","4.89","1.60","2.39","2.47","1.57","4.44","1.22","1.51","2.54"
"4842","22-01-22 16:00","England","Premier League","2021/2022","Manchester Utd","West Ham","2.00","3.67","3.88","1.03","14.10","1.21","4.71","1.70","2.28","2.65","1.50","5.01","1.19","1.55","2.46"
"4843","22-01-22 13:30","England","Premier League","2021/2022","Everton","Aston Villa","2.75","3.75","2.50","1.04","12.00","1.26","4.08","1.85","2.07","3.00","1.41","6.06","1.14","1.63","2.28"
"4844","21-01-22 21:00","England","Premier League","2021/2022","Watford","Norwich","2.04","3.57","3.83","1.04","12.00","1.28","3.80","1.97","1.93","3.40","1.34","6.54","1.13","1.69","2.18"
"4845","19-01-22 21:00","England","Premier League","2021/2022","Brentford","Manchester Utd","5.10","3.88","1.74","1.04","12.00","1.26","4.08","1.85","2.07","3.18","1.38","6.06","1.14","1.69","2.18"
"4846","19-01-22 20:30","England","Premier League","2021/2022","Leicester","Tottenham","3.08","3.88","2.23","1.04","12.00","1.28","3.80","1.85","2.07","3.18","1.38","6.54","1.13","1.65","2.24"
"4847","18-01-22 21:00","England","Premier League","2021/2022","Brighton","Chelsea","5.91","3.73","1.69","1.06","9.78","1.30","3.70","1.97","1.93","3.51","1.32","6.98","1.11","1.87","1.93"
"4848","16-01-22 15:00","England","Premier League","2021/2022","Liverpool","Brentford","1.23","6.79","13.60","1.02","19.00","1.17","5.43","1.53","2.58","2.29","1.66","4.15","1.25","1.83","1.98"
"4849","16-01-22 15:00","England","Premier League","2021/2022","West Ham","Leeds","1.63","4.63","5.03","1.03","19.00","1.17","5.43","1.53","2.58","2.29","1.66","4.15","1.25","1.52","2.51"
"4850","15-01-22 18:30","England","Premier League","2021/2022","Aston Villa","Manchester Utd","2.74","3.56","2.59","1.04","12.00","1.26","4.08","1.85","2.07","3.18","1.38","6.06","1.14","1.65","2.24"
"4851","15-01-22 16:00","England","Premier League","2021/2022","Newcastle","Watford","1.83","3.87","4.41","1.03","14.10","1.23","4.35","1.77","2.17","2.83","1.45","5.01","1.19","1.62","2.31"
"4852","15-01-22 16:00","England","Premier League","2021/2022","Norwich","Everton","3.58","3.37","2.20","1.05","10.90","1.28","3.80","1.97","1.93","3.18","1.38","6.54","1.13","1.65","2.24"
"4853","15-01-22 16:00","England","Premier League","2021/2022","Wolves","Southampton","2.57","3.08","3.16","1.10","7.61","1.41","2.99","2.29","1.66","4.44","1.22","9.25","1.07","1.87","1.93"
"4854","15-01-22 13:30","England","Premier League","2021/2022","Manchester City","Chelsea","1.61","4.56","5.28","1.02","16.10","1.20","4.84","1.62","2.37","2.49","1.56","4.49","1.22","1.61","2.31"
"4855","14-01-22 21:00","England","Premier League","2021/2022","Brighton","Crystal Palace","1.98","3.62","3.98","1.06","9.78","1.33","3.48","2.07","1.84","3.83","1.28","7.83","1.09","1.76","2.07"
"4856","12-01-22 20:45","England","Premier League","2021/2022","West Ham","Norwich","1.38","5.13","8.83","1.02","16.10","1.21","4.66","1.62","2.37","2.68","1.50","5.06","1.18","1.85","1.96"
"4857","11-01-22 20:45","England","Premier League","2021/2022","Southampton","Brentford","2.08","3.35","3.99","1.07","9.68","1.30","3.66","2.09","1.83","3.54","1.32","7.05","1.11","1.72","2.13"
"4858","03-01-22 18:30","England","Premier League","2021/2022","Manchester Utd","Wolves","1.65","3.81","6.28","1.06","9.78","1.33","3.48","2.07","1.84","3.83","1.28","7.83","1.09","1.94","1.86"
"4859","02-01-22 17:30","England","Premier League","2021/2022","Chelsea","Liverpool","2.74","3.59","2.59","1.03","14.10","1.21","4.71","1.70","2.28","2.65","1.50","5.01","1.19","1.55","2.46"
"4860","02-01-22 15:00","England","Premier League","2021/2022","Brentford","Aston Villa","3.12","3.33","2.43","1.06","9.78","1.33","3.48","2.07","1.84","3.83","1.28","7.83","1.09","1.74","2.09"
"4861","02-01-22 15:00","England","Premier League","2021/2022","Everton","Brighton","2.64","3.16","2.98","1.10","7.61","1.41","2.99","2.19","1.71","4.15","1.25","9.25","1.07","1.82","2.00"
"4862","02-01-22 15:00","England","Premier League","2021/2022","Leeds","Burnley","2.00","3.92","3.60","1.03","14.10","1.23","4.35","1.77","2.17","2.83","1.45","5.55","1.16","1.62","2.31"
"4863","01-01-22 18:30","England","Premier League","2021/2022","Crystal Palace","West Ham","3.77","3.47","2.09","1.06","9.78","1.33","3.48","2.17","1.77","3.83","1.28","7.83","1.09","1.83","1.98"
"4864","01-01-22 16:00","England","Premier League","2021/2022","Watford","Tottenham","6.13","4.10","1.60","1.04","12.00","1.23","4.35","1.77","2.17","2.83","1.45","5.55","1.16","1.70","2.15"
"4865","01-01-22 13:30","England","Premier League","2021/2022","Arsenal","Manchester City","5.37","4.29","1.64","1.03","14.10","1.21","4.71","1.70","2.28","2.65","1.50","5.01","1.19","1.62","2.31"
"4866","30-12-21 21:15","England","Premier League","2021/2022","Manchester Utd","Burnley","1.40","5.13","8.21","1.02","16.30","1.21","4.71","1.60","2.39","2.65","1.50","5.01","1.19","1.82","2.00"
"4867","29-12-21 21:15","England","Premier League","2021/2022","Brentford","Manchester City","17.50","10.10","1.15","1.02","27.00","1.11","7.07","1.33","3.48","1.97","1.93","3.00","1.41","1.83","1.98"
"4868","29-12-21 20:30","England","Premier League","2021/2022","Chelsea","Brighton","1.34","5.12","10.70","1.04","12.00","1.26","4.08","1.85","2.07","3.00","1.41","6.06","1.14","2.14","1.71"
"4869","28-12-21 21:00","England","Premier League","2021/2022","Leicester","Liverpool","9.15","6.56","1.30","1.01","17.00","1.11","7.07","1.33","3.48","1.85","2.07","2.83","1.45","1.56","2.43"
"4870","28-12-21 16:00","England","Premier League","2021/2022","Crystal Palace","Norwich","1.77","3.58","5.37","1.08","8.70","1.36","3.26","2.19","1.71","4.15","1.25","8.58","1.08","1.99","1.81"
"4871","28-12-21 16:00","England","Premier League","2021/2022","Southampton","Tottenham","4.12","3.57","1.97","1.05","10.90","1.30","3.70","1.97","1.93","3.51","1.32","6.98","1.11","1.70","2.15"
"4872","28-12-21 16:00","England","Premier League","2021/2022","Watford","West Ham","3.97","3.85","1.93","1.02","16.30","1.19","4.89","1.60","2.39","2.47","1.57","4.44","1.22","1.52","2.51"
"4873","27-12-21 21:00","England","Premier League","2021/2022","Newcastle","Manchester Utd","7.23","4.86","1.45","1.02","16.30","1.19","4.89","1.56","2.50","2.47","1.57","4.44","1.22","1.66","2.22"
"4874","26-12-21 21:00","England","Premier League","2021/2022","Brighton","Brentford","1.94","3.46","4.41","1.08","8.70","1.33","3.48","2.07","1.84","3.83","1.28","7.83","1.09","1.83","1.98"
"4875","26-12-21 18:30","England","Premier League","2021/2022","Aston Villa","Chelsea","5.25","3.82","1.77","1.03","8.60","1.34","3.14","2.15","1.82","3.70","1.26","6.95","1.06","2.00","1.77"
"4876","26-12-21 16:00","England","Premier League","2021/2022","Manchester City","Leicester","1.15","10.50","16.60","1.01","17.00","1.08","8.70","1.26","4.08","1.66","2.28","2.47","1.57","1.89","1.91"
"4877","26-12-21 16:00","England","Premier League","2021/2022","Norwich","Arsenal","7.14","4.55","1.49","1.03","14.10","1.21","4.71","1.70","2.28","2.65","1.50","5.01","1.19","1.70","2.15"
"4878","26-12-21 16:00","England","Premier League","2021/2022","Tottenham","Crystal Palace","1.68","3.88","5.54","1.05","10.90","1.28","3.80","1.85","2.07","3.18","1.38","6.06","1.14","1.69","2.18"
"4879","26-12-21 16:00","England","Premier League","2021/2022","West Ham","Southampton","1.88","3.83","4.17","1.04","12.00","1.26","4.08","1.85","2.07","3.00","1.41","6.06","1.14","1.66","2.22"
"4880","19-12-21 17:30","England","Premier League","2021/2022","Tottenham","Liverpool","5.28","4.19","1.65","1.03","18.00","1.19","4.89","1.56","2.50","2.47","1.57","4.44","1.22","1.56","2.43"
"4881","19-12-21 15:00","England","Premier League","2021/2022","Newcastle","Manchester City","17.00","11.00","1.11","1.02","29.00","1.11","7.07","1.33","3.48","1.85","2.07","2.83","1.45","1.99","1.81"
"4882","19-12-21 15:00","England","Premier League","2021/2022","Wolves","Chelsea","6.12","3.48","1.73","1.10","7.61","1.41","2.99","2.38","1.61","4.44","1.22","9.25","1.07","2.07","1.75"
"4883","18-12-21 18:30","England","Premier League","2021/2022","Leeds","Arsenal","5.86","4.45","1.57","1.02","16.30","1.21","4.71","1.70","2.28","2.65","1.50","5.01","1.19","1.66","2.22"
"4884","16-12-21 21:00","England","Premier League","2021/2022","Liverpool","Newcastle","1.12","10.40","25.00","1.01","28.00","1.08","8.60","1.29","3.76","1.72","2.26","2.49","1.56","2.16","1.69"
"4885","16-12-21 20:45","England","Premier League","2021/2022","Chelsea","Everton","1.19","6.79","21.00","1.03","14.00","1.21","4.66","1.62","2.37","2.68","1.50","5.06","1.18","2.36","1.59"
"4886","15-12-21 21:00","England","Premier League","2021/2022","Arsenal","West Ham","2.09","3.67","3.57","1.03","14.10","1.23","4.35","1.77","2.17","3.00","1.41","5.55","1.16","1.62","2.31"
"4887","15-12-21 20:30","England","Premier League","2021/2022","Brighton","Wolves","2.03","3.14","4.56","1.10","7.61","1.45","2.85","2.38","1.61","5.01","1.19","10.40","1.06","1.97","1.83"
"4888","15-12-21 20:30","England","Premier League","2021/2022","Crystal Palace","Southampton","2.00","3.49","4.10","1.06","9.78","1.30","3.70","1.97","1.93","3.51","1.32","6.98","1.11","1.69","2.18"
"4889","14-12-21 21:00","England","Premier League","2021/2022","Manchester City","Leeds","1.15","10.10","16.40","1.01","27.00","1.08","8.70","1.26","4.08","1.70","2.28","2.47","1.57","1.69","2.18"
"4890","14-12-21 20:45","England","Premier League","2021/2022","Norwich","Aston Villa","3.90","3.48","2.05","1.06","9.78","1.30","3.70","2.07","1.84","3.51","1.32","6.98","1.11","1.69","2.18"
"4891","12-12-21 17:30","England","Premier League","2021/2022","Crystal Palace","Everton","2.24","3.28","3.59","1.08","8.60","1.37","3.23","2.20","1.75","3.87","1.28","8.66","1.08","1.85","1.96"
"4892","12-12-21 15:00","England","Premier League","2021/2022","Burnley","West Ham","3.74","3.59","2.06","1.04","11.80","1.26","4.03","1.86","2.05","3.21","1.37","6.12","1.14","1.68","2.19"
"4893","12-12-21 15:00","England","Premier League","2021/2022","Leicester","Newcastle","1.69","4.07","5.19","1.02","16.10","1.21","4.66","1.62","2.37","2.49","1.56","4.49","1.22","1.61","2.31"
"4894","11-12-21 18:30","England","Premier League","2021/2022","Norwich","Manchester Utd","7.05","4.97","1.45","1.02","16.30","1.19","4.89","1.56","2.50","2.47","1.57","4.44","1.22","1.69","2.18"
"4895","11-12-21 16:00","England","Premier League","2021/2022","Arsenal","Southampton","1.76","4.15","4.52","1.03","14.10","1.21","4.71","1.70","2.28","2.65","1.50","5.01","1.19","1.62","2.31"
"4896","11-12-21 16:00","England","Premier League","2021/2022","Chelsea","Leeds","1.21","7.63","14.00","1.02","20.00","1.14","5.98","1.41","2.99","2.07","1.84","3.40","1.34","1.82","2.00"
"4897","11-12-21 16:00","England","Premier League","2021/2022","Liverpool","Aston Villa","1.23","7.30","12.40","1.02","21.00","1.14","5.98","1.41","2.99","2.07","1.84","3.40","1.34","1.74","2.09"
"4898","11-12-21 13:30","England","Premier League","2021/2022","Manchester City","Wolves","1.16","8.52","22.00","1.02","18.00","1.17","5.38","1.45","2.82","2.21","1.70","3.87","1.28","2.09","1.74"
"4899","10-12-21 21:00","England","Premier League","2021/2022","Brentford","Watford","2.45","3.65","2.87","1.05","10.70","1.29","3.76","1.86","2.05","3.21","1.37","6.60","1.12","1.66","2.22"
"4900","06-12-21 21:00","England","Premier League","2021/2022","Everton","Arsenal","3.95","3.57","2.01","1.05","10.70","1.30","3.66","1.99","1.91","3.43","1.33","7.05","1.11","1.72","2.13"
"4901","05-12-21 17:30","England","Premier League","2021/2022","Aston Villa","Leicester","2.35","3.47","3.15","1.04","11.80","1.24","4.30","1.78","2.15","2.85","1.45","5.60","1.16","1.61","2.31"
"4902","05-12-21 15:00","England","Premier League","2021/2022","Leeds","Brentford","1.82","3.58","4.95","1.08","8.60","1.33","3.44","2.09","1.83","3.87","1.28","7.90","1.09","1.91","1.90"
"4903","05-12-21 15:00","England","Premier League","2021/2022","Manchester Utd","Crystal Palace","1.51","4.42","7.13","1.03","14.00","1.20","4.84","1.62","2.37","2.49","1.56","4.49","1.22","1.68","2.19"
"4904","05-12-21 15:00","England","Premier League","2021/2022","Tottenham","Norwich","1.46","4.62","7.72","1.04","11.80","1.29","3.76","1.86","2.05","3.21","1.37","6.12","1.14","1.96","1.85"
"4905","04-12-21 18:30","England","Premier League","2021/2022","Watford","Manchester City","12.70","8.05","1.21","1.02","19.00","1.14","5.98","1.41","2.99","2.07","1.84","3.40","1.34","1.83","1.98"
"4906","04-12-21 16:00","England","Premier League","2021/2022","Newcastle","Burnley","2.37","3.50","3.09","1.03","14.10","1.23","4.35","1.77","2.17","2.83","1.45","5.55","1.16","1.56","2.43"
"4907","04-12-21 16:00","England","Premier League","2021/2022","Southampton","Brighton","2.58","3.41","2.85","1.06","9.78","1.30","3.70","1.97","1.93","3.40","1.34","6.98","1.11","1.66","2.22"
"4908","04-12-21 16:00","England","Premier League","2021/2022","Wolves","Liverpool","9.41","5.10","1.37","1.02","16.30","1.19","4.89","1.56","2.50","2.47","1.57","4.44","1.22","1.76","2.07"
"4909","04-12-21 13:30","England","Premier League","2021/2022","West Ham","Chelsea","5.19","3.81","1.74","1.06","9.78","1.30","3.70","1.97","1.93","3.51","1.32","6.98","1.11","1.83","1.98"
"4910","02-12-21 21:15","England","Premier League","2021/2022","Manchester Utd","Arsenal","2.10","3.82","3.40","1.02","16.10","1.20","4.84","1.62","2.37","2.49","1.56","5.06","1.18","1.54","2.48"
"4911","02-12-21 20:30","England","Premier League","2021/2022","Tottenham","Brentford","1.63","4.00","6.06","1.05","10.70","1.30","3.66","1.99","1.91","3.43","1.33","6.60","1.12","1.85","1.96"
"4912","01-12-21 21:15","England","Premier League","2021/2022","Aston Villa","Manchester City","7.85","4.47","1.48","1.04","12.00","1.23","4.35","1.77","2.17","2.83","1.45","5.55","1.16","1.83","1.98"
"4913","01-12-21 21:15","England","Premier League","2021/2022","Everton","Liverpool","8.83","5.13","1.38","1.02","16.30","1.19","4.89","1.56","2.50","2.38","1.61","4.44","1.22","1.74","2.09"
"4914","01-12-21 20:30","England","Premier League","2021/2022","Southampton","Leicester","2.40","3.57","2.99","1.03","14.10","1.23","4.35","1.77","2.17","2.83","1.45","5.55","1.16","1.55","2.46"
"4915","01-12-21 20:30","England","Premier League","2021/2022","Watford","Chelsea","9.98","5.36","1.34","1.03","14.10","1.23","4.35","1.70","2.28","2.83","1.45","5.01","1.19","1.93","1.88"
"4916","01-12-21 20:30","England","Premier League","2021/2022","West Ham","Brighton","2.00","3.49","4.10","1.06","9.78","1.36","3.26","2.17","1.77","3.83","1.28","7.83","1.09","1.82","2.00"
"4917","01-12-21 20:30","England","Premier League","2021/2022","Wolves","Burnley","1.96","3.48","4.30","1.06","9.78","1.33","3.48","2.17","1.77","3.83","1.28","7.83","1.09","1.82","2.00"
"4918","30-11-21 21:15","England","Premier League","2021/2022","Leeds","Crystal Palace","2.25","3.48","3.33","1.04","12.00","1.28","3.80","1.97","1.93","3.40","1.34","6.54","1.13","1.70","2.15"
"4919","30-11-21 20:30","England","Premier League","2021/2022","Newcastle","Norwich","1.97","3.57","4.12","1.04","12.00","1.26","4.08","1.85","2.07","3.18","1.38","6.06","1.14","1.66","2.22"
"4920","28-11-21 17:30","England","Premier League","2021/2022","Chelsea","Manchester Utd","1.54","4.10","7.16","1.04","11.80","1.26","4.03","1.86","2.05","3.03","1.41","6.12","1.14","1.85","1.96"
"4921","28-11-21 15:00","England","Premier League","2021/2022","Brentford","Everton","2.31","3.34","3.36","1.08","8.60","1.37","3.23","2.21","1.70","4.18","1.25","8.66","1.08","1.85","1.96"
"4922","28-11-21 15:00","England","Premier League","2021/2022","Leicester","Watford","1.66","3.91","5.81","1.03","14.00","1.24","4.30","1.78","2.15","2.85","1.45","5.60","1.16","1.68","2.19"
"4923","28-11-21 15:00","England","Premier League","2021/2022","Manchester City","West Ham","1.26","6.49","11.60","1.02","18.00","1.17","5.38","1.49","2.69","2.21","1.70","3.87","1.28","1.85","1.96"
"4924","27-11-21 18:30","England","Premier League","2021/2022","Brighton","Leeds","2.17","3.62","3.42","1.05","10.70","1.29","3.76","1.99","1.91","3.43","1.33","6.60","1.12","1.72","2.13"
"4925","27-11-21 16:00","England","Premier League","2021/2022","Crystal Palace","Aston Villa","2.24","3.57","3.28","1.08","8.60","1.37","3.23","2.20","1.75","3.87","1.28","7.90","1.09","1.85","1.96"
"4926","27-11-21 16:00","England","Premier League","2021/2022","Liverpool","Southampton","1.26","6.27","12.30","1.02","21.00","1.15","5.91","1.42","2.96","2.09","1.83","3.43","1.33","1.72","2.13"
"4927","27-11-21 16:00","England","Premier League","2021/2022","Norwich","Wolves","3.85","3.37","2.11","1.08","8.60","1.42","2.96","2.21","1.70","4.18","1.25","8.66","1.08","1.85","1.96"
"4928","27-11-21 13:30","England","Premier League","2021/2022","Arsenal","Newcastle","1.54","4.61","6.14","1.02","16.30","1.19","4.89","1.60","2.39","2.47","1.57","4.44","1.22","1.66","2.22"
"4929","21-11-21 17:30","England","Premier League","2021/2022","Tottenham","Leeds","1.57","4.09","6.59","1.04","11.80","1.26","4.03","1.86","2.05","3.03","1.41","6.12","1.14","1.78","2.04"
"4930","21-11-21 15:00","England","Premier League","2021/2022","Manchester City","Everton","1.21","6.78","16.80","1.02","16.10","1.17","5.38","1.49","2.69","2.21","1.70","3.87","1.28","2.01","1.80"
"4931","20-11-21 18:30","England","Premier League","2021/2022","Liverpool","Arsenal","1.50","5.20","5.76","1.02","18.00","1.17","5.43","1.48","2.72","2.19","1.71","3.83","1.28","1.55","2.46"
"4932","20-11-21 16:00","England","Premier League","2021/2022","Aston Villa","Brighton","2.35","3.38","3.23","1.05","10.90","1.28","3.80","1.97","1.93","3.40","1.34","6.54","1.13","1.65","2.24"
"4933","20-11-21 16:00","England","Premier League","2021/2022","Burnley","Crystal Palace","2.76","3.54","2.59","1.08","8.70","1.36","3.26","2.19","1.71","4.15","1.25","8.58","1.08","1.82","2.00"
"4934","20-11-21 16:00","England","Premier League","2021/2022","Newcastle","Brentford","2.39","3.78","2.88","1.04","12.00","1.23","4.35","1.77","2.17","3.00","1.41","5.55","1.16","1.59","2.36"
"4935","20-11-21 16:00","England","Premier League","2021/2022","Norwich","Southampton","3.91","3.60","2.02","1.04","12.00","1.26","4.08","1.85","2.07","3.18","1.38","6.06","1.14","1.65","2.24"
"4936","20-11-21 16:00","England","Premier League","2021/2022","Watford","Manchester Utd","7.23","4.65","1.48","1.01","16.00","1.17","5.43","1.53","2.58","2.29","1.66","4.15","1.25","1.62","2.31"
"4937","20-11-21 16:00","England","Premier League","2021/2022","Wolves","West Ham","3.40","3.31","2.30","1.05","10.90","1.28","3.80","1.85","2.07","3.18","1.38","6.54","1.13","1.62","2.31"
"4938","20-11-21 13:30","England","Premier League","2021/2022","Leicester","Chelsea","5.12","3.84","1.74","1.06","9.78","1.30","3.70","1.97","1.93","3.51","1.32","6.98","1.11","1.82","2.00"
"4939","07-11-21 17:30","England","Premier League","2021/2022","West Ham","Liverpool","4.66","4.19","1.73","1.03","18.00","1.17","5.43","1.48","2.72","2.19","1.71","3.83","1.28","1.48","2.63"
"4940","07-11-21 15:00","England","Premier League","2021/2022","Arsenal","Watford","1.48","4.87","6.66","1.02","16.30","1.19","4.89","1.56","2.50","2.47","1.57","4.44","1.22","1.70","2.15"
"4941","07-11-21 15:00","England","Premier League","2021/2022","Everton","Tottenham","3.77","3.37","2.13","1.06","9.78","1.33","3.48","2.07","1.84","3.51","1.32","6.98","1.11","1.70","2.15"
"4942","07-11-21 15:00","England","Premier League","2021/2022","Leeds","Leicester","2.88","3.57","2.48","1.04","12.00","1.23","4.35","1.77","2.17","3.00","1.41","5.55","1.16","1.60","2.34"
"4943","06-11-21 18:30","England","Premier League","2021/2022","Brighton","Newcastle","1.54","4.63","6.03","1.04","12.00","1.26","4.08","1.85","2.07","3.18","1.38","6.06","1.14","1.82","2.00"
"4944","06-11-21 16:00","England","Premier League","2021/2022","Brentford","Norwich","1.60","4.10","6.13","1.04","12.00","1.28","3.80","1.85","2.07","3.18","1.38","6.06","1.14","1.82","2.00"
"4945","06-11-21 16:00","England","Premier League","2021/2022","Chelsea","Burnley","1.27","5.77","13.60","1.04","12.00","1.23","4.35","1.77","2.17","2.83","1.45","5.55","1.16","2.12","1.72"
"4946","06-11-21 16:00","England","Premier League","2021/2022","Crystal Palace","Wolves","2.35","3.16","3.47","1.11","7.00","1.51","2.63","2.57","1.54","4.80","1.20","11.20","1.05","2.10","1.74"
"4947","06-11-21 13:30","England","Premier League","2021/2022","Manchester Utd","Manchester City","4.73","4.59","1.67","1.02","16.10","1.20","4.84","1.62","2.37","2.49","1.56","4.49","1.22","1.60","2.34"
"4948","05-11-21 21:00","England","Premier League","2021/2022","Southampton","Aston Villa","2.13","3.69","3.45","1.03","14.10","1.21","4.71","1.70","2.28","2.65","1.50","5.01","1.19","1.56","2.43"
"4949","01-11-21 21:00","England","Premier League","2021/2022","Wolves","Everton","2.15","3.49","3.60","1.10","7.53","1.42","2.96","2.31","1.64","4.49","1.22","9.34","1.07","1.91","1.90"
"4950","31-10-21 17:30","England","Premier League","2021/2022","Aston Villa","West Ham","3.22","3.57","2.27","1.03","14.10","1.23","4.35","1.77","2.17","2.83","1.45","5.55","1.16","1.55","2.46"
"4951","31-10-21 15:00","England","Premier League","2021/2022","Norwich","Leeds","3.69","3.85","2.00","1.04","13.00","1.26","4.00","1.90","2.00","3.24","1.37","6.00","1.14","1.74","2.10"
"4952","30-10-21 18:30","England","Premier League","2021/2022","Tottenham","Manchester Utd","3.34","3.69","2.17","1.04","12.00","1.26","4.08","1.85","2.07","3.18","1.38","6.06","1.14","1.63","2.28"
"4953","30-10-21 16:00","England","Premier League","2021/2022","Burnley","Brentford","2.66","3.17","2.94","1.08","8.70","1.36","3.26","2.19","1.71","4.15","1.25","8.58","1.08","1.82","2.00"
"4954","30-10-21 16:00","England","Premier League","2021/2022","Liverpool","Brighton","1.27","6.27","11.50","1.02","20.00","1.14","5.98","1.41","2.99","2.10","1.77","3.51","1.32","1.70","2.15"
"4955","30-10-21 16:00","England","Premier League","2021/2022","Manchester City","Crystal Palace","1.14","9.71","20.00","1.02","20.00","1.16","5.50","1.48","2.75","2.24","1.73","3.67","1.30","2.31","1.61"
"4956","30-10-21 16:00","England","Premier League","2021/2022","Newcastle","Chelsea","8.28","4.57","1.45","1.04","12.00","1.26","4.08","1.85","2.07","3.18","1.38","6.06","1.14","1.93","1.88"
"4957","30-10-21 16:00","England","Premier League","2021/2022","Watford","Southampton","3.62","3.58","2.10","1.03","14.10","1.23","4.35","1.77","2.17","2.83","1.45","5.55","1.16","1.56","2.43"
"4958","30-10-21 13:30","England","Premier League","2021/2022","Leicester","Arsenal","2.69","3.57","2.64","1.03","14.10","1.21","4.71","1.70","2.28","2.65","1.50","5.01","1.19","1.55","2.46"
"4959","24-10-21 17:30","England","Premier League","2021/2022","Manchester Utd","Liverpool","2.91","3.93","2.31","1.03","19.00","1.15","5.91","1.45","2.82","2.12","1.76","3.54","1.32","1.42","2.88"
"4960","24-10-21 15:00","England","Premier League","2021/2022","Brentford","Leicester","3.05","3.44","2.42","1.04","12.00","1.23","4.35","1.85","2.07","3.00","1.41","6.06","1.14","1.60","2.34"
"4961","24-10-21 15:00","England","Premier League","2021/2022","West Ham","Tottenham","2.40","3.57","3.00","1.03","14.10","1.21","4.71","1.70","2.28","2.65","1.50","5.01","1.19","1.56","2.43"
"4962","23-10-21 18:30","England","Premier League","2021/2022","Brighton","Manchester City","9.67","4.92","1.38","1.03","14.10","1.21","4.71","1.70","2.28","2.65","1.50","5.01","1.19","1.83","1.98"
"4963","23-10-21 16:00","England","Premier League","2021/2022","Crystal Palace","Newcastle","1.84","3.69","4.62","1.05","10.90","1.30","3.70","1.97","1.93","3.40","1.34","6.98","1.11","1.74","2.09"
"4964","23-10-21 16:00","England","Premier League","2021/2022","Everton","Watford","1.75","3.70","5.25","1.05","10.90","1.30","3.70","1.97","1.93","3.40","1.34","6.98","1.11","1.74","2.09"
"4965","23-10-21 16:00","England","Premier League","2021/2022","Leeds","Wolves","2.58","3.46","2.82","1.04","12.00","1.26","4.08","1.85","2.07","3.00","1.41","6.06","1.14","1.62","2.31"
"4966","23-10-21 16:00","England","Premier League","2021/2022","Southampton","Burnley","1.89","3.67","4.39","1.03","14.10","1.23","4.35","1.77","2.17","3.00","1.41","5.55","1.16","1.65","2.24"
"4967","23-10-21 13:30","England","Premier League","2021/2022","Chelsea","Norwich","1.22","6.62","15.20","1.04","12.00","1.23","4.35","1.70","2.28","2.65","1.50","5.01","1.19","2.22","1.66"
"4968","22-10-21 21:00","England","Premier League","2021/2022","Arsenal","Aston Villa","1.84","3.85","4.41","1.03","14.10","1.23","4.35","1.77","2.17","2.83","1.45","5.55","1.16","1.62","2.31"
"4969","18-10-21 21:00","England","Premier League","2021/2022","Arsenal","Crystal Palace","1.57","4.09","6.59","1.04","11.80","1.26","4.03","1.86","2.05","3.21","1.37","6.12","1.14","1.85","1.96"
"4970","17-10-21 17:30","England","Premier League","2021/2022","Newcastle","Tottenham","3.84","3.67","2.01","1.03","14.00","1.21","4.66","1.72","2.26","2.68","1.50","5.06","1.18","1.57","2.41"
"4971","17-10-21 15:00","England","Premier League","2021/2022","Everton","West Ham","2.78","3.52","2.58","1.05","10.90","1.28","3.80","1.97","1.93","3.18","1.38","6.54","1.13","1.63","2.28"
"4972","16-10-21 18:30","England","Premier League","2021/2022","Brentford","Chelsea","6.40","3.99","1.60","1.06","10.00","1.32","3.50","1.99","1.91","3.43","1.34","7.06","1.11","1.82","2.00"
"4973","16-10-21 16:00","England","Premier League","2021/2022","Aston Villa","Wolves","2.05","3.33","4.10","1.09","8.00","1.48","2.75","2.47","1.57","4.80","1.20","9.99","1.06","2.10","1.74"
"4974","16-10-21 16:00","England","Premier League","2021/2022","Leicester","Manchester Utd","3.69","3.85","2.00","1.03","15.00","1.22","4.50","1.70","2.20","2.66","1.50","4.80","1.20","1.61","2.31"
"4975","16-10-21 16:00","England","Premier League","2021/2022","Manchester City","Burnley","1.14","9.71","20.00","1.01","24.00","1.13","6.50","1.34","3.40","1.99","1.91","3.06","1.40","2.04","1.78"
"4976","16-10-21 16:00","England","Premier League","2021/2022","Norwich","Brighton","3.99","3.58","2.00","1.08","9.00","1.41","3.00","2.35","1.67","4.48","1.22","9.26","1.07","2.04","1.78"
"4977","16-10-21 16:00","England","Premier League","2021/2022","Southampton","Leeds","2.15","3.69","3.38","1.04","13.00","1.23","4.33","1.82","2.10","2.86","1.45","5.41","1.17","1.65","2.24"
"4978","16-10-21 13:30","England","Premier League","2021/2022","Watford","Liverpool","9.89","5.88","1.32","1.02","18.00","1.17","5.38","1.49","2.69","2.31","1.64","3.87","1.28","1.72","2.13"
"4979","03-10-21 17:30","England","Premier League","2021/2022","Liverpool","Manchester City","2.90","3.97","2.30","1.03","14.10","1.21","4.71","1.70","2.28","2.65","1.50","5.01","1.19","1.52","2.51"
"4980","03-10-21 15:00","England","Premier League","2021/2022","Crystal Palace","Leicester","2.86","3.37","2.60","1.07","9.68","1.33","3.44","2.09","1.83","3.87","1.28","7.90","1.09","1.74","2.09"
"4981","03-10-21 15:00","England","Premier League","2021/2022","Tottenham","Aston Villa","2.01","3.47","4.06","1.05","10.90","1.28","3.80","1.97","1.93","3.40","1.34","6.54","1.13","1.69","2.18"
"4982","03-10-21 15:00","England","Premier League","2021/2022","West Ham","Brentford","1.77","3.84","4.87","1.04","11.80","1.26","4.03","1.86","2.05","3.21","1.37","6.12","1.14","1.69","2.18"
"4983","02-10-21 18:30","England","Premier League","2021/2022","Brighton","Arsenal","3.52","3.33","2.24","1.07","9.68","1.30","3.66","2.09","1.83","3.54","1.32","7.05","1.11","1.69","2.18"
"4984","02-10-21 16:00","England","Premier League","2021/2022","Burnley","Norwich","1.95","3.67","4.08","1.06","10.00","1.32","3.50","2.13","1.80","3.67","1.30","7.06","1.11","1.83","1.98"
"4985","02-10-21 16:00","England","Premier League","2021/2022","Chelsea","Southampton","1.41","4.84","8.86","1.03","14.10","1.21","4.71","1.70","2.28","2.65","1.50","5.01","1.19","1.83","1.98"
"4986","02-10-21 16:00","England","Premier League","2021/2022","Leeds","Watford","1.76","3.88","4.85","1.02","16.30","1.19","4.89","1.56","2.50","2.38","1.61","4.44","1.22","1.56","2.43"
"4987","02-10-21 16:00","England","Premier League","2021/2022","Wolves","Newcastle","1.74","3.84","5.12","1.05","10.90","1.28","3.80","1.85","2.07","3.18","1.38","6.06","1.14","1.70","2.15"
"4988","02-10-21 13:30","England","Premier League","2021/2022","Manchester Utd","Everton","1.54","4.07","7.43","1.04","12.00","1.23","4.35","1.77","2.17","2.83","1.45","5.55","1.16","1.70","2.15"
"4989","27-09-21 21:00","England","Premier League","2021/2022","Crystal Palace","Brighton","2.85","3.16","2.75","1.08","8.70","1.36","3.26","2.19","1.71","4.15","1.25","8.58","1.08","1.83","1.98"
"4990","26-09-21 17:30","England","Premier League","2021/2022","Arsenal","Tottenham","2.32","3.47","3.21","1.04","12.00","1.26","4.08","1.85","2.07","3.18","1.38","6.06","1.14","1.66","2.22"
"4991","26-09-21 15:00","England","Premier League","2021/2022","Southampton","Wolves","2.15","3.38","3.69","1.06","9.78","1.33","3.48","2.07","1.84","3.83","1.28","7.83","1.09","1.74","2.09"
"4992","25-09-21 18:30","England","Premier League","2021/2022","Brentford","Liverpool","7.80","5.13","1.42","1.03","14.10","1.21","4.71","1.70","2.28","2.65","1.50","5.01","1.19","1.87","1.93"
"4993","25-09-21 16:00","England","Premier League","2021/2022","Everton","Norwich","1.68","3.80","5.78","1.05","10.90","1.28","3.80","1.97","1.93","3.40","1.34","6.54","1.13","1.82","2.00"
"4994","25-09-21 16:00","England","Premier League","2021/2022","Leeds","West Ham","3.19","3.69","2.24","1.02","16.30","1.19","4.89","1.56","2.50","2.38","1.61","4.44","1.22","1.44","2.78"
"4995","25-09-21 16:00","England","Premier League","2021/2022","Leicester","Burnley","1.66","3.91","5.81","1.04","12.00","1.23","4.35","1.77","2.17","3.00","1.41","5.55","1.16","1.69","2.18"
"4996","25-09-21 16:00","England","Premier League","2021/2022","Watford","Newcastle","2.11","3.60","3.60","1.04","12.00","1.26","4.08","1.85","2.07","3.00","1.41","6.06","1.14","1.65","2.24"
"4997","25-09-21 13:30","England","Premier League","2021/2022","Chelsea","Manchester City","2.97","3.28","2.56","1.06","9.78","1.33","3.48","2.07","1.84","3.83","1.28","7.83","1.09","1.76","2.07"
"4998","25-09-21 13:30","England","Premier League","2021/2022","Manchester Utd","Aston Villa","1.38","5.13","8.83","1.02","16.30","1.19","4.89","1.56","2.50","2.38","1.61","4.44","1.22","1.70","2.15"
"4999","19-09-21 17:30","England","Premier League","2021/2022","Tottenham","Chelsea","4.82","3.51","1.85","1.07","9.68","1.33","3.44","2.09","1.83","3.87","1.28","7.90","1.09","1.85","1.96"
"5000","19-09-21 15:00","England","Premier League","2021/2022","Brighton","Leicester","2.45","3.26","3.16","1.06","9.78","1.30","3.70","1.97","1.93","3.40","1.34","6.98","1.11","1.66","2.22"
"5001","19-09-21 15:00","England","Premier League","2021/2022","West Ham","Manchester Utd","4.63","3.90","1.80","1.04","12.00","1.26","4.08","1.85","2.07","3.18","1.38","6.06","1.14","1.70","2.15"
"5002","18-09-21 18:30","England","Premier League","2021/2022","Aston Villa","Everton","2.23","3.48","3.39","1.05","10.90","1.30","3.70","1.97","1.93","3.51","1.32","6.98","1.11","1.69","2.18"
"5003","18-09-21 16:00","England","Premier League","2021/2022","Burnley","Arsenal","4.14","3.69","1.93","1.04","12.00","1.26","4.08","1.85","2.07","3.00","1.41","6.06","1.14","1.65","2.24"
"5004","18-09-21 16:00","England","Premier League","2021/2022","Liverpool","Crystal Palace","1.31","5.86","10.20","1.02","18.00","1.17","5.43","1.45","2.85","2.19","1.71","3.83","1.28","1.74","2.09"
"5005","18-09-21 16:00","England","Premier League","2021/2022","Manchester City","Southampton","1.17","8.81","17.20","1.02","22.00","1.11","7.07","1.33","3.48","1.85","2.07","2.83","1.45","1.74","2.09"
"5006","18-09-21 16:00","England","Premier League","2021/2022","Norwich","Watford","2.29","3.36","3.36","1.05","10.70","1.30","3.66","1.99","1.91","3.43","1.33","7.05","1.11","1.69","2.18"
"5007","18-09-21 13:30","England","Premier League","2021/2022","Wolves","Brentford","1.81","3.35","5.61","1.10","7.61","1.41","2.99","2.29","1.66","4.44","1.22","9.25","1.07","1.99","1.81"
"5008","17-09-21 21:00","England","Premier League","2021/2022","Newcastle","Leeds","3.17","3.68","2.25","1.02","16.10","1.20","4.84","1.57","2.47","2.40","1.60","4.18","1.25","1.47","2.66"
"5009","13-09-21 21:00","England","Premier League","2021/2022","Everton","Burnley","1.74","3.56","5.74","1.08","8.60","1.37","3.23","2.21","1.70","4.18","1.25","8.66","1.08","2.01","1.80"
"5010","12-09-21 17:30","England","Premier League","2021/2022","Leeds","Liverpool","5.00","4.43","1.65","1.03","18.00","1.17","5.32","1.50","2.66","2.23","1.68","3.90","1.27","1.51","2.54"
"5011","11-09-21 18:30","England","Premier League","2021/2022","Chelsea","Aston Villa","1.36","5.20","10.10","1.03","14.00","1.21","4.66","1.62","2.37","2.68","1.50","5.06","1.18","1.91","1.90"
"5012","11-09-21 16:00","England","Premier League","2021/2022","Arsenal","Norwich","1.38","5.13","8.83","1.02","16.10","1.17","5.38","1.54","2.55","2.40","1.60","4.18","1.25","1.72","2.13"
"5013","11-09-21 16:00","England","Premier League","2021/2022","Brentford","Brighton","3.06","3.24","2.52","1.11","6.99","1.45","2.82","2.49","1.56","5.06","1.18","10.50","1.06","1.94","1.86"
"5014","11-09-21 16:00","England","Premier League","2021/2022","Leicester","Manchester City","5.81","4.11","1.63","1.04","12.00","1.23","4.35","1.77","2.17","2.83","1.45","5.55","1.16","1.69","2.18"
"5015","11-09-21 16:00","England","Premier League","2021/2022","Manchester Utd","Newcastle","1.19","7.42","17.10","1.02","20.00","1.14","5.98","1.41","2.99","2.07","1.84","3.40","1.34","1.87","1.93"
"5016","11-09-21 16:00","England","Premier League","2021/2022","Southampton","West Ham","3.30","3.58","2.23","1.03","14.00","1.20","4.84","1.62","2.37","2.49","1.56","5.06","1.18","1.54","2.48"
"5017","11-09-21 16:00","England","Premier League","2021/2022","Watford","Wolves","4.00","3.20","2.13","1.08","8.60","1.37","3.23","2.21","1.70","4.18","1.25","8.66","1.08","1.85","1.96"
"5018","11-09-21 13:30","England","Premier League","2021/2022","Crystal Palace","Tottenham","4.18","3.45","1.99","1.08","8.70","1.41","2.99","2.19","1.71","4.15","1.25","8.58","1.08","1.87","1.93"
"5019","29-08-21 17:30","England","Premier League","2021/2022","Wolves","Manchester Utd","5.19","3.81","1.74","1.07","9.68","1.30","3.66","1.99","1.91","3.43","1.33","7.05","1.11","1.85","1.96"
"5020","29-08-21 15:00","England","Premier League","2021/2022","Burnley","Leeds","3.52","3.57","2.15","1.03","14.10","1.21","4.71","1.70","2.28","2.65","1.50","5.01","1.19","1.55","2.46"
"5021","29-08-21 15:00","England","Premier League","2021/2022","Tottenham","Watford","1.41","4.60","9.34","1.04","12.00","1.23","4.35","1.77","2.17","2.83","1.45","5.55","1.16","1.82","2.00"
"5022","28-08-21 18:30","England","Premier League","2021/2022","Liverpool","Chelsea","2.44","3.63","2.89","1.05","10.90","1.30","3.70","1.97","1.93","3.40","1.34","6.98","1.11","1.66","2.22"
"5023","28-08-21 16:00","England","Premier League","2021/2022","Aston Villa","Brentford","2.05","3.33","4.10","1.08","8.60","1.37","3.23","2.20","1.75","3.87","1.28","8.66","1.08","1.83","1.98"
"5024","28-08-21 16:00","England","Premier League","2021/2022","Brighton","Everton","2.30","3.33","3.38","1.08","8.70","1.36","3.26","2.17","1.77","3.83","1.28","8.58","1.08","1.82","2.00"
"5025","28-08-21 16:00","England","Premier League","2021/2022","Newcastle","Southampton","2.44","3.56","2.95","1.03","14.00","1.21","4.66","1.72","2.26","2.68","1.50","5.06","1.18","1.52","2.51"
"5026","28-08-21 16:00","England","Premier League","2021/2022","Norwich","Leicester","4.62","3.69","1.84","1.04","11.80","1.26","4.03","1.86","2.05","3.03","1.41","6.12","1.14","1.69","2.18"
"5027","28-08-21 16:00","England","Premier League","2021/2022","West Ham","Crystal Palace","1.57","4.10","6.66","1.04","12.00","1.23","4.35","1.77","2.17","2.83","1.45","5.55","1.16","1.69","2.18"
"5028","28-08-21 13:30","England","Premier League","2021/2022","Manchester City","Arsenal","1.34","5.36","10.10","1.04","11.80","1.24","4.30","1.78","2.15","2.85","1.45","5.60","1.16","1.94","1.86"
"5029","23-08-21 21:00","England","Premier League","2021/2022","West Ham","Leicester","2.40","3.70","2.90","1.05","11.70","1.24","4.26","1.80","2.13","2.88","1.44","5.66","1.16","1.57","2.41"
"5030","22-08-21 17:30","England","Premier League","2021/2022","Arsenal","Chelsea","4.98","3.56","1.82","1.06","9.78","1.33","3.48","2.07","1.84","3.83","1.28","7.83","1.09","1.83","1.98"
"5031","22-08-21 15:00","England","Premier League","2021/2022","Southampton","Manchester Utd","5.79","4.40","1.58","1.02","16.30","1.19","4.89","1.60","2.39","2.47","1.57","4.44","1.22","1.65","2.24"
"5032","22-08-21 15:00","England","Premier League","2021/2022","Wolves","Tottenham","3.17","3.19","2.49","1.08","8.70","1.36","3.26","2.19","1.71","4.15","1.25","8.58","1.08","1.82","2.00"
"5033","21-08-21 18:30","England","Premier League","2021/2022","Brighton","Watford","1.80","3.69","4.85","1.08","8.70","1.33","3.48","2.07","1.84","3.83","1.28","7.83","1.09","1.89","1.91"
"5034","21-08-21 16:00","England","Premier League","2021/2022","Aston Villa","Newcastle","1.79","4.08","4.42","1.02","16.30","1.19","4.89","1.60","2.39","2.47","1.57","4.44","1.22","1.60","2.33"
"5035","21-08-21 16:00","England","Premier League","2021/2022","Crystal Palace","Brentford","2.66","3.27","2.86","1.08","8.70","1.41","2.99","2.19","1.71","4.15","1.25","8.58","1.08","1.90","1.90"
"5036","21-08-21 16:00","England","Premier League","2021/2022","Leeds","Everton","2.09","3.57","3.67","1.03","14.10","1.23","4.35","1.77","2.17","2.83","1.45","5.55","1.16","1.65","2.24"
"5037","21-08-21 16:00","England","Premier League","2021/2022","Manchester City","Norwich","1.11","10.90","26.00","1.01","23.00","1.11","7.07","1.33","3.48","1.85","2.07","3.00","1.41","2.15","1.70"
"5038","21-08-21 13:30","England","Premier League","2021/2022","Liverpool","Burnley","1.26","6.27","12.10","1.02","19.00","1.14","5.98","1.45","2.85","2.10","1.77","3.51","1.32","1.83","1.98"
"5039","15-08-21 17:30","England","Premier League","2021/2022","Tottenham","Manchester City","6.53","4.20","1.57","1.03","14.10","1.23","4.35","1.77","2.17","3.00","1.41","5.55","1.16","1.74","2.09"
"5040","15-08-21 15:00","England","Premier League","2021/2022","Newcastle","West Ham","3.62","3.47","2.14","1.04","11.80","1.26","4.03","1.86","2.05","3.03","1.41","6.12","1.14","1.64","2.26"
"5041","14-08-21 18:30","England","Premier League","2021/2022","Norwich","Liverpool","7.09","4.87","1.46","1.01","17.00","1.17","5.43","1.53","2.58","2.29","1.66","4.15","1.25","1.66","2.22"
"5042","14-08-21 16:00","England","Premier League","2021/2022","Burnley","Brighton","3.17","3.17","2.50","1.08","8.70","1.36","3.26","2.19","1.71","4.15","1.25","8.58","1.08","1.83","1.98"
"5043","14-08-21 16:00","England","Premier League","2021/2022","Chelsea","Crystal Palace","1.32","5.35","11.20","1.04","12.00","1.26","4.08","1.85","2.07","3.18","1.38","6.06","1.14","2.14","1.71"
"5044","14-08-21 16:00","England","Premier League","2021/2022","Everton","Southampton","2.12","3.46","3.71","1.06","9.78","1.36","3.26","2.17","1.77","4.15","1.25","8.58","1.08","1.89","1.91"
"5045","14-08-21 16:00","England","Premier League","2021/2022","Leicester","Wolves","1.70","4.13","5.00","1.06","9.78","1.30","3.70","1.97","1.93","3.51","1.32","6.98","1.11","1.83","1.98"
"5046","14-08-21 16:00","England","Premier League","2021/2022","Watford","Aston Villa","3.73","3.37","2.14","1.06","9.78","1.33","3.48","2.07","1.84","3.83","1.28","7.83","1.09","1.76","2.07"
"5047","14-08-21 13:30","England","Premier League","2021/2022","Manchester Utd","Leeds","1.60","4.27","5.80","1.02","16.10","1.20","4.84","1.62","2.37","2.49","1.56","4.49","1.22","1.63","2.28"
"5048","13-08-21 21:00","England","Premier League","2021/2022","Brentford","Arsenal","4.19","3.34","2.03","1.10","7.61","1.41","2.99","2.19","1.71","4.15","1.25","9.25","1.07","1.89","1.91"
"5049","23-05-21 17:00","England","Premier League","2020/2021","Arsenal","Brighton","1.65","4.30","5.23","1.02","16.10","1.20","4.84","1.62","2.37","2.49","1.56","4.49","1.22","1.64","2.26"
"5050","23-05-21 17:00","England","Premier League","2020/2021","Aston Villa","Chelsea","7.15","4.86","1.46","1.01","16.00","1.20","4.84","1.57","2.47","2.40","1.60","4.49","1.22","1.72","2.13"
"5051","23-05-21 17:00","England","Premier League","2020/2021","Fulham","Newcastle","2.61","3.48","2.78","1.04","11.80","1.24","4.30","1.78","2.15","2.85","1.45","5.60","1.16","1.61","2.31"
"5052","23-05-21 17:00","England","Premier League","2020/2021","Leeds","West Brom","1.54","4.85","5.76","1.01","19.00","1.17","5.38","1.45","2.82","2.21","1.70","3.87","1.28","1.57","2.41"
"5053","23-05-21 17:00","England","Premier League","2020/2021","Leicester","Tottenham","1.83","4.60","3.74","1.01","17.00","1.17","5.32","1.50","2.66","2.23","1.68","3.90","1.27","1.49","2.60"
"5054","23-05-21 17:00","England","Premier League","2020/2021","Liverpool","Crystal Palace","1.15","9.39","17.80","1.01","17.00","1.08","8.60","1.29","3.76","1.78","2.15","2.68","1.50","1.78","2.04"
"5055","23-05-21 17:00","England","Premier League","2020/2021","Manchester City","Everton","1.31","6.09","9.83","1.02","13.00","1.13","6.45","1.42","2.96","2.09","1.83","3.43","1.33","1.72","2.13"
"5056","23-05-21 17:00","England","Premier League","2020/2021","Sheffield Utd","Burnley","3.08","3.47","2.40","1.04","11.80","1.24","4.30","1.78","2.15","2.85","1.45","5.60","1.16","1.61","2.31"
"5057","23-05-21 17:00","England","Premier League","2020/2021","West Ham","Southampton","1.78","3.97","4.58","1.03","14.00","1.21","4.66","1.72","2.26","2.68","1.50","5.06","1.18","1.64","2.26"
"5058","23-05-21 17:00","England","Premier League","2020/2021","Wolves","Manchester Utd","2.23","3.73","3.17","1.08","8.60","1.42","2.96","2.21","1.70","4.18","1.25","8.66","1.08","1.91","1.90"
"5059","19-05-21 21:15","England","Premier League","2020/2021","Burnley","Liverpool","9.95","6.17","1.30","1.02","15.00","1.11","6.99","1.33","3.44","1.86","2.05","3.03","1.41","1.64","2.26"
"5060","19-05-21 21:15","England","Premier League","2020/2021","West Brom","West Ham","5.52","4.31","1.62","1.02","16.10","1.20","4.84","1.62","2.37","2.49","1.56","4.49","1.22","1.61","2.31"
"5061","19-05-21 20:00","England","Premier League","2020/2021","Crystal Palace","Arsenal","6.34","4.31","1.56","1.06","10.60","1.31","3.62","2.01","1.90","3.57","1.31","7.12","1.11","1.96","1.85"
"5062","19-05-21 19:00","England","Premier League","2020/2021","Everton","Wolves","1.73","4.13","4.76","1.07","9.57","1.31","3.62","2.01","1.90","3.57","1.31","7.12","1.11","1.85","1.96"
"5063","19-05-21 19:00","England","Premier League","2020/2021","Newcastle","Sheffield Utd","1.88","3.68","4.40","1.03","13.80","1.24","4.26","1.80","2.13","2.88","1.44","5.11","1.18","1.61","2.31"
"5064","19-05-21 19:00","England","Premier League","2020/2021","Tottenham","Aston Villa","1.60","4.91","4.99","1.01","16.00","1.17","5.38","1.54","2.55","2.31","1.64","4.18","1.25","1.57","2.41"
"5065","18-05-21 21:15","England","Premier League","2020/2021","Chelsea","Leicester","1.67","4.13","5.26","1.07","9.57","1.34","3.40","2.11","1.81","3.90","1.27","7.97","1.09","1.96","1.85"
"5066","18-05-21 20:00","England","Premier League","2020/2021","Brighton","Manchester City","7.72","4.62","1.46","1.03","14.00","1.24","4.30","1.72","2.26","2.68","1.50","5.06","1.18","1.85","1.96"
"5067","18-05-21 19:00","England","Premier League","2020/2021","Manchester Utd","Fulham","1.30","6.11","10.30","1.01","17.00","1.17","5.32","1.55","2.53","2.33","1.63","4.22","1.24","1.85","1.96"
"5068","18-05-21 19:00","England","Premier League","2020/2021","Southampton","Leeds","2.59","4.11","2.49","1.01","16.00","1.17","5.32","1.55","2.53","2.33","1.63","4.22","1.24","1.46","2.72"
"5069","16-05-21 20:00","England","Premier League","2020/2021","Everton","Sheffield Utd","1.35","5.36","9.87","1.04","11.80","1.24","4.30","1.78","2.15","2.85","1.45","5.60","1.16","1.96","1.85"
"5070","16-05-21 17:30","England","Premier League","2020/2021","West Brom","Liverpool","13.20","7.69","1.21","1.02","15.00","1.13","6.38","1.37","3.19","2.01","1.90","3.24","1.36","1.78","2.04"
"5071","16-05-21 15:05","England","Premier League","2020/2021","Tottenham","Wolves","1.53","4.58","6.29","1.02","16.30","1.21","4.71","1.60","2.39","2.65","1.50","5.01","1.19","1.65","2.24"
"5072","16-05-21 13:00","England","Premier League","2020/2021","Crystal Palace","Aston Villa","3.30","3.58","2.23","1.03","14.00","1.24","4.30","1.78","2.15","2.85","1.45","5.60","1.16","1.55","2.46"
"5073","15-05-21 21:00","England","Premier League","2020/2021","Brighton","West Ham","3.75","3.70","2.02","1.03","14.00","1.26","4.03","1.86","2.05","3.03","1.41","6.12","1.14","1.63","2.28"
"5074","15-05-21 16:00","England","Premier League","2020/2021","Southampton","Fulham","1.83","3.90","4.37","1.03","14.00","1.24","4.30","1.78","2.15","2.85","1.45","5.60","1.16","1.66","2.22"
"5075","15-05-21 13:30","England","Premier League","2020/2021","Burnley","Leeds","3.85","3.99","1.92","1.02","15.80","1.20","4.74","1.59","2.42","2.54","1.54","4.57","1.22","1.54","2.48"
"5076","14-05-21 21:00","England","Premier League","2020/2021","Newcastle","Manchester City","9.20","5.88","1.33","1.01","19.00","1.15","5.79","1.44","2.89","2.13","1.80","3.50","1.32","1.67","2.21"
"5077","13-05-21 21:15","England","Premier League","2020/2021","Manchester Utd","Liverpool","2.73","4.11","2.36","1.02","16.30","1.19","4.89","1.60","2.39","2.47","1.57","4.44","1.22","1.47","2.66"
"5078","13-05-21 19:00","England","Premier League","2020/2021","Aston Villa","Everton","3.26","3.37","2.34","1.06","9.78","1.33","3.48","2.07","1.84","3.51","1.32","7.83","1.09","1.69","2.18"
"5079","12-05-21 21:15","England","Premier League","2020/2021","Chelsea","Arsenal","1.89","3.48","4.67","1.08","8.70","1.36","3.26","2.17","1.77","3.83","1.28","7.83","1.09","1.87","1.93"
"5080","11-05-21 21:15","England","Premier League","2020/2021","Southampton","Crystal Palace","1.86","4.14","4.01","1.04","12.00","1.23","4.35","1.77","2.17","3.00","1.41","5.55","1.16","1.65","2.24"
"5081","11-05-21 19:00","England","Premier League","2020/2021","Manchester Utd","Leicester","3.43","3.57","2.18","1.04","12.00","1.26","4.08","1.85","2.07","3.18","1.38","6.06","1.14","1.65","2.24"
"5082","10-05-21 21:00","England","Premier League","2020/2021","Fulham","Burnley","2.18","3.66","3.36","1.05","10.70","1.30","3.66","1.99","1.91","3.54","1.32","7.05","1.11","1.69","2.18"
"5083","09-05-21 20:00","England","Premier League","2020/2021","Arsenal","West Brom","1.47","5.01","6.62","1.03","14.10","1.23","4.35","1.77","2.17","2.83","1.45","5.55","1.16","1.82","2.00"
"5084","09-05-21 17:30","England","Premier League","2020/2021","West Ham","Everton","2.10","3.86","3.39","1.04","11.80","1.24","4.30","1.78","2.15","2.85","1.45","5.60","1.16","1.59","2.36"
"5085","09-05-21 15:05","England","Premier League","2020/2021","Aston Villa","Manchester Utd","4.80","4.08","1.73","1.03","14.10","1.21","4.71","1.70","2.28","2.65","1.50","5.01","1.19","1.59","2.36"
"5086","09-05-21 13:00","England","Premier League","2020/2021","Wolves","Brighton","3.79","3.37","2.12","1.08","8.70","1.36","3.26","2.19","1.71","4.15","1.25","8.58","1.08","1.87","1.93"
"5087","08-05-21 21:15","England","Premier League","2020/2021","Liverpool","Southampton","1.31","5.94","9.81","1.02","15.00","1.13","6.45","1.37","3.23","1.99","1.91","3.21","1.37","1.61","2.31"
"5088","08-05-21 18:30","England","Premier League","2020/2021","Manchester City","Chelsea","2.00","3.75","3.80","1.08","8.70","1.36","3.26","2.17","1.77","4.15","1.25","8.58","1.08","1.89","1.91"
"5089","08-05-21 16:00","England","Premier League","2020/2021","Sheffield Utd","Crystal Palace","2.97","3.28","2.56","1.08","8.60","1.37","3.23","2.21","1.70","4.18","1.25","8.66","1.08","1.82","2.00"
"5090","08-05-21 13:30","England","Premier League","2020/2021","Leeds","Tottenham","4.33","4.08","1.80","1.02","16.10","1.21","4.66","1.62","2.37","2.49","1.56","5.06","1.18","1.55","2.46"
"5091","07-05-21 21:00","England","Premier League","2020/2021","Leicester","Newcastle","1.38","4.92","9.57","1.03","14.00","1.21","4.66","1.72","2.26","2.68","1.50","5.06","1.18","1.83","1.98"
"5092","03-05-21 21:15","England","Premier League","2020/2021","Burnley","West Ham","3.07","3.58","2.35","1.03","14.10","1.21","4.71","1.70","2.28","2.65","1.50","5.01","1.19","1.51","2.54"
"5093","03-05-21 19:00","England","Premier League","2020/2021","West Brom","Wolves","2.56","3.18","3.07","1.08","8.70","1.41","2.99","2.29","1.66","4.44","1.22","9.25","1.07","1.89","1.91"
"5094","02-05-21 20:15","England","Premier League","2020/2021","Tottenham","Sheffield Utd","1.32","5.66","10.40","1.02","16.10","1.20","4.84","1.57","2.47","2.49","1.56","4.49","1.22","1.87","1.93"
"5095","02-05-21 15:00","England","Premier League","2020/2021","Newcastle","Arsenal","4.23","3.69","1.91","1.03","14.00","1.21","4.66","1.72","2.26","2.68","1.50","5.06","1.18","1.57","2.41"
"5096","01-05-21 21:00","England","Premier League","2020/2021","Everton","Aston Villa","1.95","3.88","3.83","1.03","14.00","1.24","4.30","1.78","2.15","2.85","1.45","5.60","1.16","1.61","2.31"
"5097","01-05-21 18:30","England","Premier League","2020/2021","Chelsea","Fulham","1.44","4.30","9.64","1.07","9.68","1.30","3.66","1.99","1.91","3.54","1.32","7.05","1.11","2.08","1.75"
"5098","01-05-21 16:00","England","Premier League","2020/2021","Brighton","Leeds","2.04","3.84","3.58","1.05","10.70","1.29","3.76","1.99","1.91","3.21","1.37","6.60","1.12","1.70","2.15"
"5099","01-05-21 13:30","England","Premier League","2020/2021","Crystal Palace","Manchester City","10.60","5.66","1.32","1.03","13.70","1.22","4.56","1.64","2.32","2.54","1.54","4.57","1.22","1.91","1.90"
"5100","30-04-21 21:00","England","Premier League","2020/2021","Southampton","Leicester","4.40","3.88","1.83","1.04","12.00","1.28","3.80","1.85","2.07","3.18","1.38","6.54","1.13","1.69","2.18"
"5101","26-04-21 21:00","England","Premier League","2020/2021","Leicester","Crystal Palace","1.43","4.84","8.15","1.03","14.10","1.23","4.35","1.70","2.28","2.65","1.50","5.01","1.19","1.90","1.90"
"5102","25-04-21 20:00","England","Premier League","2020/2021","Aston Villa","West Brom","2.02","3.57","3.90","1.04","11.80","1.26","4.03","1.86","2.05","3.21","1.37","6.12","1.14","1.65","2.24"
"5103","25-04-21 15:00","England","Premier League","2020/2021","Leeds","Manchester Utd","4.65","4.11","1.75","1.04","11.80","1.24","4.30","1.78","2.15","3.03","1.41","5.60","1.16","1.68","2.19"
"5104","25-04-21 13:00","England","Premier League","2020/2021","Wolves","Burnley","2.28","3.40","3.37","1.10","7.53","1.42","2.96","2.40","1.60","4.49","1.22","9.34","1.07","1.91","1.90"
"5105","24-04-21 21:00","England","Premier League","2020/2021","Sheffield Utd","Brighton","6.13","4.09","1.60","1.08","8.70","1.36","3.26","2.07","1.84","3.83","1.28","7.83","1.09","2.06","1.77"
"5106","24-04-21 18:30","England","Premier League","2020/2021","West Ham","Chelsea","5.24","4.28","1.65","1.04","12.00","1.28","3.80","1.85","2.07","3.40","1.34","6.54","1.13","1.82","2.00"
"5107","24-04-21 13:30","England","Premier League","2020/2021","Liverpool","Newcastle","1.21","7.97","12.80","1.02","15.00","1.14","6.19","1.40","3.05","2.10","1.82","3.22","1.37","1.72","2.13"
"5108","23-04-21 21:00","England","Premier League","2020/2021","Arsenal","Everton","2.06","3.58","3.76","1.05","11.70","1.26","3.99","1.88","2.03","3.06","1.40","6.17","1.14","1.65","2.24"
"5109","22-04-21 21:00","England","Premier League","2020/2021","Leicester","West Brom","1.62","3.89","6.33","1.04","11.80","1.24","4.30","1.78","2.15","3.03","1.41","5.60","1.16","1.69","2.18"
"5110","21-04-21 21:15","England","Premier League","2020/2021","Aston Villa","Manchester City","11.00","5.47","1.32","1.04","11.80","1.21","4.66","1.72","2.26","2.68","1.50","5.06","1.18","2.01","1.80"
"5111","21-04-21 19:00","England","Premier League","2020/2021","Tottenham","Southampton","1.78","3.97","4.60","1.03","14.00","1.21","4.66","1.72","2.26","2.68","1.50","5.06","1.18","1.61","2.31"
"5112","20-04-21 21:15","England","Premier League","2020/2021","Chelsea","Brighton","1.72","3.84","5.75","1.05","7.70","1.40","2.86","2.33","1.71","4.10","1.22","7.80","1.04","2.20","1.64"
"5113","19-04-21 21:00","England","Premier League","2020/2021","Leeds","Liverpool","5.40","4.57","1.60","1.01","18.00","1.17","5.38","1.49","2.69","2.21","1.70","3.87","1.28","1.56","2.43"
"5114","18-04-21 17:00","England","Premier League","2020/2021","Manchester Utd","Burnley","1.34","5.36","10.10","1.02","16.10","1.20","4.84","1.62","2.37","2.49","1.56","4.49","1.22","1.85","1.96"
"5115","18-04-21 14:30","England","Premier League","2020/2021","Arsenal","Fulham","1.77","3.83","4.87","1.04","11.80","1.29","3.76","1.86","2.05","3.21","1.37","6.60","1.12","1.69","2.18"
"5116","17-04-21 21:15","England","Premier League","2020/2021","Wolves","Sheffield Utd","1.73","3.51","5.89","1.08","8.60","1.37","3.23","2.21","1.70","4.18","1.25","8.66","1.08","1.93","1.88"
"5117","17-04-21 13:30","England","Premier League","2020/2021","Newcastle","West Ham","3.73","3.47","2.11","1.05","10.90","1.28","3.80","1.97","1.93","3.18","1.38","6.54","1.13","1.66","2.22"
"5118","16-04-21 21:00","England","Premier League","2020/2021","Everton","Tottenham","3.82","3.59","2.04","1.04","11.80","1.29","3.76","1.99","1.91","3.43","1.33","6.60","1.12","1.70","2.15"
"5119","12-04-21 21:15","England","Premier League","2020/2021","Brighton","Everton","2.09","3.78","3.48","1.06","9.78","1.33","3.48","2.07","1.84","3.83","1.28","7.83","1.09","1.74","2.09"
"5120","12-04-21 19:00","England","Premier League","2020/2021","West Brom","Southampton","3.69","3.69","2.05","1.03","14.10","1.23","4.35","1.77","2.17","2.83","1.45","5.55","1.16","1.59","2.36"
"5121","11-04-21 20:00","England","Premier League","2020/2021","Sheffield Utd","Arsenal","6.14","3.70","1.67","1.05","10.90","1.26","4.08","1.85","2.07","3.18","1.38","6.06","1.14","1.74","2.09"
"5122","11-04-21 17:30","England","Premier League","2020/2021","Tottenham","Manchester Utd","2.87","3.88","2.35","1.04","12.00","1.26","4.08","1.85","2.07","3.00","1.41","6.06","1.14","1.59","2.36"
"5123","11-04-21 15:05","England","Premier League","2020/2021","West Ham","Leicester","3.19","3.39","2.37","1.07","9.68","1.33","3.44","2.20","1.75","3.87","1.28","7.90","1.09","1.74","2.09"
"5124","11-04-21 13:00","England","Premier League","2020/2021","Burnley","Newcastle","2.21","3.38","3.54","1.05","10.70","1.29","3.76","1.86","2.05","3.21","1.37","6.60","1.12","1.65","2.24"
"5125","10-04-21 18:30","England","Premier League","2020/2021","Crystal Palace","Chelsea","8.43","4.43","1.45","1.05","10.70","1.29","3.76","1.99","1.91","3.43","1.33","6.60","1.12","1.93","1.88"
"5126","10-04-21 16:00","England","Premier League","2020/2021","Liverpool","Aston Villa","1.45","4.86","7.39","1.03","14.00","1.21","4.66","1.62","2.37","2.68","1.50","5.06","1.18","1.74","2.09"
"5127","10-04-21 13:30","England","Premier League","2020/2021","Manchester City","Leeds","1.37","5.38","8.64","1.01","16.00","1.17","5.38","1.54","2.55","2.31","1.64","4.18","1.25","1.75","2.08"
"5128","09-04-21 21:00","England","Premier League","2020/2021","Fulham","Wolves","2.48","3.42","2.98","1.10","7.53","1.42","2.96","2.31","1.64","4.49","1.22","9.34","1.07","1.91","1.90"
"5129","05-04-21 21:15","England","Premier League","2020/2021","Wolves","West Ham","2.87","3.40","2.57","1.08","8.70","1.36","3.26","2.19","1.71","4.15","1.25","8.58","1.08","1.83","1.98"
"5130","05-04-21 19:00","England","Premier League","2020/2021","Everton","Crystal Palace","1.79","3.84","4.73","1.07","9.68","1.33","3.44","2.09","1.83","3.54","1.32","7.90","1.09","1.85","1.96"
"5131","04-04-21 20:30","England","Premier League","2020/2021","Manchester Utd","Brighton","1.67","3.84","5.85","1.04","11.80","1.26","4.03","1.86","2.05","3.03","1.41","6.12","1.14","1.78","2.04"
"5132","04-04-21 17:30","England","Premier League","2020/2021","Aston Villa","Fulham","2.47","3.19","3.20","1.07","9.68","1.33","3.44","2.09","1.83","3.87","1.28","7.90","1.09","1.72","2.13"
"5133","04-04-21 15:05","England","Premier League","2020/2021","Newcastle","Tottenham","6.16","3.87","1.64","1.05","10.70","1.29","3.76","1.86","2.05","3.21","1.37","6.60","1.12","1.76","2.07"
"5134","04-04-21 13:00","England","Premier League","2020/2021","Southampton","Burnley","1.94","3.59","4.19","1.07","9.68","1.33","3.44","2.09","1.83","3.54","1.32","7.90","1.09","1.76","2.07"
"5135","03-04-21 21:00","England","Premier League","2020/2021","Arsenal","Liverpool","3.00","3.69","2.34","1.03","14.10","1.21","4.71","1.70","2.28","2.65","1.50","5.01","1.19","1.51","2.54"
"5136","03-04-21 18:30","England","Premier League","2020/2021","Leicester","Manchester City","5.84","4.19","1.61","1.04","11.80","1.29","3.76","1.86","2.05","3.43","1.33","6.60","1.12","1.82","2.00"
"5137","03-04-21 16:00","England","Premier League","2020/2021","Leeds","Sheffield Utd","1.57","4.31","6.15","1.04","12.00","1.26","4.08","1.85","2.07","3.18","1.38","6.06","1.14","1.82","2.00"
"5138","03-04-21 13:30","England","Premier League","2020/2021","Chelsea","West Brom","1.27","6.00","12.50","1.04","12.00","1.28","3.80","1.85","2.07","3.18","1.38","6.06","1.14","2.22","1.66"
"5139","21-03-21 20:30","England","Premier League","2020/2021","Aston Villa","Tottenham","3.23","3.48","2.30","1.05","11.80","1.26","4.03","1.86","2.05","3.01","1.41","6.08","1.14","1.65","2.25"
"5140","21-03-21 16:00","England","Premier League","2020/2021","West Ham","Arsenal","3.99","3.56","2.00","1.05","11.80","1.26","4.03","1.86","2.05","3.21","1.37","6.08","1.14","1.68","2.19"
"5141","20-03-21 21:00","England","Premier League","2020/2021","Brighton","Newcastle","1.71","3.70","5.65","1.08","8.70","1.36","3.26","2.17","1.77","3.84","1.28","8.64","1.08","1.92","1.88"
"5142","19-03-21 21:00","England","Premier League","2020/2021","Fulham","Leeds","2.55","3.36","2.93","1.06","9.78","1.33","3.48","2.06","1.85","3.84","1.28","8.05","1.09","1.74","2.09"
"5143","15-03-21 21:00","England","Premier League","2020/2021","Wolves","Liverpool","5.99","4.00","1.63","1.06","10.70","1.29","3.76","1.98","1.92","3.45","1.33","6.72","1.12","1.85","1.95"
"6565","14-03-21 20:15","England","Premier League","2020/2021","Manchester Utd","West Ham","1.74","3.70","5.41","1.06","9.68","1.30","3.66","1.98","1.92","3.52","1.32","7.10","1.11","1.84","1.97"
"6566","14-03-21 17:30","England","Premier League","2020/2021","Arsenal","Tottenham","2.83","3.43","2.59","1.05","11.80","1.26","4.03","1.86","2.05","3.21","1.37","6.72","1.12","1.63","2.28"
"6567","14-03-21 15:00","England","Premier League","2020/2021","Leicester","Sheffield Utd","1.49","4.08","8.70","1.08","8.60","1.37","3.23","2.18","1.76","4.14","1.25","8.64","1.08","2.16","1.70"
"6568","14-03-21 13:00","England","Premier League","2020/2021","Southampton","Brighton","3.22","3.40","2.35","1.08","8.60","1.33","3.44","2.18","1.76","3.84","1.28","8.05","1.09","1.76","2.07"
"5144","13-03-21 21:00","England","Premier League","2020/2021","Fulham","Manchester City","8.65","4.83","1.41","1.05","12.00","1.29","3.80","1.84","2.08","3.15","1.38","6.38","1.13","2.06","1.76"
"5145","13-03-21 18:30","England","Premier League","2020/2021","Everton","Burnley","1.89","3.48","4.68","1.08","8.70","1.42","2.99","2.27","1.71","4.37","1.23","9.34","1.07","1.92","1.88"
"5146","13-03-21 16:00","England","Premier League","2020/2021","Crystal Palace","West Brom","2.27","3.44","3.35","1.10","7.61","1.45","2.85","2.38","1.61","4.37","1.23","9.34","1.07","1.87","1.94"
"5147","13-03-21 13:30","England","Premier League","2020/2021","Leeds","Chelsea","5.83","3.88","1.66","1.03","14.00","1.24","4.30","1.78","2.15","2.84","1.45","5.57","1.16","1.71","2.13"
"5148","12-03-21 21:00","England","Premier League","2020/2021","Newcastle","Aston Villa","3.93","3.38","2.08","1.07","9.57","1.34","3.40","2.20","1.75","3.93","1.27","8.05","1.09","1.84","1.97"
"5149","10-03-21 19:00","England","Premier League","2020/2021","Manchester City","Southampton","1.16","8.39","18.70","1.02","16.10","1.20","4.84","1.57","2.47","2.50","1.56","4.50","1.22","2.24","1.65"
"5150","08-03-21 21:00","England","Premier League","2020/2021","West Ham","Leeds","2.25","3.96","3.00","1.03","14.00","1.24","4.30","1.74","2.15","2.84","1.45","4.97","1.19","1.54","2.47"
"5151","08-03-21 19:00","England","Premier League","2020/2021","Chelsea","Everton","1.58","4.01","6.70","1.06","9.68","1.30","3.66","2.09","1.83","3.52","1.32","7.10","1.11","1.94","1.86"
"5152","07-03-21 20:15","England","Premier League","2020/2021","Tottenham","Crystal Palace","1.54","4.10","7.32","1.05","10.90","1.30","3.70","1.96","1.94","3.38","1.34","6.38","1.13","1.88","1.92"
"5153","07-03-21 17:30","England","Premier League","2020/2021","Manchester City","Manchester Utd","1.50","4.62","6.78","1.05","12.00","1.26","4.08","1.84","2.08","3.01","1.41","6.08","1.14","1.82","1.99"
"5154","07-03-21 15:00","England","Premier League","2020/2021","Liverpool","Fulham","1.60","4.08","6.17","1.05","11.80","1.26","4.03","1.86","2.05","3.21","1.37","6.08","1.14","1.77","2.04"
"5155","07-03-21 13:00","England","Premier League","2020/2021","West Brom","Newcastle","2.36","3.29","3.29","1.10","7.61","1.42","2.99","2.28","1.66","4.37","1.23","9.34","1.07","1.92","1.88"
"5156","06-03-21 21:00","England","Premier League","2020/2021","Brighton","Leicester","2.68","3.27","2.84","1.10","7.53","1.46","2.82","2.40","1.60","4.50","1.22","9.34","1.07","1.96","1.84"
"5157","06-03-21 18:30","England","Premier League","2020/2021","Aston Villa","Wolves","2.53","3.47","2.88","1.10","7.53","1.46","2.82","2.40","1.60","4.97","1.19","10.20","1.06","1.94","1.86"
"5158","06-03-21 16:00","England","Premier League","2020/2021","Sheffield Utd","Southampton","4.29","3.49","1.96","1.06","9.68","1.37","3.23","2.18","1.76","3.84","1.28","8.05","1.09","1.85","1.95"
"5159","06-03-21 13:30","England","Premier League","2020/2021","Burnley","Arsenal","5.47","3.66","1.74","1.06","10.70","1.30","3.66","1.98","1.92","3.52","1.32","7.10","1.11","1.84","1.97"
"5160","04-03-21 21:15","England","Premier League","2020/2021","Liverpool","Chelsea","2.12","3.59","3.55","1.05","12.00","1.26","4.08","1.84","2.08","3.15","1.38","6.08","1.14","1.67","2.21"
"5161","04-03-21 19:00","England","Premier League","2020/2021","Fulham","Tottenham","4.20","3.47","1.98","1.05","10.90","1.30","3.70","1.96","1.94","3.52","1.32","7.10","1.11","1.70","2.15"
"5162","04-03-21 19:00","England","Premier League","2020/2021","West Brom","Everton","4.33","3.58","1.92","1.05","10.90","1.30","3.70","1.96","1.94","3.38","1.34","7.10","1.11","1.69","2.17"
"5163","03-03-21 21:15","England","Premier League","2020/2021","Crystal Palace","Manchester Utd","7.70","4.88","1.44","1.05","12.00","1.26","4.08","1.77","2.17","3.01","1.41","5.57","1.16","1.88","1.92"
"5164","03-03-21 19:00","England","Premier League","2020/2021","Burnley","Leicester","4.36","3.27","2.02","1.10","7.61","1.45","2.85","2.47","1.57","4.97","1.19","10.20","1.06","1.99","1.82"
"5165","03-03-21 19:00","England","Premier League","2020/2021","Sheffield Utd","Aston Villa","3.95","3.56","2.01","1.05","10.90","1.33","3.48","2.06","1.85","3.84","1.28","8.05","1.09","1.76","2.07"
"5166","02-03-21 21:00","England","Premier League","2020/2021","Manchester City","Wolves","1.22","6.78","15.70","1.05","11.80","1.24","4.30","1.67","2.26","2.84","1.45","4.97","1.19","2.24","1.65"
"5167","01-03-21 21:00","England","Premier League","2020/2021","Everton","Southampton","2.05","3.59","3.79","1.05","11.00","1.29","3.75","1.99","1.91","3.43","1.34","6.54","1.13","1.67","2.21"
"5168","28-02-21 20:15","England","Premier League","2020/2021","Sheffield Utd","Liverpool","8.82","5.13","1.38","1.01","18.00","1.17","5.43","1.49","2.72","2.27","1.71","3.84","1.28","1.69","2.17"
"5169","28-02-21 17:30","England","Premier League","2020/2021","Chelsea","Manchester Utd","2.29","3.69","3.09","1.05","12.00","1.26","4.08","1.84","2.08","3.01","1.41","6.08","1.14","1.62","2.30"
"5170","28-02-21 15:00","England","Premier League","2020/2021","Tottenham","Burnley","1.46","4.43","8.24","1.05","12.00","1.23","4.35","1.77","2.17","2.84","1.45","5.57","1.16","1.74","2.09"
"5171","28-02-21 13:00","England","Premier League","2020/2021","Crystal Palace","Fulham","3.57","3.27","2.25","1.08","8.70","1.42","2.99","2.36","1.66","4.37","1.23","9.34","1.07","1.87","1.94"
"5172","28-02-21 13:00","England","Premier League","2020/2021","Leicester","Arsenal","2.35","3.60","3.06","1.06","9.78","1.33","3.48","2.06","1.85","3.52","1.32","8.05","1.09","1.69","2.17"
"5173","27-02-21 21:00","England","Premier League","2020/2021","Newcastle","Wolves","3.68","3.17","2.25","1.10","7.61","1.42","2.99","2.38","1.61","4.37","1.23","9.34","1.07","1.92","1.88"
"5174","27-02-21 18:30","England","Premier League","2020/2021","Leeds","Aston Villa","2.05","3.90","3.49","1.01","16.00","1.19","4.89","1.56","2.50","2.47","1.57","4.37","1.23","1.52","2.54"
"5175","27-02-21 16:00","England","Premier League","2020/2021","West Brom","Brighton","4.64","3.61","1.86","1.05","10.90","1.30","3.70","1.96","1.94","3.52","1.32","7.10","1.11","1.84","1.97"
"5176","27-02-21 13:30","England","Premier League","2020/2021","Manchester City","West Ham","1.27","6.58","10.60","1.02","16.10","1.20","4.84","1.57","2.47","2.50","1.56","4.50","1.22","1.92","1.88"
"5177","23-02-21 19:00","England","Premier League","2020/2021","Leeds","Southampton","2.10","4.01","3.29","1.03","14.00","1.24","4.30","1.78","2.15","2.84","1.45","4.97","1.19","1.60","2.33"
"5178","22-02-21 21:00","England","Premier League","2020/2021","Brighton","Crystal Palace","1.81","3.59","4.98","1.08","8.60","1.42","2.96","2.29","1.70","4.14","1.25","8.64","1.08","1.99","1.82"
"5179","21-02-21 20:00","England","Premier League","2020/2021","Manchester Utd","Newcastle","1.31","5.60","11.10","1.02","16.10","1.21","4.66","1.62","2.37","2.66","1.50","4.50","1.22","1.84","1.97"
"5180","21-02-21 17:30","England","Premier League","2020/2021","Arsenal","Manchester City","7.18","4.62","1.48","1.03","14.00","1.21","4.66","1.62","2.37","2.66","1.50","4.97","1.19","1.70","2.15"
"5181","21-02-21 15:05","England","Premier League","2020/2021","Aston Villa","Leicester","4.16","3.78","1.90","1.05","12.00","1.26","4.08","1.84","2.08","3.01","1.41","6.08","1.14","1.65","2.24"
"5182","21-02-21 13:00","England","Premier League","2020/2021","West Ham","Tottenham","3.19","3.48","2.32","1.03","14.10","1.23","4.35","1.72","2.17","2.84","1.45","5.57","1.16","1.54","2.47"
"5183","20-02-21 21:00","England","Premier League","2020/2021","Fulham","Sheffield Utd","1.98","3.37","4.35","1.08","8.60","1.37","3.23","2.29","1.70","4.14","1.25","8.64","1.08","1.88","1.92"
"5184","20-02-21 18:30","England","Premier League","2020/2021","Liverpool","Everton","1.40","5.64","7.18","1.02","16.10","1.20","4.84","1.54","2.55","2.40","1.60","4.14","1.25","1.74","2.09"
"5185","20-02-21 16:00","England","Premier League","2020/2021","Burnley","West Brom","2.16","3.35","3.71","1.08","8.60","1.37","3.23","2.29","1.70","4.14","1.25","8.64","1.08","1.84","1.97"
"5186","20-02-21 13:30","England","Premier League","2020/2021","Southampton","Chelsea","5.04","3.97","1.72","1.03","14.10","1.23","4.35","1.77","2.17","3.01","1.41","5.57","1.16","1.65","2.24"
"5187","19-02-21 21:00","England","Premier League","2020/2021","Wolves","Leeds","2.29","3.47","3.26","1.06","10.60","1.30","3.72","1.88","2.03","3.21","1.37","6.72","1.12","1.65","2.24"
"5188","17-02-21 21:15","England","Premier League","2020/2021","Everton","Manchester City","11.20","5.60","1.31","1.03","14.00","1.20","4.84","1.62","2.37","2.50","1.56","4.50","1.22","1.99","1.82"
"5189","17-02-21 19:00","England","Premier League","2020/2021","Burnley","Fulham","2.88","3.47","2.53","1.08","8.60","1.42","2.96","2.30","1.65","4.50","1.22","9.34","1.07","1.87","1.94"
"5190","15-02-21 21:00","England","Premier League","2020/2021","Chelsea","Newcastle","1.30","6.01","10.70","1.03","14.00","1.21","4.66","1.62","2.37","2.66","1.50","4.97","1.19","1.99","1.82"
"5191","15-02-21 19:00","England","Premier League","2020/2021","West Ham","Sheffield Utd","1.97","3.37","4.40","1.08","8.60","1.42","2.96","2.38","1.65","4.50","1.22","9.34","1.07","1.94","1.86"
"5192","14-02-21 20:00","England","Premier League","2020/2021","Everton","Fulham","1.96","3.47","4.32","1.06","9.78","1.33","3.48","2.06","1.85","3.84","1.28","8.05","1.09","1.84","1.97"
"5193","14-02-21 17:30","England","Premier League","2020/2021","Arsenal","Leeds","1.78","3.87","4.74","1.02","16.30","1.19","4.89","1.56","2.50","2.38","1.61","4.37","1.23","1.53","2.51"
"5194","14-02-21 15:00","England","Premier League","2020/2021","West Brom","Manchester Utd","10.20","5.86","1.31","1.01","18.00","1.14","5.98","1.45","2.85","2.17","1.77","3.84","1.28","1.70","2.15"
"5195","14-02-21 13:00","England","Premier League","2020/2021","Southampton","Wolves","2.18","3.44","3.55","1.06","9.68","1.33","3.44","2.18","1.76","3.84","1.28","8.05","1.09","1.84","1.97"
"5196","13-02-21 21:00","England","Premier League","2020/2021","Brighton","Aston Villa","3.14","3.39","2.39","1.05","10.90","1.29","3.80","1.84","2.08","3.15","1.38","6.38","1.13","1.63","2.28"
"5197","13-02-21 18:30","England","Premier League","2020/2021","Manchester City","Tottenham","1.33","6.31","8.39","1.02","18.30","1.17","5.38","1.54","2.55","2.30","1.65","4.14","1.25","1.77","2.04"
"5198","13-02-21 16:00","England","Premier League","2020/2021","Crystal Palace","Burnley","2.85","3.16","2.75","1.08","8.70","1.33","3.48","2.17","1.77","3.84","1.28","8.05","1.09","1.76","2.07"
"5199","13-02-21 13:30","England","Premier League","2020/2021","Leicester","Liverpool","3.91","3.88","1.93","1.02","16.10","1.20","4.84","1.62","2.37","2.50","1.56","4.50","1.22","1.53","2.51"
"5200","08-02-21 21:00","England","Premier League","2020/2021","Leeds","Crystal Palace","1.79","4.17","4.31","1.05","12.00","1.23","4.35","1.77","2.17","3.01","1.41","5.57","1.16","1.67","2.21"
"5201","07-02-21 20:15","England","Premier League","2020/2021","Sheffield Utd","Chelsea","7.95","4.47","1.47","1.05","10.90","1.29","3.80","1.96","1.94","3.38","1.34","6.38","1.13","1.92","1.88"
"5202","07-02-21 17:30","England","Premier League","2020/2021","Liverpool","Manchester City","3.45","3.69","2.13","1.03","13.70","1.22","4.56","1.70","2.21","2.73","1.48","5.15","1.18","1.54","2.47"
"5203","07-02-21 15:00","England","Premier League","2020/2021","Wolves","Leicester","3.52","3.33","2.24","1.08","8.60","1.37","3.23","2.29","1.70","4.14","1.25","8.64","1.08","1.84","1.97"
"5204","07-02-21 13:00","England","Premier League","2020/2021","Tottenham","West Brom","1.37","5.11","9.54","1.03","14.00","1.21","4.66","1.62","2.37","2.66","1.50","4.97","1.19","1.82","1.99"
"5205","06-02-21 21:00","England","Premier League","2020/2021","Manchester Utd","Everton","1.61","4.30","5.64","1.02","16.10","1.20","4.84","1.62","2.37","2.50","1.56","4.50","1.22","1.65","2.25"
"5206","06-02-21 18:30","England","Premier League","2020/2021","Fulham","West Ham","4.37","3.84","1.85","1.05","11.80","1.29","3.76","1.86","2.05","3.21","1.37","6.72","1.12","1.71","2.13"
"5207","06-02-21 16:00","England","Premier League","2020/2021","Burnley","Brighton","3.69","3.28","2.20","1.10","7.53","1.46","2.82","2.40","1.60","4.50","1.22","10.20","1.06","1.96","1.84"
"5208","06-02-21 16:00","England","Premier League","2020/2021","Newcastle","Southampton","3.34","3.54","2.23","1.05","11.80","1.24","4.30","1.78","2.15","2.84","1.45","5.57","1.16","1.60","2.33"
"5209","06-02-21 13:30","England","Premier League","2020/2021","Aston Villa","Arsenal","3.10","3.58","2.33","1.03","14.00","1.21","4.66","1.67","2.26","2.66","1.50","4.97","1.19","1.53","2.51"
"5210","04-02-21 21:00","England","Premier League","2020/2021","Tottenham","Chelsea","4.10","3.49","2.00","1.06","9.68","1.30","3.66","2.09","1.83","3.52","1.32","7.10","1.11","1.76","2.07"
"5211","03-02-21 21:15","England","Premier League","2020/2021","Aston Villa","West Ham","2.30","3.57","3.17","1.03","14.00","1.24","4.30","1.78","2.15","2.84","1.45","5.57","1.16","1.56","2.43"
"5212","03-02-21 21:15","England","Premier League","2020/2021","Liverpool","Brighton","1.46","4.86","7.07","1.02","16.00","1.20","4.79","1.58","2.45","2.52","1.55","4.50","1.22","1.67","2.21"
"5213","03-02-21 20:30","England","Premier League","2020/2021","Leeds","Everton","2.69","3.49","2.69","1.03","14.10","1.21","4.71","1.66","2.28","2.64","1.51","4.97","1.19","1.52","2.54"
"5214","03-02-21 19:00","England","Premier League","2020/2021","Burnley","Manchester City","16.80","7.89","1.18","1.02","16.10","1.17","5.38","1.54","2.55","2.30","1.65","4.14","1.25","2.08","1.75"
"5215","03-02-21 19:00","England","Premier League","2020/2021","Fulham","Leicester","4.19","3.39","2.01","1.08","8.60","1.33","3.44","2.18","1.76","3.84","1.28","8.05","1.09","1.84","1.97"
"5216","02-02-21 21:15","England","Premier League","2020/2021","Manchester Utd","Southampton","1.46","4.86","7.07","1.02","16.10","1.17","5.38","1.54","2.55","2.30","1.65","4.14","1.25","1.67","2.21"
"5217","02-02-21 21:15","England","Premier League","2020/2021","Newcastle","Crystal Palace","2.93","3.36","2.55","1.06","9.68","1.30","3.66","2.09","1.83","3.52","1.32","7.10","1.11","1.70","2.15"
"5218","02-02-21 19:00","England","Premier League","2020/2021","Sheffield Utd","West Brom","2.05","3.59","3.79","1.06","9.68","1.33","3.44","2.09","1.83","3.84","1.28","8.05","1.09","1.76","2.07"
"5219","02-02-21 19:00","England","Premier League","2020/2021","Wolves","Arsenal","3.92","3.27","2.13","1.08","8.60","1.37","3.23","2.18","1.76","4.14","1.25","8.64","1.08","1.84","1.97"
"5220","31-01-21 20:15","England","Premier League","2020/2021","Brighton","Tottenham","3.50","3.36","2.23","1.06","9.68","1.33","3.44","2.09","1.83","3.84","1.28","8.05","1.09","1.76","2.07"
"5221","31-01-21 17:30","England","Premier League","2020/2021","West Ham","Liverpool","3.80","3.83","1.97","1.02","16.10","1.20","4.84","1.62","2.37","2.50","1.56","4.50","1.22","1.53","2.51"
"5222","31-01-21 15:00","England","Premier League","2020/2021","Leicester","Leeds","1.80","3.90","4.59","1.03","14.00","1.21","4.66","1.67","2.26","2.66","1.50","4.97","1.19","1.60","2.33"
"5223","31-01-21 13:00","England","Premier League","2020/2021","Chelsea","Burnley","1.32","5.47","11.10","1.05","11.80","1.24","4.30","1.78","2.15","2.84","1.45","5.57","1.16","1.99","1.82"
"5224","30-01-21 21:00","England","Premier League","2020/2021","Southampton","Aston Villa","3.49","3.80","2.08","1.02","16.10","1.20","4.84","1.62","2.37","2.50","1.56","4.50","1.22","1.54","2.48"
"5225","30-01-21 18:30","England","Premier League","2020/2021","Arsenal","Manchester Utd","3.79","3.67","2.02","1.05","11.80","1.24","4.30","1.78","2.15","2.84","1.45","5.57","1.16","1.65","2.25"
"5226","30-01-21 16:00","England","Premier League","2020/2021","Crystal Palace","Wolves","2.98","3.19","2.62","1.10","7.53","1.42","2.96","2.30","1.65","4.50","1.22","9.34","1.07","1.91","1.89"
"5227","30-01-21 16:00","England","Premier League","2020/2021","Manchester City","Sheffield Utd","1.16","8.36","21.00","1.02","16.10","1.20","4.84","1.54","2.55","2.40","1.60","4.14","1.25","2.26","1.64"
"5228","30-01-21 16:00","England","Premier League","2020/2021","West Brom","Fulham","3.58","3.37","2.20","1.08","8.60","1.37","3.23","2.18","1.76","3.84","1.28","8.05","1.09","1.85","1.95"
"5229","30-01-21 13:30","England","Premier League","2020/2021","Everton","Newcastle","1.56","4.07","7.03","1.05","11.80","1.24","4.30","1.78","2.15","2.84","1.45","5.57","1.16","1.76","2.07"
"5230","28-01-21 21:00","England","Premier League","2020/2021","Tottenham","Liverpool","3.65","3.80","2.03","1.02","16.00","1.20","4.79","1.58","2.45","2.52","1.55","4.50","1.22","1.54","2.48"
"5231","27-01-21 21:15","England","Premier League","2020/2021","Everton","Leicester","3.24","3.33","2.37","1.06","10.70","1.29","3.76","1.98","1.92","3.45","1.33","6.72","1.12","1.65","2.24"
"5232","27-01-21 21:15","England","Premier League","2020/2021","Manchester Utd","Sheffield Utd","1.27","6.39","11.10","1.02","18.30","1.17","5.38","1.54","2.55","2.30","1.65","4.14","1.25","1.91","1.89"
"5233","27-01-21 20:30","England","Premier League","2020/2021","Brighton","Fulham","2.03","3.44","4.05","1.08","8.60","1.42","2.96","2.29","1.70","4.50","1.22","9.34","1.07","1.88","1.92"
"5234","27-01-21 19:00","England","Premier League","2020/2021","Burnley","Aston Villa","4.37","3.74","1.87","1.05","11.80","1.26","4.03","1.86","2.05","3.01","1.41","6.08","1.14","1.70","2.15"
"5235","27-01-21 19:00","England","Premier League","2020/2021","Chelsea","Wolves","1.63","3.86","6.36","1.06","10.70","1.30","3.66","1.98","1.92","3.45","1.33","7.10","1.11","1.88","1.92"
"5236","26-01-21 21:15","England","Premier League","2020/2021","Southampton","Arsenal","3.80","3.83","1.97","1.03","14.00","1.24","4.30","1.78","2.15","2.84","1.45","5.57","1.16","1.60","2.33"
"5237","26-01-21 21:15","England","Premier League","2020/2021","West Brom","Manchester City","17.90","8.58","1.16","1.02","16.10","1.14","5.91","1.46","2.82","2.18","1.76","3.52","1.32","2.34","1.60"
"5238","26-01-21 19:00","England","Premier League","2020/2021","Crystal Palace","West Ham","3.81","3.38","2.12","1.06","9.68","1.30","3.66","2.09","1.83","3.52","1.32","7.10","1.11","1.70","2.15"
"5239","26-01-21 19:00","England","Premier League","2020/2021","Newcastle","Leeds","4.24","4.08","1.82","1.02","16.10","1.20","4.84","1.62","2.37","2.50","1.56","4.50","1.22","1.56","2.43"
"5240","23-01-21 21:00","England","Premier League","2020/2021","Aston Villa","Newcastle","1.53","4.84","5.86","1.02","16.00","1.20","4.79","1.58","2.45","2.42","1.59","4.25","1.24","1.63","2.28"
"5241","21-01-21 21:00","England","Premier League","2020/2021","Liverpool","Burnley","1.30","6.08","10.10","1.02","16.10","1.21","4.66","1.67","2.26","2.66","1.50","4.97","1.19","1.96","1.84"
"5242","20-01-21 21:15","England","Premier League","2020/2021","Fulham","Manchester Utd","6.05","4.10","1.61","1.03","14.00","1.21","4.66","1.67","2.26","2.66","1.50","4.97","1.19","1.65","2.25"
"5243","20-01-21 19:00","England","Premier League","2020/2021","Manchester City","Aston Villa","1.30","6.08","10.10","1.01","18.00","1.17","5.38","1.46","2.82","2.29","1.70","3.84","1.28","1.71","2.13"
"5244","19-01-21 21:15","England","Premier League","2020/2021","Leicester","Chelsea","2.82","3.49","2.57","1.05","11.80","1.24","4.30","1.78","2.15","3.01","1.41","5.57","1.16","1.60","2.33"
"5245","19-01-21 19:00","England","Premier League","2020/2021","West Ham","West Brom","1.55","4.31","6.49","1.03","14.00","1.21","4.66","1.67","2.26","2.84","1.45","4.97","1.19","1.76","2.07"
"5246","18-01-21 21:00","England","Premier League","2020/2021","Arsenal","Newcastle","1.43","4.84","8.15","1.03","14.00","1.21","4.66","1.67","2.26","2.66","1.50","4.97","1.19","1.85","1.95"
"5247","17-01-21 20:15","England","Premier League","2020/2021","Manchester City","Crystal Palace","1.18","8.24","15.40","1.02","18.30","1.17","5.38","1.54","2.55","2.30","1.65","4.14","1.25","2.29","1.62"
"5248","17-01-21 17:30","England","Premier League","2020/2021","Liverpool","Manchester Utd","1.99","3.88","3.68","1.01","18.00","1.17","5.38","1.49","2.69","2.29","1.70","3.84","1.28","1.46","2.72"
"5249","17-01-21 15:00","England","Premier League","2020/2021","Sheffield Utd","Tottenham","4.91","3.65","1.81","1.06","9.68","1.33","3.44","2.09","1.83","3.52","1.32","7.10","1.11","1.85","1.95"
"5250","16-01-21 21:00","England","Premier League","2020/2021","Leicester","Southampton","1.67","4.00","5.46","1.05","11.80","1.26","4.03","1.86","2.05","3.21","1.37","6.08","1.14","1.77","2.04"
"5251","16-01-21 18:30","England","Premier League","2020/2021","Fulham","Chelsea","7.09","4.31","1.52","1.05","11.80","1.24","4.30","1.78","2.15","2.84","1.45","5.57","1.16","1.77","2.04"
"5252","16-01-21 16:00","England","Premier League","2020/2021","Leeds","Brighton","2.25","3.57","3.27","1.02","16.10","1.20","4.84","1.57","2.47","2.40","1.60","4.50","1.22","1.50","2.60"
"5253","16-01-21 16:00","England","Premier League","2020/2021","West Ham","Burnley","1.75","3.78","5.16","1.06","10.70","1.29","3.76","1.98","1.92","3.45","1.33","6.72","1.12","1.77","2.04"
"5254","16-01-21 13:30","England","Premier League","2020/2021","Wolves","West Brom","1.63","3.79","6.53","1.08","8.60","1.37","3.23","2.29","1.70","4.14","1.25","8.64","1.08","2.08","1.75"
"5255","14-01-21 21:00","England","Premier League","2020/2021","Arsenal","Crystal Palace","1.67","3.85","5.79","1.05","11.80","1.26","4.03","1.86","2.05","3.01","1.41","6.08","1.14","1.70","2.15"
"5256","13-01-21 21:15","England","Premier League","2020/2021","Tottenham","Fulham","1.61","3.87","6.64","1.06","9.68","1.33","3.44","2.09","1.83","3.84","1.28","8.05","1.09","1.94","1.86"
"5257","13-01-21 19:00","England","Premier League","2020/2021","Manchester City","Brighton","1.16","8.52","20.00","1.02","16.00","1.20","4.79","1.58","2.45","2.52","1.55","4.50","1.22","2.26","1.64"
"5258","12-01-21 21:15","England","Premier League","2020/2021","Burnley","Manchester Utd","8.65","4.83","1.41","1.03","14.00","1.20","4.84","1.62","2.37","2.50","1.56","4.50","1.22","1.70","2.15"
"5259","12-01-21 21:15","England","Premier League","2020/2021","Wolves","Everton","2.71","2.89","3.17","1.11","6.99","1.46","2.82","2.50","1.56","4.97","1.19","10.20","1.06","1.94","1.86"
"5260","12-01-21 19:00","England","Premier League","2020/2021","Sheffield Utd","Newcastle","2.47","3.19","3.20","1.10","7.53","1.42","2.96","2.30","1.65","4.50","1.22","9.34","1.07","1.88","1.92"
"5261","04-01-21 21:00","England","Premier League","2020/2021","Southampton","Liverpool","6.23","4.84","1.51","1.02","13.00","1.14","5.91","1.42","2.96","2.09","1.83","3.45","1.33","1.49","2.63"
"5262","03-01-21 17:30","England","Premier League","2020/2021","Chelsea","Manchester City","3.49","3.70","2.11","1.02","16.10","1.21","4.66","1.62","2.37","2.50","1.56","4.97","1.19","1.54","2.48"
"5263","03-01-21 15:15","England","Premier League","2020/2021","Newcastle","Leicester","6.13","4.09","1.60","1.05","11.80","1.26","4.03","1.78","2.15","3.01","1.41","5.57","1.16","1.77","2.04"
"5264","02-01-21 21:00","England","Premier League","2020/2021","West Brom","Arsenal","6.51","4.08","1.58","1.06","10.70","1.29","3.76","1.98","1.92","3.45","1.33","6.72","1.12","1.88","1.92"
"5265","02-01-21 18:30","England","Premier League","2020/2021","Brighton","Wolves","3.05","3.07","2.66","1.11","6.99","1.49","2.69","2.50","1.56","4.97","1.19","10.20","1.06","1.99","1.82"
"5266","02-01-21 16:00","England","Premier League","2020/2021","Crystal Palace","Sheffield Utd","2.03","3.31","4.23","1.10","7.53","1.42","2.96","2.30","1.65","4.50","1.22","9.34","1.07","1.94","1.86"
"5267","02-01-21 13:30","England","Premier League","2020/2021","Tottenham","Leeds","1.80","4.05","4.36","1.01","18.00","1.17","5.32","1.50","2.66","2.22","1.69","3.93","1.27","1.45","2.76"
"5268","01-01-21 21:00","England","Premier League","2020/2021","Manchester Utd","Aston Villa","1.67","4.11","5.25","1.02","18.30","1.17","5.38","1.54","2.55","2.30","1.65","4.14","1.25","1.53","2.51"
"5269","01-01-21 18:30","England","Premier League","2020/2021","Everton","West Ham","2.14","3.56","3.55","1.05","11.80","1.26","4.03","1.86","2.05","3.21","1.37","6.08","1.14","1.67","2.21"
"5270","30-12-20 21:00","England","Premier League","2020/2021","Newcastle","Liverpool","11.50","6.27","1.27","1.01","18.00","1.17","5.38","1.46","2.82","2.18","1.76","3.52","1.32","1.85","1.95"
"5271","29-12-20 21:00","England","Premier League","2020/2021","Manchester Utd","Wolves","1.55","4.30","6.60","1.03","14.00","1.21","4.66","1.67","2.26","2.66","1.50","4.97","1.19","1.70","2.15"
"5272","29-12-20 19:00","England","Premier League","2020/2021","Brighton","Arsenal","3.94","3.50","2.04","1.06","10.70","1.29","3.76","1.98","1.92","3.45","1.33","6.72","1.12","1.70","2.15"
"5273","29-12-20 19:00","England","Premier League","2020/2021","Burnley","Sheffield Utd","2.34","3.27","3.37","1.10","7.53","1.46","2.82","2.40","1.60","4.50","1.22","10.20","1.06","1.94","1.86"
"5274","29-12-20 19:00","England","Premier League","2020/2021","Southampton","West Ham","2.04","3.57","3.83","1.03","14.00","1.21","4.66","1.67","2.26","2.66","1.50","4.97","1.19","1.56","2.43"
"5275","29-12-20 19:00","England","Premier League","2020/2021","West Brom","Leeds","4.31","4.10","1.80","1.02","16.10","1.20","4.84","1.62","2.37","2.50","1.56","4.50","1.22","1.56","2.43"
"5276","28-12-20 18:30","England","Premier League","2020/2021","Chelsea","Aston Villa","1.74","4.08","4.70","1.02","16.10","1.20","4.84","1.57","2.47","2.50","1.56","4.50","1.22","1.56","2.43"
"5277","28-12-20 16:00","England","Premier League","2020/2021","Crystal Palace","Leicester","3.58","3.47","2.16","1.06","9.68","1.33","3.44","2.09","1.83","3.52","1.32","7.10","1.11","1.70","2.15"
"5278","27-12-20 20:15","England","Premier League","2020/2021","Wolves","Tottenham","3.74","3.37","2.14","1.06","9.68","1.33","3.44","2.18","1.76","3.84","1.28","8.05","1.09","1.77","2.04"
"5279","27-12-20 17:30","England","Premier League","2020/2021","Liverpool","West Brom","1.14","9.71","20.00","1.02","15.00","1.10","7.53","1.30","3.66","1.74","2.15","2.66","1.50","1.96","1.84"
"5280","27-12-20 15:15","England","Premier League","2020/2021","West Ham","Brighton","2.30","3.35","3.35","1.06","10.70","1.29","3.76","1.98","1.92","3.45","1.33","6.72","1.12","1.68","2.19"
"5281","27-12-20 13:00","England","Premier League","2020/2021","Leeds","Burnley","1.69","4.27","4.88","1.01","17.00","1.17","5.38","1.49","2.69","2.21","1.70","3.84","1.28","1.53","2.51"
"5282","26-12-20 21:00","England","Premier League","2020/2021","Manchester City","Newcastle","1.14","10.30","18.40","1.02","15.00","1.10","7.53","1.30","3.66","1.78","2.15","2.66","1.50","2.02","1.79"
"5283","26-12-20 21:00","England","Premier League","2020/2021","Sheffield Utd","Everton","3.69","3.36","2.16","1.08","8.60","1.37","3.23","2.18","1.76","3.84","1.28","8.05","1.09","1.85","1.95"
"5284","26-12-20 18:30","England","Premier League","2020/2021","Arsenal","Chelsea","4.85","3.88","1.76","1.05","11.80","1.24","4.30","1.78","2.15","2.84","1.45","5.57","1.16","1.68","2.19"
"5285","26-12-20 16:00","England","Premier League","2020/2021","Aston Villa","Crystal Palace","1.84","3.83","4.43","1.03","14.00","1.21","4.66","1.67","2.26","2.66","1.50","4.97","1.19","1.61","2.31"
"5286","26-12-20 16:00","England","Premier League","2020/2021","Fulham","Southampton","3.12","3.36","2.42","1.06","10.70","1.33","3.44","2.09","1.83","3.84","1.28","8.05","1.09","1.77","2.04"
"5287","26-12-20 13:30","England","Premier League","2020/2021","Leicester","Manchester Utd","3.16","3.69","2.25","1.03","14.00","1.21","4.66","1.67","2.26","2.66","1.50","4.97","1.19","1.57","2.41"
"5288","21-12-20 21:00","England","Premier League","2020/2021","Chelsea","West Ham","1.55","4.44","6.27","1.02","16.10","1.21","4.66","1.62","2.37","2.66","1.50","4.97","1.19","1.67","2.21"
"5289","21-12-20 18:30","England","Premier League","2020/2021","Burnley","Wolves","3.65","3.16","2.27","1.10","7.53","1.46","2.82","2.40","1.60","4.97","1.19","10.20","1.06","1.94","1.86"
"5290","20-12-20 20:15","England","Premier League","2020/2021","West Brom","Aston Villa","4.88","4.08","1.72","1.03","14.00","1.24","4.30","1.67","2.26","2.66","1.50","4.97","1.19","1.63","2.28"
"5291","20-12-20 17:30","England","Premier League","2020/2021","Manchester Utd","Leeds","1.70","4.31","4.73","1.02","15.00","1.11","6.99","1.37","3.23","1.86","2.05","3.01","1.41","1.38","3.05"
"5292","20-12-20 15:15","England","Premier League","2020/2021","Tottenham","Leicester","2.02","3.57","3.91","1.05","11.80","1.24","4.30","1.86","2.05","3.01","1.41","6.08","1.14","1.63","2.28"
"5293","20-12-20 13:00","England","Premier League","2020/2021","Brighton","Sheffield Utd","1.87","3.46","4.84","1.06","9.68","1.33","3.44","2.18","1.76","3.84","1.28","8.05","1.09","1.85","1.95"
"5294","19-12-20 21:00","England","Premier League","2020/2021","Newcastle","Fulham","2.86","3.58","2.49","1.06","10.70","1.29","3.76","1.86","2.05","3.21","1.37","6.72","1.12","1.63","2.28"
"5295","19-12-20 18:30","England","Premier League","2020/2021","Everton","Arsenal","2.64","3.66","2.64","1.05","11.80","1.26","4.03","1.86","2.05","3.21","1.37","6.08","1.14","1.63","2.28"
"5296","19-12-20 16:00","England","Premier League","2020/2021","Southampton","Manchester City","6.67","4.71","1.50","1.02","18.30","1.17","5.38","1.54","2.55","2.30","1.65","4.14","1.25","1.60","2.33"
"5297","19-12-20 13:30","England","Premier League","2020/2021","Crystal Palace","Liverpool","5.74","4.10","1.63","1.03","14.00","1.21","4.66","1.67","2.26","2.66","1.50","4.97","1.19","1.63","2.28"
"5298","17-12-20 21:00","England","Premier League","2020/2021","Sheffield Utd","Manchester Utd","7.63","4.61","1.46","1.03","14.00","1.21","4.66","1.62","2.37","2.50","1.56","4.50","1.22","1.76","2.07"
"5299","17-12-20 19:00","England","Premier League","2020/2021","Aston Villa","Burnley","1.82","3.82","4.55","1.03","14.00","1.24","4.30","1.67","2.26","2.66","1.50","4.97","1.19","1.60","2.33"
"5300","16-12-20 21:00","England","Premier League","2020/2021","Fulham","Brighton","2.93","3.36","2.55","1.06","10.70","1.30","3.66","1.98","1.92","3.45","1.33","6.72","1.12","1.68","2.19"
"5301","16-12-20 21:00","England","Premier League","2020/2021","Liverpool","Tottenham","1.90","3.89","4.06","1.03","15.00","1.22","4.50","1.65","2.30","2.57","1.54","4.80","1.20","1.54","2.48"
"5302","16-12-20 21:00","England","Premier League","2020/2021","West Ham","Crystal Palace","2.15","3.48","3.59","1.06","10.70","1.29","3.76","1.86","2.05","3.21","1.37","6.08","1.14","1.68","2.19"
"5303","16-12-20 19:00","England","Premier League","2020/2021","Arsenal","Southampton","2.15","3.59","3.48","1.03","14.00","1.24","4.30","1.74","2.15","2.84","1.45","4.97","1.19","1.57","2.41"
"5304","16-12-20 19:00","England","Premier League","2020/2021","Leeds","Newcastle","1.58","4.41","5.86","1.02","18.30","1.17","5.38","1.54","2.55","2.30","1.65","4.14","1.25","1.57","2.41"
"5305","16-12-20 19:00","England","Premier League","2020/2021","Leicester","Everton","2.06","3.59","3.75","1.03","14.00","1.21","4.66","1.67","2.26","2.66","1.50","4.97","1.19","1.54","2.48"
"5306","15-12-20 21:00","England","Premier League","2020/2021","Manchester City","West Brom","1.11","11.70","22.00","1.01","17.00","1.08","8.60","1.29","3.76","1.67","2.26","2.50","1.56","2.12","1.72"
"5307","15-12-20 19:00","England","Premier League","2020/2021","Wolves","Chelsea","5.70","3.88","1.67","1.06","9.68","1.33","3.44","2.09","1.83","3.84","1.28","8.05","1.09","1.96","1.84"
"5308","13-12-20 20:15","England","Premier League","2020/2021","Arsenal","Burnley","1.41","4.83","8.65","1.03","14.00","1.24","4.30","1.67","2.26","2.66","1.50","4.97","1.19","1.76","2.07"
"5309","13-12-20 20:15","England","Premier League","2020/2021","Leicester","Brighton","1.98","3.57","4.07","1.05","11.80","1.24","4.30","1.78","2.15","2.84","1.45","5.57","1.16","1.63","2.28"
"5310","13-12-20 17:30","England","Premier League","2020/2021","Fulham","Liverpool","8.75","5.65","1.35","1.02","18.30","1.17","5.38","1.46","2.82","2.18","1.76","3.84","1.28","1.67","2.21"
"5311","13-12-20 15:15","England","Premier League","2020/2021","Crystal Palace","Tottenham","4.35","3.88","1.84","1.05","11.80","1.26","4.03","1.86","2.05","3.01","1.41","6.08","1.14","1.67","2.21"
"5312","13-12-20 13:00","England","Premier League","2020/2021","Southampton","Sheffield Utd","1.65","3.95","5.81","1.05","11.80","1.24","4.30","1.78","2.15","2.84","1.45","5.57","1.16","1.75","2.08"
"5313","12-12-20 21:00","England","Premier League","2020/2021","Everton","Chelsea","4.95","4.43","1.66","1.02","16.10","1.21","4.66","1.62","2.37","2.50","1.56","4.50","1.22","1.60","2.33"
"5314","12-12-20 18:30","England","Premier League","2020/2021","Manchester Utd","Manchester City","4.60","4.43","1.70","1.02","18.30","1.20","4.84","1.57","2.47","2.50","1.56","4.50","1.22","1.56","2.43"
"5315","12-12-20 16:00","England","Premier League","2020/2021","Newcastle","West Brom","2.46","3.33","3.08","1.06","9.68","1.30","3.66","2.09","1.83","3.52","1.32","7.10","1.11","1.70","2.15"
"5316","12-12-20 13:30","England","Premier League","2020/2021","Wolves","Aston Villa","2.56","3.33","2.94","1.05","11.80","1.26","4.03","1.86","2.05","3.21","1.37","6.72","1.12","1.63","2.28"
"5317","11-12-20 21:00","England","Premier League","2020/2021","Leeds","West Ham","2.10","3.85","3.39","1.01","18.00","1.17","5.38","1.49","2.69","2.21","1.70","3.84","1.28","1.41","2.91"
"5318","07-12-20 21:00","England","Premier League","2020/2021","Brighton","Southampton","2.46","3.48","2.97","1.05","11.80","1.26","4.03","1.86","2.05","3.21","1.37","6.08","1.14","1.65","2.25"
"5319","06-12-20 20:15","England","Premier League","2020/2021","Liverpool","Wolves","1.58","4.31","6.01","1.02","16.10","1.20","4.84","1.57","2.47","2.50","1.56","4.50","1.22","1.69","2.17"
"5320","06-12-20 17:30","England","Premier League","2020/2021","Tottenham","Arsenal","2.18","3.55","3.45","1.05","11.80","1.26","4.03","1.86","2.05","3.01","1.41","6.08","1.14","1.65","2.25"
"5321","06-12-20 15:15","England","Premier League","2020/2021","Sheffield Utd","Leicester","4.34","3.56","1.92","1.06","10.70","1.30","3.66","1.98","1.92","3.45","1.33","7.10","1.11","1.71","2.13"
"5322","06-12-20 13:00","England","Premier League","2020/2021","West Brom","Crystal Palace","3.10","3.32","2.45","1.06","9.68","1.30","3.66","2.09","1.83","3.52","1.32","7.10","1.11","1.70","2.15"
"5323","05-12-20 21:00","England","Premier League","2020/2021","Chelsea","Leeds","1.48","5.14","6.16","1.02","13.00","1.14","5.91","1.42","2.96","2.09","1.83","3.45","1.33","1.57","2.40"
"5324","05-12-20 18:30","England","Premier League","2020/2021","West Ham","Manchester Utd","3.63","3.57","2.10","1.03","14.00","1.24","4.30","1.78","2.15","2.84","1.45","5.57","1.16","1.61","2.31"
"5325","05-12-20 16:00","England","Premier League","2020/2021","Manchester City","Fulham","1.11","12.10","21.00","1.02","15.00","1.10","7.53","1.30","3.66","1.78","2.15","2.66","1.50","2.10","1.73"
"5326","05-12-20 13:30","England","Premier League","2020/2021","Burnley","Everton","3.92","3.68","1.98","1.06","10.70","1.30","3.66","1.98","1.92","3.45","1.33","7.10","1.11","1.70","2.15"
"5327","30-11-20 21:00","England","Premier League","2020/2021","West Ham","Aston Villa","2.35","3.58","3.07","1.03","14.00","1.21","4.66","1.67","2.26","2.66","1.50","4.97","1.19","1.54","2.48"
"5328","30-11-20 18:30","England","Premier League","2020/2021","Leicester","Fulham","1.56","4.27","6.49","1.03","14.00","1.24","4.30","1.67","2.26","2.66","1.50","4.97","1.19","1.68","2.19"
"5329","29-11-20 20:15","England","Premier League","2020/2021","Arsenal","Wolves","2.04","3.33","4.15","1.08","8.60","1.37","3.23","2.18","1.76","4.14","1.25","8.64","1.08","1.84","1.97"
"5330","29-11-20 17:30","England","Premier League","2020/2021","Chelsea","Tottenham","2.00","3.69","3.85","1.03","14.00","1.21","4.66","1.67","2.26","2.66","1.50","4.97","1.19","1.56","2.43"
"5331","29-11-20 15:00","England","Premier League","2020/2021","Southampton","Manchester Utd","4.18","3.68","1.92","1.03","14.00","1.21","4.66","1.67","2.26","2.66","1.50","4.97","1.19","1.56","2.43"
"5332","28-11-20 21:00","England","Premier League","2020/2021","West Brom","Sheffield Utd","2.66","3.27","2.86","1.08","8.60","1.37","3.23","2.29","1.70","4.14","1.25","8.64","1.08","1.85","1.95"
"5333","28-11-20 18:30","England","Premier League","2020/2021","Everton","Leeds","2.17","3.84","3.23","1.02","18.30","1.20","4.84","1.57","2.47","2.40","1.60","4.50","1.22","1.50","2.60"
"5334","28-11-20 16:00","England","Premier League","2020/2021","Manchester City","Burnley","1.14","10.50","17.80","1.02","15.00","1.11","6.99","1.33","3.44","1.86","2.05","2.84","1.45","2.18","1.68"
"5335","28-11-20 13:30","England","Premier League","2020/2021","Brighton","Liverpool","5.13","4.31","1.66","1.02","18.30","1.17","5.38","1.54","2.55","2.30","1.65","4.14","1.25","1.57","2.41"
"5336","27-11-20 21:00","England","Premier League","2020/2021","Crystal Palace","Newcastle","2.15","3.28","3.84","1.08","8.60","1.37","3.23","2.29","1.70","4.14","1.25","8.64","1.08","1.85","1.95"
"5337","23-11-20 21:00","England","Premier League","2020/2021","Wolves","Southampton","2.34","3.31","3.31","1.08","8.60","1.42","2.96","2.29","1.70","4.14","1.25","9.34","1.07","1.88","1.92"
"5338","23-11-20 18:30","England","Premier League","2020/2021","Burnley","Crystal Palace","2.80","3.16","2.79","1.08","8.60","1.37","3.23","2.29","1.70","4.14","1.25","8.64","1.08","1.84","1.97"
"5339","22-11-20 20:15","England","Premier League","2020/2021","Liverpool","Leicester","1.79","4.08","4.42","1.02","18.30","1.17","5.38","1.54","2.55","2.30","1.65","4.14","1.25","1.53","2.51"
"5340","22-11-20 17:30","England","Premier League","2020/2021","Leeds","Arsenal","3.67","3.90","1.99","1.02","16.10","1.20","4.84","1.62","2.37","2.50","1.56","4.50","1.22","1.53","2.51"
"5341","22-11-20 15:00","England","Premier League","2020/2021","Sheffield Utd","West Ham","3.37","3.27","2.34","1.06","9.68","1.33","3.44","2.18","1.76","3.84","1.28","8.05","1.09","1.76","2.07"
"5342","22-11-20 13:00","England","Premier League","2020/2021","Fulham","Everton","4.68","3.89","1.78","1.03","14.00","1.26","4.03","1.86","2.05","3.21","1.37","6.08","1.14","1.70","2.15"
"5343","21-11-20 21:00","England","Premier League","2020/2021","Manchester Utd","West Brom","1.33","5.88","9.20","1.02","16.10","1.17","5.38","1.54","2.55","2.30","1.65","4.14","1.25","1.77","2.04"
"5344","21-11-20 18:30","England","Premier League","2020/2021","Tottenham","Manchester City","4.32","4.11","1.80","1.02","17.00","1.19","5.00","1.61","2.38","2.47","1.57","4.48","1.22","1.58","2.31"
"5345","21-11-20 16:00","England","Premier League","2020/2021","Aston Villa","Brighton","2.14","3.65","3.45","1.03","14.00","1.21","4.66","1.62","2.37","2.50","1.56","4.97","1.19","1.54","2.48"
"5346","21-11-20 13:30","England","Premier League","2020/2021","Newcastle","Chelsea","7.14","4.85","1.46","1.03","14.00","1.21","4.66","1.67","2.26","2.66","1.50","4.97","1.19","1.70","2.15"
"5347","08-11-20 20:15","England","Premier League","2020/2021","Arsenal","Aston Villa","1.62","4.52","5.18","1.02","18.30","1.20","4.84","1.54","2.55","2.40","1.60","4.14","1.25","1.56","2.43"
"5348","08-11-20 17:30","England","Premier League","2020/2021","Manchester City","Liverpool","1.91","4.49","3.51","1.02","13.00","1.13","6.45","1.42","2.96","1.98","1.92","3.21","1.37","1.38","3.05"
"5349","08-11-20 15:00","England","Premier League","2020/2021","Leicester","Wolves","2.21","3.29","3.65","1.08","8.60","1.37","3.23","2.29","1.70","4.14","1.25","8.64","1.08","1.85","1.95"
"5350","08-11-20 13:00","England","Premier League","2020/2021","West Brom","Tottenham","6.50","4.68","1.51","1.02","16.10","1.20","4.84","1.62","2.37","2.50","1.56","4.50","1.22","1.71","2.13"
"5351","07-11-20 21:00","England","Premier League","2020/2021","West Ham","Fulham","1.83","3.91","4.38","1.05","11.80","1.24","4.30","1.78","2.15","2.84","1.45","5.57","1.16","1.67","2.21"
"5352","07-11-20 18:30","England","Premier League","2020/2021","Chelsea","Sheffield Utd","1.38","5.13","8.82","1.03","14.00","1.24","4.30","1.67","2.26","2.84","1.45","5.57","1.16","1.94","1.86"
"5353","07-11-20 16:00","England","Premier League","2020/2021","Crystal Palace","Leeds","3.04","3.57","2.37","1.05","11.80","1.24","4.30","1.78","2.15","2.84","1.45","5.57","1.16","1.60","2.33"
"5354","07-11-20 13:30","England","Premier League","2020/2021","Everton","Manchester Utd","3.25","3.86","2.15","1.03","14.00","1.21","4.66","1.67","2.26","2.66","1.50","4.97","1.19","1.56","2.43"
"5355","06-11-20 21:00","England","Premier League","2020/2021","Southampton","Newcastle","2.07","3.59","3.71","1.05","11.80","1.26","4.03","1.86","2.05","3.21","1.37","6.08","1.14","1.68","2.19"
"5356","06-11-20 18:30","England","Premier League","2020/2021","Brighton","Burnley","1.96","3.48","4.30","1.06","9.68","1.33","3.44","2.18","1.76","3.84","1.28","8.05","1.09","1.85","1.95"
"5357","02-11-20 21:00","England","Premier League","2020/2021","Leeds","Leicester","2.58","3.77","2.64","1.02","16.10","1.20","4.84","1.57","2.47","2.40","1.60","4.50","1.22","1.46","2.72"
"5358","02-11-20 18:30","England","Premier League","2020/2021","Fulham","West Brom","2.45","3.37","3.06","1.06","10.70","1.29","3.76","1.98","1.92","3.44","1.33","6.72","1.12","1.68","2.19"
"5359","01-11-20 20:15","England","Premier League","2020/2021","Tottenham","Brighton","1.55","4.38","6.39","1.02","16.10","1.20","4.84","1.62","2.37","2.50","1.56","4.50","1.22","1.65","2.25"
"5360","01-11-20 17:30","England","Premier League","2020/2021","Manchester Utd","Arsenal","1.99","3.68","3.88","1.05","11.80","1.26","4.03","1.86","2.05","3.01","1.41","6.08","1.14","1.68","2.19"
"5361","01-11-20 15:00","England","Premier League","2020/2021","Newcastle","Everton","3.62","3.36","2.19","1.06","9.68","1.30","3.66","1.98","1.92","3.52","1.32","7.10","1.11","1.71","2.13"
"5362","01-11-20 13:00","England","Premier League","2020/2021","Aston Villa","Southampton","2.57","3.70","2.70","1.02","16.10","1.20","4.84","1.62","2.37","2.50","1.56","4.50","1.22","1.54","2.48"
"5363","31-10-20 18:30","England","Premier League","2020/2021","Liverpool","West Ham","1.42","5.12","7.54","1.02","15.00","1.13","6.45","1.42","2.96","2.09","1.83","3.45","1.33","1.58","2.38"
"5364","31-10-20 16:00","England","Premier League","2020/2021","Burnley","Chelsea","5.97","4.42","1.57","1.05","11.70","1.26","3.99","1.88","2.03","3.06","1.40","6.08","1.14","1.77","2.04"
"5365","31-10-20 13:30","England","Premier League","2020/2021","Sheffield Utd","Manchester City","9.67","6.11","1.31","1.02","16.10","1.17","5.38","1.54","2.55","2.30","1.65","4.14","1.25","1.85","1.95"
"5366","30-10-20 21:00","England","Premier League","2020/2021","Wolves","Crystal Palace","1.98","3.26","4.56","1.11","6.99","1.49","2.69","2.50","1.56","4.97","1.19","10.20","1.06","2.10","1.73"
"5367","26-10-20 21:00","England","Premier League","2020/2021","Burnley","Tottenham","5.90","4.44","1.57","1.03","14.00","1.21","4.66","1.67","2.26","2.66","1.50","4.97","1.19","1.71","2.13"
"5368","26-10-20 18:30","England","Premier League","2020/2021","Brighton","West Brom","1.71","4.00","5.12","1.05","11.80","1.26","4.03","1.86","2.05","3.01","1.41","6.08","1.14","1.76","2.07"
"5369","25-10-20 20:15","England","Premier League","2020/2021","Arsenal","Leicester","1.89","3.67","4.34","1.05","11.80","1.26","4.03","1.86","2.05","3.21","1.37","6.08","1.14","1.67","2.21"
"5370","25-10-20 17:30","England","Premier League","2020/2021","Wolves","Newcastle","1.80","3.57","5.15","1.08","8.60","1.37","3.23","2.29","1.70","4.14","1.25","8.64","1.08","1.94","1.86"
"5371","25-10-20 15:00","England","Premier League","2020/2021","Southampton","Everton","3.27","3.69","2.20","1.03","14.00","1.21","4.66","1.67","2.26","2.66","1.50","4.97","1.19","1.57","2.41"
"5372","24-10-20 21:00","England","Premier League","2020/2021","Liverpool","Sheffield Utd","1.22","7.69","12.30","1.02","15.00","1.10","7.45","1.30","3.72","1.80","2.13","2.70","1.49","1.74","2.09"
"5373","24-10-20 18:30","England","Premier League","2020/2021","Manchester Utd","Chelsea","2.62","3.59","2.70","1.03","14.00","1.21","4.66","1.67","2.26","2.66","1.50","4.97","1.19","1.54","2.48"
"5374","24-10-20 16:00","England","Premier League","2020/2021","Fulham","Crystal Palace","2.56","3.28","2.97","1.08","8.60","1.37","3.23","2.29","1.70","4.14","1.25","8.64","1.08","1.84","1.97"
"5375","24-10-20 13:30","England","Premier League","2020/2021","West Ham","Manchester City","7.11","5.40","1.42","1.02","13.00","1.13","6.45","1.37","3.23","2.09","1.83","3.21","1.37","1.53","2.51"
"5376","23-10-20 21:00","England","Premier League","2020/2021","Aston Villa","Leeds","2.01","3.91","3.60","1.02","18.30","1.17","5.38","1.54","2.55","2.21","1.70","3.84","1.28","1.46","2.72"
"5377","19-10-20 21:00","England","Premier League","2020/2021","Leeds","Wolves","2.46","3.48","2.97","1.06","10.70","1.29","3.76","1.98","1.92","3.44","1.33","6.72","1.12","1.67","2.21"
"5378","19-10-20 18:30","England","Premier League","2020/2021","West Brom","Burnley","2.53","3.47","2.88","1.06","10.70","1.29","3.76","1.98","1.92","3.21","1.37","6.72","1.12","1.67","2.21"
"5379","18-10-20 20:15","England","Premier League","2020/2021","Leicester","Aston Villa","2.28","3.67","3.12","1.02","16.10","1.20","4.84","1.57","2.47","2.40","1.60","4.50","1.22","1.48","2.66"
"5380","18-10-20 17:30","England","Premier League","2020/2021","Tottenham","West Ham","1.62","4.26","5.57","1.02","16.10","1.20","4.84","1.57","2.47","2.40","1.60","4.50","1.22","1.61","2.31"
"5381","18-10-20 15:00","England","Premier League","2020/2021","Crystal Palace","Brighton","3.08","3.33","2.46","1.06","9.68","1.37","3.23","2.18","1.76","3.84","1.28","8.05","1.09","1.76","2.07"
"5382","18-10-20 13:00","England","Premier League","2020/2021","Sheffield Utd","Fulham","2.17","3.31","3.74","1.08","8.60","1.37","3.23","2.29","1.70","4.14","1.25","8.64","1.08","1.84","1.97"
"5383","17-10-20 21:00","England","Premier League","2020/2021","Newcastle","Manchester Utd","4.92","4.27","1.69","1.02","16.10","1.21","4.66","1.62","2.37","2.66","1.50","4.97","1.19","1.60","2.33"
"5384","17-10-20 18:30","England","Premier League","2020/2021","Manchester City","Arsenal","1.54","4.88","5.65","1.01","20.00","1.14","5.91","1.46","2.82","2.18","1.76","3.52","1.32","1.53","2.51"
"5385","17-10-20 16:00","England","Premier League","2020/2021","Chelsea","Southampton","1.54","4.69","5.96","1.02","18.30","1.17","5.38","1.49","2.69","2.21","1.70","3.84","1.28","1.56","2.43"
"5386","17-10-20 13:30","England","Premier League","2020/2021","Everton","Liverpool","4.57","4.29","1.73","1.01","18.00","1.14","5.91","1.46","2.82","2.18","1.76","3.84","1.28","1.45","2.76"
"5387","04-10-20 20:15","England","Premier League","2020/2021","Aston Villa","Liverpool","7.12","4.89","1.46","1.02","13.00","1.14","5.91","1.42","2.96","2.09","1.83","3.45","1.33","1.54","2.48"
"5388","04-10-20 17:30","England","Premier League","2020/2021","Manchester Utd","Tottenham","2.03","3.76","3.66","1.03","14.00","1.21","4.66","1.67","2.26","2.66","1.50","4.97","1.19","1.57","2.41"
"5389","04-10-20 15:00","England","Premier League","2020/2021","Arsenal","Sheffield Utd","1.51","4.28","7.50","1.03","14.00","1.24","4.30","1.78","2.15","2.84","1.45","5.57","1.16","1.77","2.04"
"5390","04-10-20 15:00","England","Premier League","2020/2021","Wolves","Fulham","1.76","3.48","5.72","1.08","8.60","1.37","3.23","2.29","1.70","4.14","1.25","8.64","1.08","1.96","1.84"
"5391","04-10-20 13:00","England","Premier League","2020/2021","Leicester","West Ham","1.76","4.11","4.59","1.02","18.30","1.20","4.84","1.57","2.47","2.40","1.60","4.14","1.25","1.54","2.48"
"5392","04-10-20 13:00","England","Premier League","2020/2021","Southampton","West Brom","1.90","3.85","4.10","1.03","14.00","1.24","4.30","1.74","2.15","2.84","1.45","5.57","1.16","1.65","2.25"
"5393","03-10-20 21:00","England","Premier League","2020/2021","Newcastle","Burnley","2.33","3.31","3.32","1.06","9.68","1.30","3.66","2.09","1.83","3.52","1.32","7.10","1.11","1.71","2.13"
"5394","03-10-20 18:30","England","Premier League","2020/2021","Leeds","Manchester City","8.25","6.71","1.31","1.02","15.00","1.10","7.53","1.30","3.66","1.78","2.15","2.66","1.50","1.57","2.41"
"5395","03-10-20 16:00","England","Premier League","2020/2021","Everton","Brighton","1.74","3.81","5.19","1.03","14.00","1.21","4.66","1.67","2.26","2.66","1.50","4.97","1.19","1.61","2.31"
"5396","03-10-20 13:30","England","Premier League","2020/2021","Chelsea","Crystal Palace","1.51","4.41","7.12","1.03","14.00","1.24","4.30","1.78","2.15","2.84","1.45","5.57","1.16","1.70","2.15"
"5397","28-09-20 21:00","England","Premier League","2020/2021","Liverpool","Arsenal","1.47","5.35","6.11","1.02","15.00","1.13","6.45","1.37","3.23","1.98","1.92","3.21","1.37","1.46","2.72"
"5398","28-09-20 18:45","England","Premier League","2020/2021","Fulham","Aston Villa","3.22","3.46","2.32","1.05","11.80","1.29","3.76","1.86","2.05","3.21","1.37","6.72","1.12","1.68","2.19"
"5399","27-09-20 20:00","England","Premier League","2020/2021","West Ham","Wolves","3.36","3.36","2.29","1.08","8.60","1.33","3.44","2.18","1.76","3.84","1.28","8.05","1.09","1.77","2.04"
"5400","27-09-20 17:30","England","Premier League","2020/2021","Manchester City","Leicester","1.31","5.94","9.81","1.01","19.00","1.14","5.91","1.42","2.96","2.09","1.83","3.45","1.33","1.68","2.19"
"5401","27-09-20 15:00","England","Premier League","2020/2021","Tottenham","Newcastle","1.42","4.88","8.13","1.03","14.00","1.21","4.66","1.62","2.37","2.66","1.50","4.97","1.19","1.79","2.02"
"5402","27-09-20 13:00","England","Premier League","2020/2021","Sheffield Utd","Leeds","3.04","3.47","2.42","1.06","10.70","1.30","3.66","2.09","1.83","3.52","1.32","7.10","1.11","1.71","2.13"
"5403","26-09-20 21:00","England","Premier League","2020/2021","Burnley","Southampton","3.37","3.47","2.24","1.05","11.80","1.26","4.03","1.86","2.05","3.21","1.37","6.08","1.14","1.65","2.25"
"5404","26-09-20 18:30","England","Premier League","2020/2021","West Brom","Chelsea","7.01","4.87","1.46","1.02","18.30","1.17","5.38","1.54","2.55","2.30","1.65","4.14","1.25","1.65","2.25"
"5405","26-09-20 16:00","England","Premier League","2020/2021","Crystal Palace","Everton","3.81","3.38","2.12","1.06","10.70","1.29","3.76","1.98","1.92","3.45","1.33","6.72","1.12","1.68","2.19"
"5406","26-09-20 13:30","England","Premier League","2020/2021","Brighton","Manchester Utd","5.68","4.11","1.63","1.03","14.00","1.21","4.66","1.62","2.37","2.50","1.56","4.97","1.19","1.65","2.25"
"5407","21-09-20 21:15","England","Premier League","2020/2021","Wolves","Manchester City","7.18","4.62","1.48","1.05","11.80","1.24","4.30","1.78","2.15","2.84","1.45","5.57","1.16","1.85","1.95"
"5408","21-09-20 19:00","England","Premier League","2020/2021","Aston Villa","Sheffield Utd","2.37","3.24","3.34","1.08","8.60","1.37","3.23","2.18","1.76","4.14","1.25","8.64","1.08","1.85","1.95"
"5409","20-09-20 20:00","England","Premier League","2020/2021","Leicester","Burnley","1.51","4.41","7.12","1.05","11.80","1.26","4.03","1.86","2.05","3.21","1.37","6.08","1.14","1.85","1.95"
"5410","20-09-20 17:30","England","Premier League","2020/2021","Chelsea","Liverpool","3.65","3.98","1.98","1.02","18.30","1.20","4.84","1.57","2.47","2.40","1.60","4.14","1.25","1.50","2.60"
"5411","20-09-20 15:00","England","Premier League","2020/2021","Newcastle","Brighton","2.43","3.31","3.15","1.06","9.68","1.37","3.23","2.18","1.76","3.84","1.28","8.05","1.09","1.76","2.07"
"5412","20-09-20 13:00","England","Premier League","2020/2021","Southampton","Tottenham","3.58","3.47","2.16","1.06","10.70","1.29","3.76","1.98","1.92","3.21","1.37","6.72","1.12","1.67","2.21"
"5413","19-09-20 21:00","England","Premier League","2020/2021","Arsenal","West Ham","1.48","4.60","7.16","1.02","16.10","1.21","4.66","1.62","2.37","2.66","1.50","4.97","1.19","1.71","2.13"
"5414","19-09-20 18:30","England","Premier League","2020/2021","Manchester Utd","Crystal Palace","1.36","5.12","9.73","1.02","16.10","1.21","4.66","1.62","2.37","2.66","1.50","4.97","1.19","1.85","1.95"
"5415","19-09-20 16:00","England","Premier League","2020/2021","Leeds","Fulham","1.67","3.88","5.70","1.05","11.80","1.29","3.76","1.86","2.05","3.21","1.37","6.72","1.12","1.77","2.04"
"5416","19-09-20 13:30","England","Premier League","2020/2021","Everton","West Brom","1.58","4.09","6.60","1.06","10.70","1.29","3.76","1.98","1.92","3.45","1.33","6.72","1.12","1.85","1.95"
"5417","14-09-20 21:15","England","Premier League","2020/2021","Brighton","Chelsea","6.19","4.50","1.54","1.03","14.00","1.21","4.66","1.67","2.26","2.66","1.50","4.97","1.19","1.71","2.13"
"5418","14-09-20 19:00","England","Premier League","2020/2021","Sheffield Utd","Wolves","3.50","2.95","2.46","1.14","5.91","1.62","2.37","3.01","1.41","6.72","1.12","14.10","1.03","2.26","1.64"
"5419","13-09-20 17:30","England","Premier League","2020/2021","Tottenham","Everton","2.05","3.49","3.90","1.06","9.68","1.30","3.66","1.98","1.92","3.45","1.33","7.10","1.11","1.77","2.05"
"5420","13-09-20 15:00","England","Premier League","2020/2021","West Brom","Leicester","3.55","3.49","2.16","1.06","10.60","1.34","3.40","2.10","1.82","3.93","1.27","8.05","1.09","1.76","2.07"
"5421","12-09-20 21:00","England","Premier League","2020/2021","West Ham","Newcastle","2.00","3.69","3.85","1.05","11.80","1.26","4.03","1.86","2.05","3.21","1.37","6.08","1.14","1.68","2.19"
"5422","12-09-20 18:30","England","Premier League","2020/2021","Liverpool","Leeds","1.27","6.27","11.50","1.01","19.00","1.17","5.38","1.46","2.82","2.18","1.76","3.52","1.32","1.77","2.04"
"5423","12-09-20 16:00","England","Premier League","2020/2021","Crystal Palace","Southampton","3.08","3.33","2.46","1.08","8.60","1.33","3.44","2.18","1.76","3.84","1.28","8.05","1.09","1.83","1.97"
"5424","12-09-20 13:30","England","Premier League","2020/2021","Fulham","Arsenal","5.43","4.08","1.66","1.06","10.70","1.30","3.66","1.98","1.92","3.45","1.33","6.72","1.12","1.85","1.95"
"5425","26-07-20 17:00","England","Premier League","2019/2020","Arsenal","Watford","1.96","3.87","3.83","1.02","16.00","1.20","4.79","1.63","2.34","2.52","1.55","4.50","1.22","1.55","2.45"
"5426","26-07-20 17:00","England","Premier League","2019/2020","Burnley","Brighton","2.68","3.37","2.76","1.07","9.57","1.30","3.62","2.00","1.90","3.45","1.33","6.72","1.12","1.69","2.17"
"5427","26-07-20 17:00","England","Premier League","2019/2020","Chelsea","Wolves","1.85","3.48","4.90","1.08","8.51","1.38","3.19","2.30","1.69","4.25","1.24","8.64","1.08","1.92","1.88"
"5428","26-07-20 17:00","England","Premier League","2019/2020","Crystal Palace","Tottenham","7.09","4.31","1.52","1.03","13.80","1.24","4.26","1.80","2.13","2.88","1.44","5.57","1.16","1.87","1.94"
"5429","26-07-20 17:00","England","Premier League","2019/2020","Everton","Bournemouth","2.34","3.82","2.93","1.02","16.00","1.21","4.61","1.69","2.23","2.70","1.49","5.15","1.18","1.58","2.38"
"5430","26-07-20 17:00","England","Premier League","2019/2020","Leicester","Manchester Utd","3.91","3.57","2.02","1.05","11.70","1.24","4.26","1.80","2.13","2.88","1.44","5.57","1.16","1.63","2.28"
"5431","26-07-20 17:00","England","Premier League","2019/2020","Manchester City","Norwich","1.03","19.00","38.00","1.01","26.00","1.04","13.00","1.16","5.50","1.41","3.00","1.99","1.91","2.18","1.68"
"5432","26-07-20 17:00","England","Premier League","2019/2020","Newcastle","Liverpool","5.61","4.69","1.56","1.02","18.10","1.20","4.79","1.58","2.45","2.42","1.59","4.50","1.22","1.66","2.23"
"5433","26-07-20 17:00","England","Premier League","2019/2020","Southampton","Sheffield Utd","2.03","3.56","3.87","1.05","11.00","1.26","4.00","1.90","2.00","3.06","1.40","6.00","1.14","1.74","2.10"
"6530","26-07-20 17:00","England","Premier League","2019/2020","West Ham","Aston Villa","2.62","3.59","2.70","1.05","11.70","1.24","4.26","1.80","2.13","3.06","1.40","5.57","1.16","1.63","2.28"
"5434","22-07-20 21:15","England","Premier League","2019/2020","Liverpool","Chelsea","1.96","3.85","3.85","1.03","13.80","1.21","4.61","1.69","2.23","2.70","1.49","5.15","1.18","1.57","2.41"
"6529","22-07-20 19:00","England","Premier League","2019/2020","Manchester Utd","West Ham","1.24","6.71","13.00","1.02","15.00","1.15","5.85","1.43","2.93","2.10","1.82","3.45","1.33","1.70","2.15"
"5435","21-07-20 21:15","England","Premier League","2019/2020","Aston Villa","Arsenal","3.30","3.80","2.15","1.03","13.80","1.24","4.26","1.69","2.23","2.70","1.49","5.15","1.18","1.58","2.38"
"5436","21-07-20 19:00","England","Premier League","2019/2020","Watford","Manchester City","9.20","5.88","1.33","1.01","20.00","1.14","5.91","1.46","2.82","2.18","1.76","3.52","1.32","1.73","2.10"
"5437","20-07-20 21:15","England","Premier League","2019/2020","Wolves","Crystal Palace","1.43","4.31","10.30","1.08","8.51","1.38","3.19","2.10","1.82","3.93","1.27","8.05","1.09","2.16","1.70"
"5438","20-07-20 19:00","England","Premier League","2019/2020","Brighton","Newcastle","1.98","3.56","4.07","1.06","10.60","1.26","3.99","1.88","2.03","3.06","1.40","6.08","1.14","1.68","2.19"
"5439","20-07-20 19:00","England","Premier League","2019/2020","Sheffield Utd","Everton","1.99","3.37","4.29","1.08","8.51","1.38","3.19","2.30","1.69","4.25","1.24","8.64","1.08","1.91","1.89"
"5440","19-07-20 17:00","England","Premier League","2019/2020","Tottenham","Leicester","2.18","3.47","3.51","1.06","10.70","1.30","3.66","1.98","1.92","3.45","1.33","6.72","1.12","1.68","2.19"
"5441","19-07-20 15:00","England","Premier League","2019/2020","Bournemouth","Southampton","2.45","3.83","2.76","1.02","16.10","1.20","4.84","1.62","2.37","2.50","1.56","4.50","1.22","1.54","2.48"
"5442","18-07-20 18:30","England","Premier League","2019/2020","Norwich","Burnley","3.32","3.47","2.26","1.06","9.68","1.33","3.44","2.09","1.83","3.84","1.28","8.05","1.09","1.77","2.04"
"6528","17-07-20 21:00","England","Premier League","2019/2020","West Ham","Watford","2.41","2.97","3.59","1.08","8.51","1.34","3.40","2.20","1.75","3.93","1.27","8.05","1.09","1.71","2.13"
"5443","16-07-20 21:15","England","Premier League","2019/2020","Crystal Palace","Manchester Utd","8.74","5.33","1.37","1.02","16.10","1.20","4.84","1.57","2.47","2.50","1.56","4.50","1.22","1.77","2.04"
"5444","16-07-20 21:15","England","Premier League","2019/2020","Southampton","Brighton","2.21","3.47","3.44","1.05","11.80","1.26","4.03","1.86","2.05","3.21","1.37","6.08","1.14","1.68","2.19"
"5445","16-07-20 19:00","England","Premier League","2019/2020","Everton","Aston Villa","2.07","3.59","3.71","1.05","11.80","1.26","4.03","1.86","2.05","3.21","1.37","6.08","1.14","1.68","2.19"
"5446","16-07-20 19:00","England","Premier League","2019/2020","Leicester","Sheffield Utd","2.07","3.31","4.07","1.08","8.60","1.37","3.23","2.18","1.76","3.84","1.28","8.64","1.08","1.85","1.95"
"5447","15-07-20 21:15","England","Premier League","2019/2020","Arsenal","Liverpool","4.30","4.30","1.77","1.02","18.30","1.17","5.38","1.54","2.55","2.30","1.65","4.14","1.25","1.54","2.48"
"5448","15-07-20 19:00","England","Premier League","2019/2020","Burnley","Wolves","4.60","3.32","1.95","1.11","6.91","1.55","2.53","2.70","1.49","5.57","1.16","11.20","1.05","2.16","1.70"
"5449","15-07-20 19:00","England","Premier League","2019/2020","Manchester City","Bournemouth","1.14","10.30","18.40","1.01","17.00","1.10","7.45","1.30","3.72","1.75","2.13","2.70","1.49","1.85","1.95"
"5450","15-07-20 19:00","England","Premier League","2019/2020","Newcastle","Tottenham","5.13","4.31","1.66","1.05","11.70","1.24","4.26","1.80","2.13","2.88","1.44","5.57","1.16","1.71","2.13"
"5451","14-07-20 21:15","England","Premier League","2019/2020","Chelsea","Norwich","1.14","10.30","18.40","1.02","15.00","1.11","6.99","1.33","3.44","1.86","2.05","3.01","1.41","2.16","1.70"
"5452","13-07-20 21:00","England","Premier League","2019/2020","Manchester Utd","Southampton","1.27","6.11","12.20","1.01","19.00","1.17","5.32","1.46","2.79","2.20","1.75","3.59","1.31","1.79","2.02"
"5453","12-07-20 20:00","England","Premier League","2019/2020","Bournemouth","Leicester","5.10","3.88","1.73","1.06","10.60","1.30","3.62","2.00","1.90","3.44","1.33","6.72","1.12","1.85","1.95"
"5454","12-07-20 17:30","England","Premier League","2019/2020","Tottenham","Arsenal","2.75","3.46","2.65","1.05","11.70","1.26","3.99","1.88","2.03","3.21","1.37","6.08","1.14","1.66","2.23"
"5455","12-07-20 15:15","England","Premier League","2019/2020","Aston Villa","Crystal Palace","2.40","3.47","3.06","1.07","9.57","1.34","3.40","2.10","1.82","3.93","1.27","8.05","1.09","1.77","2.04"
"5456","12-07-20 13:00","England","Premier League","2019/2020","Wolves","Everton","2.10","3.28","4.00","1.13","6.38","1.55","2.53","2.70","1.49","5.57","1.16","11.20","1.05","2.16","1.70"
"5457","11-07-20 21:00","England","Premier League","2019/2020","Brighton","Manchester City","11.30","7.20","1.24","1.02","13.00","1.14","5.91","1.42","2.96","2.09","1.83","3.45","1.33","1.87","1.94"
"5458","11-07-20 18:30","England","Premier League","2019/2020","Sheffield Utd","Chelsea","5.17","3.84","1.73","1.05","11.80","1.26","4.03","1.86","2.05","3.01","1.41","6.08","1.14","1.71","2.13"
"5459","11-07-20 16:00","England","Premier League","2019/2020","Liverpool","Burnley","1.22","7.28","13.50","1.02","18.10","1.20","4.79","1.50","2.66","2.32","1.64","4.25","1.24","2.02","1.79"
"5460","11-07-20 13:30","England","Premier League","2019/2020","Watford","Newcastle","1.93","3.66","4.16","1.06","10.60","1.30","3.62","2.10","1.82","3.59","1.31","7.10","1.11","1.87","1.94"
"6527","11-07-20 13:30","England","Premier League","2019/2020","Norwich","West Ham","3.67","3.57","2.09","1.05","11.70","1.26","3.99","1.88","2.03","3.21","1.37","6.08","1.14","1.69","2.17"
"5461","09-07-20 21:15","England","Premier League","2019/2020","Aston Villa","Manchester Utd","9.13","5.61","1.35","1.02","18.10","1.20","4.79","1.50","2.66","2.32","1.64","3.93","1.27","1.77","2.04"
"5462","09-07-20 19:00","England","Premier League","2019/2020","Bournemouth","Tottenham","4.87","4.01","1.74","1.03","13.80","1.24","4.26","1.80","2.13","2.88","1.44","5.57","1.16","1.68","2.19"
"5463","09-07-20 19:00","England","Premier League","2019/2020","Everton","Southampton","2.03","3.57","3.87","1.06","10.60","1.30","3.72","2.00","1.90","3.45","1.33","6.72","1.12","1.71","2.13"
"5464","08-07-20 21:15","England","Premier League","2019/2020","Brighton","Liverpool","6.42","4.17","1.57","1.06","10.60","1.30","3.72","1.88","2.03","3.21","1.37","6.72","1.12","1.87","1.94"
"5465","08-07-20 19:00","England","Premier League","2019/2020","Manchester City","Newcastle","1.12","10.40","23.00","1.02","15.00","1.10","7.45","1.30","3.62","1.80","2.13","2.70","1.49","2.37","1.59"
"5466","08-07-20 19:00","England","Premier League","2019/2020","Sheffield Utd","Wolves","4.32","3.08","2.11","1.13","6.38","1.55","2.53","2.70","1.49","5.57","1.16","11.20","1.05","2.12","1.72"
"6531","08-07-20 19:00","England","Premier League","2019/2020","West Ham","Burnley","1.90","3.69","4.30","1.06","10.60","1.30","3.62","2.00","1.90","3.45","1.33","7.10","1.11","1.77","2.04"
"5467","07-07-20 21:15","England","Premier League","2019/2020","Arsenal","Leicester","2.25","3.57","3.27","1.05","11.70","1.26","3.99","1.88","2.03","3.21","1.37","6.08","1.14","1.74","2.09"
"5468","07-07-20 19:00","England","Premier League","2019/2020","Crystal Palace","Chelsea","8.13","4.41","1.47","1.06","10.60","1.30","3.72","1.88","2.03","3.21","1.37","6.08","1.14","2.04","1.78"
"5469","07-07-20 19:00","England","Premier League","2019/2020","Watford","Norwich","1.73","3.88","5.10","1.06","10.60","1.30","3.62","2.00","1.90","3.59","1.31","7.10","1.11","1.92","1.88"
"5470","06-07-20 21:00","England","Premier League","2019/2020","Tottenham","Everton","1.93","3.68","4.13","1.05","11.70","1.26","3.99","1.88","2.03","3.06","1.40","6.08","1.14","1.69","2.17"
"5471","05-07-20 20:00","England","Premier League","2019/2020","Southampton","Manchester City","9.70","5.89","1.32","1.01","19.00","1.15","5.79","1.47","2.76","2.23","1.73","3.59","1.31","1.75","2.08"
"5472","05-07-20 17:30","England","Premier League","2019/2020","Liverpool","Aston Villa","1.20","7.97","13.80","1.02","13.00","1.15","5.79","1.44","2.89","2.13","1.80","3.52","1.32","1.88","1.92"
"6532","05-07-20 15:15","England","Premier League","2019/2020","Newcastle","West Ham","2.75","3.46","2.65","1.05","11.80","1.26","4.03","1.86","2.05","3.01","1.41","6.08","1.14","1.65","2.25"
"5473","05-07-20 13:00","England","Premier League","2019/2020","Burnley","Sheffield Utd","3.36","2.96","2.53","1.13","6.45","1.49","2.69","2.50","1.56","4.97","1.19","10.20","1.06","2.00","1.81"
"5474","04-07-20 21:00","England","Premier League","2019/2020","Chelsea","Watford","1.37","5.41","8.76","1.04","13.00","1.23","4.33","1.82","2.10","2.86","1.45","5.41","1.17","2.04","1.78"
"5475","04-07-20 18:30","England","Premier League","2019/2020","Wolves","Arsenal","2.48","3.33","3.06","1.08","8.60","1.37","3.23","2.29","1.70","4.14","1.25","8.64","1.08","1.85","1.95"
"5476","04-07-20 16:00","England","Premier League","2019/2020","Leicester","Crystal Palace","1.65","3.79","6.15","1.09","8.42","1.34","3.37","2.13","1.80","3.93","1.27","8.05","1.09","2.00","1.81"
"5477","04-07-20 16:00","England","Premier League","2019/2020","Manchester Utd","Bournemouth","1.20","7.97","13.80","1.02","17.90","1.21","4.74","1.51","2.63","2.36","1.62","3.93","1.27","2.20","1.67"
"5478","04-07-20 13:30","England","Premier League","2019/2020","Norwich","Brighton","3.58","3.37","2.20","1.08","8.60","1.37","3.23","2.18","1.76","3.84","1.28","8.64","1.08","1.85","1.95"
"5479","02-07-20 21:15","England","Premier League","2019/2020","Manchester City","Liverpool","1.99","3.88","3.68","1.02","16.00","1.21","4.61","1.69","2.23","2.70","1.49","5.15","1.18","1.61","2.31"
"5480","02-07-20 19:00","England","Premier League","2019/2020","Sheffield Utd","Tottenham","5.14","3.82","1.74","1.06","9.68","1.30","3.66","2.09","1.83","3.52","1.32","7.10","1.11","1.85","1.95"
"6533","01-07-20 21:15","England","Premier League","2019/2020","West Ham","Chelsea","6.66","4.87","1.48","1.03","13.80","1.24","4.26","1.80","2.13","2.88","1.44","5.57","1.16","1.85","1.95"
"5481","01-07-20 19:00","England","Premier League","2019/2020","Arsenal","Norwich","1.48","4.86","6.65","1.02","16.00","1.20","4.79","1.55","2.53","2.32","1.64","4.25","1.24","1.68","2.19"
"5482","01-07-20 19:00","England","Premier League","2019/2020","Bournemouth","Newcastle","2.18","3.24","3.80","1.10","7.45","1.43","2.93","2.32","1.64","4.50","1.22","9.34","1.07","1.97","1.83"
"5483","01-07-20 19:00","England","Premier League","2019/2020","Everton","Leicester","2.59","3.30","2.92","1.08","8.51","1.38","3.19","2.20","1.75","3.93","1.27","8.05","1.09","1.77","2.04"
"5484","30-06-20 21:15","England","Premier League","2019/2020","Brighton","Manchester Utd","6.58","4.25","1.55","1.08","9.00","1.34","3.40","2.13","1.80","3.67","1.30","7.54","1.10","2.10","1.74"
"5485","29-06-20 21:00","England","Premier League","2019/2020","Crystal Palace","Burnley","1.98","3.26","4.56","1.11","6.99","1.49","2.69","2.50","1.56","4.97","1.19","10.20","1.06","2.10","1.73"
"5486","28-06-20 17:30","England","Premier League","2019/2020","Watford","Southampton","2.44","3.30","3.15","1.08","8.51","1.38","3.19","2.20","1.75","3.93","1.27","8.05","1.09","1.77","2.04"
"5487","27-06-20 13:30","England","Premier League","2019/2020","Aston Villa","Wolves","4.86","3.55","1.84","1.10","7.45","1.46","2.79","2.32","1.64","4.50","1.22","9.34","1.07","2.12","1.72"
"5488","25-06-20 21:15","England","Premier League","2019/2020","Chelsea","Manchester City","2.89","4.42","1.98","1.03","13.80","1.09","6.15","1.34","3.00","1.86","1.84","2.90","1.36","1.34","3.00"
"5489","25-06-20 19:00","England","Premier League","2019/2020","Burnley","Watford","3.58","3.37","2.20","1.10","7.37","1.47","2.76","2.55","1.54","5.15","1.18","10.20","1.06","2.04","1.78"
"5490","25-06-20 19:00","England","Premier League","2019/2020","Southampton","Arsenal","2.84","3.60","2.50","1.03","13.70","1.25","4.21","1.70","2.21","2.73","1.48","5.15","1.18","1.59","2.36"
"5491","24-06-20 21:15","England","Premier League","2019/2020","Liverpool","Crystal Palace","1.27","6.00","12.50","1.03","13.80","1.24","4.26","1.63","2.34","2.70","1.49","5.15","1.18","2.12","1.72"
"5492","24-06-20 19:00","England","Premier League","2019/2020","Manchester Utd","Sheffield Utd","1.35","5.15","10.30","1.05","11.60","1.27","3.95","1.90","2.01","3.10","1.39","6.08","1.14","2.10","1.73"
"5493","24-06-20 19:00","England","Premier League","2019/2020","Newcastle","Aston Villa","2.42","3.31","3.16","1.06","10.50","1.30","3.68","2.03","1.88","3.26","1.36","6.72","1.12","1.63","2.28"
"5494","24-06-20 19:00","England","Premier League","2019/2020","Norwich","Everton","4.86","3.65","1.81","1.07","9.47","1.31","3.58","2.03","1.88","3.52","1.32","6.72","1.12","1.70","2.15"
"5495","24-06-20 19:00","England","Premier League","2019/2020","Wolves","Bournemouth","1.57","4.11","6.56","1.08","8.60","1.42","2.96","2.29","1.70","4.14","1.25","8.64","1.08","2.16","1.70"
"6534","23-06-20 21:15","England","Premier League","2019/2020","Tottenham","West Ham","1.58","4.28","6.11","1.03","13.80","1.24","4.26","1.80","2.13","2.88","1.44","5.57","1.16","1.77","2.04"
"5496","23-06-20 19:00","England","Premier League","2019/2020","Leicester","Brighton","1.64","3.97","5.85","1.06","10.60","1.30","3.72","2.00","1.90","3.45","1.33","6.72","1.12","1.92","1.88"
"5497","22-06-20 21:00","England","Premier League","2019/2020","Manchester City","Burnley","1.14","9.16","23.00","1.02","17.00","1.16","5.50","1.51","2.63","2.26","1.67","3.79","1.29","2.53","1.52"
"5498","21-06-20 20:00","England","Premier League","2019/2020","Everton","Liverpool","6.17","3.97","1.62","1.05","11.70","1.24","4.26","1.80","2.13","2.88","1.44","5.57","1.16","1.71","2.13"
"5499","21-06-20 17:15","England","Premier League","2019/2020","Aston Villa","Chelsea","7.31","4.83","1.46","1.03","14.00","1.21","4.66","1.67","2.26","2.66","1.50","4.97","1.19","1.77","2.04"
"5500","21-06-20 15:00","England","Premier League","2019/2020","Newcastle","Sheffield Utd","3.37","3.06","2.45","1.14","6.00","1.61","2.38","2.86","1.45","6.00","1.14","12.50","1.04","2.24","1.65"
"5501","20-06-20 20:45","England","Premier League","2019/2020","Bournemouth","Crystal Palace","2.77","3.18","2.82","1.10","7.45","1.43","2.93","2.30","1.69","4.25","1.24","8.64","1.08","1.85","1.95"
"6535","20-06-20 18:30","England","Premier League","2019/2020","West Ham","Wolves","4.37","3.59","1.91","1.08","8.51","1.43","2.93","2.30","1.69","4.25","1.24","8.64","1.08","1.96","1.84"
"5502","20-06-20 16:00","England","Premier League","2019/2020","Brighton","Arsenal","3.47","3.47","2.20","1.06","10.60","1.30","3.72","2.00","1.90","3.45","1.33","6.72","1.12","1.69","2.17"
"5503","20-06-20 13:30","England","Premier League","2019/2020","Watford","Leicester","3.95","3.57","2.01","1.07","9.57","1.34","3.40","2.10","1.82","3.93","1.27","8.05","1.09","1.87","1.94"
"5504","19-06-20 21:15","England","Premier League","2019/2020","Tottenham","Manchester Utd","3.33","3.48","2.25","1.05","11.70","1.26","3.99","1.88","2.03","3.21","1.37","6.08","1.14","1.69","2.17"
"5505","19-06-20 19:00","England","Premier League","2019/2020","Norwich","Southampton","3.04","3.47","2.42","1.05","11.70","1.26","3.99","1.88","2.03","3.21","1.37","6.08","1.14","1.66","2.23"
"5506","17-06-20 21:15","England","Premier League","2019/2020","Manchester City","Arsenal","1.31","6.17","9.25","1.02","15.00","1.07","6.85","1.28","3.34","1.73","1.99","2.59","1.44","1.73","2.10"
"5507","17-06-20 19:00","England","Premier League","2019/2020","Aston Villa","Sheffield Utd","3.35","3.30","2.33","1.07","9.57","1.34","3.40","2.10","1.82","3.93","1.27","8.05","1.09","1.79","2.02"
"5508","09-03-20 21:00","England","Premier League","2019/2020","Leicester","Aston Villa","1.54","4.60","6.10","1.03","15.00","1.22","4.50","1.70","2.20","2.66","1.50","4.80","1.20","1.78","2.04"
"5509","08-03-20 17:30","England","Premier League","2019/2020","Manchester Utd","Manchester City","4.58","4.08","1.76","1.03","13.00","1.29","3.74","1.90","2.00","3.24","1.37","6.50","1.13","1.83","1.98"
"5510","08-03-20 15:00","England","Premier League","2019/2020","Chelsea","Everton","1.87","3.98","4.08","1.03","13.50","1.21","4.60","1.69","2.23","2.70","1.49","5.15","1.18","1.61","2.31"
"5511","07-03-20 18:30","England","Premier League","2019/2020","Burnley","Tottenham","2.69","3.48","2.69","1.07","9.20","1.35","3.30","2.17","1.77","4.02","1.26","8.00","1.09","1.87","1.93"
"5512","07-03-20 16:00","England","Premier League","2019/2020","Crystal Palace","Watford","2.75","3.16","2.85","1.09","8.00","1.41","3.00","2.37","1.62","4.48","1.22","9.20","1.07","1.98","1.83"
"5513","07-03-20 16:00","England","Premier League","2019/2020","Sheffield Utd","Norwich","1.71","3.84","5.35","1.08","9.00","1.34","3.40","2.24","1.73","3.78","1.29","7.50","1.10","2.04","1.78"
"5514","07-03-20 16:00","England","Premier League","2019/2020","Southampton","Newcastle","1.76","3.88","4.84","1.06","10.00","1.34","3.40","2.13","1.80","3.78","1.29","7.50","1.10","1.98","1.83"
"5515","07-03-20 16:00","England","Premier League","2019/2020","Wolves","Brighton","1.73","3.88","5.10","1.08","9.00","1.37","3.20","2.24","1.73","4.14","1.25","8.40","1.09","2.04","1.78"
"6536","07-03-20 16:00","England","Premier League","2019/2020","Arsenal","West Ham","1.59","4.54","5.55","1.01","18.00","1.19","5.00","1.56","2.50","2.47","1.57","4.14","1.25","1.61","2.31"
"5516","07-03-20 13:30","England","Premier League","2019/2020","Liverpool","Bournemouth","1.22","7.60","12.00","1.02","15.00","1.13","6.30","1.34","3.36","2.03","1.88","3.10","1.39","1.79","2.02"
"5517","01-03-20 15:00","England","Premier League","2019/2020","Everton","Manchester Utd","3.07","3.46","2.40","1.06","10.50","1.30","3.72","2.00","1.90","3.44","1.33","6.70","1.12","1.68","2.19"
"5518","01-03-20 15:00","England","Premier League","2019/2020","Tottenham","Wolves","2.59","3.17","3.03","1.10","7.50","1.42","2.96","2.38","1.65","4.14","1.25","9.30","1.07","1.85","1.95"
"5519","29-02-20 18:30","England","Premier League","2019/2020","Watford","Liverpool","7.00","4.86","1.46","1.02","16.00","1.20","4.78","1.58","2.45","2.52","1.55","4.50","1.22","1.74","2.09"
"5520","29-02-20 16:00","England","Premier League","2019/2020","Bournemouth","Chelsea","4.68","3.74","1.82","1.03","13.50","1.24","4.26","1.80","2.13","2.88","1.44","5.55","1.16","1.65","2.25"
"5521","29-02-20 16:00","England","Premier League","2019/2020","Newcastle","Burnley","2.69","3.28","2.82","1.07","9.40","1.31","3.58","2.13","1.80","3.58","1.31","7.10","1.11","1.79","2.03"
"6537","29-02-20 16:00","England","Premier League","2019/2020","West Ham","Southampton","2.51","3.58","2.82","1.03","13.50","1.22","4.56","1.70","2.21","2.73","1.48","5.15","1.18","1.62","2.30"
"5522","29-02-20 13:30","England","Premier League","2019/2020","Brighton","Crystal Palace","2.14","3.30","3.82","1.10","7.40","1.43","2.93","2.32","1.64","4.50","1.22","9.30","1.07","1.92","1.88"
"5523","28-02-20 21:00","England","Premier League","2019/2020","Norwich","Leicester","4.58","3.86","1.81","1.02","16.00","1.20","4.78","1.63","2.34","2.52","1.55","4.50","1.22","1.57","2.41"
"6538","24-02-20 21:00","England","Premier League","2019/2020","Liverpool","West Ham","1.15","9.50","16.00","1.02","15.00","1.12","6.80","1.31","3.58","1.90","2.01","2.92","1.43","1.88","1.92"
"5524","23-02-20 17:30","England","Premier League","2019/2020","Arsenal","Everton","1.94","3.78","3.98","1.05","11.50","1.25","4.20","1.81","2.11","2.92","1.43","5.55","1.16","1.63","2.28"
"5525","23-02-20 15:00","England","Premier League","2019/2020","Manchester Utd","Watford","1.58","4.08","6.45","1.05","11.50","1.30","3.68","2.03","1.88","3.52","1.32","6.70","1.12","1.98","1.82"
"5526","23-02-20 15:00","England","Premier League","2019/2020","Wolves","Norwich","1.53","4.42","6.60","1.07","9.40","1.31","3.58","2.03","1.88","3.52","1.32","6.70","1.12","2.04","1.78"
"5527","22-02-20 18:30","England","Premier League","2019/2020","Leicester","Manchester City","5.35","4.84","1.57","1.01","18.00","1.15","5.85","1.46","2.79","2.20","1.75","3.92","1.27","1.54","2.48"
"5528","22-02-20 16:00","England","Premier League","2019/2020","Burnley","Bournemouth","2.14","3.34","3.78","1.08","8.50","1.38","3.19","2.20","1.75","3.92","1.27","8.00","1.09","1.85","1.95"
"5529","22-02-20 16:00","England","Premier League","2019/2020","Crystal Palace","Newcastle","2.15","3.28","3.84","1.08","8.50","1.38","3.19","2.20","1.75","3.92","1.27","8.00","1.09","1.85","1.95"
"5530","22-02-20 16:00","England","Premier League","2019/2020","Sheffield Utd","Brighton","1.89","3.46","4.68","1.08","8.50","1.38","3.19","2.30","1.69","4.24","1.24","8.60","1.08","1.91","1.89"
"5531","22-02-20 16:00","England","Premier League","2019/2020","Southampton","Aston Villa","1.70","4.18","4.86","1.02","18.00","1.20","4.78","1.58","2.45","2.42","1.59","4.50","1.22","1.57","2.41"
"5532","22-02-20 13:30","England","Premier League","2019/2020","Chelsea","Tottenham","1.84","3.68","4.60","1.07","9.40","1.34","3.36","2.13","1.80","3.58","1.31","7.10","1.11","1.88","1.92"
"6539","19-02-20 20:30","England","Premier League","2019/2020","Manchester City","West Ham","1.14","10.00","18.00","1.01","17.00","1.09","8.30","1.27","3.90","1.71","2.19","2.55","1.54","1.87","1.94"
"5533","17-02-20 21:00","England","Premier League","2019/2020","Chelsea","Manchester Utd","2.05","3.48","3.90","1.06","10.50","1.31","3.58","2.03","1.88","3.58","1.31","7.10","1.11","1.79","2.02"
"5534","16-02-20 17:30","England","Premier League","2019/2020","Arsenal","Newcastle","1.45","4.58","8.00","1.03","13.50","1.21","4.60","1.69","2.23","2.70","1.49","5.15","1.18","1.79","2.02"
"5535","16-02-20 15:00","England","Premier League","2019/2020","Aston Villa","Tottenham","4.18","3.84","1.88","1.03","13.50","1.21","4.60","1.69","2.23","2.70","1.49","5.15","1.18","1.63","2.28"
"5536","15-02-20 18:30","England","Premier League","2019/2020","Norwich","Liverpool","10.00","5.90","1.31","1.01","20.00","1.18","5.25","1.43","2.89","2.23","1.73","3.52","1.32","1.67","2.21"
"5537","15-02-20 13:30","England","Premier League","2019/2020","Southampton","Burnley","1.71","4.00","5.10","1.03","13.00","1.23","4.32","1.82","2.10","2.86","1.45","5.40","1.17","1.78","2.04"
"5538","14-02-20 21:00","England","Premier League","2019/2020","Wolves","Leicester","2.93","3.32","2.57","1.06","9.60","1.30","3.66","1.98","1.92","3.52","1.32","7.10","1.11","1.77","2.05"
"5539","09-02-20 15:00","England","Premier League","2019/2020","Sheffield Utd","Bournemouth","1.77","3.58","5.35","1.10","7.40","1.46","2.79","2.42","1.59","4.50","1.22","10.00","1.06","2.16","1.70"
"5540","08-02-20 18:30","England","Premier League","2019/2020","Brighton","Watford","2.29","3.46","3.26","1.05","11.50","1.26","4.02","1.86","2.05","3.20","1.37","6.05","1.14","1.69","2.17"
"5541","08-02-20 13:30","England","Premier League","2019/2020","Everton","Crystal Palace","1.63","3.86","6.35","1.07","9.40","1.38","3.16","2.23","1.73","3.92","1.27","8.00","1.09","2.00","1.81"
"5542","02-02-20 17:30","England","Premier League","2019/2020","Tottenham","Manchester City","5.90","4.60","1.55","1.02","17.00","1.18","5.25","1.56","2.50","2.36","1.62","4.24","1.24","1.61","2.31"
"5543","02-02-20 15:00","England","Premier League","2019/2020","Burnley","Arsenal","4.26","3.82","1.87","1.03","13.50","1.25","4.20","1.70","2.21","2.92","1.43","5.15","1.18","1.61","2.31"
"5544","01-02-20 18:30","England","Premier League","2019/2020","Manchester Utd","Wolves","2.08","3.48","3.80","1.07","9.40","1.38","3.16","2.23","1.73","3.92","1.27","8.00","1.09","1.93","1.87"
"5545","01-02-20 16:00","England","Premier League","2019/2020","Bournemouth","Aston Villa","2.20","3.46","3.46","1.06","10.50","1.30","3.62","2.00","1.90","3.44","1.33","7.10","1.11","1.78","2.04"
"5546","01-02-20 16:00","England","Premier League","2019/2020","Crystal Palace","Sheffield Utd","3.06","3.06","2.65","1.13","6.45","1.54","2.55","2.66","1.50","5.55","1.16","11.00","1.05","2.10","1.73"
"5547","01-02-20 16:00","England","Premier League","2019/2020","Liverpool","Southampton","1.31","5.90","9.80","1.01","18.00","1.22","4.50","1.56","2.50","2.47","1.57","4.14","1.25","1.90","1.90"
"5548","01-02-20 16:00","England","Premier League","2019/2020","Newcastle","Norwich","2.24","3.46","3.36","1.07","9.40","1.34","3.36","2.13","1.80","3.58","1.31","7.10","1.11","1.79","2.03"
"5549","01-02-20 16:00","England","Premier League","2019/2020","Watford","Everton","2.97","3.48","2.46","1.06","9.50","1.30","3.62","2.00","1.90","3.58","1.31","7.10","1.11","1.78","2.04"
"6540","01-02-20 16:00","England","Premier League","2019/2020","West Ham","Brighton","2.46","3.48","2.95","1.05","11.50","1.26","3.98","1.88","2.03","3.06","1.40","6.05","1.14","1.65","2.25"
"5550","01-02-20 13:30","England","Premier League","2019/2020","Leicester","Chelsea","2.56","3.58","2.77","1.05","11.50","1.25","4.20","1.81","2.11","2.92","1.43","5.55","1.16","1.64","2.26"
"6541","29-01-20 20:45","England","Premier League","2019/2020","West Ham","Liverpool","9.20","5.45","1.35","1.02","17.00","1.22","4.50","1.61","2.38","2.57","1.54","4.48","1.22","1.83","1.98"
"5551","23-01-20 21:00","England","Premier League","2019/2020","Wolves","Liverpool","5.90","4.10","1.61","1.05","11.00","1.29","3.74","1.99","1.91","3.42","1.34","6.50","1.13","1.79","2.02"
"5552","22-01-20 21:15","England","Premier League","2019/2020","Manchester Utd","Burnley","1.43","4.70","8.20","1.03","13.00","1.29","3.74","1.90","2.00","3.24","1.37","6.00","1.14","1.98","1.83"
"5553","22-01-20 20:30","England","Premier League","2019/2020","Tottenham","Norwich","1.36","5.35","9.10","1.02","17.00","1.22","4.50","1.61","2.38","2.57","1.54","4.48","1.22","1.83","1.98"
"6542","22-01-20 20:30","England","Premier League","2019/2020","Leicester","West Ham","1.48","4.86","6.65","1.03","15.00","1.19","5.00","1.61","2.38","2.47","1.57","4.48","1.22","1.74","2.10"
"5554","21-01-20 21:15","England","Premier League","2019/2020","Chelsea","Arsenal","1.71","4.00","5.05","1.05","11.00","1.26","4.00","1.90","2.00","3.06","1.40","6.00","1.14","1.71","2.14"
"5555","21-01-20 20:30","England","Premier League","2019/2020","Aston Villa","Watford","3.16","3.46","2.35","1.05","11.00","1.29","3.74","1.99","1.91","3.24","1.37","6.50","1.13","1.62","2.30"
"5556","21-01-20 20:30","England","Premier League","2019/2020","Bournemouth","Brighton","2.82","3.38","2.62","1.06","10.00","1.37","3.20","2.24","1.73","4.14","1.25","8.40","1.09","1.83","1.98"
"5557","21-01-20 20:30","England","Premier League","2019/2020","Crystal Palace","Southampton","2.54","3.24","3.04","1.11","7.00","1.48","2.75","2.47","1.57","4.80","1.20","9.90","1.06","1.94","1.87"
"5558","21-01-20 20:30","England","Premier League","2019/2020","Everton","Newcastle","1.54","4.30","6.65","1.06","10.00","1.32","3.50","2.13","1.80","3.66","1.30","7.00","1.11","2.15","1.70"
"5559","21-01-20 20:30","England","Premier League","2019/2020","Sheffield Utd","Manchester City","9.10","5.15","1.37","1.03","13.00","1.26","4.00","1.82","2.10","3.06","1.40","5.40","1.17","1.85","1.95"
"5560","19-01-20 17:30","England","Premier League","2019/2020","Liverpool","Manchester Utd","1.42","4.88","8.20","1.03","15.00","1.23","4.32","1.82","2.10","2.86","1.45","5.40","1.17","1.88","1.92"
"5561","19-01-20 15:00","England","Premier League","2019/2020","Burnley","Leicester","4.68","3.68","1.83","1.05","11.00","1.29","3.74","1.99","1.91","3.42","1.34","6.50","1.13","1.71","2.13"
"5562","18-01-20 18:30","England","Premier League","2019/2020","Newcastle","Chelsea","5.95","4.60","1.55","1.03","13.00","1.26","4.00","1.90","2.00","3.06","1.40","6.00","1.14","1.71","2.13"
"5563","18-01-20 16:00","England","Premier League","2019/2020","Arsenal","Sheffield Utd","1.94","3.48","4.40","1.08","9.00","1.37","3.20","2.24","1.73","3.78","1.29","7.50","1.10","1.77","2.04"
"5564","18-01-20 16:00","England","Premier League","2019/2020","Brighton","Aston Villa","1.69","4.30","4.86","1.03","15.00","1.22","4.50","1.70","2.20","2.66","1.50","4.80","1.20","1.70","2.15"
"5565","18-01-20 16:00","England","Premier League","2019/2020","Manchester City","Crystal Palace","1.09","11.00","26.00","1.01","17.00","1.09","8.00","1.32","3.50","1.90","2.00","2.86","1.45","2.42","1.56"
"5566","18-01-20 16:00","England","Premier League","2019/2020","Norwich","Bournemouth","2.30","3.56","3.17","1.05","11.00","1.26","4.00","1.90","2.00","3.06","1.40","6.00","1.14","1.70","2.15"
"5567","18-01-20 16:00","England","Premier League","2019/2020","Southampton","Wolves","2.66","3.17","2.94","1.11","7.00","1.48","2.75","2.37","1.62","4.48","1.22","9.20","1.07","1.85","1.95"
"6543","18-01-20 16:00","England","Premier League","2019/2020","West Ham","Everton","2.97","3.48","2.46","1.05","11.00","1.29","3.74","1.99","1.91","3.42","1.34","6.50","1.13","1.74","2.10"
"5568","18-01-20 13:30","England","Premier League","2019/2020","Watford","Tottenham","3.20","3.84","2.18","1.05","11.00","1.29","3.74","1.99","1.91","3.24","1.37","6.50","1.13","1.67","2.21"
"5569","12-01-20 17:30","England","Premier League","2019/2020","Aston Villa","Manchester City","15.00","11.00","1.14","1.01","17.00","1.11","7.00","1.29","3.74","1.90","2.00","2.66","1.50","1.98","1.83"
"5570","12-01-20 15:00","England","Premier League","2019/2020","Bournemouth","Watford","2.56","3.58","2.77","1.06","10.00","1.34","3.40","2.13","1.80","3.66","1.30","7.00","1.11","1.71","2.13"
"5571","11-01-20 18:30","England","Premier League","2019/2020","Tottenham","Liverpool","5.20","4.18","1.67","1.03","15.00","1.22","4.50","1.70","2.20","2.66","1.50","4.80","1.20","1.70","2.15"
"5572","11-01-20 16:00","England","Premier League","2019/2020","Chelsea","Burnley","1.32","5.70","10.00","1.03","15.00","1.26","4.00","1.70","2.20","2.86","1.45","5.40","1.17","2.10","1.74"
"5573","11-01-20 16:00","England","Premier League","2019/2020","Everton","Brighton","1.94","3.96","3.80","1.03","13.00","1.29","3.74","1.90","2.00","3.24","1.37","6.50","1.13","1.78","2.04"
"5574","11-01-20 16:00","England","Premier League","2019/2020","Leicester","Southampton","1.71","3.86","5.30","1.03","13.00","1.23","4.32","1.82","2.10","2.86","1.45","5.40","1.17","1.70","2.15"
"5575","11-01-20 16:00","England","Premier League","2019/2020","Manchester Utd","Norwich","1.35","5.65","8.70","1.03","15.00","1.22","4.50","1.65","2.30","2.57","1.54","4.80","1.20","1.98","1.83"
"5576","11-01-20 16:00","England","Premier League","2019/2020","Wolves","Newcastle","1.48","4.44","7.60","1.05","11.00","1.29","3.74","1.99","1.91","3.42","1.34","6.50","1.13","2.04","1.78"
"5577","11-01-20 13:30","England","Premier League","2019/2020","Crystal Palace","Arsenal","4.78","4.00","1.75","1.05","11.00","1.29","3.74","1.99","1.91","3.24","1.37","6.50","1.13","1.75","2.08"
"6544","10-01-20 21:00","England","Premier League","2019/2020","Sheffield Utd","West Ham","1.91","3.48","4.52","1.08","9.00","1.37","3.20","2.24","1.73","4.14","1.25","8.40","1.09","1.88","1.92"
"5578","02-01-20 21:00","England","Premier League","2019/2020","Liverpool","Sheffield Utd","1.26","6.05","13.00","1.03","13.00","1.26","4.00","1.82","2.10","2.86","1.45","5.40","1.17","2.10","1.73"
"5579","01-01-20 21:00","England","Premier League","2019/2020","Arsenal","Manchester Utd","2.86","3.78","2.39","1.03","15.00","1.22","4.50","1.65","2.30","2.66","1.50","4.80","1.20","1.48","2.66"
"5580","01-01-20 18:30","England","Premier League","2019/2020","Manchester City","Everton","1.31","6.10","9.60","1.01","21.00","1.16","5.50","1.48","2.75","2.24","1.73","3.66","1.30","1.78","2.04"
"5581","01-01-20 18:30","England","Premier League","2019/2020","Norwich","Crystal Palace","2.58","3.46","2.81","1.08","9.00","1.37","3.20","2.24","1.73","3.78","1.29","7.50","1.10","1.83","1.98"
"6545","01-01-20 18:30","England","Premier League","2019/2020","West Ham","Bournemouth","1.83","3.78","4.54","1.05","11.00","1.29","3.74","1.99","1.91","3.24","1.37","6.50","1.13","1.78","2.04"
"5582","01-01-20 16:00","England","Premier League","2019/2020","Newcastle","Leicester","4.74","3.90","1.77","1.05","11.00","1.29","3.74","1.99","1.91","3.24","1.37","6.50","1.13","1.78","2.04"
"5583","01-01-20 16:00","England","Premier League","2019/2020","Southampton","Tottenham","3.94","3.98","1.90","1.03","15.00","1.22","4.50","1.70","2.20","2.66","1.50","4.80","1.20","1.61","2.31"
"5584","01-01-20 16:00","England","Premier League","2019/2020","Watford","Wolves","3.58","3.36","2.20","1.08","9.00","1.37","3.20","2.35","1.66","4.14","1.25","9.20","1.07","1.98","1.83"
"5585","01-01-20 13:30","England","Premier League","2019/2020","Brighton","Chelsea","3.86","4.08","1.90","1.03","15.00","1.23","4.32","1.82","2.10","2.86","1.45","5.40","1.17","1.70","2.15"
"5586","01-01-20 13:30","England","Premier League","2019/2020","Burnley","Aston Villa","1.95","3.50","4.26","1.08","9.00","1.34","3.40","2.24","1.73","3.78","1.29","7.50","1.10","1.90","1.90"
"5587","29-12-19 19:00","England","Premier League","2019/2020","Manchester City","Sheffield Utd","1.22","7.60","12.00","1.02","27.00","1.13","6.30","1.34","3.36","2.03","1.88","3.10","1.39","1.79","2.03"
"5588","29-12-19 17:30","England","Premier League","2019/2020","Liverpool","Wolves","1.27","6.65","10.00","1.02","18.00","1.17","5.30","1.46","2.79","2.22","1.69","3.92","1.27","1.92","1.88"
"5589","29-12-19 15:00","England","Premier League","2019/2020","Arsenal","Chelsea","2.87","3.88","2.35","1.02","16.00","1.21","4.66","1.62","2.37","2.50","1.56","4.50","1.22","1.53","2.51"
"5590","28-12-19 20:45","England","Premier League","2019/2020","Burnley","Manchester Utd","4.46","3.78","1.84","1.05","11.50","1.26","4.02","1.86","2.05","3.20","1.37","6.05","1.14","1.70","2.15"
"5591","28-12-19 18:30","England","Premier League","2019/2020","Norwich","Tottenham","5.35","4.70","1.58","1.01","20.00","1.17","5.35","1.49","2.69","2.29","1.70","3.84","1.28","1.53","2.51"
"6546","28-12-19 18:30","England","Premier League","2019/2020","West Ham","Leicester","2.66","3.66","2.62","1.03","14.00","1.21","4.66","1.67","2.26","2.66","1.50","4.96","1.19","1.56","2.43"
"5592","28-12-19 16:00","England","Premier League","2019/2020","Newcastle","Everton","3.46","3.36","2.24","1.06","9.60","1.33","3.44","2.09","1.83","3.52","1.32","8.00","1.09","1.70","2.15"
"5593","28-12-19 16:00","England","Premier League","2019/2020","Southampton","Crystal Palace","1.95","3.66","4.08","1.06","9.60","1.33","3.44","2.09","1.83","3.84","1.28","8.00","1.09","1.84","1.97"
"5594","28-12-19 16:00","England","Premier League","2019/2020","Watford","Aston Villa","1.80","4.10","4.32","1.02","16.00","1.20","4.84","1.57","2.47","2.40","1.60","4.50","1.22","1.56","2.43"
"5595","28-12-19 13:30","England","Premier League","2019/2020","Brighton","Bournemouth","1.87","3.90","4.18","1.05","11.50","1.25","4.20","1.81","2.11","3.10","1.39","5.55","1.16","1.74","2.09"
"5596","27-12-19 20:45","England","Premier League","2019/2020","Wolves","Manchester City","7.30","5.60","1.40","1.01","20.00","1.17","5.35","1.46","2.82","2.21","1.70","3.84","1.28","1.67","2.21"
"5597","26-12-19 21:00","England","Premier League","2019/2020","Leicester","Liverpool","3.84","4.10","1.90","1.01","19.00","1.19","5.00","1.56","2.50","2.37","1.62","4.14","1.25","1.52","2.53"
"5598","26-12-19 18:30","England","Premier League","2019/2020","Manchester Utd","Newcastle","1.38","5.60","7.90","1.02","16.00","1.21","4.66","1.62","2.37","2.66","1.50","4.50","1.22","1.96","1.84"
"5599","26-12-19 16:00","England","Premier League","2019/2020","Aston Villa","Norwich","2.25","3.84","3.07","1.01","19.00","1.19","5.00","1.56","2.50","2.37","1.62","4.14","1.25","1.47","2.68"
"5600","26-12-19 16:00","England","Premier League","2019/2020","Bournemouth","Arsenal","4.32","4.10","1.80","1.02","15.00","1.22","4.58","1.72","2.18","2.73","1.48","4.96","1.19","1.67","2.21"
"5601","26-12-19 16:00","England","Premier League","2019/2020","Chelsea","Southampton","1.38","5.05","9.30","1.02","17.00","1.18","5.25","1.56","2.50","2.36","1.62","4.24","1.24","1.74","2.09"
"5602","26-12-19 16:00","England","Premier League","2019/2020","Everton","Burnley","1.74","3.68","5.35","1.06","10.00","1.34","3.40","2.13","1.80","3.78","1.29","7.50","1.10","1.98","1.83"
"5603","26-12-19 16:00","England","Premier League","2019/2020","Sheffield Utd","Watford","1.85","3.58","4.72","1.09","8.00","1.37","3.20","2.24","1.73","4.14","1.25","8.40","1.09","1.98","1.83"
"6547","26-12-19 16:00","England","Premier League","2019/2020","Crystal Palace","West Ham","2.25","3.48","3.32","1.06","10.00","1.34","3.40","2.13","1.80","3.66","1.30","7.00","1.11","1.83","1.98"
"5604","26-12-19 13:30","England","Premier League","2019/2020","Tottenham","Brighton","1.52","4.60","6.30","1.02","15.00","1.21","4.74","1.63","2.32","2.55","1.54","4.50","1.22","1.74","2.09"
"5605","22-12-19 17:30","England","Premier League","2019/2020","Tottenham","Chelsea","2.19","3.68","3.30","1.02","16.00","1.21","4.66","1.62","2.37","2.66","1.50","4.96","1.19","1.57","2.40"
"5606","22-12-19 15:00","England","Premier League","2019/2020","Watford","Manchester Utd","4.84","3.88","1.76","1.05","11.50","1.25","4.20","1.81","2.11","2.92","1.43","5.55","1.16","1.74","2.09"
"5607","21-12-19 18:30","England","Premier League","2019/2020","Manchester City","Leicester","1.39","5.85","7.10","1.02","27.00","1.12","6.80","1.34","3.36","1.90","2.01","2.92","1.43","1.54","2.49"
"5608","21-12-19 16:00","England","Premier League","2019/2020","Aston Villa","Southampton","2.51","3.84","2.69","1.02","17.00","1.18","5.25","1.59","2.42","2.45","1.58","4.24","1.24","1.50","2.59"
"5609","21-12-19 16:00","England","Premier League","2019/2020","Bournemouth","Burnley","2.44","3.38","3.08","1.07","9.40","1.31","3.58","2.03","1.88","3.52","1.32","7.10","1.11","1.79","2.03"
"5610","21-12-19 16:00","England","Premier League","2019/2020","Brighton","Sheffield Utd","2.15","3.48","3.58","1.07","9.40","1.31","3.58","2.03","1.88","3.52","1.32","6.70","1.12","1.79","2.03"
"5611","21-12-19 16:00","England","Premier League","2019/2020","Newcastle","Crystal Palace","2.45","3.16","3.26","1.10","7.30","1.43","2.89","2.36","1.62","4.50","1.22","9.30","1.07","1.98","1.82"
"5612","21-12-19 16:00","England","Premier League","2019/2020","Norwich","Wolves","3.98","3.98","1.89","1.05","11.50","1.25","4.20","1.81","2.11","3.10","1.39","5.55","1.16","1.74","2.09"
"5613","21-12-19 13:30","England","Premier League","2019/2020","Everton","Arsenal","2.22","3.90","3.09","1.01","20.00","1.17","5.35","1.49","2.69","2.29","1.70","3.84","1.28","1.42","2.88"
"5614","16-12-19 20:45","England","Premier League","2019/2020","Crystal Palace","Brighton","2.78","3.28","2.73","1.07","9.40","1.31","3.58","2.13","1.80","3.58","1.31","7.10","1.11","1.79","2.03"
"5615","15-12-19 17:30","England","Premier League","2019/2020","Arsenal","Manchester City","6.60","6.10","1.39","1.01","17.00","1.09","8.40","1.27","3.94","1.70","2.21","2.55","1.54","1.41","2.91"
"5616","15-12-19 15:00","England","Premier League","2019/2020","Manchester Utd","Everton","1.65","4.08","5.60","1.03","13.50","1.22","4.56","1.70","2.21","2.73","1.48","5.10","1.18","1.74","2.09"
"5617","15-12-19 15:00","England","Premier League","2019/2020","Wolves","Tottenham","2.92","3.64","2.41","1.03","13.50","1.25","4.20","1.81","2.11","2.92","1.43","5.55","1.16","1.62","2.30"
"6548","14-12-19 18:30","England","Premier League","2019/2020","Southampton","West Ham","1.80","4.10","4.32","1.02","17.00","1.18","5.25","1.56","2.50","2.36","1.62","4.24","1.24","1.58","2.38"
"5618","14-12-19 16:00","England","Premier League","2019/2020","Burnley","Newcastle","2.00","3.58","3.98","1.09","8.40","1.38","3.16","2.34","1.67","4.24","1.24","8.60","1.08","2.04","1.78"
"5619","14-12-19 16:00","England","Premier League","2019/2020","Chelsea","Bournemouth","1.24","6.75","12.50","1.02","20.00","1.15","5.75","1.43","2.89","2.13","1.80","3.52","1.32","1.93","1.87"
"5620","14-12-19 16:00","England","Premier League","2019/2020","Leicester","Norwich","1.24","6.75","12.50","1.02","22.00","1.12","6.80","1.34","3.36","1.90","2.01","3.10","1.39","1.74","2.09"
"5621","14-12-19 16:00","England","Premier League","2019/2020","Sheffield Utd","Aston Villa","1.79","3.98","4.50","1.03","13.50","1.22","4.56","1.70","2.21","2.73","1.48","5.10","1.18","1.67","2.20"
"5622","14-12-19 13:30","England","Premier League","2019/2020","Liverpool","Watford","1.18","8.00","16.00","1.01","27.00","1.10","7.50","1.29","3.76","1.74","2.15","2.66","1.50","1.79","2.02"
"6549","09-12-19 21:00","England","Premier League","2019/2020","West Ham","Arsenal","4.08","4.08","1.85","","","1.11","6.95","1.37","3.22","1.86","2.05","3.01","1.41","1.35","3.22"
"5623","08-12-19 17:30","England","Premier League","2019/2020","Brighton","Wolves","2.48","3.24","3.13","1.06","9.60","1.33","3.44","2.09","1.83","3.84","1.28","8.00","1.09","1.77","2.05"
"5624","08-12-19 15:00","England","Premier League","2019/2020","Aston Villa","Leicester","5.40","4.30","1.63","1.02","18.00","1.17","5.35","1.54","2.55","2.30","1.65","4.12","1.25","1.50","2.60"
"5625","08-12-19 15:00","England","Premier League","2019/2020","Newcastle","Southampton","2.60","3.36","2.86","1.06","10.50","1.30","3.68","2.03","1.88","3.26","1.36","6.70","1.12","1.67","2.21"
"5626","08-12-19 15:00","England","Premier League","2019/2020","Norwich","Sheffield Utd","3.17","3.56","2.30","1.05","11.50","1.27","3.94","1.90","2.01","3.10","1.39","6.05","1.14","1.63","2.28"
"5627","07-12-19 18:30","England","Premier League","2019/2020","Manchester City","Manchester Utd","1.35","5.85","8.40","1.01","20.00","1.17","5.35","1.46","2.82","2.18","1.76","3.52","1.32","1.70","2.15"
"5628","07-12-19 16:00","England","Premier League","2019/2020","Bournemouth","Liverpool","6.80","4.60","1.50","1.02","18.00","1.20","4.84","1.57","2.47","2.40","1.60","4.12","1.25","1.67","2.21"
"5629","07-12-19 16:00","England","Premier League","2019/2020","Tottenham","Burnley","1.41","4.88","8.50","1.02","16.00","1.20","4.84","1.57","2.47","2.50","1.56","4.50","1.22","1.73","2.10"
"5630","07-12-19 16:00","England","Premier League","2019/2020","Watford","Crystal Palace","2.61","3.48","2.77","1.06","9.60","1.30","3.66","2.09","1.83","3.52","1.32","7.10","1.11","1.70","2.15"
"5631","07-12-19 13:30","England","Premier League","2019/2020","Everton","Chelsea","3.48","3.88","2.06","1.02","15.00","1.21","4.74","1.59","2.42","2.55","1.54","4.50","1.22","1.54","2.49"
"5632","05-12-19 21:15","England","Premier League","2019/2020","Arsenal","Brighton","1.61","4.40","5.45","1.01","20.00","1.15","5.75","1.47","2.76","2.23","1.73","3.92","1.27","1.54","2.49"
"5633","05-12-19 20:30","England","Premier League","2019/2020","Sheffield Utd","Newcastle","1.77","3.46","5.65","1.08","8.60","1.33","3.44","2.18","1.76","3.84","1.28","8.00","1.09","1.96","1.84"
"5634","04-12-19 21:15","England","Premier League","2019/2020","Liverpool","Everton","1.62","4.10","5.90","1.03","13.00","1.23","4.32","1.82","2.10","2.86","1.45","5.40","1.17","1.78","2.04"
"5635","04-12-19 20:30","England","Premier League","2019/2020","Chelsea","Aston Villa","1.37","5.40","8.70","","","1.12","6.80","1.34","3.36","1.90","2.01","3.10","1.39","1.62","2.30"
"5636","04-12-19 20:30","England","Premier League","2019/2020","Leicester","Watford","1.37","5.40","8.70","1.02","17.00","1.18","5.25","1.51","2.63","2.26","1.67","3.92","1.27","1.79","2.03"
"5637","04-12-19 20:30","England","Premier League","2019/2020","Manchester Utd","Tottenham","2.55","3.46","2.86","1.05","11.50","1.25","4.20","1.81","2.11","2.92","1.43","5.55","1.16","1.67","2.20"
"5638","04-12-19 20:30","England","Premier League","2019/2020","Southampton","Norwich","1.79","3.90","4.60","1.02","15.00","1.21","4.74","1.63","2.32","2.55","1.54","4.50","1.22","1.67","2.20"
"6550","04-12-19 20:30","England","Premier League","2019/2020","Wolves","West Ham","1.70","3.88","5.35","1.05","11.50","1.25","4.20","1.81","2.11","2.92","1.43","5.55","1.16","1.79","2.03"
"5639","03-12-19 21:15","England","Premier League","2019/2020","Burnley","Manchester City","13.00","6.60","1.24","1.01","20.00","1.13","6.45","1.37","3.22","1.98","1.92","3.20","1.37","1.76","2.07"
"5640","03-12-19 20:30","England","Premier League","2019/2020","Crystal Palace","Bournemouth","2.17","3.56","3.44","1.05","11.50","1.26","4.02","1.86","2.05","3.20","1.37","6.05","1.14","1.63","2.28"
"5641","01-12-19 17:30","England","Premier League","2019/2020","Leicester","Everton","1.56","4.26","6.50","1.03","13.50","1.24","4.30","1.78","2.15","2.84","1.45","5.55","1.16","1.77","2.05"
"5642","01-12-19 17:30","England","Premier League","2019/2020","Manchester Utd","Aston Villa","1.43","4.82","7.90","1.02","17.00","1.19","5.00","1.56","2.50","2.37","1.62","4.12","1.25","1.70","2.15"
"5643","01-12-19 15:00","England","Premier League","2019/2020","Norwich","Arsenal","4.30","4.44","1.74","","","1.13","6.30","1.38","3.16","2.03","1.88","3.26","1.36","1.45","2.75"
"5644","01-12-19 15:00","England","Premier League","2019/2020","Wolves","Sheffield Utd","2.25","3.07","3.84","1.10","7.30","1.43","2.89","2.36","1.62","4.50","1.22","9.30","1.07","1.98","1.82"
"5645","30-11-19 18:30","England","Premier League","2019/2020","Southampton","Watford","2.09","3.66","3.56","1.05","11.00","1.29","3.74","1.99","1.91","3.24","1.37","6.50","1.13","1.74","2.10"
"5646","30-11-19 16:00","England","Premier League","2019/2020","Burnley","Crystal Palace","1.98","3.48","4.18","1.07","9.40","1.34","3.36","2.13","1.80","3.58","1.31","7.10","1.11","1.85","1.95"
"5647","30-11-19 16:00","England","Premier League","2019/2020","Liverpool","Brighton","1.20","7.10","17.00","1.01","22.00","1.15","5.75","1.38","3.16","2.03","1.88","3.26","1.36","1.93","1.87"
"5648","30-11-19 16:00","England","Premier League","2019/2020","Tottenham","Bournemouth","1.35","5.60","8.80","1.02","17.00","1.18","5.25","1.47","2.76","2.26","1.67","3.92","1.27","1.79","2.03"
"6551","30-11-19 16:00","England","Premier League","2019/2020","Chelsea","West Ham","1.27","6.65","10.00","1.02","15.00","1.13","6.50","1.34","3.40","1.99","1.91","3.06","1.40","1.65","2.24"
"5649","30-11-19 13:30","England","Premier League","2019/2020","Newcastle","Manchester City","12.50","8.50","1.20","","","1.13","6.45","1.37","3.22","1.98","1.92","3.20","1.37","1.91","1.89"
"5650","25-11-19 21:00","England","Premier League","2019/2020","Aston Villa","Newcastle","2.20","3.46","3.46","1.03","13.50","1.22","4.56","1.70","2.21","2.73","1.48","5.10","1.18","1.54","2.48"
"5651","24-11-19 17:30","England","Premier League","2019/2020","Sheffield Utd","Manchester Utd","4.28","3.46","1.97","1.08","8.60","1.37","3.22","2.29","1.70","4.12","1.25","8.60","1.08","1.96","1.84"
"5652","23-11-19 18:30","England","Premier League","2019/2020","Manchester City","Chelsea","1.38","5.65","7.50","","","1.12","6.80","1.34","3.36","1.90","2.01","3.10","1.39","1.54","2.49"
"5653","23-11-19 16:00","England","Premier League","2019/2020","Arsenal","Southampton","1.46","4.84","7.10","1.01","19.00","1.16","5.50","1.48","2.75","2.24","1.73","3.78","1.29","1.65","2.24"
"5654","23-11-19 16:00","England","Premier League","2019/2020","Bournemouth","Wolves","2.94","3.32","2.56","1.09","8.40","1.38","3.16","2.34","1.67","4.24","1.24","8.60","1.08","1.93","1.87"
"5655","23-11-19 16:00","England","Premier League","2019/2020","Brighton","Leicester","4.14","3.68","1.93","1.05","11.50","1.27","3.94","1.90","2.01","3.10","1.39","6.05","1.14","1.74","2.09"
"5656","23-11-19 16:00","England","Premier League","2019/2020","Crystal Palace","Liverpool","6.60","4.46","1.52","1.03","13.00","1.23","4.32","1.82","2.10","2.86","1.45","5.40","1.17","1.83","1.98"
"5657","23-11-19 16:00","England","Premier League","2019/2020","Everton","Norwich","1.37","5.40","8.70","1.01","19.00","1.19","5.00","1.51","2.63","2.37","1.62","4.12","1.25","1.78","2.04"
"5658","23-11-19 16:00","England","Premier League","2019/2020","Watford","Burnley","2.25","3.32","3.48","1.09","8.00","1.37","3.20","2.24","1.73","4.12","1.25","8.40","1.08","1.90","1.90"
"6552","23-11-19 13:30","England","Premier League","2019/2020","West Ham","Tottenham","4.60","4.42","1.70","1.02","17.00","1.18","5.25","1.56","2.50","2.36","1.62","4.24","1.24","1.58","2.38"
"5659","10-11-19 17:30","England","Premier League","2019/2020","Liverpool","Manchester City","2.47","3.66","2.83","1.01","19.00","1.15","5.60","1.50","2.67","2.20","1.75","3.74","1.29","1.34","3.26"
"5660","10-11-19 15:00","England","Premier League","2019/2020","Manchester Utd","Brighton","1.64","3.88","6.10","1.05","10.50","1.29","3.80","1.96","1.94","3.15","1.38","6.35","1.13","1.84","1.97"
"5661","10-11-19 15:00","England","Premier League","2019/2020","Wolves","Aston Villa","1.70","3.88","5.35","1.05","11.50","1.26","4.02","1.86","2.05","3.01","1.41","6.05","1.14","1.76","2.07"
"5662","09-11-19 18:30","England","Premier League","2019/2020","Leicester","Arsenal","1.90","4.10","3.84","1.01","20.00","1.14","5.95","1.45","2.85","2.17","1.77","3.52","1.32","1.41","2.91"
"5663","09-11-19 16:00","England","Premier League","2019/2020","Newcastle","Bournemouth","2.44","3.32","3.12","1.06","9.70","1.33","3.48","2.06","1.85","3.84","1.28","8.00","1.09","1.76","2.06"
"5664","09-11-19 16:00","England","Premier League","2019/2020","Southampton","Everton","3.44","3.56","2.17","1.06","10.50","1.30","3.66","1.98","1.92","3.52","1.32","7.10","1.11","1.71","2.13"
"5665","09-11-19 16:00","England","Premier League","2019/2020","Tottenham","Sheffield Utd","1.50","4.40","7.30","1.03","13.50","1.21","4.66","1.67","2.26","2.66","1.50","4.96","1.19","1.71","2.13"
"6553","09-11-19 16:00","England","Premier League","2019/2020","Burnley","West Ham","2.15","3.68","3.38","1.02","15.00","1.20","4.78","1.63","2.34","2.52","1.55","4.50","1.22","1.54","2.48"
"5666","09-11-19 13:30","England","Premier League","2019/2020","Chelsea","Crystal Palace","1.44","4.88","7.70","1.02","16.00","1.20","4.84","1.57","2.47","2.40","1.60","4.12","1.25","1.73","2.11"
"5667","08-11-19 21:00","England","Premier League","2019/2020","Norwich","Watford","2.87","3.68","2.43","1.02","16.00","1.21","4.66","1.62","2.37","2.50","1.56","4.96","1.19","1.57","2.40"
"5668","03-11-19 17:30","England","Premier League","2019/2020","Everton","Tottenham","2.54","3.66","2.75","1.02","16.00","1.20","4.84","1.57","2.47","2.40","1.60","4.50","1.22","1.49","2.63"
"5669","03-11-19 15:00","England","Premier League","2019/2020","Crystal Palace","Leicester","3.70","3.48","2.11","1.05","11.50","1.29","3.76","1.86","2.05","3.20","1.37","6.70","1.12","1.77","2.05"
"5670","02-11-19 18:30","England","Premier League","2019/2020","Watford","Chelsea","5.05","4.40","1.64","1.02","16.00","1.20","4.84","1.57","2.47","2.50","1.56","4.50","1.22","1.66","2.23"
"5671","02-11-19 16:00","England","Premier League","2019/2020","Arsenal","Wolves","1.77","4.00","4.62","1.03","13.50","1.20","4.84","1.62","2.37","2.50","1.56","4.50","1.22","1.60","2.33"
"5672","02-11-19 16:00","England","Premier League","2019/2020","Aston Villa","Liverpool","9.40","5.75","1.33","","","1.13","6.45","1.37","3.22","1.98","1.92","3.20","1.37","1.69","2.17"
"5673","02-11-19 16:00","England","Premier League","2019/2020","Brighton","Norwich","1.59","4.44","5.60","1.02","18.00","1.17","5.35","1.54","2.55","2.30","1.65","4.12","1.25","1.60","2.33"
"5674","02-11-19 16:00","England","Premier League","2019/2020","Manchester City","Southampton","1.08","15.00","26.00","1.01","26.00","1.06","10.50","1.20","4.84","1.49","2.69","2.18","1.76","2.02","1.79"
"5675","02-11-19 16:00","England","Premier League","2019/2020","Sheffield Utd","Burnley","2.31","3.34","3.34","1.10","7.50","1.42","2.96","2.30","1.65","4.50","1.22","9.30","1.07","1.96","1.84"
"6554","02-11-19 16:00","England","Premier League","2019/2020","West Ham","Newcastle","1.79","3.90","4.60","1.03","13.50","1.25","4.20","1.81","2.11","2.92","1.43","5.55","1.16","1.74","2.09"
"5676","02-11-19 13:30","England","Premier League","2019/2020","Bournemouth","Manchester Utd","3.96","3.66","1.98","1.05","11.50","1.29","3.80","1.84","2.08","3.15","1.38","6.35","1.13","1.68","2.19"
"5677","27-10-19 17:30","England","Premier League","2019/2020","Arsenal","Crystal Palace","1.51","4.88","6.10","1.02","18.00","1.17","5.35","1.49","2.69","2.21","1.70","3.84","1.28","1.66","2.23"
"5678","27-10-19 17:30","England","Premier League","2019/2020","Liverpool","Tottenham","1.45","4.84","7.30","","","1.13","6.45","1.37","3.22","1.98","1.92","3.20","1.37","1.53","2.51"
"5679","27-10-19 17:30","England","Premier League","2019/2020","Norwich","Manchester Utd","5.05","3.90","1.73","1.05","11.50","1.26","4.02","1.86","2.05","3.20","1.37","6.70","1.12","1.77","2.05"
"5680","27-10-19 15:00","England","Premier League","2019/2020","Newcastle","Wolves","3.46","3.06","2.40","1.11","6.95","1.46","2.82","2.40","1.60","4.50","1.22","10.00","1.06","1.94","1.86"
"5681","26-10-19 18:30","England","Premier League","2019/2020","Burnley","Chelsea","5.70","4.20","1.62","1.04","12.00","1.23","4.40","1.70","2.20","2.81","1.46","5.55","1.16","1.76","2.07"
"5682","26-10-19 16:00","England","Premier League","2019/2020","Brighton","Everton","2.67","3.34","2.79","1.06","10.50","1.29","3.76","1.98","1.92","3.20","1.37","6.70","1.12","1.67","2.21"
"5683","26-10-19 16:00","England","Premier League","2019/2020","Watford","Bournemouth","2.20","3.68","3.28","1.03","13.00","1.23","4.32","1.82","2.10","2.86","1.45","5.40","1.17","1.61","2.31"
"6555","26-10-19 16:00","England","Premier League","2019/2020","West Ham","Sheffield Utd","2.25","3.48","3.32","1.05","11.50","1.26","4.02","1.86","2.05","3.01","1.41","6.05","1.14","1.60","2.33"
"5684","26-10-19 13:30","England","Premier League","2019/2020","Manchester City","Aston Villa","1.09","13.50","24.00","","","1.05","11.00","1.18","5.20","1.45","2.86","2.04","1.87","1.77","2.04"
"5685","25-10-19 21:00","England","Premier League","2019/2020","Southampton","Leicester","3.16","3.46","2.35","1.06","10.50","1.30","3.66","1.98","1.92","3.44","1.33","7.10","1.11","1.67","2.21"
"5686","21-10-19 21:00","England","Premier League","2019/2020","Sheffield Utd","Arsenal","3.96","3.68","1.97","1.05","11.50","1.26","4.02","1.86","2.05","3.20","1.37","6.05","1.14","1.73","2.11"
"5687","20-10-19 17:30","England","Premier League","2019/2020","Manchester Utd","Liverpool","4.20","3.68","1.92","1.05","10.50","1.30","3.70","1.96","1.94","3.38","1.34","6.35","1.13","1.70","2.15"
"5688","19-10-19 18:30","England","Premier League","2019/2020","Crystal Palace","Manchester City","11.00","7.20","1.24","","","1.13","6.45","1.37","3.22","1.98","1.92","3.20","1.37","1.81","2.00"
"5689","19-10-19 16:00","England","Premier League","2019/2020","Aston Villa","Brighton","2.22","3.58","3.32","1.03","14.00","1.23","4.34","1.72","2.17","2.84","1.45","5.55","1.16","1.57","2.41"
"5690","19-10-19 16:00","England","Premier League","2019/2020","Bournemouth","Norwich","1.72","4.30","4.62","","","1.13","6.45","1.37","3.22","1.98","1.92","3.20","1.37","1.43","2.84"
"5691","19-10-19 16:00","England","Premier League","2019/2020","Chelsea","Newcastle","1.27","6.25","11.00","1.02","18.00","1.17","5.35","1.49","2.69","2.21","1.70","3.84","1.28","1.91","1.89"
"5692","19-10-19 16:00","England","Premier League","2019/2020","Leicester","Burnley","1.50","4.46","7.20","1.03","13.00","1.23","4.32","1.82","2.10","2.86","1.45","5.40","1.17","1.83","1.98"
"5693","19-10-19 16:00","England","Premier League","2019/2020","Tottenham","Watford","1.48","4.60","7.10","1.02","15.00","1.21","4.74","1.59","2.42","2.45","1.58","4.24","1.24","1.71","2.14"
"5694","19-10-19 16:00","England","Premier League","2019/2020","Wolves","Southampton","2.00","3.48","4.10","1.09","8.00","1.41","3.00","2.37","1.62","4.46","1.22","9.20","1.07","2.04","1.78"
"6556","19-10-19 13:30","England","Premier League","2019/2020","Everton","West Ham","1.80","4.10","4.32","1.02","16.00","1.20","4.84","1.57","2.47","2.40","1.60","4.50","1.22","1.57","2.40"
"5695","06-10-19 17:30","England","Premier League","2019/2020","Newcastle","Manchester Utd","4.18","3.32","2.03","1.09","8.40","1.34","3.36","2.13","1.80","3.92","1.27","8.00","1.09","1.85","1.95"
"5696","06-10-19 15:00","England","Premier League","2019/2020","Arsenal","Bournemouth","1.37","5.60","7.90","1.01","17.00","1.08","8.60","1.26","4.02","1.67","2.26","2.50","1.56","1.45","2.77"
"5697","06-10-19 15:00","England","Premier League","2019/2020","Manchester City","Wolves","1.13","9.30","24.00","","","1.13","6.45","1.33","3.44","1.98","1.92","3.01","1.41","2.02","1.79"
"5698","06-10-19 15:00","England","Premier League","2019/2020","Southampton","Chelsea","5.20","4.30","1.65","1.01","18.00","1.17","5.45","1.52","2.61","2.26","1.67","4.12","1.25","1.56","2.42"
"6557","05-10-19 18:30","England","Premier League","2019/2020","West Ham","Crystal Palace","1.99","3.68","3.88","1.03","13.50","1.21","4.66","1.67","2.26","2.66","1.50","4.96","1.19","1.60","2.33"
"5699","05-10-19 16:00","England","Premier League","2019/2020","Burnley","Everton","3.24","3.32","2.44","1.06","6.95","1.36","3.10","2.11","1.82","3.44","1.30","6.00","1.10","1.86","2.03"
"5700","05-10-19 16:00","England","Premier League","2019/2020","Liverpool","Leicester","1.62","4.32","5.85","1.02","10.50","1.20","4.50","1.65","2.40","2.47","1.53","3.92","1.21","1.70","2.26"
"5701","05-10-19 16:00","England","Premier League","2019/2020","Norwich","Aston Villa","2.46","3.70","2.91","1.01","16.00","1.18","4.32","1.59","2.33","2.48","1.62","3.96","1.24","1.52","2.69"
"5702","05-10-19 16:00","England","Premier League","2019/2020","Watford","Sheffield Utd","2.44","3.26","3.30","1.07","6.80","1.36","3.10","2.13","1.81","3.44","1.30","6.00","1.10","1.83","2.07"
"5703","05-10-19 13:30","England","Premier League","2019/2020","Brighton","Tottenham","5.65","3.92","1.67","1.03","13.50","1.21","4.66","1.67","2.26","2.66","1.50","4.96","1.19","1.65","2.25"
"5704","30-09-19 21:00","England","Premier League","2019/2020","Manchester Utd","Arsenal","2.25","3.68","3.17","1.02","16.00","1.20","4.84","1.57","2.47","2.40","1.60","4.50","1.22","1.45","2.76"
"5705","29-09-19 17:30","England","Premier League","2019/2020","Leicester","Newcastle","1.54","4.10","7.10","1.05","11.50","1.26","4.02","1.86","2.05","3.20","1.37","6.05","1.14","1.91","1.89"
"5706","28-09-19 18:30","England","Premier League","2019/2020","Everton","Manchester City","8.20","5.60","1.37","1.02","18.00","1.20","4.84","1.54","2.55","2.40","1.60","4.12","1.25","1.73","2.10"
"5707","28-09-19 16:00","England","Premier League","2019/2020","Aston Villa","Burnley","2.29","3.46","3.26","1.05","11.50","1.26","4.02","1.86","2.05","3.01","1.41","6.05","1.14","1.63","2.28"
"5708","28-09-19 16:00","England","Premier League","2019/2020","Chelsea","Brighton","1.44","4.88","7.70","1.02","16.00","1.20","4.84","1.57","2.47","2.40","1.60","4.50","1.22","1.70","2.15"
"5709","28-09-19 16:00","England","Premier League","2019/2020","Crystal Palace","Norwich","1.96","3.84","3.84","1.03","15.00","1.23","4.32","1.82","2.10","2.86","1.45","5.40","1.17","1.65","2.24"
"5710","28-09-19 16:00","England","Premier League","2019/2020","Tottenham","Southampton","1.40","5.35","7.60","1.02","18.00","1.17","5.35","1.54","2.55","2.30","1.65","4.12","1.25","1.70","2.15"
"5711","28-09-19 16:00","England","Premier League","2019/2020","Wolves","Watford","1.96","3.48","4.30","1.06","10.50","1.29","3.76","1.86","2.05","3.20","1.37","6.70","1.12","1.70","2.15"
"6558","28-09-19 16:00","England","Premier League","2019/2020","Bournemouth","West Ham","2.43","3.68","2.87","1.01","19.00","1.16","5.50","1.51","2.63","2.26","1.66","4.12","1.25","1.47","2.68"
"5712","28-09-19 13:30","England","Premier League","2019/2020","Sheffield Utd","Liverpool","9.10","5.35","1.36","1.02","16.00","1.19","4.88","1.56","2.50","2.47","1.57","4.36","1.23","1.76","2.07"
"5713","22-09-19 17:30","England","Premier League","2019/2020","Arsenal","Aston Villa","1.42","5.10","7.40","","","1.13","6.45","1.37","3.22","1.98","1.92","3.20","1.37","1.49","2.63"
"5714","22-09-19 17:30","England","Premier League","2019/2020","Chelsea","Liverpool","3.40","3.84","2.10","1.01","20.00","1.17","5.40","1.49","2.72","2.27","1.71","3.84","1.28","1.41","2.93"
"5715","22-09-19 15:00","England","Premier League","2019/2020","Crystal Palace","Wolves","2.75","3.16","2.85","1.10","7.30","1.43","2.89","2.36","1.62","4.50","1.22","9.30","1.07","1.93","1.87"
"6559","22-09-19 15:00","England","Premier League","2019/2020","West Ham","Manchester Utd","3.17","3.68","2.25","1.03","13.50","1.24","4.30","1.67","2.26","2.84","1.45","4.96","1.19","1.60","2.33"
"5716","21-09-19 18:30","England","Premier League","2019/2020","Newcastle","Brighton","2.43","3.28","3.18","1.09","8.00","1.48","2.75","2.37","1.62","4.46","1.22","9.20","1.07","1.98","1.83"
"5717","21-09-19 16:00","England","Premier League","2019/2020","Burnley","Norwich","2.04","3.82","3.56","1.02","16.00","1.20","4.84","1.62","2.37","2.50","1.56","4.50","1.22","1.57","2.40"
"5718","21-09-19 16:00","England","Premier League","2019/2020","Everton","Sheffield Utd","1.73","3.68","5.50","1.06","10.50","1.30","3.66","1.98","1.92","3.44","1.33","7.10","1.11","1.91","1.89"
"5719","21-09-19 16:00","England","Premier League","2019/2020","Manchester City","Watford","1.09","12.50","26.00","1.01","26.00","1.06","9.60","1.24","4.30","1.57","2.47","2.30","1.65","1.96","1.84"
"5720","21-09-19 13:30","England","Premier League","2019/2020","Leicester","Tottenham","3.00","3.48","2.43","1.03","14.50","1.22","4.48","1.68","2.25","2.73","1.48","5.30","1.17","1.55","2.47"
"5721","20-09-19 21:00","England","Premier League","2019/2020","Southampton","Bournemouth","2.20","3.58","3.36","1.02","15.00","1.20","4.78","1.58","2.45","2.42","1.59","4.50","1.22","1.49","2.62"
"6560","16-09-19 21:00","England","Premier League","2019/2020","Aston Villa","West Ham","2.77","3.58","2.56","1.02","16.00","1.20","4.84","1.57","2.47","2.30","1.65","4.12","1.25","1.46","2.72"
"5722","15-09-19 17:30","England","Premier League","2019/2020","Watford","Arsenal","4.32","3.84","1.86","1.01","20.00","1.17","5.40","1.49","2.72","2.27","1.71","3.84","1.28","1.44","2.79"
"5723","15-09-19 15:00","England","Premier League","2019/2020","Bournemouth","Everton","3.76","3.56","2.06","1.03","14.00","1.20","4.80","1.63","2.33","2.61","1.52","4.96","1.19","1.59","2.36"
"5724","14-09-19 18:30","England","Premier League","2019/2020","Norwich","Manchester City","23.00","12.50","1.10","1.01","26.00","1.05","11.00","1.19","5.00","1.46","2.78","2.13","1.80","1.88","1.92"
"5725","14-09-19 16:00","England","Premier League","2019/2020","Brighton","Burnley","2.12","3.52","3.62","1.08","9.00","1.37","3.20","2.24","1.73","3.78","1.29","8.40","1.08","1.90","1.90"
"5726","14-09-19 16:00","England","Premier League","2019/2020","Manchester Utd","Leicester","2.06","3.38","4.00","1.06","10.50","1.29","3.76","1.98","1.92","3.20","1.37","6.70","1.12","1.67","2.21"
"5727","14-09-19 16:00","England","Premier League","2019/2020","Sheffield Utd","Southampton","2.50","3.38","2.99","1.09","8.00","1.41","3.00","2.35","1.66","4.12","1.25","8.40","1.08","1.98","1.83"
"5728","14-09-19 16:00","England","Premier League","2019/2020","Tottenham","Crystal Palace","1.40","5.10","8.20","1.02","18.00","1.20","4.84","1.57","2.47","2.40","1.60","4.12","1.25","1.70","2.15"
"5729","14-09-19 16:00","England","Premier League","2019/2020","Wolves","Chelsea","3.05","3.46","2.42","1.05","11.50","1.29","3.76","1.86","2.05","3.20","1.37","6.70","1.12","1.67","2.21"
"5730","14-09-19 13:30","England","Premier League","2019/2020","Liverpool","Newcastle","1.20","7.90","13.50","1.01","20.00","1.17","5.35","1.42","2.96","2.18","1.76","3.44","1.33","1.84","1.97"
"5731","01-09-19 17:30","England","Premier League","2019/2020","Arsenal","Tottenham","2.44","3.66","2.87","1.02","18.00","1.17","5.35","1.49","2.69","2.21","1.70","3.84","1.28","1.42","2.88"
"5732","01-09-19 15:00","England","Premier League","2019/2020","Everton","Wolves","2.05","3.32","4.10","1.08","8.50","1.38","3.19","2.30","1.69","4.24","1.24","8.60","1.08","1.91","1.89"
"5733","31-08-19 18:30","England","Premier League","2019/2020","Burnley","Liverpool","9.40","5.40","1.35","1.02","15.00","1.17","5.30","1.50","2.66","2.22","1.69","3.92","1.27","1.71","2.14"
"5734","31-08-19 16:00","England","Premier League","2019/2020","Chelsea","Sheffield Utd","1.38","4.94","9.40","1.02","15.00","1.22","4.56","1.63","2.32","2.73","1.48","5.10","1.18","1.88","1.92"
"5735","31-08-19 16:00","England","Premier League","2019/2020","Crystal Palace","Aston Villa","2.24","3.46","3.36","1.05","11.00","1.26","4.00","1.90","2.00","3.24","1.37","5.95","1.14","1.70","2.15"
"5736","31-08-19 16:00","England","Premier League","2019/2020","Leicester","Bournemouth","1.61","4.10","5.90","1.03","13.00","1.23","4.32","1.82","2.10","2.86","1.45","5.40","1.17","1.78","2.04"
"5737","31-08-19 16:00","England","Premier League","2019/2020","Manchester City","Brighton","1.09","11.00","23.00","","","1.12","6.80","1.34","3.36","1.90","2.01","2.92","1.43","2.31","1.61"
"5738","31-08-19 16:00","England","Premier League","2019/2020","Newcastle","Watford","2.43","3.19","3.28","1.07","9.40","1.31","3.58","2.13","1.80","3.58","1.31","7.10","1.11","1.79","2.03"
"6561","31-08-19 16:00","England","Premier League","2019/2020","West Ham","Norwich","1.82","4.10","4.22","1.01","22.00","1.13","6.30","1.43","2.89","2.03","1.88","3.26","1.36","1.40","2.95"
"5739","31-08-19 13:30","England","Premier League","2019/2020","Southampton","Manchester Utd","4.56","3.60","1.87","1.05","11.50","1.26","4.08","1.84","2.08","3.01","1.41","6.05","1.14","1.72","2.12"
"5740","25-08-19 17:30","England","Premier League","2019/2020","Tottenham","Newcastle","1.26","6.20","12.50","1.02","18.00","1.20","4.84","1.54","2.55","2.40","1.60","4.12","1.25","1.80","2.01"
"5741","25-08-19 17:30","England","Premier League","2019/2020","Wolves","Burnley","1.79","3.48","5.35","1.09","8.00","1.37","3.20","2.35","1.66","4.12","1.25","8.40","1.08","2.04","1.78"
"5742","25-08-19 15:00","England","Premier League","2019/2020","Bournemouth","Manchester City","19.00","7.70","1.18","","","1.08","8.60","1.29","3.76","1.74","2.15","2.66","1.50","1.73","2.10"
"5743","24-08-19 18:30","England","Premier League","2019/2020","Liverpool","Arsenal","1.46","5.10","6.65","1.01","21.00","1.13","6.50","1.37","3.20","1.99","1.91","3.24","1.37","1.52","2.53"
"5744","24-08-19 16:00","England","Premier League","2019/2020","Brighton","Southampton","2.33","3.30","3.34","1.08","9.00","1.34","3.40","2.24","1.73","3.78","1.29","7.50","1.10","1.83","1.98"
"5745","24-08-19 16:00","England","Premier League","2019/2020","Manchester Utd","Crystal Palace","1.34","5.30","10.00","1.02","16.00","1.20","4.84","1.57","2.47","2.50","1.56","4.50","1.22","1.88","1.92"
"5746","24-08-19 16:00","England","Premier League","2019/2020","Sheffield Utd","Leicester","3.64","3.38","2.17","1.07","9.40","1.34","3.36","2.23","1.73","3.92","1.27","8.00","1.09","1.93","1.87"
"6562","24-08-19 16:00","England","Premier League","2019/2020","Watford","West Ham","2.20","3.58","3.36","1.03","13.00","1.23","4.32","1.70","2.20","2.66","1.50","5.40","1.17","1.61","2.31"
"5747","24-08-19 13:30","England","Premier League","2019/2020","Norwich","Chelsea","4.66","3.82","1.80","1.02","17.00","1.18","5.25","1.56","2.50","2.36","1.62","4.24","1.24","1.52","2.54"
"5748","23-08-19 21:00","England","Premier League","2019/2020","Aston Villa","Everton","3.26","3.72","2.25","1.03","9.40","1.23","4.10","1.75","2.22","2.64","1.47","4.40","1.17","1.62","2.42"
"5749","19-08-19 21:00","England","Premier League","2019/2020","Wolves","Manchester Utd","3.24","3.38","2.34","1.06","9.60","1.33","3.44","2.09","1.83","3.52","1.32","8.00","1.09","1.69","2.17"
"5750","18-08-19 17:30","England","Premier League","2019/2020","Chelsea","Leicester","1.68","3.84","5.70","1.05","11.50","1.23","4.34","1.72","2.17","2.84","1.45","5.55","1.16","1.65","2.24"
"5751","18-08-19 15:00","England","Premier League","2019/2020","Sheffield Utd","Crystal Palace","2.56","3.28","2.97","1.06","9.80","1.32","3.52","2.04","1.87","3.74","1.29","7.50","1.10","1.76","2.07"
"5752","17-08-19 18:30","England","Premier League","2019/2020","Manchester City","Tottenham","1.39","5.60","7.40","1.01","21.00","1.16","5.55","1.43","2.92","2.22","1.74","3.74","1.29","1.71","2.14"
"5753","17-08-19 16:00","England","Premier League","2019/2020","Aston Villa","Bournemouth","2.25","3.68","3.17","1.03","13.00","1.22","4.50","1.70","2.20","2.66","1.50","4.80","1.20","1.56","2.42"
"5754","17-08-19 16:00","England","Premier League","2019/2020","Everton","Watford","1.76","3.88","4.84","1.03","13.00","1.26","4.00","1.82","2.10","3.06","1.40","5.40","1.17","1.74","2.10"
"5755","17-08-19 16:00","England","Premier League","2019/2020","Norwich","Newcastle","2.06","3.48","3.86","1.05","10.50","1.25","4.12","1.82","2.10","3.15","1.38","6.05","1.14","1.67","2.20"
"5756","17-08-19 16:00","England","Premier League","2019/2020","Southampton","Liverpool","7.40","4.64","1.47","1.02","16.00","1.19","5.00","1.58","2.44","2.42","1.59","4.36","1.23","1.65","2.24"
"6563","17-08-19 16:00","England","Premier League","2019/2020","Brighton","West Ham","2.10","3.46","3.74","1.04","12.00","1.25","4.16","1.81","2.12","2.97","1.42","5.80","1.15","1.67","2.21"
"5757","17-08-19 13:30","England","Premier League","2019/2020","Arsenal","Burnley","1.34","5.35","10.00","1.02","16.00","1.20","4.84","1.57","2.47","2.50","1.56","4.12","1.25","1.74","2.09"
"5758","11-08-19 17:30","England","Premier League","2019/2020","Manchester Utd","Chelsea","1.94","3.48","4.40","1.05","11.00","1.26","4.02","1.86","2.04","3.06","1.40","6.05","1.14","1.61","2.33"
"5759","11-08-19 15:00","England","Premier League","2019/2020","Leicester","Wolves","2.26","3.24","3.58","1.08","8.70","1.42","2.99","2.27","1.71","4.36","1.23","9.30","1.07","1.88","1.92"
"5760","11-08-19 15:00","England","Premier League","2019/2020","Newcastle","Arsenal","3.76","3.58","2.06","1.05","11.50","1.23","4.34","1.77","2.17","2.84","1.45","5.55","1.16","1.60","2.33"
"5761","10-08-19 18:30","England","Premier League","2019/2020","Tottenham","Aston Villa","1.33","5.70","9.40","1.02","18.00","1.20","4.84","1.54","2.55","2.40","1.60","4.12","1.25","1.75","2.08"
"5764","10-08-19 16:00","England","Premier League","2019/2020","Crystal Palace","Everton","3.44","3.32","2.34","1.08","6.55","1.41","2.86","2.28","1.71","3.86","1.25","6.75","1.07","1.93","1.95"
"5765","10-08-19 16:00","England","Premier League","2019/2020","Watford","Brighton","2.13","3.32","4.02","1.08","6.55","1.39","2.95","2.20","1.75","3.68","1.27","6.40","1.08","1.93","1.95"
"5762","10-08-19 16:00","England","Premier League","2019/2020","Bournemouth","Sheffield Utd","2.03","3.62","4.02","1.04","8.20","1.29","3.54","1.94","1.98","3.10","1.36","5.25","1.12","1.78","2.14"
"5763","10-08-19 16:00","England","Premier League","2019/2020","Burnley","Southampton","2.70","3.26","2.90","1.07","6.80","1.38","2.99","2.19","1.77","3.60","1.28","6.30","1.08","1.87","2.02"
"6564","10-08-19 13:30","England","Premier League","2019/2020","West Ham","Manchester City","13.00","6.95","1.24","","","1.13","6.45","1.37","3.22","2.00","1.92","3.20","1.37","1.69","2.17"
"5766","09-08-19 21:00","England","Premier League","2019/2020","Liverpool","Norwich","1.14","9.50","23.00","1.01","21.00","1.10","7.50","1.29","3.76","1.74","2.15","2.66","1.50","1.77","2.04"
"5767","12-05-19 16:00","England","Premier League","2018/2019","Brighton","Manchester City","16.00","7.90","1.19","1.02","18.00","1.17","5.35","1.46","2.82","2.21","1.70","3.84","1.28","2.10","1.73"
"5768","12-05-19 16:00","England","Premier League","2018/2019","Burnley","Arsenal","2.71","3.68","2.56","1.02","16.00","1.21","4.66","1.62","2.37","2.50","1.56","4.96","1.19","1.51","2.57"
"5769","12-05-19 16:00","England","Premier League","2018/2019","Crystal Palace","Bournemouth","1.72","4.38","4.48","","","1.14","5.90","1.46","2.82","2.18","1.76","3.52","1.32","1.44","2.81"
"5770","12-05-19 16:00","England","Premier League","2018/2019","Fulham","Newcastle","2.45","3.60","2.90","1.03","13.00","1.23","4.32","1.82","2.10","2.86","1.45","5.40","1.17","1.52","2.54"
"5771","12-05-19 16:00","England","Premier League","2018/2019","Leicester","Chelsea","2.56","3.80","2.66","1.02","16.00","1.21","4.66","1.67","2.26","2.66","1.50","4.96","1.19","1.53","2.50"
"5772","12-05-19 16:00","England","Premier League","2018/2019","Liverpool","Wolves","1.28","5.95","11.50","1.02","16.00","1.20","4.84","1.54","2.55","2.30","1.65","4.12","1.25","1.82","1.99"
"5773","12-05-19 16:00","England","Premier League","2018/2019","Manchester Utd","Cardiff","1.28","6.25","11.00","","","1.13","6.45","1.37","3.22","2.09","1.83","3.20","1.37","1.65","2.24"
"5774","12-05-19 16:00","England","Premier League","2018/2019","Southampton","Huddersfield","1.38","5.00","9.20","1.02","18.00","1.17","5.35","1.54","2.55","2.30","1.65","4.12","1.25","1.70","2.15"
"5775","12-05-19 16:00","England","Premier League","2018/2019","Tottenham","Everton","1.82","3.76","4.64","1.03","13.50","1.21","4.66","1.67","2.26","2.66","1.50","4.96","1.19","1.58","2.39"
"5776","12-05-19 16:00","England","Premier League","2018/2019","Watford","West Ham","1.99","3.88","3.68","1.01","20.00","1.17","5.35","1.49","2.69","2.21","1.70","3.84","1.28","1.40","2.97"
"5777","06-05-19 21:00","England","Premier League","2018/2019","Manchester City","Leicester","1.16","9.30","13.00","1.01","27.00","1.12","6.75","1.32","3.54","1.91","1.99","2.77","1.47","1.76","2.07"
"5778","05-05-19 17:30","England","Premier League","2018/2019","Arsenal","Brighton","1.27","5.90","11.50","1.02","16.00","1.20","4.84","1.54","2.55","2.40","1.60","4.12","1.25","1.94","1.86"
"5779","05-05-19 15:00","England","Premier League","2018/2019","Chelsea","Watford","1.27","5.90","12.00","1.02","17.00","1.19","5.00","1.51","2.63","2.37","1.62","3.78","1.29","1.83","1.98"
"5780","05-05-19 15:00","England","Premier League","2018/2019","Huddersfield","Manchester Utd","9.80","5.90","1.30","1.03","14.00","1.21","4.70","1.61","2.39","2.47","1.57","4.36","1.23","1.96","1.85"
"5781","04-05-19 20:45","England","Premier League","2018/2019","Newcastle","Liverpool","10.00","5.70","1.30","1.02","16.00","1.19","4.88","1.56","2.50","2.47","1.57","4.36","1.23","1.91","1.89"
"5782","04-05-19 18:30","England","Premier League","2018/2019","Cardiff","Crystal Palace","2.58","3.74","2.58","1.03","15.00","1.23","4.32","1.70","2.20","2.66","1.50","5.40","1.17","1.61","2.31"
"5783","04-05-19 16:00","England","Premier League","2018/2019","West Ham","Southampton","2.20","3.64","3.20","1.02","15.00","1.21","4.68","1.65","2.29","2.55","1.54","4.64","1.21","1.59","2.36"
"5784","04-05-19 16:00","England","Premier League","2018/2019","Wolves","Fulham","1.47","4.42","7.30","1.05","11.00","1.27","3.90","1.91","1.99","3.32","1.35","6.35","1.13","2.00","1.81"
"5785","04-05-19 13:30","England","Premier League","2018/2019","Bournemouth","Tottenham","6.30","4.68","1.49","1.02","18.00","1.17","5.35","1.46","2.82","2.29","1.70","3.84","1.28","1.51","2.57"
"5786","03-05-19 21:00","England","Premier League","2018/2019","Everton","Burnley","1.60","3.94","6.10","1.05","11.50","1.27","3.94","1.90","2.01","3.10","1.39","6.05","1.14","1.81","2.00"
"5787","28-04-19 17:30","England","Premier League","2018/2019","Manchester Utd","Chelsea","2.47","3.36","2.95","1.04","12.00","1.25","4.16","1.81","2.12","3.10","1.39","5.80","1.15","1.57","2.42"
"5788","28-04-19 15:05","England","Premier League","2018/2019","Burnley","Manchester City","20.00","9.80","1.12","","","1.17","5.35","1.42","2.96","2.18","1.76","3.44","1.33","2.06","1.76"
"5789","28-04-19 13:00","England","Premier League","2018/2019","Leicester","Arsenal","2.88","3.70","2.36","1.02","16.00","1.20","4.84","1.57","2.47","2.30","1.65","4.12","1.25","1.44","2.81"
"5790","27-04-19 18:30","England","Premier League","2018/2019","Brighton","Newcastle","2.17","3.34","3.54","1.10","7.50","1.42","2.96","2.30","1.65","4.50","1.22","9.30","1.07","1.96","1.84"
"5791","27-04-19 16:00","England","Premier League","2018/2019","Crystal Palace","Everton","3.15","3.56","2.25","1.05","11.50","1.26","4.08","1.84","2.08","3.01","1.41","6.05","1.14","1.68","2.18"
"5792","27-04-19 16:00","England","Premier League","2018/2019","Fulham","Cardiff","2.11","3.64","3.40","1.03","13.00","1.23","4.32","1.70","2.20","2.66","1.50","5.40","1.17","1.61","2.31"
"5793","27-04-19 16:00","England","Premier League","2018/2019","Southampton","Bournemouth","1.73","3.94","4.78","1.02","16.00","1.21","4.70","1.61","2.39","2.63","1.51","4.96","1.19","1.65","2.23"
"5794","27-04-19 16:00","England","Premier League","2018/2019","Watford","Wolves","2.59","3.26","2.86","1.08","8.60","1.37","3.22","2.29","1.70","4.12","1.25","8.60","1.08","1.88","1.92"
"5795","27-04-19 13:30","England","Premier League","2018/2019","Tottenham","West Ham","1.32","5.40","9.80","1.01","18.00","1.17","5.40","1.49","2.72","2.27","1.71","3.84","1.28","1.67","2.20"
"5796","26-04-19 21:00","England","Premier League","2018/2019","Liverpool","Huddersfield","1.06","19.00","31.00","1.01","26.00","1.09","8.40","1.30","3.68","1.70","2.21","2.55","1.54","2.55","1.51"
"5797","24-04-19 21:00","England","Premier League","2018/2019","Manchester Utd","Manchester City","5.45","4.74","1.54","1.02","16.00","1.19","5.00","1.54","2.56","2.42","1.59","4.36","1.23","1.61","2.33"
"5798","24-04-19 20:45","England","Premier League","2018/2019","Wolves","Arsenal","2.71","3.36","2.66","1.05","11.00","1.29","3.74","1.99","1.91","3.42","1.33","6.50","1.13","1.74","2.10"
"5799","23-04-19 20:45","England","Premier League","2018/2019","Tottenham","Brighton","1.24","6.40","12.50","1.03","13.50","1.24","4.26","1.69","2.23","2.70","1.49","5.10","1.18","2.24","1.65"
"5800","23-04-19 20:45","England","Premier League","2018/2019","Watford","Southampton","2.06","3.44","3.74","1.05","11.50","1.24","4.26","1.80","2.13","2.88","1.44","5.55","1.16","1.61","2.31"
"5801","22-04-19 21:00","England","Premier League","2018/2019","Chelsea","Burnley","1.20","6.90","16.00","1.02","16.00","1.20","4.84","1.54","2.55","2.40","1.60","4.12","1.25","2.04","1.78"
"5802","21-04-19 17:00","England","Premier League","2018/2019","Arsenal","Crystal Palace","1.47","4.70","6.65","1.02","18.00","1.17","5.35","1.49","2.69","2.21","1.70","3.84","1.28","1.53","2.50"
"5803","21-04-19 17:00","England","Premier League","2018/2019","Cardiff","Liverpool","19.00","7.90","1.16","","","1.17","5.35","1.46","2.82","2.18","1.76","3.52","1.32","2.04","1.78"
"5804","21-04-19 14:30","England","Premier League","2018/2019","Everton","Manchester Utd","3.56","3.56","2.08","1.04","12.00","1.25","4.12","1.82","2.10","2.97","1.42","6.05","1.14","1.57","2.42"
"5805","20-04-19 18:30","England","Premier League","2018/2019","Newcastle","Southampton","2.25","3.05","3.72","1.08","8.70","1.33","3.48","2.17","1.77","3.84","1.28","8.00","1.09","1.83","1.98"
"5806","20-04-19 16:00","England","Premier League","2018/2019","Bournemouth","Fulham","1.62","4.26","5.25","1.02","18.00","1.17","5.35","1.54","2.55","2.30","1.65","4.12","1.25","1.53","2.51"
"5807","20-04-19 16:00","England","Premier League","2018/2019","Huddersfield","Watford","4.14","3.56","1.93","1.05","11.50","1.26","4.02","1.86","2.05","3.01","1.41","6.05","1.14","1.73","2.11"
"5808","20-04-19 16:00","England","Premier League","2018/2019","West Ham","Leicester","3.50","3.54","2.11","1.03","14.00","1.21","4.70","1.61","2.39","2.47","1.57","4.36","1.23","1.46","2.72"
"5809","20-04-19 16:00","England","Premier League","2018/2019","Wolves","Brighton","1.92","3.15","4.92","1.11","7.00","1.48","2.75","2.47","1.57","4.80","1.20","9.90","1.06","2.10","1.74"
"5810","20-04-19 13:30","England","Premier League","2018/2019","Manchester City","Tottenham","1.27","6.40","10.00","1.01","19.00","1.16","5.50","1.48","2.75","2.24","1.73","3.66","1.30","1.67","2.20"
"5811","16-04-19 20:45","England","Premier League","2018/2019","Brighton","Cardiff","1.97","3.24","4.42","1.11","7.00","1.41","3.00","2.37","1.62","4.46","1.22","9.20","1.07","2.04","1.78"
"5812","15-04-19 21:00","England","Premier League","2018/2019","Watford","Arsenal","4.06","3.66","1.92","1.02","16.00","1.20","4.84","1.57","2.47","2.40","1.60","4.50","1.22","1.48","2.66"
"5813","14-04-19 17:30","England","Premier League","2018/2019","Liverpool","Chelsea","1.70","3.84","5.15","1.05","11.00","1.26","4.00","1.90","2.00","3.06","1.40","5.95","1.14","1.64","2.26"
"5814","14-04-19 15:05","England","Premier League","2018/2019","Crystal Palace","Manchester City","12.50","6.60","1.23","1.02","17.00","1.16","5.50","1.48","2.75","2.24","1.73","3.78","1.29","1.98","1.83"
"5815","13-04-19 18:30","England","Premier League","2018/2019","Manchester Utd","West Ham","1.32","5.65","9.30","1.02","15.00","1.18","5.25","1.51","2.63","2.26","1.67","3.92","1.27","1.77","2.04"
"5816","13-04-19 16:00","England","Premier League","2018/2019","Brighton","Bournemouth","2.27","3.20","3.44","1.08","9.00","1.37","3.20","2.24","1.73","4.12","1.25","8.40","1.08","1.83","1.98"
"5817","13-04-19 16:00","England","Premier League","2018/2019","Burnley","Cardiff","1.78","3.56","5.05","1.06","10.00","1.32","3.50","2.13","1.80","3.66","1.30","7.00","1.11","1.83","1.98"
"5818","13-04-19 16:00","England","Premier League","2018/2019","Fulham","Everton","4.94","4.28","1.65","1.03","15.00","1.22","4.50","1.65","2.30","2.66","1.50","4.80","1.20","1.65","2.24"
"5819","13-04-19 16:00","England","Premier League","2018/2019","Southampton","Wolves","2.67","3.17","2.84","1.11","7.00","1.51","2.63","2.57","1.53","4.80","1.20","9.90","1.06","2.04","1.78"
"5820","13-04-19 13:30","England","Premier League","2018/2019","Tottenham","Huddersfield","1.18","7.40","15.00","1.03","15.00","1.23","4.32","1.65","2.30","2.66","1.50","4.80","1.20","2.41","1.57"
"5821","12-04-19 21:00","England","Premier League","2018/2019","Leicester","Newcastle","1.61","3.86","6.15","1.05","11.50","1.30","3.68","1.90","2.01","3.26","1.36","6.70","1.12","1.88","1.92"
"5822","08-04-19 21:00","England","Premier League","2018/2019","Chelsea","West Ham","1.21","6.90","14.50","1.02","17.00","1.19","5.00","1.51","2.63","2.37","1.62","4.12","1.25","1.91","1.89"
"5823","07-04-19 15:05","England","Premier League","2018/2019","Everton","Arsenal","3.16","3.44","2.30","1.02","16.00","1.19","4.88","1.61","2.39","2.47","1.57","4.96","1.19","1.53","2.51"
"5824","06-04-19 16:00","England","Premier League","2018/2019","Bournemouth","Burnley","2.02","3.56","3.74","1.05","11.00","1.29","3.74","1.99","1.91","3.24","1.37","6.50","1.13","1.78","2.04"
"5825","06-04-19 16:00","England","Premier League","2018/2019","Huddersfield","Leicester","5.40","4.04","1.64","1.05","11.00","1.26","4.00","1.90","2.00","3.24","1.37","5.95","1.14","1.83","1.98"
"5826","06-04-19 16:00","England","Premier League","2018/2019","Newcastle","Crystal Palace","2.66","3.16","2.86","1.09","8.00","1.41","3.00","2.35","1.66","4.12","1.25","8.40","1.08","1.90","1.90"
"5827","05-04-19 21:00","England","Premier League","2018/2019","Southampton","Liverpool","9.50","5.30","1.33","1.02","15.00","1.21","4.74","1.63","2.32","2.55","1.54","4.50","1.22","1.88","1.92"
"5828","03-04-19 20:45","England","Premier League","2018/2019","Chelsea","Brighton","1.26","5.65","13.50","1.05","11.50","1.26","4.02","1.78","2.15","3.01","1.41","5.55","1.16","2.29","1.62"
"5829","03-04-19 20:45","England","Premier League","2018/2019","Manchester City","Cardiff","1.06","17.00","34.00","1.01","26.00","1.06","9.50","1.24","4.26","1.58","2.45","2.22","1.69","2.24","1.65"
"5830","03-04-19 20:45","England","Premier League","2018/2019","Tottenham","Crystal Palace","1.40","4.68","8.70","1.02","16.00","1.20","4.84","1.57","2.47","2.40","1.60","4.50","1.22","1.67","2.21"
"5831","02-04-19 20:45","England","Premier League","2018/2019","Watford","Fulham","1.65","3.84","5.75","1.03","14.00","1.23","4.34","1.72","2.17","2.84","1.45","5.55","1.16","1.72","2.12"
"5832","02-04-19 20:45","England","Premier League","2018/2019","Wolves","Manchester Utd","3.56","3.26","2.20","1.08","8.70","1.42","2.99","2.27","1.71","4.12","1.25","8.60","1.08","1.91","1.89"
"5833","01-04-19 21:00","England","Premier League","2018/2019","Arsenal","Newcastle","1.40","4.66","8.70","1.02","16.00","1.17","5.35","1.54","2.55","2.30","1.65","4.12","1.25","1.68","2.19"
"5834","31-03-19 17:30","England","Premier League","2018/2019","Liverpool","Tottenham","1.52","4.42","6.35","1.02","16.00","1.20","4.84","1.57","2.47","2.40","1.60","4.50","1.22","1.66","2.23"
"5835","31-03-19 15:05","England","Premier League","2018/2019","Cardiff","Chelsea","9.30","4.70","1.38","1.05","11.00","1.26","4.00","1.90","2.00","3.06","1.40","5.40","1.17","1.98","1.83"
"5836","30-03-19 18:30","England","Premier League","2018/2019","West Ham","Everton","2.53","3.32","2.89","1.05","11.50","1.23","4.34","1.77","2.17","2.84","1.45","5.55","1.16","1.60","2.34"
"5837","30-03-19 16:00","England","Premier League","2018/2019","Brighton","Southampton","2.51","3.16","3.06","1.09","8.00","1.41","3.00","2.37","1.62","4.46","1.22","9.20","1.07","1.98","1.83"
"5838","30-03-19 16:00","England","Premier League","2018/2019","Burnley","Wolves","2.86","3.16","2.66","1.10","7.60","1.42","2.99","2.36","1.66","4.36","1.23","9.30","1.07","1.91","1.89"
"5839","30-03-19 16:00","England","Premier League","2018/2019","Crystal Palace","Huddersfield","1.41","4.44","9.30","1.06","10.50","1.26","4.02","1.86","2.05","3.20","1.37","6.05","1.14","2.02","1.79"
"5840","30-03-19 16:00","England","Premier League","2018/2019","Leicester","Bournemouth","1.71","3.94","4.92","1.02","16.00","1.19","4.88","1.61","2.39","2.47","1.57","4.36","1.23","1.60","2.34"
"5841","30-03-19 16:00","England","Premier League","2018/2019","Manchester Utd","Watford","1.35","5.15","9.20","1.02","16.00","1.19","4.88","1.56","2.50","2.38","1.61","4.36","1.23","1.69","2.17"
"5842","30-03-19 13:30","England","Premier League","2018/2019","Fulham","Manchester City","19.00","10.50","1.11","1.01","21.00","1.09","8.40","1.27","3.94","1.63","2.32","2.45","1.58","1.94","1.87"
"5843","17-03-19 17:30","England","Premier League","2018/2019","Everton","Chelsea","5.00","3.74","1.74","1.05","11.50","1.30","3.68","1.90","2.01","3.26","1.36","6.05","1.14","1.71","2.13"
"5844","17-03-19 15:15","England","Premier League","2018/2019","Fulham","Liverpool","11.50","8.30","1.19","","","1.14","5.90","1.42","2.96","2.09","1.83","3.20","1.37","1.91","1.89"
"5845","16-03-19 16:00","England","Premier League","2018/2019","Bournemouth","Newcastle","2.12","3.46","3.54","1.05","11.00","1.29","3.74","1.99","1.91","3.24","1.37","6.50","1.13","1.74","2.10"
"5846","16-03-19 16:00","England","Premier League","2018/2019","Burnley","Leicester","3.16","3.34","2.34","1.06","10.00","1.32","3.50","2.13","1.80","3.42","1.33","7.00","1.11","1.78","2.04"
"5847","16-03-19 16:00","England","Premier League","2018/2019","West Ham","Huddersfield","1.51","4.26","6.85","1.06","10.00","1.29","3.74","1.99","1.91","3.24","1.37","6.50","1.13","1.98","1.83"
"5848","10-03-19 17:30","England","Premier League","2018/2019","Arsenal","Manchester Utd","2.33","3.52","3.04","1.03","15.00","1.22","4.50","1.65","2.30","2.57","1.53","4.80","1.20","1.42","2.88"
"5849","10-03-19 15:05","England","Premier League","2018/2019","Chelsea","Wolves","1.57","3.82","6.85","1.08","9.00","1.32","3.50","2.13","1.80","3.66","1.30","7.00","1.11","1.85","1.95"
"5850","10-03-19 13:00","England","Premier League","2018/2019","Liverpool","Burnley","1.15","8.30","20.00","1.01","19.00","1.19","5.00","1.51","2.63","2.37","1.62","4.12","1.25","2.31","1.61"
"5851","09-03-19 18:30","England","Premier League","2018/2019","Manchester City","Watford","1.12","11.00","23.00","","","1.09","8.40","1.30","3.68","1.81","2.11","2.73","1.48","2.14","1.71"
"5852","09-03-19 16:00","England","Premier League","2018/2019","Cardiff","West Ham","2.96","3.44","2.42","1.05","11.00","1.29","3.74","1.99","1.91","3.24","1.37","6.50","1.13","1.70","2.15"
"5853","09-03-19 16:00","England","Premier League","2018/2019","Huddersfield","Bournemouth","3.05","3.34","2.41","1.08","9.00","1.37","3.20","2.24","1.73","4.12","1.25","8.40","1.08","1.83","1.98"
"5854","09-03-19 16:00","England","Premier League","2018/2019","Leicester","Fulham","1.55","4.34","5.90","1.03","13.00","1.23","4.32","1.82","2.10","2.86","1.45","5.40","1.17","1.78","2.04"
"5855","09-03-19 16:00","England","Premier League","2018/2019","Newcastle","Everton","2.70","3.15","2.83","1.11","7.00","1.48","2.75","2.47","1.57","4.80","1.20","9.90","1.06","1.98","1.83"
"5856","09-03-19 16:00","England","Premier League","2018/2019","Southampton","Tottenham","4.92","3.84","1.73","1.03","13.50","1.24","4.30","1.78","2.15","2.84","1.45","5.55","1.16","1.67","2.21"
"5857","09-03-19 13:30","England","Premier League","2018/2019","Crystal Palace","Brighton","1.81","3.24","5.45","1.10","7.50","1.46","2.82","2.40","1.60","4.50","1.22","10.00","1.06","2.17","1.69"
"5858","03-03-19 17:15","England","Premier League","2018/2019","Everton","Liverpool","7.10","3.94","1.54","1.05","11.50","1.26","4.08","1.84","2.08","3.01","1.41","6.05","1.14","1.83","1.98"
"5859","03-03-19 15:05","England","Premier League","2018/2019","Fulham","Chelsea","8.70","4.68","1.40","1.03","13.50","1.21","4.66","1.67","2.26","2.66","1.50","4.96","1.19","1.85","1.95"
"5860","03-03-19 13:00","England","Premier League","2018/2019","Watford","Leicester","2.70","3.24","2.75","1.05","11.50","1.26","4.02","1.86","2.05","3.01","1.41","6.05","1.14","1.60","2.33"
"5861","02-03-19 18:30","England","Premier League","2018/2019","West Ham","Newcastle","2.07","3.34","3.84","1.06","10.50","1.30","3.66","1.98","1.92","3.44","1.33","7.10","1.11","1.71","2.13"
"5862","02-03-19 16:00","England","Premier League","2018/2019","Bournemouth","Manchester City","14.50","8.80","1.16","","","1.11","6.95","1.30","3.66","1.86","2.05","2.84","1.45","1.77","2.04"
"5863","02-03-19 16:00","England","Premier League","2018/2019","Brighton","Huddersfield","1.77","3.34","5.65","1.13","6.50","1.51","2.63","2.66","1.50","5.40","1.17","11.00","1.05","2.31","1.61"
"5864","02-03-19 16:00","England","Premier League","2018/2019","Burnley","Crystal Palace","3.01","3.26","2.48","1.06","9.60","1.33","3.44","2.09","1.83","3.84","1.28","8.00","1.09","1.70","2.15"
"5865","02-03-19 16:00","England","Premier League","2018/2019","Manchester Utd","Southampton","1.40","4.54","9.30","1.05","11.50","1.21","4.66","1.67","2.26","2.66","1.50","4.96","1.19","1.76","2.07"
"5866","02-03-19 16:00","England","Premier League","2018/2019","Wolves","Cardiff","1.67","3.52","6.25","1.08","8.60","1.37","3.22","2.18","1.76","3.84","1.28","8.00","1.09","1.94","1.86"
"5867","02-03-19 13:30","England","Premier League","2018/2019","Tottenham","Arsenal","1.97","3.54","3.94","1.03","15.00","1.22","4.50","1.70","2.20","2.66","1.50","4.80","1.20","1.61","2.31"
"5868","27-02-19 21:00","England","Premier League","2018/2019","Chelsea","Tottenham","2.48","3.24","3.02","1.05","11.50","1.24","4.30","1.86","2.05","3.01","1.41","5.55","1.16","1.60","2.33"
"5869","27-02-19 21:00","England","Premier League","2018/2019","Crystal Palace","Manchester Utd","3.70","3.24","2.16","1.08","8.60","1.33","3.44","2.09","1.83","3.84","1.28","8.00","1.09","1.77","2.04"
"5870","27-02-19 21:00","England","Premier League","2018/2019","Liverpool","Watford","1.25","5.90","13.00","1.02","16.00","1.17","5.35","1.54","2.55","2.30","1.65","4.12","1.25","1.91","1.89"
"5871","27-02-19 21:00","England","Premier League","2018/2019","Manchester City","West Ham","1.10","11.50","22.00","1.01","27.00","1.07","9.40","1.25","4.20","1.63","2.32","2.45","1.58","2.00","1.81"
"5872","27-02-19 20:45","England","Premier League","2018/2019","Arsenal","Bournemouth","1.36","5.15","8.70","1.01","20.00","1.14","5.90","1.42","2.96","2.09","1.83","3.52","1.32","1.61","2.31"
"5873","27-02-19 20:45","England","Premier League","2018/2019","Southampton","Fulham","1.88","3.46","4.54","1.05","11.50","1.26","4.02","1.86","2.05","3.01","1.41","6.05","1.14","1.67","2.21"
"5874","26-02-19 21:00","England","Premier League","2018/2019","Newcastle","Burnley","2.08","3.24","3.96","1.08","8.60","1.37","3.22","2.18","1.76","4.12","1.25","8.60","1.08","1.84","1.97"
"5875","26-02-19 20:45","England","Premier League","2018/2019","Cardiff","Everton","4.12","3.34","1.99","1.06","9.60","1.30","3.66","2.09","1.83","3.52","1.32","7.10","1.11","1.70","2.15"
"5876","26-02-19 20:45","England","Premier League","2018/2019","Huddersfield","Wolves","5.85","3.62","1.68","1.10","7.50","1.49","2.69","2.50","1.56","4.96","1.19","10.00","1.06","2.24","1.65"
"5877","26-02-19 20:45","England","Premier League","2018/2019","Leicester","Brighton","1.77","3.44","5.35","1.08","8.60","1.33","3.44","2.18","1.76","3.84","1.28","8.00","1.09","1.88","1.92"
"5878","24-02-19 15:05","England","Premier League","2018/2019","Arsenal","Southampton","1.53","4.28","6.40","1.03","13.00","1.23","4.32","1.70","2.20","2.86","1.45","5.40","1.17","1.78","2.04"
"5879","24-02-19 15:05","England","Premier League","2018/2019","Manchester Utd","Liverpool","3.78","3.44","2.05","1.03","14.00","1.20","4.76","1.64","2.31","2.61","1.52","4.96","1.19","1.59","2.35"
"5880","23-02-19 18:30","England","Premier League","2018/2019","Leicester","Crystal Palace","2.26","3.34","3.34","1.08","9.00","1.37","3.20","2.24","1.73","4.12","1.25","8.40","1.08","1.90","1.90"
"5881","23-02-19 16:00","England","Premier League","2018/2019","Bournemouth","Wolves","3.05","3.34","2.41","1.08","9.00","1.37","3.20","2.24","1.73","3.78","1.29","7.50","1.10","1.83","1.98"
"5882","23-02-19 16:00","England","Premier League","2018/2019","Newcastle","Huddersfield","1.88","3.36","4.68","1.11","7.00","1.51","2.63","2.57","1.53","5.40","1.17","11.00","1.05","2.24","1.65"
"5883","23-02-19 13:30","England","Premier League","2018/2019","Burnley","Tottenham","6.55","4.14","1.54","1.03","13.50","1.21","4.66","1.67","2.26","2.66","1.50","4.96","1.19","1.64","2.26"
"5884","22-02-19 20:45","England","Premier League","2018/2019","Cardiff","Watford","3.38","3.24","2.28","1.06","9.60","1.33","3.44","2.09","1.83","3.84","1.28","8.00","1.09","1.77","2.04"
"5885","22-02-19 20:45","England","Premier League","2018/2019","West Ham","Fulham","1.93","3.46","4.28","1.03","13.50","1.21","4.66","1.67","2.26","2.66","1.50","4.96","1.19","1.57","2.41"
"5886","11-02-19 21:00","England","Premier League","2018/2019","Wolves","Newcastle","1.72","3.54","5.65","1.09","8.00","1.48","2.75","2.37","1.62","4.46","1.22","9.20","1.07","2.15","1.70"
"5887","10-02-19 17:00","England","Premier League","2018/2019","Manchester City","Chelsea","1.52","4.46","6.45","1.03","15.00","1.23","4.32","1.70","2.20","2.66","1.50","5.40","1.17","1.61","2.31"
"5888","10-02-19 14:30","England","Premier League","2018/2019","Tottenham","Leicester","1.65","3.70","6.00","1.05","11.50","1.27","3.94","1.90","2.01","3.10","1.39","6.05","1.14","1.75","2.08"
"5889","09-02-19 18:30","England","Premier League","2018/2019","Brighton","Burnley","2.02","3.26","4.14","1.10","7.20","1.45","2.86","2.47","1.57","4.64","1.21","9.30","1.07","2.11","1.73"
"5890","09-02-19 16:00","England","Premier League","2018/2019","Crystal Palace","West Ham","1.93","3.56","4.14","1.05","11.00","1.29","3.74","1.99","1.91","3.24","1.37","6.50","1.13","1.78","2.04"
"5891","09-02-19 16:00","England","Premier League","2018/2019","Huddersfield","Arsenal","5.65","3.92","1.64","1.05","11.00","1.29","3.74","1.99","1.91","3.24","1.37","6.50","1.13","1.90","1.90"
"5892","09-02-19 16:00","England","Premier League","2018/2019","Liverpool","Bournemouth","1.15","8.80","16.00","1.01","21.00","1.14","6.00","1.37","3.20","2.13","1.80","3.24","1.37","2.10","1.74"
"5893","09-02-19 16:00","England","Premier League","2018/2019","Southampton","Cardiff","1.80","3.54","4.90","1.08","9.00","1.34","3.40","2.24","1.73","3.78","1.29","7.50","1.10","1.98","1.83"
"5894","09-02-19 16:00","England","Premier League","2018/2019","Watford","Everton","2.47","3.34","2.96","1.06","10.00","1.32","3.50","1.99","1.91","3.42","1.33","6.50","1.13","1.74","2.10"
"5895","09-02-19 13:30","England","Premier League","2018/2019","Fulham","Manchester Utd","5.45","4.14","1.62","1.02","16.00","1.20","4.84","1.62","2.37","2.50","1.56","4.50","1.22","1.66","2.23"
"5896","06-02-19 20:45","England","Premier League","2018/2019","Everton","Manchester City","11.50","6.40","1.25","1.01","20.00","1.17","5.40","1.42","2.99","2.17","1.77","3.52","1.32","1.66","2.23"
"5897","04-02-19 21:00","England","Premier League","2018/2019","West Ham","Liverpool","9.30","6.40","1.28","1.02","17.00","1.19","5.00","1.51","2.63","2.26","1.66","3.78","1.29","1.90","1.90"
"5898","03-02-19 17:30","England","Premier League","2018/2019","Manchester City","Arsenal","1.23","7.30","10.50","","","1.11","7.00","1.34","3.40","1.90","2.00","2.86","1.45","1.74","2.10"
"5899","03-02-19 15:05","England","Premier League","2018/2019","Leicester","Manchester Utd","3.84","3.64","1.97","1.03","13.00","1.26","4.00","1.90","2.00","3.06","1.40","5.40","1.17","1.70","2.15"
"5900","02-02-19 18:30","England","Premier League","2018/2019","Cardiff","Bournemouth","3.20","3.44","2.27","1.05","11.00","1.26","4.00","1.90","2.00","3.06","1.40","5.95","1.14","1.70","2.15"
"5901","02-02-19 16:00","England","Premier League","2018/2019","Brighton","Watford","2.42","3.20","3.16","1.08","9.00","1.37","3.20","2.35","1.66","4.12","1.25","8.40","1.08","1.90","1.90"
"5902","02-02-19 16:00","England","Premier League","2018/2019","Burnley","Southampton","2.51","3.44","2.83","1.06","10.00","1.37","3.20","2.24","1.73","3.78","1.29","8.40","1.08","1.83","1.98"
"5903","02-02-19 16:00","England","Premier League","2018/2019","Chelsea","Huddersfield","1.21","6.90","14.50","1.03","15.00","1.26","4.00","1.70","2.20","2.86","1.45","4.80","1.20","2.31","1.61"
"5904","02-02-19 16:00","England","Premier League","2018/2019","Crystal Palace","Fulham","1.93","3.56","4.14","1.06","10.00","1.32","3.50","1.99","1.91","3.42","1.33","7.00","1.11","1.83","1.98"
"5905","02-02-19 16:00","England","Premier League","2018/2019","Everton","Wolves","2.66","3.20","2.83","1.08","9.00","1.37","3.20","2.24","1.73","4.12","1.25","8.40","1.08","1.83","1.98"
"5906","02-02-19 13:30","England","Premier League","2018/2019","Tottenham","Newcastle","1.42","4.42","8.80","1.05","11.00","1.26","4.00","1.90","2.00","3.06","1.40","5.95","1.14","2.04","1.78"
"5907","30-01-19 21:00","England","Premier League","2018/2019","Liverpool","Leicester","1.23","6.90","11.50","1.01","19.00","1.19","5.00","1.51","2.63","2.37","1.62","4.12","1.25","1.85","1.95"
"5908","30-01-19 21:00","England","Premier League","2018/2019","Tottenham","Watford","1.55","4.14","6.40","1.03","13.00","1.23","4.32","1.70","2.20","2.66","1.50","5.40","1.17","1.64","2.26"
"5909","30-01-19 20:45","England","Premier League","2018/2019","Bournemouth","Chelsea","5.65","4.32","1.58","1.03","13.00","1.23","4.32","1.70","2.20","2.86","1.45","5.40","1.17","1.63","2.28"
"5910","30-01-19 20:45","England","Premier League","2018/2019","Southampton","Crystal Palace","2.47","3.34","2.96","1.06","10.00","1.34","3.40","2.13","1.80","3.66","1.30","7.50","1.10","1.65","2.24"
"5911","29-01-19 21:00","England","Premier League","2018/2019","Manchester Utd","Burnley","1.32","5.15","10.50","1.03","13.50","1.20","4.84","1.57","2.47","2.40","1.60","4.50","1.22","1.85","1.95"
"5912","29-01-19 21:00","England","Premier League","2018/2019","Newcastle","Manchester City","18.00","8.80","1.14","1.01","20.00","1.18","5.25","1.43","2.89","2.23","1.73","3.52","1.32","2.19","1.68"
"5913","29-01-19 20:45","England","Premier League","2018/2019","Arsenal","Cardiff","1.21","6.90","14.50","1.01","21.00","1.14","6.00","1.41","3.00","2.13","1.80","3.42","1.33","1.90","1.90"
"5914","29-01-19 20:45","England","Premier League","2018/2019","Fulham","Brighton","2.42","3.20","3.16","1.09","8.00","1.48","2.75","2.37","1.62","4.80","1.20","9.90","1.06","2.04","1.78"
"5915","29-01-19 20:45","England","Premier League","2018/2019","Huddersfield","Everton","3.68","3.14","2.21","1.09","8.00","1.37","3.20","2.35","1.66","4.12","1.25","8.40","1.08","1.90","1.90"
"5916","29-01-19 20:45","England","Premier League","2018/2019","Wolves","West Ham","1.96","3.52","4.02","1.06","10.00","1.32","3.50","1.99","1.91","3.42","1.33","6.50","1.13","1.78","2.04"
"5917","20-01-19 17:00","England","Premier League","2018/2019","Fulham","Tottenham","5.40","3.74","1.70","1.05","11.00","1.26","4.00","1.90","2.00","3.24","1.37","5.95","1.14","1.83","1.98"
"5918","20-01-19 14:30","England","Premier League","2018/2019","Huddersfield","Manchester City","26.00","10.00","1.13","1.01","21.00","1.14","6.00","1.37","3.20","2.13","1.80","3.24","1.37","2.24","1.65"
"5919","19-01-19 18:30","England","Premier League","2018/2019","Arsenal","Chelsea","3.56","3.44","2.12","1.03","13.50","1.25","4.20","1.81","2.11","2.92","1.43","5.55","1.16","1.59","2.36"
"5920","19-01-19 16:00","England","Premier League","2018/2019","Bournemouth","West Ham","2.07","3.70","3.46","1.02","16.00","1.20","4.84","1.62","2.37","2.50","1.56","4.50","1.22","1.53","2.51"
"5921","19-01-19 16:00","England","Premier League","2018/2019","Liverpool","Crystal Palace","1.21","7.40","12.50","1.01","21.00","1.19","5.00","1.48","2.75","2.24","1.73","3.66","1.30","1.98","1.83"
"5922","19-01-19 16:00","England","Premier League","2018/2019","Manchester Utd","Brighton","1.32","5.40","10.00","1.03","14.00","1.23","4.40","1.64","2.31","2.61","1.52","4.96","1.19","1.95","1.86"
"5923","19-01-19 16:00","England","Premier League","2018/2019","Newcastle","Cardiff","1.93","3.20","4.74","1.08","8.60","1.33","3.44","2.18","1.76","3.84","1.28","8.00","1.09","1.91","1.89"
"5924","19-01-19 16:00","England","Premier League","2018/2019","Southampton","Everton","2.85","3.44","2.50","1.05","11.00","1.29","3.74","1.99","1.91","3.42","1.33","6.50","1.13","1.74","2.10"
"5925","19-01-19 16:00","England","Premier League","2018/2019","Watford","Burnley","1.64","3.92","5.65","1.03","13.00","1.26","4.00","1.90","2.00","3.06","1.40","5.95","1.14","1.78","2.04"
"5926","19-01-19 13:30","England","Premier League","2018/2019","Wolves","Leicester","2.27","3.20","3.44","1.11","7.00","1.51","2.63","2.57","1.53","4.80","1.20","11.00","1.05","1.91","1.89"
"5927","14-01-19 21:00","England","Premier League","2018/2019","Manchester City","Wolves","1.16","7.80","18.00","1.01","19.00","1.22","4.50","1.56","2.50","2.47","1.57","4.12","1.25","2.15","1.70"
"5928","13-01-19 17:30","England","Premier League","2018/2019","Tottenham","Manchester Utd","2.02","3.56","3.74","1.03","15.00","1.22","4.50","1.70","2.20","2.66","1.50","4.80","1.20","1.56","2.42"
"5929","13-01-19 15:15","England","Premier League","2018/2019","Everton","Bournemouth","1.71","3.94","4.94","1.03","13.00","1.22","4.50","1.70","2.20","2.66","1.50","4.80","1.20","1.70","2.15"
"5930","12-01-19 18:30","England","Premier League","2018/2019","Chelsea","Newcastle","1.19","6.90","18.00","1.03","14.00","1.19","4.94","1.54","2.53","2.36","1.62","4.36","1.23","2.22","1.66"
"5931","12-01-19 16:00","England","Premier League","2018/2019","Brighton","Liverpool","11.50","4.92","1.33","1.05","11.50","1.23","4.34","1.66","2.28","2.63","1.51","4.96","1.19","1.87","1.94"
"5932","12-01-19 16:00","England","Premier League","2018/2019","Burnley","Fulham","2.22","3.26","3.52","1.06","9.60","1.30","3.66","2.09","1.83","3.52","1.32","7.10","1.11","1.69","2.17"
"5933","12-01-19 16:00","England","Premier League","2018/2019","Cardiff","Huddersfield","2.11","3.24","3.84","1.10","7.50","1.42","2.96","2.30","1.65","4.50","1.22","9.30","1.07","1.87","1.94"
"5934","12-01-19 16:00","England","Premier League","2018/2019","Crystal Palace","Watford","2.17","3.34","3.54","1.06","10.50","1.29","3.76","1.98","1.92","3.44","1.33","6.70","1.12","1.65","2.24"
"5935","12-01-19 16:00","England","Premier League","2018/2019","Leicester","Southampton","1.85","3.36","4.94","1.08","8.60","1.37","3.22","2.29","1.70","4.12","1.25","8.60","1.08","1.87","1.94"
"5936","12-01-19 13:30","England","Premier League","2018/2019","West Ham","Arsenal","3.54","3.94","1.97","1.01","19.00","1.19","5.00","1.51","2.63","2.26","1.66","4.12","1.25","1.47","2.68"
"5937","03-01-19 21:00","England","Premier League","2018/2019","Manchester City","Liverpool","1.95","3.90","3.90","1.03","15.00","1.22","4.50","1.70","2.20","2.66","1.50","4.80","1.20","1.61","2.31"
"5938","02-01-19 21:00","England","Premier League","2018/2019","Newcastle","Manchester Utd","6.00","4.20","1.60","1.03","13.00","1.26","4.00","1.90","2.00","3.06","1.40","5.95","1.14","1.83","1.98"
"5939","02-01-19 20:45","England","Premier League","2018/2019","Bournemouth","Watford","2.60","3.48","2.88","1.01","11.00","1.19","4.60","1.72","2.29","2.65","1.47","4.70","1.15","1.57","2.54"
"5940","02-01-19 20:45","England","Premier League","2018/2019","Chelsea","Southampton","1.29","6.00","13.00","1.03","13.00","1.19","5.00","1.61","2.38","2.47","1.57","4.12","1.25","1.98","1.83"
"5941","02-01-19 20:45","England","Premier League","2018/2019","Huddersfield","Burnley","2.45","3.10","3.40","1.11","7.00","1.51","2.63","2.57","1.53","5.40","1.17","11.00","1.05","2.10","1.74"
"5942","02-01-19 20:45","England","Premier League","2018/2019","West Ham","Brighton","2.00","3.60","4.00","1.06","10.00","1.29","3.74","1.99","1.91","3.42","1.33","6.50","1.13","1.78","2.04"
"5943","02-01-19 20:45","England","Premier League","2018/2019","Wolves","Crystal Palace","2.30","3.20","3.60","1.11","7.00","1.48","2.75","2.37","1.62","4.46","1.22","9.90","1.06","1.98","1.83"
"5944","01-01-19 18:30","England","Premier League","2018/2019","Cardiff","Tottenham","9.00","5.00","1.40","1.03","13.00","1.23","4.32","1.70","2.20","2.66","1.50","4.80","1.20","1.67","2.20"
"5945","01-01-19 16:00","England","Premier League","2018/2019","Arsenal","Fulham","1.37","5.50","9.00","1.01","19.00","1.19","5.00","1.51","2.63","2.37","1.62","4.12","1.25","1.65","2.25"
"5946","01-01-19 13:30","England","Premier League","2018/2019","Everton","Leicester","2.05","3.54","4.02","1.01","11.50","1.25","3.88","1.96","1.95","3.20","1.34","6.10","1.09","1.71","2.17"
"5947","30-12-18 17:30","England","Premier League","2018/2019","Manchester Utd","Bournemouth","1.37","5.50","9.00","1.01","18.00","1.16","5.55","1.46","2.78","2.22","1.74","3.74","1.29","1.65","2.24"
"5948","30-12-18 15:15","England","Premier League","2018/2019","Burnley","West Ham","3.80","3.60","2.05","1.05","11.50","1.24","4.30","1.78","2.15","3.01","1.41","5.55","1.16","1.62","2.30"
"5949","30-12-18 15:15","England","Premier League","2018/2019","Southampton","Manchester City","13.00","7.50","1.22","","","1.14","5.95","1.36","3.26","2.06","1.85","3.15","1.38","1.73","2.11"
"5950","30-12-18 13:00","England","Premier League","2018/2019","Crystal Palace","Chelsea","5.00","3.90","1.75","1.05","11.00","1.29","3.74","1.99","1.91","3.24","1.37","6.50","1.13","1.83","1.98"
"5951","29-12-18 18:30","England","Premier League","2018/2019","Liverpool","Arsenal","1.43","5.50","6.80","1.01","20.00","1.13","6.30","1.43","2.89","2.13","1.80","3.52","1.32","1.55","2.44"
"5952","29-12-18 16:00","England","Premier League","2018/2019","Brighton","Everton","3.66","3.30","2.22","1.08","8.60","1.33","3.44","2.18","1.76","3.84","1.28","8.00","1.09","1.74","2.09"
"5953","29-12-18 16:00","England","Premier League","2018/2019","Fulham","Huddersfield","2.09","3.32","4.18","1.04","8.40","1.39","2.95","2.39","1.66","4.44","1.20","8.60","1.04","2.02","1.87"
"5954","29-12-18 16:00","England","Premier League","2018/2019","Leicester","Cardiff","1.57","3.90","7.50","1.08","9.00","1.34","3.40","2.13","1.80","3.66","1.30","7.50","1.10","2.10","1.74"
"5955","29-12-18 16:00","England","Premier League","2018/2019","Tottenham","Wolves","1.43","4.50","9.40","1.03","13.50","1.22","4.56","1.70","2.21","2.73","1.48","5.10","1.18","1.69","2.17"
"5956","29-12-18 16:00","England","Premier League","2018/2019","Watford","Newcastle","1.69","3.74","5.80","1.05","11.50","1.26","4.02","1.86","2.05","3.01","1.41","6.05","1.14","1.77","2.05"
"5957","27-12-18 20:45","England","Premier League","2018/2019","Southampton","West Ham","2.30","3.40","3.40","1.03","13.00","1.23","4.32","1.82","2.10","2.86","1.45","5.40","1.17","1.61","2.31"
"5958","26-12-18 20:30","England","Premier League","2018/2019","Watford","Chelsea","5.60","4.00","1.66","1.03","13.00","1.23","4.32","1.82","2.10","2.86","1.45","5.40","1.17","1.74","2.10"
"5959","26-12-18 18:15","England","Premier League","2018/2019","Brighton","Arsenal","5.50","3.90","1.70","1.03","13.00","1.23","4.32","1.82","2.10","2.86","1.45","5.40","1.17","1.74","2.10"
"5960","26-12-18 16:00","England","Premier League","2018/2019","Burnley","Everton","4.32","3.70","1.91","1.06","10.00","1.32","3.50","2.13","1.80","3.42","1.33","7.00","1.11","1.83","1.98"
"5961","26-12-18 16:00","England","Premier League","2018/2019","Crystal Palace","Cardiff","1.63","3.70","7.00","1.06","9.60","1.29","3.76","1.98","1.92","3.20","1.37","6.70","1.12","1.84","1.97"
"5962","26-12-18 16:00","England","Premier League","2018/2019","Leicester","Manchester City","10.00","5.75","1.33","1.03","15.00","1.19","5.00","1.61","2.38","2.47","1.57","4.46","1.22","1.98","1.83"
"5963","26-12-18 16:00","England","Premier League","2018/2019","Liverpool","Newcastle","1.17","8.00","21.00","1.02","17.00","1.16","5.50","1.48","2.75","2.24","1.73","3.66","1.30","2.31","1.61"
"5964","26-12-18 16:00","England","Premier League","2018/2019","Manchester Utd","Huddersfield","1.29","6.00","12.00","1.03","13.00","1.23","4.32","1.70","2.20","2.66","1.50","4.80","1.20","2.15","1.70"
"5965","26-12-18 16:00","England","Premier League","2018/2019","Tottenham","Bournemouth","1.35","5.50","9.50","1.01","19.00","1.16","5.50","1.48","2.75","2.26","1.66","3.78","1.29","1.74","2.10"
"5966","26-12-18 13:30","England","Premier League","2018/2019","Fulham","Wolves","3.32","3.24","2.41","1.10","7.50","1.42","2.96","2.30","1.65","4.50","1.22","9.30","1.07","1.87","1.94"
"5967","23-12-18 17:00","England","Premier League","2018/2019","Everton","Tottenham","3.40","3.70","2.15","1.03","13.00","1.23","4.32","1.82","2.10","2.86","1.45","5.40","1.17","1.61","2.31"
"5968","22-12-18 18:30","England","Premier League","2018/2019","Cardiff","Manchester Utd","6.50","4.20","1.57","1.03","13.00","1.23","4.32","1.82","2.10","2.86","1.45","5.40","1.17","1.67","2.20"
"5969","22-12-18 16:00","England","Premier League","2018/2019","Bournemouth","Brighton","2.00","3.50","4.20","1.07","9.40","1.31","3.58","2.03","1.88","3.58","1.31","7.10","1.11","1.85","1.95"
"5970","22-12-18 16:00","England","Premier League","2018/2019","Chelsea","Leicester","1.33","5.50","11.00","1.05","11.00","1.23","4.32","1.82","2.10","2.86","1.45","5.40","1.17","1.97","1.84"
"5971","22-12-18 16:00","England","Premier League","2018/2019","Huddersfield","Southampton","2.90","3.10","2.80","1.11","7.00","1.51","2.63","2.57","1.53","4.80","1.20","11.00","1.05","1.85","1.95"
"5972","22-12-18 16:00","England","Premier League","2018/2019","Manchester City","Crystal Palace","1.17","8.50","21.00","1.01","21.00","1.14","6.00","1.41","3.00","2.13","1.80","3.24","1.37","2.04","1.78"
"5973","22-12-18 16:00","England","Premier League","2018/2019","Newcastle","Fulham","2.25","3.24","3.60","1.06","10.00","1.32","3.50","2.13","1.80","3.42","1.33","7.00","1.11","1.65","2.24"
"5974","22-12-18 16:00","England","Premier League","2018/2019","West Ham","Watford","2.45","3.60","2.90","1.03","13.00","1.26","4.00","1.90","2.00","3.06","1.40","5.95","1.14","1.58","2.39"
"5975","22-12-18 13:30","England","Premier League","2018/2019","Arsenal","Burnley","1.21","7.00","16.00","","","1.13","6.45","1.37","3.22","1.98","1.92","3.20","1.37","1.82","1.99"
"5976","21-12-18 21:00","England","Premier League","2018/2019","Wolves","Liverpool","7.00","4.20","1.55","1.06","10.00","1.29","3.74","1.99","1.91","3.42","1.33","6.50","1.13","1.87","1.94"
"5977","16-12-18 17:00","England","Premier League","2018/2019","Liverpool","Manchester Utd","1.51","4.26","6.85","1.05","11.00","1.23","4.32","1.82","2.10","2.86","1.45","5.40","1.17","1.83","1.98"
"5978","16-12-18 14:30","England","Premier League","2018/2019","Brighton","Chelsea","8.40","4.44","1.43","1.06","10.00","1.29","3.74","1.99","1.91","3.42","1.33","6.50","1.13","2.00","1.81"
"5979","16-12-18 14:30","England","Premier League","2018/2019","Southampton","Arsenal","4.26","3.94","1.81","1.03","15.00","1.22","4.50","1.70","2.20","2.66","1.50","4.80","1.20","1.53","2.50"
"5980","15-12-18 18:30","England","Premier League","2018/2019","Fulham","West Ham","3.28","3.54","2.19","1.02","16.00","1.20","4.84","1.62","2.37","2.50","1.56","4.50","1.22","1.48","2.66"
"5981","15-12-18 16:00","England","Premier League","2018/2019","Crystal Palace","Leicester","2.94","3.20","2.57","1.08","8.60","1.37","3.22","2.18","1.76","3.84","1.28","8.00","1.09","1.74","2.09"
"5982","15-12-18 16:00","England","Premier League","2018/2019","Huddersfield","Newcastle","2.81","3.06","2.79","1.10","7.50","1.46","2.82","2.40","1.60","4.96","1.19","10.00","1.06","1.92","1.88"
"5983","15-12-18 16:00","England","Premier League","2018/2019","Tottenham","Burnley","1.17","7.30","18.00","1.02","18.00","1.14","5.90","1.42","2.96","2.09","1.83","3.44","1.33","1.87","1.94"
"5984","15-12-18 16:00","England","Premier League","2018/2019","Watford","Cardiff","1.67","3.74","5.65","1.05","11.00","1.26","4.00","1.90","2.00","3.06","1.40","5.95","1.14","1.83","1.98"
"5985","15-12-18 16:00","England","Premier League","2018/2019","Wolves","Bournemouth","1.89","3.46","4.50","1.06","9.70","1.30","3.70","1.96","1.94","3.52","1.32","7.10","1.11","1.74","2.09"
"5986","15-12-18 13:30","England","Premier League","2018/2019","Manchester City","Everton","1.21","7.40","12.50","1.01","21.00","1.19","5.00","1.48","2.75","2.26","1.66","3.66","1.30","1.98","1.83"
"5987","10-12-18 21:00","England","Premier League","2018/2019","Everton","Watford","1.67","3.74","5.65","1.03","13.00","1.23","4.32","1.82","2.10","2.86","1.45","5.40","1.17","1.74","2.10"
"5988","09-12-18 17:00","England","Premier League","2018/2019","Newcastle","Wolves","3.17","3.05","2.51","1.10","7.70","1.40","3.06","2.22","1.74","4.02","1.26","8.60","1.08","1.88","1.92"
"5989","08-12-18 20:45","England","Premier League","2018/2019","Leicester","Tottenham","4.32","3.50","1.95","1.06","10.00","1.34","3.40","2.13","1.80","3.66","1.30","7.50","1.10","1.67","2.20"
"5990","08-12-18 18:30","England","Premier League","2018/2019","Chelsea","Manchester City","3.60","3.50","2.15","1.03","13.00","1.23","4.32","1.82","2.10","2.86","1.45","5.40","1.17","1.53","2.50"
"5991","08-12-18 16:00","England","Premier League","2018/2019","Arsenal","Huddersfield","1.30","5.75","12.00","1.03","15.00","1.22","4.50","1.61","2.38","2.57","1.53","4.46","1.22","1.82","1.99"
"5992","08-12-18 16:00","England","Premier League","2018/2019","Burnley","Brighton","2.88","3.10","2.80","1.11","7.00","1.48","2.75","2.47","1.57","4.80","1.20","9.90","1.06","1.80","2.01"
"5993","08-12-18 16:00","England","Premier League","2018/2019","Cardiff","Southampton","3.24","3.30","2.40","1.06","9.50","1.30","3.62","2.10","1.82","3.58","1.31","7.10","1.11","1.67","2.20"
"5994","08-12-18 16:00","England","Premier League","2018/2019","Manchester Utd","Fulham","1.40","5.00","9.50","1.03","15.00","1.22","4.50","1.65","2.30","2.57","1.53","4.46","1.22","1.69","2.17"
"5995","08-12-18 16:00","England","Premier League","2018/2019","West Ham","Crystal Palace","2.30","3.40","3.40","1.06","10.00","1.29","3.74","1.99","1.91","3.42","1.33","6.50","1.13","1.62","2.30"
"5996","08-12-18 13:30","England","Premier League","2018/2019","Bournemouth","Liverpool","8.10","4.54","1.43","1.01","18.00","1.17","5.45","1.48","2.75","2.25","1.72","3.74","1.29","1.65","2.25"
"5997","05-12-18 21:00","England","Premier League","2018/2019","Manchester Utd","Arsenal","2.42","3.44","2.96","1.03","15.00","1.22","4.50","1.70","2.20","2.66","1.50","4.80","1.20","1.47","2.69"
"5998","05-12-18 21:00","England","Premier League","2018/2019","Tottenham","Southampton","1.31","5.40","10.50","1.02","17.00","1.19","5.00","1.51","2.63","2.37","1.62","4.12","1.25","1.69","2.17"
"5999","05-12-18 20:45","England","Premier League","2018/2019","Burnley","Liverpool","10.50","5.90","1.28","1.03","15.00","1.22","4.50","1.65","2.30","2.66","1.50","4.80","1.20","1.87","1.94"
"6000","05-12-18 20:45","England","Premier League","2018/2019","Everton","Newcastle","1.43","4.44","8.40","1.03","13.00","1.23","4.32","1.82","2.10","2.86","1.45","5.40","1.17","1.82","1.99"
"6001","05-12-18 20:45","England","Premier League","2018/2019","Fulham","Leicester","3.00","3.32","2.45","1.08","9.00","1.34","3.40","2.13","1.80","3.78","1.29","7.50","1.10","1.69","2.17"
"6002","05-12-18 20:45","England","Premier League","2018/2019","Wolves","Chelsea","5.85","3.82","1.64","1.05","11.00","1.29","3.74","1.99","1.91","3.24","1.37","6.50","1.13","1.74","2.09"
"6003","04-12-18 21:00","England","Premier League","2018/2019","Watford","Manchester City","8.80","5.40","1.34","1.03","15.00","1.22","4.50","1.65","2.30","2.57","1.53","4.46","1.22","1.90","1.90"
"6004","04-12-18 20:45","England","Premier League","2018/2019","Bournemouth","Huddersfield","1.70","3.62","5.65","1.05","11.00","1.29","3.74","1.99","1.91","3.42","1.33","6.50","1.13","1.83","1.98"
"6005","04-12-18 20:45","England","Premier League","2018/2019","Brighton","Crystal Palace","3.05","2.85","2.75","1.13","6.50","1.51","2.63","2.66","1.50","5.40","1.17","11.00","1.05","2.10","1.74"
"6006","04-12-18 20:45","England","Premier League","2018/2019","West Ham","Cardiff","1.63","3.96","5.65","1.03","13.00","1.23","4.32","1.82","2.10","2.86","1.45","5.40","1.17","1.78","2.04"
"6007","02-12-18 17:15","England","Premier League","2018/2019","Liverpool","Everton","1.43","4.44","8.40","1.03","13.00","1.23","4.32","1.82","2.10","2.86","1.45","5.40","1.17","1.83","1.98"
"6008","02-12-18 15:05","England","Premier League","2018/2019","Arsenal","Tottenham","2.83","3.54","2.46","1.02","18.00","1.17","5.35","1.49","2.69","2.21","1.70","3.84","1.28","1.40","2.97"
"6009","02-12-18 13:00","England","Premier League","2018/2019","Chelsea","Fulham","1.18","7.30","16.00","1.01","21.00","1.14","6.00","1.41","3.00","2.13","1.80","3.42","1.33","1.85","1.95"
"6010","01-12-18 18:30","England","Premier League","2018/2019","Southampton","Manchester Utd","4.80","3.50","1.87","1.06","10.50","1.30","3.68","2.03","1.88","3.26","1.36","6.70","1.12","1.70","2.15"
"6011","01-12-18 16:00","England","Premier League","2018/2019","Crystal Palace","Burnley","1.55","4.00","7.50","1.06","10.00","1.29","3.74","1.99","1.91","3.42","1.33","6.50","1.13","1.98","1.83"
"6012","01-12-18 16:00","England","Premier League","2018/2019","Huddersfield","Brighton","2.40","2.90","3.80","1.16","5.50","1.65","2.30","3.06","1.40","6.50","1.13","12.00","1.04","2.31","1.61"
"6013","01-12-18 16:00","England","Premier League","2018/2019","Leicester","Watford","2.35","3.30","3.40","1.08","9.00","1.34","3.40","2.13","1.80","3.66","1.30","7.50","1.10","1.83","1.98"
"6014","01-12-18 16:00","England","Premier League","2018/2019","Manchester City","Bournemouth","1.13","10.00","25.00","","","1.08","9.00","1.32","3.50","1.90","2.00","2.86","1.45","2.10","1.74"
"6015","01-12-18 16:00","England","Premier League","2018/2019","Newcastle","West Ham","2.60","3.40","2.90","1.06","10.00","1.32","3.50","2.13","1.80","3.42","1.33","7.00","1.11","1.78","2.04"
"6016","30-11-18 21:00","England","Premier League","2018/2019","Cardiff","Wolves","3.54","3.24","2.21","1.09","8.00","1.48","2.75","2.37","1.62","4.46","1.22","9.20","1.07","2.04","1.78"
"6017","26-11-18 21:30","England","Premier League","2018/2019","Burnley","Newcastle","3.28","3.05","2.44","1.08","8.60","1.37","3.22","2.29","1.70","4.12","1.25","8.60","1.08","1.91","1.89"
"6018","25-11-18 17:00","England","Premier League","2018/2019","Wolves","Huddersfield","1.58","3.70","8.30","1.10","7.70","1.35","3.32","2.22","1.74","4.02","1.26","8.60","1.08","2.20","1.67"
"6019","25-11-18 14:30","England","Premier League","2018/2019","Bournemouth","Arsenal","3.88","3.70","2.03","1.02","17.00","1.19","5.00","1.61","2.38","2.37","1.62","4.12","1.25","1.40","2.97"
"6020","24-11-18 18:30","England","Premier League","2018/2019","Tottenham","Chelsea","3.00","3.40","2.50","1.03","13.00","1.23","4.32","1.82","2.10","2.86","1.45","5.40","1.17","1.61","2.31"
"6021","24-11-18 16:00","England","Premier League","2018/2019","Brighton","Leicester","2.80","3.20","2.80","1.11","7.00","1.48","2.75","2.47","1.57","4.80","1.20","9.90","1.06","1.98","1.83"
"6022","24-11-18 16:00","England","Premier League","2018/2019","Everton","Cardiff","1.45","4.50","9.00","1.05","11.00","1.29","3.74","1.90","2.00","3.24","1.37","5.95","1.14","1.98","1.83"
"6023","24-11-18 16:00","England","Premier League","2018/2019","Fulham","Southampton","2.80","3.30","2.75","1.06","10.00","1.29","3.74","1.99","1.91","3.42","1.33","6.50","1.13","1.74","2.10"
"6024","24-11-18 16:00","England","Premier League","2018/2019","Manchester Utd","Crystal Palace","1.45","4.50","8.50","1.05","12.00","1.23","4.32","1.82","2.10","2.86","1.45","5.40","1.17","1.90","1.90"
"6025","24-11-18 16:00","England","Premier League","2018/2019","Watford","Liverpool","6.00","4.50","1.57","1.03","13.00","1.23","4.32","1.70","2.20","2.86","1.45","5.40","1.17","1.83","1.98"
"6026","24-11-18 16:00","England","Premier League","2018/2019","West Ham","Manchester City","12.00","7.00","1.25","1.01","21.00","1.14","6.00","1.41","3.00","2.13","1.80","3.42","1.33","1.90","1.90"
"6027","11-11-18 17:30","England","Premier League","2018/2019","Arsenal","Wolves","1.59","4.26","5.65","1.03","15.00","1.22","4.50","1.65","2.30","2.66","1.50","4.80","1.20","1.70","2.15"
"6028","11-11-18 17:30","England","Premier League","2018/2019","Manchester City","Manchester Utd","1.34","5.40","8.80","1.01","19.00","1.16","5.50","1.48","2.75","2.24","1.73","3.78","1.29","1.74","2.10"
"6029","11-11-18 15:15","England","Premier League","2018/2019","Chelsea","Everton","1.38","4.92","8.80","1.03","15.00","1.19","5.00","1.61","2.38","2.47","1.57","4.46","1.22","1.83","1.98"
"6030","11-11-18 13:00","England","Premier League","2018/2019","Liverpool","Fulham","1.10","12.00","29.00","1.01","26.00","1.06","10.00","1.29","3.74","1.70","2.20","2.57","1.53","2.15","1.70"
"6031","10-11-18 18:30","England","Premier League","2018/2019","Crystal Palace","Tottenham","5.80","3.94","1.62","1.03","12.50","1.26","4.02","1.86","2.05","3.01","1.41","6.05","1.14","1.63","2.27"
"6032","10-11-18 16:00","England","Premier League","2018/2019","Huddersfield","West Ham","3.56","3.26","2.20","1.08","8.60","1.37","3.22","2.18","1.76","3.84","1.28","8.00","1.09","1.82","1.99"
"6033","10-11-18 16:00","England","Premier League","2018/2019","Leicester","Burnley","1.44","4.42","8.10","1.03","13.50","1.21","4.66","1.67","2.26","2.66","1.50","4.96","1.19","1.69","2.17"
"6034","10-11-18 16:00","England","Premier League","2018/2019","Newcastle","Bournemouth","2.61","3.44","2.72","1.05","11.50","1.26","4.02","1.86","2.05","3.20","1.37","6.05","1.14","1.62","2.30"
"6035","10-11-18 16:00","England","Premier League","2018/2019","Southampton","Watford","2.16","3.34","3.56","1.06","10.50","1.29","3.76","1.98","1.92","3.20","1.37","6.70","1.12","1.65","2.24"
"6036","10-11-18 13:30","England","Premier League","2018/2019","Cardiff","Brighton","2.55","3.03","3.13","1.14","6.00","1.56","2.50","2.66","1.50","5.40","1.17","11.00","1.05","1.95","1.85"
"6037","05-11-18 21:00","England","Premier League","2018/2019","Huddersfield","Fulham","2.51","3.34","2.91","1.06","10.50","1.29","3.76","1.86","2.05","3.20","1.37","6.70","1.12","1.55","2.47"
"6038","04-11-18 17:00","England","Premier League","2018/2019","Chelsea","Crystal Palace","1.32","5.65","9.30","1.03","15.00","1.22","4.50","1.65","2.30","2.57","1.53","4.46","1.22","1.98","1.83"
"6039","04-11-18 16:00","England","Premier League","2018/2019","Manchester City","Southampton","1.11","11.00","29.00","","","1.09","8.00","1.37","3.20","1.99","1.91","3.06","1.40","2.31","1.61"
"6040","03-11-18 20:45","England","Premier League","2018/2019","Wolves","Tottenham","3.84","3.34","2.07","1.05","11.50","1.26","4.02","1.86","2.05","3.20","1.37","6.05","1.14","1.57","2.42"
"6041","03-11-18 18:30","England","Premier League","2018/2019","Arsenal","Liverpool","4.26","3.84","1.83","1.01","20.00","1.14","5.90","1.49","2.69","2.18","1.76","3.84","1.28","1.40","2.97"
"6042","03-11-18 16:00","England","Premier League","2018/2019","Cardiff","Leicester","3.72","3.34","2.11","1.06","10.50","1.30","3.66","1.98","1.92","3.44","1.33","7.10","1.11","1.69","2.17"
"6043","03-11-18 16:00","England","Premier League","2018/2019","Everton","Brighton","1.52","3.94","7.60","1.06","9.60","1.30","3.66","1.98","1.92","3.44","1.33","7.10","1.11","1.87","1.94"
"6044","03-11-18 16:00","England","Premier League","2018/2019","Newcastle","Watford","2.54","3.20","2.98","1.08","8.60","1.37","3.22","2.18","1.76","3.84","1.28","8.60","1.08","1.74","2.09"
"6045","03-11-18 16:00","England","Premier League","2018/2019","West Ham","Burnley","1.51","4.14","7.10","1.05","11.50","1.26","4.02","1.78","2.15","3.01","1.41","5.55","1.16","1.77","2.04"
"6046","03-11-18 13:30","England","Premier League","2018/2019","Bournemouth","Manchester Utd","4.26","3.68","1.87","1.03","13.00","1.26","4.00","1.90","2.00","3.06","1.40","5.95","1.14","1.57","2.42"
"6047","29-10-18 21:00","England","Premier League","2018/2019","Tottenham","Manchester City","5.35","4.24","1.61","1.03","15.00","1.22","4.50","1.65","2.30","2.57","1.53","4.80","1.20","1.65","2.24"
"6048","28-10-18 17:00","England","Premier League","2018/2019","Manchester Utd","Everton","1.77","3.64","4.92","1.05","12.00","1.23","4.32","1.82","2.10","2.86","1.45","5.40","1.17","1.57","2.42"
"6049","28-10-18 14:30","England","Premier League","2018/2019","Burnley","Chelsea","9.80","4.66","1.38","1.05","11.00","1.26","4.00","1.90","2.00","3.06","1.40","5.95","1.14","2.10","1.74"
"6050","28-10-18 14:30","England","Premier League","2018/2019","Crystal Palace","Arsenal","4.28","3.84","1.83","1.03","15.00","1.22","4.50","1.65","2.30","2.57","1.53","4.80","1.20","1.61","2.31"
"6051","27-10-18 18:30","England","Premier League","2018/2019","Leicester","West Ham","1.88","3.56","4.38","1.05","11.50","1.30","3.68","1.90","2.01","3.26","1.36","6.70","1.12","1.79","2.03"
"6052","27-10-18 16:00","England","Premier League","2018/2019","Brighton","Wolves","3.44","3.14","2.31","1.11","7.00","1.51","2.63","2.66","1.50","5.40","1.17","11.00","1.05","2.15","1.70"
"6053","27-10-18 16:00","England","Premier League","2018/2019","Fulham","Bournemouth","2.83","3.64","2.41","1.03","15.00","1.22","4.50","1.65","2.30","2.57","1.53","4.80","1.20","1.52","2.53"
"6054","27-10-18 16:00","England","Premier League","2018/2019","Liverpool","Cardiff","1.11","11.00","29.00","1.01","21.00","1.09","8.00","1.37","3.20","1.99","1.91","3.06","1.40","2.53","1.52"
"6055","27-10-18 16:00","England","Premier League","2018/2019","Southampton","Newcastle","1.97","3.34","4.26","1.09","8.00","1.41","3.00","2.35","1.66","4.12","1.25","8.40","1.08","1.98","1.83"
"6056","27-10-18 16:00","England","Premier League","2018/2019","Watford","Huddersfield","1.72","3.44","5.90","1.11","7.00","1.41","3.00","2.37","1.62","4.46","1.22","9.20","1.07","2.15","1.70"
"6057","22-10-18 21:00","England","Premier League","2018/2019","Arsenal","Leicester","1.59","4.16","5.95","1.02","17.00","1.19","5.00","1.61","2.38","2.47","1.57","4.46","1.22","1.65","2.24"
"6058","21-10-18 17:00","England","Premier League","2018/2019","Everton","Crystal Palace","1.78","3.56","5.15","1.06","10.00","1.29","3.74","2.02","1.91","3.42","1.33","6.50","1.13","1.83","1.98"
"6059","20-10-18 18:30","England","Premier League","2018/2019","Huddersfield","Liverpool","13.00","5.15","1.30","1.05","11.50","1.25","4.20","1.83","2.11","2.92","1.43","5.55","1.16","2.14","1.71"
"6060","20-10-18 16:00","England","Premier League","2018/2019","Bournemouth","Southampton","2.22","3.36","3.46","1.05","12.00","1.23","4.32","1.92","2.00","2.86","1.45","5.40","1.17","1.65","2.24"
"6061","20-10-18 16:00","England","Premier League","2018/2019","Cardiff","Fulham","2.52","3.44","2.86","1.05","12.00","1.26","4.00","1.92","2.00","3.06","1.40","5.95","1.14","1.65","2.24"
"6062","20-10-18 16:00","England","Premier League","2018/2019","Manchester City","Burnley","1.08","13.00","34.00","1.01","23.00","1.06","10.00","1.26","4.00","1.65","2.30","2.47","1.57","2.24","1.65"
"6063","20-10-18 16:00","England","Premier League","2018/2019","Newcastle","Brighton","2.18","3.22","3.76","1.11","7.00","1.51","2.63","2.57","1.53","4.80","1.20","11.00","1.05","2.10","1.74"
"6064","20-10-18 16:00","England","Premier League","2018/2019","West Ham","Tottenham","3.96","3.76","1.93","1.03","15.00","1.22","4.50","1.70","2.20","2.66","1.50","4.80","1.20","1.61","2.31"
"6065","20-10-18 16:00","England","Premier League","2018/2019","Wolves","Watford","1.73","3.54","5.65","1.08","9.00","1.34","3.40","2.15","1.80","3.66","1.30","7.00","1.11","1.90","1.90"
"6066","20-10-18 13:30","England","Premier League","2018/2019","Chelsea","Manchester Utd","1.74","3.86","4.96","1.03","13.00","1.22","4.50","1.70","2.20","2.66","1.50","4.80","1.20","1.50","2.59"
"6067","07-10-18 17:30","England","Premier League","2018/2019","Liverpool","Manchester City","2.72","3.56","2.57","1.02","16.00","1.19","5.00","1.58","2.44","2.42","1.59","4.36","1.23","1.47","2.69"
"6068","07-10-18 15:15","England","Premier League","2018/2019","Southampton","Chelsea","7.10","4.18","1.52","1.03","13.00","1.23","4.40","1.70","2.20","2.81","1.46","5.55","1.16","1.69","2.17"
"6069","07-10-18 13:00","England","Premier League","2018/2019","Fulham","Arsenal","5.50","4.36","1.60","","","1.13","6.45","1.42","2.96","2.11","1.83","3.44","1.33","1.41","2.91"
"6070","06-10-18 18:30","England","Premier League","2018/2019","Manchester Utd","Newcastle","1.37","4.70","10.50","1.04","12.00","1.23","4.40","1.70","2.20","2.81","1.46","5.55","1.16","1.89","1.91"
"6071","06-10-18 16:00","England","Premier League","2018/2019","Burnley","Huddersfield","2.33","2.97","3.70","1.14","6.00","1.61","2.38","2.86","1.45","5.95","1.14","12.00","1.04","2.24","1.65"
"6072","06-10-18 16:00","England","Premier League","2018/2019","Crystal Palace","Wolves","2.78","3.22","2.73","1.06","9.70","1.30","3.70","2.09","1.85","3.52","1.32","7.10","1.11","1.70","2.15"
"6073","06-10-18 16:00","England","Premier League","2018/2019","Leicester","Everton","2.10","3.26","3.96","1.06","10.50","1.29","3.76","2.00","1.92","3.20","1.37","6.70","1.12","1.60","2.34"
"6074","06-10-18 16:00","England","Premier League","2018/2019","Tottenham","Cardiff","1.23","6.65","14.00","1.01","18.00","1.17","5.40","1.49","2.72","2.30","1.71","3.84","1.28","1.91","1.89"
"6075","06-10-18 16:00","England","Premier League","2018/2019","Watford","Bournemouth","1.97","3.46","4.14","1.03","12.50","1.24","4.30","1.80","2.15","2.84","1.45","5.55","1.16","1.61","2.31"
"6076","05-10-18 21:00","England","Premier League","2018/2019","Brighton","West Ham","3.02","3.22","2.53","1.08","8.60","1.33","3.44","2.11","1.83","3.84","1.28","8.00","1.09","1.69","2.17"
"6077","01-10-18 21:00","England","Premier League","2018/2019","Bournemouth","Crystal Palace","2.28","3.46","3.22","1.03","13.00","1.23","4.32","1.84","2.10","2.86","1.45","5.40","1.17","1.61","2.31"
"6078","30-09-18 17:00","England","Premier League","2018/2019","Cardiff","Burnley","2.42","3.07","3.36","1.08","8.50","1.43","2.93","2.33","1.69","4.24","1.24","9.30","1.07","1.80","2.01"
"6079","29-09-18 18:30","England","Premier League","2018/2019","Chelsea","Liverpool","3.07","3.46","2.37","1.03","15.00","1.22","4.50","1.70","2.20","2.66","1.50","5.40","1.17","1.61","2.31"
"6080","29-09-18 16:00","England","Premier League","2018/2019","Arsenal","Watford","1.45","4.66","7.60","1.02","17.00","1.18","5.25","1.51","2.63","2.26","1.67","3.92","1.27","1.59","2.36"
"6081","29-09-18 16:00","England","Premier League","2018/2019","Everton","Fulham","1.63","4.16","5.45","1.02","17.00","1.19","5.00","1.61","2.38","2.47","1.57","4.46","1.22","1.65","2.24"
"6082","29-09-18 16:00","England","Premier League","2018/2019","Huddersfield","Tottenham","7.10","3.94","1.56","1.06","10.50","1.30","3.68","1.91","2.01","3.26","1.36","6.05","1.14","1.93","1.87"
"6083","29-09-18 16:00","England","Premier League","2018/2019","Manchester City","Brighton","1.08","13.00","34.00","","","1.11","7.00","1.37","3.20","2.02","1.91","3.06","1.40","2.68","1.47"
"6084","29-09-18 16:00","England","Premier League","2018/2019","Newcastle","Leicester","3.05","3.22","2.51","1.08","8.60","1.37","3.22","2.31","1.70","4.12","1.25","8.60","1.08","1.91","1.89"
"6085","29-09-18 16:00","England","Premier League","2018/2019","Wolves","Southampton","1.94","3.38","4.46","1.09","8.00","1.37","3.20","2.26","1.73","4.12","1.25","8.40","1.08","1.98","1.83"
"6086","29-09-18 13:30","England","Premier League","2018/2019","West Ham","Manchester Utd","4.26","3.56","1.92","1.05","11.00","1.29","3.74","2.02","1.91","3.24","1.37","5.95","1.14","1.60","2.33"
"6087","23-09-18 17:00","England","Premier League","2018/2019","Arsenal","Everton","1.37","5.20","8.80","1.01","22.00","1.13","6.30","1.43","2.89","2.05","1.88","3.26","1.36","1.54","2.47"
"6088","23-09-18 14:30","England","Premier League","2018/2019","West Ham","Chelsea","7.10","4.46","1.49","1.02","16.00","1.19","4.94","1.54","2.53","2.45","1.58","4.36","1.23","1.58","2.39"
"6089","22-09-18 18:30","England","Premier League","2018/2019","Brighton","Tottenham","5.75","3.96","1.64","1.03","13.00","1.23","4.32","1.84","2.10","2.86","1.45","5.40","1.17","1.74","2.10"
"6090","22-09-18 16:00","England","Premier League","2018/2019","Burnley","Bournemouth","3.36","3.40","2.38","1.01","11.50","1.27","3.78","1.99","1.97","3.26","1.34","6.15","1.10","1.74","2.19"
"6091","22-09-18 16:00","England","Premier League","2018/2019","Cardiff","Manchester City","25.00","9.00","1.14","1.01","21.00","1.14","6.00","1.37","3.20","2.02","1.91","3.06","1.40","2.10","1.74"
"6092","22-09-18 16:00","England","Premier League","2018/2019","Crystal Palace","Newcastle","2.09","3.28","3.96","1.09","8.00","1.37","3.20","2.38","1.66","4.12","1.25","8.40","1.08","1.90","1.90"
"6093","22-09-18 16:00","England","Premier League","2018/2019","Leicester","Huddersfield","1.71","3.56","5.90","1.11","7.00","1.48","2.75","2.47","1.57","4.80","1.20","9.90","1.06","2.24","1.65"
"6094","22-09-18 16:00","England","Premier League","2018/2019","Liverpool","Southampton","1.17","7.90","18.00","1.02","17.00","1.16","5.50","1.48","2.75","2.26","1.73","3.66","1.30","2.15","1.70"
"6095","22-09-18 16:00","England","Premier League","2018/2019","Manchester Utd","Wolves","1.59","3.96","6.45","1.05","11.00","1.29","3.74","2.02","1.91","3.24","1.37","6.50","1.13","1.90","1.90"
"6096","22-09-18 13:30","England","Premier League","2018/2019","Fulham","Watford","2.86","3.36","2.57","1.03","13.00","1.23","4.32","1.84","2.10","2.86","1.45","5.40","1.17","1.61","2.31"
"6097","17-09-18 21:00","England","Premier League","2018/2019","Southampton","Brighton","1.98","3.26","4.44","1.11","7.00","1.51","2.63","2.57","1.53","5.10","1.18","11.00","1.05","2.10","1.74"
"6098","16-09-18 17:00","England","Premier League","2018/2019","Everton","West Ham","1.97","3.46","4.16","1.05","11.50","1.26","4.02","1.88","2.05","3.01","1.41","6.05","1.14","1.59","2.36"
"6099","16-09-18 14:30","England","Premier League","2018/2019","Wolves","Burnley","1.73","3.54","5.65","1.09","8.00","1.36","3.24","2.38","1.66","4.12","1.25","8.40","1.08","1.85","1.95"
"6100","15-09-18 18:30","England","Premier League","2018/2019","Watford","Manchester Utd","5.50","3.46","1.76","1.06","10.50","1.26","3.98","1.97","1.95","3.20","1.37","6.70","1.12","1.64","2.26"
"6101","15-09-18 16:00","England","Premier League","2018/2019","Bournemouth","Leicester","2.53","3.36","2.91","1.06","10.50","1.30","3.72","1.97","1.95","3.20","1.37","6.70","1.12","1.60","2.33"
"6102","15-09-18 16:00","England","Premier League","2018/2019","Chelsea","Cardiff","1.13","8.90","25.00","1.01","20.00","1.13","6.35","1.46","2.79","2.23","1.75","3.58","1.31","2.22","1.66"
"6103","15-09-18 16:00","England","Premier League","2018/2019","Huddersfield","Crystal Palace","3.46","3.07","2.37","1.11","7.00","1.51","2.63","2.57","1.53","4.80","1.20","9.90","1.06","2.04","1.78"
"6104","15-09-18 16:00","England","Premier League","2018/2019","Manchester City","Fulham","1.08","13.00","39.00","1.01","41.00","1.05","11.50","1.21","4.60","1.50","2.66","2.23","1.75","1.87","1.94"
"6105","15-09-18 16:00","England","Premier League","2018/2019","Newcastle","Arsenal","4.78","3.86","1.76","1.02","15.00","1.22","4.56","1.63","2.32","2.73","1.48","4.80","1.20","1.53","2.50"
"6106","15-09-18 13:30","England","Premier League","2018/2019","Tottenham","Liverpool","3.20","3.54","2.26","1.02","16.00","1.20","4.84","1.62","2.37","2.47","1.57","4.80","1.20","1.46","2.72"
"6107","02-09-18 17:00","England","Premier League","2018/2019","Burnley","Manchester Utd","7.10","3.86","1.57","1.06","9.50","1.30","3.62","2.13","1.82","3.58","1.31","7.10","1.11","1.88","1.92"
"6108","02-09-18 17:00","England","Premier League","2018/2019","Watford","Tottenham","5.75","3.86","1.65","1.03","13.50","1.21","4.60","1.69","2.23","2.70","1.49","5.10","1.18","1.61","2.31"
"6109","02-09-18 14:30","England","Premier League","2018/2019","Cardiff","Arsenal","6.45","4.44","1.52","1.02","15.00","1.21","4.60","1.63","2.34","2.50","1.56","4.80","1.20","1.58","2.38"
"6110","01-09-18 18:30","England","Premier League","2018/2019","Manchester City","Newcastle","1.11","11.00","26.00","","","1.09","8.40","1.31","3.58","1.91","2.01","2.88","1.44","2.19","1.68"
"6111","01-09-18 16:00","England","Premier League","2018/2019","Brighton","Fulham","2.21","3.48","3.66","1.01","12.00","1.26","3.86","1.93","2.01","3.20","1.35","6.00","1.10","1.74","2.18"
"6112","01-09-18 16:00","England","Premier League","2018/2019","Chelsea","Bournemouth","1.29","5.95","10.50","1.01","22.00","1.13","6.30","1.43","2.89","2.25","1.74","3.58","1.31","1.74","2.09"
"6113","01-09-18 16:00","England","Premier League","2018/2019","Crystal Palace","Southampton","2.57","3.26","3.15","1.03","9.70","1.33","3.32","2.18","1.80","3.78","1.27","7.40","1.06","1.81","2.10"
"6114","01-09-18 16:00","England","Premier League","2018/2019","Everton","Huddersfield","1.66","3.78","6.85","1.03","9.60","1.33","3.30","2.20","1.79","3.86","1.26","7.60","1.06","2.13","1.78"
"6115","01-09-18 16:00","England","Premier League","2018/2019","West Ham","Wolves","2.59","3.36","3.04","1.03","10.00","1.33","3.32","2.15","1.82","3.78","1.27","7.30","1.06","1.81","2.09"
"6116","01-09-18 13:30","England","Premier League","2018/2019","Leicester","Liverpool","8.00","4.96","1.41","1.03","13.50","1.24","4.30","1.67","2.26","2.66","1.50","4.96","1.19","1.74","2.09"
"6117","27-08-18 21:00","England","Premier League","2018/2019","Manchester Utd","Tottenham","2.61","3.28","2.88","1.06","10.50","1.30","3.72","2.01","1.91","3.44","1.33","7.10","1.11","1.60","2.33"
"6118","26-08-18 17:00","England","Premier League","2018/2019","Fulham","Burnley","2.24","3.22","3.58","1.08","9.00","1.36","3.24","2.38","1.66","4.12","1.25","8.40","1.08","1.76","2.07"
"6119","26-08-18 17:00","England","Premier League","2018/2019","Newcastle","Chelsea","6.45","3.96","1.59","1.03","14.00","1.23","4.34","1.72","2.17","2.81","1.46","5.55","1.16","1.67","2.20"
"6120","26-08-18 14:30","England","Premier League","2018/2019","Watford","Crystal Palace","2.27","3.18","3.54","1.06","10.00","1.32","3.50","2.10","1.83","3.42","1.33","7.00","1.11","1.63","2.28"
"6121","25-08-18 18:30","England","Premier League","2018/2019","Liverpool","Brighton","1.15","8.90","19.00","1.01","20.00","1.13","6.30","1.43","2.89","2.15","1.80","3.44","1.33","2.31","1.61"
"6122","25-08-18 16:00","England","Premier League","2018/2019","Arsenal","West Ham","1.36","5.40","8.50","1.01","20.00","1.13","6.30","1.43","2.89","2.15","1.80","3.44","1.33","1.61","2.31"
"6123","25-08-18 16:00","England","Premier League","2018/2019","Bournemouth","Everton","2.76","3.46","2.60","1.03","13.50","1.25","4.20","1.76","2.11","2.88","1.44","5.55","1.16","1.57","2.41"
"6124","25-08-18 16:00","England","Premier League","2018/2019","Huddersfield","Cardiff","2.43","2.97","3.46","1.14","6.00","1.61","2.38","2.86","1.45","5.95","1.14","12.00","1.04","2.15","1.70"
"6125","25-08-18 16:00","England","Premier League","2018/2019","Southampton","Leicester","2.32","3.36","3.26","1.09","8.00","1.48","2.75","2.37","1.62","4.46","1.22","9.20","1.07","1.98","1.83"
"6126","25-08-18 13:30","England","Premier League","2018/2019","Wolves","Manchester City","11.50","5.70","1.29","1.03","13.50","1.20","4.78","1.61","2.39","2.50","1.56","4.50","1.22","1.92","1.88"
"6127","20-08-18 21:00","England","Premier League","2018/2019","Crystal Palace","Liverpool","9.00","5.20","1.36","1.02","18.00","1.17","5.30","1.54","2.53","2.32","1.64","4.24","1.24","1.64","2.26"
"6128","19-08-18 17:00","England","Premier League","2018/2019","Brighton","Manchester Utd","6.55","3.54","1.66","1.08","8.50","1.38","3.19","2.23","1.75","3.84","1.28","8.60","1.08","1.91","1.89"
"6129","19-08-18 14:30","England","Premier League","2018/2019","Burnley","Watford","2.26","3.06","3.72","1.11","6.95","1.49","2.69","2.47","1.57","4.96","1.19","11.00","1.05","1.87","1.93"
"6130","19-08-18 14:30","England","Premier League","2018/2019","Manchester City","Huddersfield","1.09","13.00","30.00","1.01","20.00","1.10","7.50","1.33","3.48","1.95","1.97","2.84","1.45","2.58","1.50"
"6131","18-08-18 18:30","England","Premier League","2018/2019","Chelsea","Arsenal","1.78","3.76","4.78","1.02","16.00","1.20","4.84","1.62","2.37","2.47","1.57","4.80","1.20","1.46","2.72"
"6132","18-08-18 16:00","England","Premier League","2018/2019","Everton","Southampton","1.76","3.46","5.50","1.07","9.30","1.34","3.38","2.17","1.79","3.58","1.31","8.00","1.09","1.80","2.01"
"6133","18-08-18 16:00","England","Premier League","2018/2019","Leicester","Wolves","2.01","3.36","4.12","1.07","9.30","1.38","3.12","2.28","1.72","3.92","1.27","8.60","1.08","1.94","1.86"
"6134","18-08-18 16:00","England","Premier League","2018/2019","Tottenham","Fulham","1.26","5.95","13.00","1.01","20.00","1.13","6.30","1.47","2.76","2.15","1.80","3.58","1.31","1.74","2.09"
"6135","18-08-18 16:00","England","Premier League","2018/2019","West Ham","Bournemouth","2.01","3.46","3.96","1.03","13.50","1.22","4.56","1.70","2.21","2.73","1.48","5.10","1.18","1.53","2.50"
"6136","18-08-18 13:30","England","Premier League","2018/2019","Cardiff","Newcastle","3.62","3.07","2.30","1.10","7.30","1.43","2.89","2.45","1.58","4.50","1.22","9.30","1.07","1.73","2.10"
"6137","12-08-18 17:00","England","Premier League","2018/2019","Arsenal","Manchester City","4.34","4.10","1.86","1.02","19.00","1.13","5.30","1.50","2.59","2.35","1.70","3.96","1.25","1.52","2.63"
"6138","12-08-18 14:30","England","Premier League","2018/2019","Liverpool","West Ham","1.26","7.00","13.00","1.02","21.00","1.10","6.25","1.39","3.00","2.10","1.87","3.38","1.32","1.94","1.94"
"6139","12-08-18 14:30","England","Premier League","2018/2019","Southampton","Burnley","2.06","3.24","4.58","1.07","7.20","1.48","2.65","2.70","1.55","5.25","1.16","10.00","1.02","2.19","1.74"
"6140","11-08-18 18:30","England","Premier League","2018/2019","Wolves","Everton","2.43","3.28","3.38","1.04","9.00","1.37","3.14","2.26","1.76","4.20","1.23","8.10","1.05","1.90","1.98"
"6141","11-08-18 16:00","England","Premier League","2018/2019","Bournemouth","Cardiff","1.90","3.70","4.64","1.01","12.50","1.25","3.96","1.92","2.02","3.20","1.35","6.10","1.10","1.80","2.10"
"6142","11-08-18 16:00","England","Premier League","2018/2019","Fulham","Crystal Palace","2.63","3.46","2.90","1.01","12.00","1.25","3.96","1.90","2.05","3.10","1.37","5.80","1.10","1.70","2.25"
"6143","11-08-18 16:00","England","Premier League","2018/2019","Huddersfield","Chelsea","7.10","4.00","1.61","1.02","11.00","1.28","3.68","2.00","1.94","3.38","1.32","6.40","1.09","2.07","1.83"
"6144","11-08-18 16:00","England","Premier League","2018/2019","Watford","Brighton","2.58","3.13","3.28","1.06","7.70","1.45","2.76","2.59","1.59","4.94","1.18","9.80","1.03","1.99","1.89"
"6145","11-08-18 13:30","England","Premier League","2018/2019","Newcastle","Tottenham","4.64","3.62","1.92","1.02","11.00","1.30","3.52","2.08","1.87","3.64","1.29","7.00","1.07","1.83","2.06"
"6146","10-08-18 21:00","England","Premier League","2018/2019","Manchester Utd","Leicester","1.59","4.04","7.40","1.03","10.00","1.31","3.46","2.10","1.87","3.64","1.29","7.00","1.07","2.10","1.80"
"6147","13-05-18 16:00","England","Premier League","2017/2018","Burnley","Bournemouth","2.40","3.50","3.14","1.04","12.50","1.22","4.00","1.80","2.10","2.86","1.39","5.15","1.11","1.65","2.34"
"6148","13-05-18 16:00","England","Premier League","2017/2018","Crystal Palace","West Brom","1.77","4.00","4.82","1.03","10.00","1.23","3.90","1.79","2.12","2.99","1.36","5.50","1.10","1.70","2.22"
"6149","13-05-18 16:00","England","Premier League","2017/2018","Huddersfield","Arsenal","5.90","4.76","1.56","1.01","13.00","1.08","6.20","1.42","3.13","2.12","1.79","3.32","1.31","1.54","2.60"
"6150","13-05-18 16:00","England","Premier League","2017/2018","Liverpool","Brighton","1.24","7.20","13.00","1.02","25.00","1.10","5.55","1.42","2.78","2.19","1.76","3.62","1.27","1.88","2.01"
"6151","13-05-18 16:00","England","Premier League","2017/2018","Manchester Utd","Watford","1.53","4.46","7.00","1.03","15.00","1.14","4.70","1.57","2.34","2.63","1.55","4.60","1.18","1.71","2.20"
"6152","13-05-18 16:00","England","Premier League","2017/2018","Newcastle","Chelsea","4.62","4.06","1.81","1.03","10.00","1.19","4.44","1.70","2.26","2.67","1.45","4.74","1.14","1.66","2.33"
"6153","13-05-18 16:00","England","Premier League","2017/2018","Southampton","Manchester City","6.35","4.70","1.54","1.03","17.00","1.12","5.15","1.50","2.52","2.53","1.59","4.20","1.21","1.66","2.33"
"6154","13-05-18 16:00","England","Premier League","2017/2018","Swansea","Stoke","2.06","3.58","3.88","1.04","9.50","1.22","4.00","1.85","2.04","2.94","1.37","5.40","1.10","1.69","2.23"
"6155","13-05-18 16:00","England","Premier League","2017/2018","Tottenham","Leicester","1.40","5.65","8.00","","","1.06","6.85","1.31","3.32","1.87","2.04","2.90","1.39","1.52","2.63"
"6156","13-05-18 16:00","England","Premier League","2017/2018","West Ham","Everton","2.36","3.40","3.28","1.04","12.50","1.23","3.98","1.86","2.07","2.95","1.38","5.45","1.10","1.64","2.33"
"6157","10-05-18 20:45","England","Premier League","2017/2018","West Ham","Manchester Utd","4.72","3.96","1.80","1.06","11.00","1.23","3.98","1.91","1.99","3.10","1.35","5.80","1.10","1.78","2.13"
"6158","09-05-18 21:00","England","Premier League","2017/2018","Manchester City","Brighton","1.20","7.50","16.00","1.01","13.00","1.08","6.40","1.35","3.10","2.07","1.84","3.20","1.33","1.97","1.90"
"6159","09-05-18 21:00","England","Premier League","2017/2018","Tottenham","Newcastle","1.23","7.50","15.00","1.02","12.00","1.10","5.80","1.43","2.83","2.32","1.71","3.78","1.27","2.13","1.78"
"6160","09-05-18 20:45","England","Premier League","2017/2018","Chelsea","Huddersfield","1.28","6.05","16.00","1.04","9.50","1.24","4.04","1.85","2.11","3.16","1.44","5.55","1.12","2.56","1.56"
"6161","09-05-18 20:45","England","Premier League","2017/2018","Leicester","Arsenal","3.92","3.90","2.00","1.02","12.00","1.13","6.00","1.55","2.74","2.17","1.69","3.64","1.25","1.46","2.89"
"6162","08-05-18 20:45","England","Premier League","2017/2018","Swansea","Southampton","3.34","3.24","2.47","1.04","9.00","1.40","2.96","2.43","1.67","4.54","1.20","8.90","1.04","2.00","1.88"
"6163","06-05-18 17:30","England","Premier League","2017/2018","Arsenal","Burnley","1.46","5.00","7.90","1.02","11.00","1.17","5.10","1.66","2.46","2.56","1.51","4.54","1.17","1.85","2.04"
"6164","06-05-18 17:30","England","Premier League","2017/2018","Chelsea","Liverpool","2.22","3.66","3.48","1.03","10.00","1.19","4.70","1.74","2.30","2.69","1.47","4.84","1.15","1.57","2.45"
"6165","06-05-18 14:30","England","Premier League","2017/2018","Manchester City","Huddersfield","1.08","15.00","34.00","","","1.07","7.70","1.23","3.98","1.71","2.24","2.55","1.49","2.73","1.50"
"6166","05-05-18 18:30","England","Premier League","2017/2018","Everton","Southampton","2.82","3.38","2.76","1.03","9.60","1.35","3.20","2.26","1.76","4.04","1.24","7.80","1.06","1.90","1.98"
"6167","05-05-18 16:00","England","Premier League","2017/2018","Bournemouth","Swansea","2.05","3.66","3.96","1.05","8.70","1.27","3.78","2.05","1.90","3.38","1.32","6.50","1.09","1.80","2.03"
"6168","05-05-18 16:00","England","Premier League","2017/2018","Leicester","West Ham","2.36","3.48","3.32","1.04","9.40","1.23","4.20","1.91","2.04","3.00","1.39","5.50","1.12","1.71","2.25"
"6169","05-05-18 16:00","England","Premier League","2017/2018","Watford","Newcastle","2.25","3.34","3.72","1.04","8.90","1.34","3.26","2.28","1.75","4.04","1.24","8.10","1.05","1.91","1.94"
"6170","05-05-18 16:00","England","Premier League","2017/2018","West Brom","Tottenham","7.10","4.44","1.51","1.03","10.00","1.18","4.60","1.76","2.19","2.69","1.45","4.90","1.14","1.84","2.02"
"6171","05-05-18 13:30","England","Premier League","2017/2018","Stoke","Crystal Palace","2.57","3.60","2.90","1.01","12.00","1.25","3.96","1.97","1.99","3.20","1.35","6.00","1.10","1.70","2.20"
"6172","04-05-18 21:00","England","Premier League","2017/2018","Brighton","Manchester Utd","5.15","3.54","1.87","1.03","10.00","1.30","3.52","2.14","1.84","3.68","1.28","7.10","1.07","1.91","1.95"
"6173","30-04-18 21:00","England","Premier League","2017/2018","Tottenham","Watford","1.19","8.90","17.00","1.01","31.00","1.08","6.70","1.35","3.20","2.07","1.90","3.20","1.35","2.19","1.74"
"6174","29-04-18 17:30","England","Premier League","2017/2018","Manchester Utd","Arsenal","1.42","5.40","8.10","1.03","21.00","1.13","5.40","1.55","2.74","2.41","1.66","4.04","1.24","1.78","2.13"
"6175","29-04-18 15:15","England","Premier League","2017/2018","West Ham","Manchester City","10.00","5.75","1.34","1.02","23.00","1.10","5.60","1.48","2.89","2.28","1.69","3.70","1.26","1.80","2.05"
"6176","28-04-18 18:30","England","Premier League","2017/2018","Swansea","Chelsea","7.90","4.84","1.47","1.03","10.00","1.22","4.30","1.87","2.10","2.91","1.41","5.40","1.13","2.01","1.85"
"6177","28-04-18 16:00","England","Premier League","2017/2018","Burnley","Brighton","2.41","3.14","3.58","1.06","7.50","1.45","2.76","2.64","1.57","5.10","1.17","10.00","1.03","2.10","1.77"
"6178","28-04-18 16:00","England","Premier League","2017/2018","Crystal Palace","Leicester","2.12","3.60","3.80","1.05","8.80","1.23","4.20","1.94","2.02","3.10","1.37","5.70","1.11","1.75","2.15"
"6179","28-04-18 16:00","England","Premier League","2017/2018","Huddersfield","Everton","2.84","3.05","3.01","1.08","7.00","1.49","2.63","2.70","1.55","5.40","1.15","10.50","1.02","2.14","1.78"
"6180","28-04-18 16:00","England","Premier League","2017/2018","Newcastle","West Brom","1.99","3.40","4.64","1.05","8.50","1.37","3.14","2.38","1.68","4.20","1.23","8.50","1.05","2.10","1.81"
"6181","28-04-18 16:00","England","Premier League","2017/2018","Southampton","Bournemouth","1.73","4.14","5.20","1.04","16.00","1.17","5.10","1.70","2.34","2.53","1.52","4.54","1.17","1.69","2.28"
"6182","28-04-18 13:30","England","Premier League","2017/2018","Liverpool","Stoke","1.31","6.20","11.50","1.02","12.00","1.13","5.40","1.48","2.65","2.44","1.65","4.04","1.24","1.97","1.92"
"6183","23-04-18 21:00","England","Premier League","2017/2018","Everton","Newcastle","2.22","3.40","3.74","1.03","9.70","1.33","3.30","2.22","1.79","3.86","1.26","7.60","1.06","1.90","1.98"
"6184","22-04-18 17:30","England","Premier League","2017/2018","Manchester City","Swansea","1.14","10.00","22.00","1.01","23.00","1.06","7.20","1.29","3.50","1.93","2.01","2.86","1.40","2.23","1.72"
"6185","22-04-18 14:30","England","Premier League","2017/2018","Arsenal","West Ham","1.53","4.70","6.80","1.03","16.00","1.14","5.20","1.53","2.50","2.61","1.58","4.40","1.21","1.70","2.26"
"6186","22-04-18 14:30","England","Premier League","2017/2018","Stoke","Burnley","2.27","3.50","3.48","1.03","9.40","1.37","3.14","2.31","1.72","4.20","1.23","8.10","1.05","1.95","1.92"
"6187","21-04-18 16:00","England","Premier League","2017/2018","Watford","Crystal Palace","3.10","3.32","2.58","1.02","10.50","1.30","3.52","2.09","1.86","3.52","1.30","6.90","1.08","1.75","2.10"
"6188","21-04-18 13:30","England","Premier League","2017/2018","West Brom","Liverpool","6.75","4.10","1.61","1.01","12.50","1.25","3.96","1.98","1.96","3.20","1.35","6.20","1.10","1.99","1.89"
"6189","19-04-18 20:45","England","Premier League","2017/2018","Burnley","Chelsea","4.46","3.64","1.95","1.03","9.80","1.32","3.38","2.22","1.79","3.86","1.26","7.30","1.06","1.95","1.89"
"6190","19-04-18 20:45","England","Premier League","2017/2018","Leicester","Southampton","2.44","3.50","3.16","1.01","12.00","1.25","3.96","1.93","2.03","3.14","1.37","5.70","1.11","1.70","2.26"
"6191","18-04-18 20:45","England","Premier League","2017/2018","Bournemouth","Manchester Utd","4.64","3.84","1.86","1.03","10.00","1.18","4.84","1.75","2.28","2.63","1.49","4.80","1.15","1.67","2.29"
"6192","17-04-18 20:45","England","Premier League","2017/2018","Brighton","Tottenham","6.40","4.34","1.60","1.03","10.00","1.20","4.54","1.80","2.20","2.76","1.45","5.10","1.14","1.80","2.05"
"6193","16-04-18 21:00","England","Premier League","2017/2018","West Ham","Stoke","2.01","3.56","4.26","1.03","9.90","1.31","3.46","2.19","1.81","3.68","1.28","7.30","1.06","1.92","1.92"
"6194","15-04-18 17:00","England","Premier League","2017/2018","Manchester Utd","West Brom","1.22","7.50","17.00","1.02","11.00","1.16","5.30","1.65","2.48","2.48","1.54","4.40","1.18","2.46","1.60"
"6195","15-04-18 14:30","England","Premier League","2017/2018","Newcastle","Arsenal","2.94","3.54","2.56","1.04","9.50","1.21","4.40","1.84","2.14","2.83","1.43","5.20","1.14","1.62","2.36"
"6196","14-04-18 20:45","England","Premier League","2017/2018","Tottenham","Manchester City","2.84","3.64","2.60","1.03","11.00","1.15","5.50","1.65","2.48","2.36","1.59","4.14","1.20","1.51","2.62"
"6197","14-04-18 18:30","England","Premier League","2017/2018","Liverpool","Bournemouth","1.24","7.40","14.50","","","1.06","7.30","1.31","3.46","1.97","1.99","2.96","1.40","1.80","2.06"
"6198","14-04-18 16:00","England","Premier League","2017/2018","Burnley","Leicester","2.71","3.20","3.02","1.05","8.30","1.38","3.05","2.45","1.65","4.40","1.21","8.80","1.04","2.00","1.87"
"6199","14-04-18 16:00","England","Premier League","2017/2018","Crystal Palace","Brighton","1.88","3.56","5.05","1.04","9.00","1.37","3.10","2.34","1.72","4.20","1.23","8.10","1.05","2.10","1.80"
"6200","14-04-18 16:00","England","Premier League","2017/2018","Huddersfield","Watford","2.71","3.16","3.05","1.05","8.70","1.37","3.14","2.34","1.70","4.20","1.23","8.10","1.05","1.91","1.92"
"6201","14-04-18 16:00","England","Premier League","2017/2018","Swansea","Everton","2.81","3.18","2.92","1.06","7.90","1.41","2.91","2.58","1.61","4.70","1.19","9.60","1.03","2.05","1.84"
"6202","14-04-18 13:30","England","Premier League","2017/2018","Southampton","Chelsea","4.66","3.86","1.86","1.04","9.50","1.22","4.30","1.91","2.06","3.00","1.39","5.70","1.11","1.75","2.13"
"6203","08-04-18 17:30","England","Premier League","2017/2018","Chelsea","West Ham","1.34","5.70","11.50","1.02","11.00","1.17","5.10","1.66","2.46","2.50","1.53","4.40","1.18","2.05","1.85"
"6204","08-04-18 15:15","England","Premier League","2017/2018","Arsenal","Southampton","1.80","3.88","5.00","1.03","10.00","1.20","4.54","1.82","2.17","2.79","1.44","5.20","1.14","1.73","2.22"
"6205","07-04-18 18:30","England","Premier League","2017/2018","Manchester City","Manchester Utd","1.88","3.74","4.68","1.01","12.00","1.24","4.04","1.96","2.00","3.15","1.36","6.00","1.10","1.81","2.05"
"6206","07-04-18 16:00","England","Premier League","2017/2018","Bournemouth","Crystal Palace","2.63","3.58","2.84","1.04","10.00","1.20","4.54","1.82","2.15","2.79","1.44","5.20","1.14","1.62","2.38"
"6207","07-04-18 16:00","England","Premier League","2017/2018","Brighton","Huddersfield","1.80","3.64","5.50","1.05","8.10","1.41","2.91","2.49","1.63","4.54","1.20","9.10","1.04","2.27","1.70"
"6208","07-04-18 16:00","England","Premier League","2017/2018","Leicester","Newcastle","1.90","3.60","4.78","1.03","10.00","1.29","3.60","2.15","1.82","3.64","1.29","7.10","1.07","1.95","1.93"
"6209","07-04-18 16:00","England","Premier League","2017/2018","Stoke","Tottenham","11.00","6.20","1.32","1.02","12.00","1.15","5.40","1.58","2.61","2.36","1.59","4.04","1.21","2.10","1.80"
"6210","07-04-18 16:00","England","Premier League","2017/2018","Watford","Burnley","2.45","3.20","3.44","1.06","8.00","1.43","2.83","2.54","1.61","4.84","1.18","9.60","1.03","2.05","1.81"
"6211","07-04-18 16:00","England","Premier League","2017/2018","West Brom","Swansea","2.45","3.24","3.38","1.05","8.50","1.36","3.15","2.38","1.68","4.20","1.23","8.50","1.05","2.00","1.87"
"6212","07-04-18 13:30","England","Premier League","2017/2018","Everton","Liverpool","3.78","3.54","2.15","1.02","10.50","1.29","3.60","2.13","1.85","3.60","1.29","6.90","1.08","1.80","2.04"
"6213","01-04-18 17:00","England","Premier League","2017/2018","Chelsea","Tottenham","2.36","3.40","3.40","1.04","9.40","1.24","4.04","1.88","2.09","3.00","1.39","5.70","1.11","1.67","2.27"
"6214","01-04-18 14:30","England","Premier League","2017/2018","Arsenal","Stoke","1.33","6.00","11.00","1.02","12.00","1.12","5.50","1.47","2.69","2.34","1.70","3.96","1.25","1.85","2.04"
"6215","31-03-18 18:30","England","Premier League","2017/2018","Everton","Manchester City","9.40","5.50","1.38","1.03","11.00","1.17","5.10","1.70","2.34","2.63","1.49","4.70","1.16","2.06","1.83"
"6216","31-03-18 16:00","England","Premier League","2017/2018","Brighton","Leicester","2.81","3.28","2.84","1.03","10.00","1.29","3.60","2.15","1.82","3.60","1.29","7.10","1.07","1.84","2.05"
"6217","31-03-18 16:00","England","Premier League","2017/2018","Manchester Utd","Swansea","1.25","6.80","15.00","1.03","11.00","1.20","4.54","1.76","2.24","2.72","1.46","4.84","1.15","2.48","1.59"
"6218","31-03-18 16:00","England","Premier League","2017/2018","Newcastle","Huddersfield","1.79","3.72","5.40","1.04","9.10","1.35","3.20","2.32","1.71","4.04","1.24","8.10","1.05","2.15","1.77"
"6219","31-03-18 16:00","England","Premier League","2017/2018","Watford","Bournemouth","2.35","3.50","3.32","1.04","9.40","1.21","4.40","1.86","2.09","2.88","1.42","5.40","1.13","1.66","2.32"
"6220","31-03-18 16:00","England","Premier League","2017/2018","West Brom","Burnley","2.67","3.15","3.13","1.06","7.60","1.43","2.83","2.64","1.57","4.84","1.18","9.80","1.03","2.14","1.78"
"6221","31-03-18 16:00","England","Premier League","2017/2018","West Ham","Southampton","2.88","3.26","2.79","1.03","9.20","1.34","3.26","2.27","1.74","3.96","1.25","7.80","1.06","1.91","1.91"
"6222","31-03-18 13:30","England","Premier League","2017/2018","Crystal Palace","Liverpool","6.60","4.80","1.53","1.02","12.00","1.15","5.50","1.62","2.51","2.43","1.56","4.24","1.19","1.73","2.22"
"6223","17-03-18 18:30","England","Premier League","2017/2018","Liverpool","Watford","1.19","9.00","17.00","","","1.08","6.90","1.33","3.30","2.05","1.92","3.14","1.37","2.05","1.84"
"6224","17-03-18 16:00","England","Premier League","2017/2018","Bournemouth","West Brom","1.82","3.84","4.92","1.01","12.00","1.25","3.96","2.00","1.94","3.32","1.33","6.30","1.09","1.82","2.00"
"6225","17-03-18 16:00","England","Premier League","2017/2018","Huddersfield","Crystal Palace","2.79","3.24","2.90","1.04","8.80","1.35","3.20","2.34","1.70","4.20","1.23","8.10","1.05","1.96","1.93"
"6226","17-03-18 16:00","England","Premier League","2017/2018","Stoke","Everton","2.82","3.24","2.86","1.04","9.10","1.35","3.20","2.30","1.74","4.04","1.24","7.80","1.06","1.91","1.95"
"6227","12-03-18 21:00","England","Premier League","2017/2018","Stoke","Manchester City","14.50","7.00","1.25","1.01","9.60","1.12","5.50","1.46","2.72","2.35","1.71","3.96","1.25","2.09","1.81"
"6228","11-03-18 17:00","England","Premier League","2017/2018","Bournemouth","Tottenham","7.60","5.00","1.47","1.01","9.60","1.14","5.70","1.59","2.59","2.32","1.61","4.04","1.21","1.73","2.21"
"6229","11-03-18 14:30","England","Premier League","2017/2018","Arsenal","Watford","1.55","4.54","6.85","1.01","9.50","1.13","5.30","1.52","2.53","2.47","1.64","4.24","1.22","1.66","2.29"
"6230","10-03-18 18:30","England","Premier League","2017/2018","Chelsea","Crystal Palace","1.34","5.50","12.50","1.02","9.00","1.17","5.10","1.71","2.35","2.56","1.51","4.60","1.17","2.16","1.76"
"6231","10-03-18 16:00","England","Premier League","2017/2018","Everton","Brighton","2.30","3.32","3.60","1.03","9.20","1.34","3.26","2.26","1.76","3.96","1.25","7.80","1.06","1.97","1.91"
"6232","10-03-18 16:00","England","Premier League","2017/2018","Huddersfield","Swansea","2.56","3.10","3.34","1.06","7.30","1.46","2.72","2.69","1.57","5.10","1.17","10.50","1.03","2.15","1.75"
"6233","10-03-18 16:00","England","Premier League","2017/2018","Newcastle","Southampton","2.73","3.18","3.02","1.04","8.90","1.35","3.20","2.30","1.74","4.04","1.24","8.10","1.05","1.99","1.89"
"6234","10-03-18 16:00","England","Premier League","2017/2018","West Brom","Leicester","3.24","3.52","2.38","1.03","10.00","1.31","3.46","2.21","1.80","3.78","1.27","7.30","1.06","1.90","1.98"
"6235","10-03-18 16:00","England","Premier League","2017/2018","West Ham","Burnley","2.27","3.22","3.82","1.06","7.90","1.39","3.00","2.53","1.63","4.54","1.20","9.10","1.04","2.10","1.79"
"6236","10-03-18 13:30","England","Premier League","2017/2018","Manchester Utd","Liverpool","3.06","3.30","2.61","1.02","11.00","1.25","3.96","2.00","1.96","3.20","1.35","6.20","1.10","1.73","2.16"
"6237","05-03-18 21:00","England","Premier League","2017/2018","Crystal Palace","Manchester Utd","8.10","4.80","1.47","1.04","7.90","1.25","3.96","1.95","2.01","3.15","1.36","6.00","1.10","2.15","1.74"
"6238","04-03-18 17:00","England","Premier League","2017/2018","Manchester City","Chelsea","1.54","4.84","6.35","1.02","9.80","1.15","5.40","1.64","2.47","2.45","1.55","4.24","1.19","1.75","2.17"
"6239","04-03-18 14:30","England","Premier League","2017/2018","Brighton","Arsenal","4.30","3.74","1.95","1.04","7.70","1.23","4.20","1.92","2.02","3.10","1.37","6.00","1.10","1.75","2.10"
"6240","03-03-18 18:30","England","Premier League","2017/2018","Liverpool","Newcastle","1.23","7.60","15.00","1.01","10.00","1.09","6.50","1.37","3.10","2.16","1.83","3.38","1.32","2.04","1.85"
"6241","03-03-18 16:00","England","Premier League","2017/2018","Leicester","Bournemouth","1.94","3.68","4.44","1.03","8.00","1.22","4.30","1.88","2.07","3.00","1.39","5.70","1.11","1.71","2.20"
"6242","03-03-18 16:00","England","Premier League","2017/2018","Southampton","Stoke","1.76","3.82","5.50","1.03","10.00","1.31","3.46","2.19","1.79","3.78","1.27","7.60","1.06","2.05","1.83"
"6243","03-03-18 16:00","England","Premier League","2017/2018","Swansea","West Ham","2.63","3.14","3.18","1.06","7.50","1.46","2.72","2.64","1.57","5.10","1.17","10.50","1.03","2.15","1.76"
"6244","03-03-18 16:00","England","Premier League","2017/2018","Tottenham","Huddersfield","1.19","8.30","19.00","1.01","9.70","1.11","5.70","1.44","2.79","2.32","1.71","3.78","1.27","2.59","1.55"
"6245","03-03-18 16:00","England","Premier League","2017/2018","Watford","West Brom","2.40","3.24","3.48","1.04","8.90","1.34","3.26","2.31","1.72","4.04","1.24","7.80","1.06","1.99","1.89"
"6246","03-03-18 13:30","England","Premier League","2017/2018","Burnley","Everton","2.62","2.99","3.38","1.10","6.20","1.59","2.36","3.13","1.44","6.60","1.11","","","2.38","1.62"
"6247","01-03-18 20:45","England","Premier League","2017/2018","Arsenal","Manchester City","4.56","4.30","1.78","1.01","10.00","1.11","5.70","1.44","2.79","2.32","1.73","3.78","1.27","1.54","2.63"
"6248","25-02-18 15:05","England","Premier League","2017/2018","Manchester Utd","Chelsea","2.45","3.24","3.38","1.03","9.80","1.31","3.46","2.16","1.83","3.64","1.29","7.10","1.07","1.86","2.00"
"6249","25-02-18 13:00","England","Premier League","2017/2018","Crystal Palace","Tottenham","9.40","5.60","1.38","1.02","9.00","1.17","5.10","1.68","2.38","2.56","1.51","4.60","1.17","2.00","1.88"
"6250","24-02-18 18:30","England","Premier League","2017/2018","Watford","Everton","2.48","3.24","3.32","1.03","9.70","1.31","3.46","2.18","1.80","3.68","1.28","7.30","1.06","1.82","2.05"
"6251","24-02-18 16:00","England","Premier League","2017/2018","Bournemouth","Newcastle","2.03","3.64","4.08","1.04","8.00","1.24","4.04","1.92","2.03","3.10","1.37","6.00","1.10","1.70","2.20"
"6252","24-02-18 16:00","England","Premier League","2017/2018","Brighton","Swansea","2.10","3.24","4.38","1.07","7.10","1.46","2.72","2.76","1.53","5.30","1.16","10.50","1.02","2.28","1.65"
"6253","24-02-18 16:00","England","Premier League","2017/2018","Burnley","Southampton","3.34","3.08","2.57","1.07","7.20","1.44","2.79","2.70","1.55","5.10","1.17","10.50","1.03","2.10","1.76"
"6254","24-02-18 16:00","England","Premier League","2017/2018","Liverpool","West Ham","1.26","7.10","13.00","1.01","10.00","1.10","6.20","1.40","2.96","2.23","1.78","3.60","1.29","1.98","1.90"
"6255","24-02-18 16:00","England","Premier League","2017/2018","West Brom","Huddersfield","1.92","3.48","4.88","1.06","7.90","1.40","2.96","2.51","1.62","4.54","1.20","9.10","1.04","2.20","1.72"
"6256","24-02-18 13:30","England","Premier League","2017/2018","Leicester","Stoke","1.75","3.92","5.40","1.01","12.50","1.24","4.04","1.93","2.01","3.15","1.36","6.00","1.10","1.82","2.05"
"6257","12-02-18 21:00","England","Premier League","2017/2018","Chelsea","West Brom","1.35","5.35","12.00","1.05","12.00","1.21","4.40","1.85","2.13","2.91","1.41","5.50","1.12","2.20","1.73"
"6258","11-02-18 17:30","England","Premier League","2017/2018","Southampton","Liverpool","5.10","3.98","1.77","1.03","8.10","1.21","4.40","1.83","2.13","2.88","1.42","5.30","1.13","1.74","2.19"
"6259","11-02-18 15:15","England","Premier League","2017/2018","Newcastle","Manchester Utd","6.50","4.14","1.62","1.04","8.00","1.22","4.24","1.90","2.07","3.00","1.39","5.50","1.12","1.91","1.96"
"6260","11-02-18 13:00","England","Premier League","2017/2018","Huddersfield","Bournemouth","3.20","3.40","2.47","1.03","9.60","1.34","3.26","2.24","1.78","3.96","1.25","7.60","1.06","1.91","1.97"
"6261","10-02-18 18:30","England","Premier League","2017/2018","Manchester City","Leicester","1.26","6.70","14.50","1.01","9.70","1.10","6.20","1.41","2.91","2.25","1.77","3.60","1.29","1.92","1.97"
"6262","10-02-18 16:00","England","Premier League","2017/2018","Everton","Crystal Palace","2.19","3.28","3.98","1.05","8.30","1.37","3.10","2.46","1.66","4.40","1.21","8.80","1.04","2.06","1.83"
"6263","10-02-18 16:00","England","Premier League","2017/2018","Stoke","Brighton","2.37","3.30","3.48","1.04","9.10","1.33","3.32","2.28","1.75","3.96","1.25","7.80","1.06","1.95","1.93"
"6264","10-02-18 16:00","England","Premier League","2017/2018","Swansea","Burnley","2.44","3.06","3.64","1.08","6.80","1.52","2.53","2.89","1.50","5.70","1.14","12.00","1.01","2.27","1.66"
"6265","10-02-18 16:00","England","Premier League","2017/2018","West Ham","Watford","2.43","3.38","3.28","1.02","10.50","1.29","3.60","2.08","1.89","3.46","1.31","6.70","1.08","1.80","2.09"
"6266","10-02-18 13:30","England","Premier League","2017/2018","Tottenham","Arsenal","1.99","3.90","3.94","1.02","10.00","1.13","6.10","1.55","2.74","2.17","1.69","3.64","1.25","1.47","2.75"
"6267","05-02-18 21:00","England","Premier League","2017/2018","Watford","Chelsea","6.75","4.50","1.56","1.03","8.40","1.21","4.40","1.83","2.13","2.88","1.42","5.30","1.13","1.91","1.95"
"6268","04-02-18 17:30","England","Premier League","2017/2018","Liverpool","Tottenham","2.04","3.86","3.80","1.02","9.80","1.13","5.30","1.58","2.64","2.51","1.62","4.24","1.22","1.54","2.59"
"6269","04-02-18 15:15","England","Premier League","2017/2018","Crystal Palace","Newcastle","2.14","3.34","4.06","1.03","9.30","1.32","3.38","2.24","1.76","3.86","1.26","7.60","1.06","1.91","1.94"
"6270","03-02-18 18:30","England","Premier League","2017/2018","Arsenal","Everton","1.36","5.70","9.70","1.01","9.50","1.14","5.60","1.61","2.58","2.34","1.60","4.04","1.21","1.94","1.94"
"6271","03-02-18 16:00","England","Premier League","2017/2018","Bournemouth","Stoke","1.96","3.66","4.34","1.01","12.50","1.23","4.20","1.94","2.02","3.14","1.37","6.00","1.10","1.76","2.11"
"6272","03-02-18 16:00","England","Premier League","2017/2018","Brighton","West Ham","2.33","3.13","3.80","1.07","7.10","1.46","2.72","2.71","1.56","5.10","1.17","10.50","1.02","2.20","1.73"
"6273","03-02-18 16:00","England","Premier League","2017/2018","Leicester","Swansea","1.87","3.60","5.05","1.03","9.60","1.31","3.46","2.23","1.78","3.86","1.26","7.60","1.06","2.05","1.85"
"6274","03-02-18 16:00","England","Premier League","2017/2018","Manchester Utd","Huddersfield","1.23","7.00","18.00","1.02","9.00","1.18","4.84","1.71","2.35","2.59","1.50","4.54","1.17","2.38","1.62"
"6275","03-02-18 16:00","England","Premier League","2017/2018","West Brom","Southampton","2.86","3.18","2.87","1.05","8.30","1.38","3.05","2.46","1.66","4.40","1.21","8.80","1.04","2.02","1.86"
"6276","03-02-18 13:30","England","Premier League","2017/2018","Burnley","Manchester City","12.00","5.80","1.32","1.03","8.60","1.18","4.84","1.73","2.29","2.76","1.54","4.80","1.15","2.19","1.74"
"6277","31-01-18 21:00","England","Premier League","2017/2018","Manchester City","West Brom","1.16","9.70","21.00","1.01","15.00","1.08","6.70","1.35","3.20","2.09","1.88","3.20","1.35","2.43","1.62"
"6278","31-01-18 21:00","England","Premier League","2017/2018","Stoke","Watford","2.20","3.52","3.64","1.02","11.00","1.26","3.86","2.02","1.94","3.26","1.34","6.30","1.09","1.77","2.10"
"6279","31-01-18 21:00","England","Premier League","2017/2018","Tottenham","Manchester Utd","2.50","3.46","3.09","1.04","9.50","1.22","4.30","1.89","2.08","2.96","1.40","5.50","1.12","1.67","2.20"
"6280","31-01-18 20:45","England","Premier League","2017/2018","Chelsea","Bournemouth","1.39","5.10","10.50","1.02","11.00","1.18","4.84","1.70","2.34","2.63","1.49","4.70","1.16","1.98","1.90"
"6281","31-01-18 20:45","England","Premier League","2017/2018","Everton","Leicester","2.78","3.22","2.92","1.04","8.80","1.37","3.14","2.35","1.71","4.20","1.23","8.10","1.05","2.00","1.88"
"6282","31-01-18 20:45","England","Premier League","2017/2018","Newcastle","Burnley","2.31","3.16","3.80","1.06","7.60","1.44","2.79","2.63","1.59","4.84","1.18","9.80","1.03","2.27","1.70"
"6283","31-01-18 20:45","England","Premier League","2017/2018","Southampton","Brighton","1.83","3.52","5.50","1.05","8.10","1.39","3.00","2.47","1.64","4.54","1.20","8.80","1.04","2.20","1.69"
"6284","30-01-18 21:00","England","Premier League","2017/2018","Huddersfield","Liverpool","11.00","5.60","1.34","1.02","11.00","1.17","5.10","1.68","2.38","2.53","1.52","4.54","1.17","2.09","1.82"
"6285","30-01-18 20:45","England","Premier League","2017/2018","Swansea","Arsenal","6.75","4.40","1.57","1.03","10.00","1.22","4.30","1.86","2.12","2.91","1.41","5.40","1.13","1.91","1.91"
"6286","30-01-18 20:45","England","Premier League","2017/2018","West Ham","Crystal Palace","3.05","3.30","2.62","1.03","9.60","1.33","3.30","2.23","1.78","3.86","1.26","7.60","1.06","1.90","1.98"
"6287","22-01-18 21:00","England","Premier League","2017/2018","Swansea","Liverpool","11.50","6.10","1.32","1.01","17.00","1.14","5.60","1.61","2.58","2.34","1.60","4.04","1.21","1.97","1.92"
"6288","21-01-18 17:00","England","Premier League","2017/2018","Southampton","Tottenham","4.68","3.84","1.86","1.02","14.00","1.20","4.54","1.80","2.18","2.78","1.45","5.10","1.14","1.71","2.20"
"6289","20-01-18 18:30","England","Premier League","2017/2018","Manchester City","Newcastle","1.13","11.00","28.00","1.01","34.00","1.06","7.60","1.30","3.52","1.94","2.02","2.91","1.41","2.30","1.67"
"6290","20-01-18 16:00","England","Premier League","2017/2018","Arsenal","Crystal Palace","1.50","4.80","7.30","1.01","16.00","1.13","5.30","1.52","2.53","2.53","1.63","4.30","1.22","1.73","2.15"
"6291","20-01-18 16:00","England","Premier League","2017/2018","Burnley","Manchester Utd","7.40","4.04","1.59","1.03","10.00","1.34","3.26","2.25","1.77","3.96","1.25","7.80","1.06","2.38","1.63"
"6292","20-01-18 16:00","England","Premier League","2017/2018","Everton","West Brom","2.49","3.05","3.54","1.08","7.00","1.50","2.59","2.82","1.53","5.60","1.14","12.00","1.01","2.35","1.62"
"6293","20-01-18 16:00","England","Premier League","2017/2018","Leicester","Watford","1.80","3.94","4.92","1.02","13.00","1.21","4.40","1.84","2.14","2.88","1.42","5.40","1.13","1.78","2.10"
"6294","20-01-18 16:00","England","Premier League","2017/2018","Stoke","Huddersfield","2.07","3.46","4.16","1.03","9.90","1.31","3.46","2.11","1.86","3.68","1.28","7.10","1.07","1.93","1.95"
"6295","20-01-18 16:00","England","Premier League","2017/2018","West Ham","Bournemouth","2.34","3.40","3.44","1.03","12.50","1.22","4.30","1.83","2.13","2.88","1.42","5.40","1.13","1.71","2.20"
"6296","20-01-18 13:30","England","Premier League","2017/2018","Brighton","Chelsea","6.70","3.80","1.67","1.03","10.00","1.33","3.30","2.30","1.74","4.04","1.24","7.80","1.06","2.20","1.69"
"6297","15-01-18 21:00","England","Premier League","2017/2018","Manchester Utd","Stoke","1.22","7.50","17.00","1.01","19.00","1.11","5.70","1.43","2.83","2.26","1.76","3.68","1.28","2.06","1.76"
"6298","14-01-18 17:00","England","Premier League","2017/2018","Liverpool","Manchester City","3.22","3.66","2.34","1.01","17.00","1.13","5.40","1.51","2.56","2.49","1.65","4.20","1.23","1.50","2.63"
"6299","14-01-18 14:30","England","Premier League","2017/2018","Bournemouth","Arsenal","3.82","3.76","2.06","1.01","16.00","1.18","4.84","1.73","2.29","2.74","1.55","4.70","1.16","1.58","2.38"
"6300","13-01-18 18:30","England","Premier League","2017/2018","Tottenham","Everton","1.30","6.10","12.50","1.01","16.00","1.17","5.10","1.70","2.37","2.56","1.51","4.54","1.17","2.18","1.74"
"6301","13-01-18 16:00","England","Premier League","2017/2018","Chelsea","Leicester","1.33","5.55","12.50","1.01","16.00","1.15","4.84","1.57","2.41","2.60","1.60","4.40","1.21","2.00","1.82"
"6302","13-01-18 16:00","England","Premier League","2017/2018","Crystal Palace","Burnley","2.29","3.18","3.82","1.06","8.00","1.40","2.96","2.50","1.64","4.54","1.20","9.10","1.04","2.16","1.75"
"6303","13-01-18 16:00","England","Premier League","2017/2018","Huddersfield","West Ham","2.89","3.18","2.84","1.06","8.00","1.41","2.91","2.50","1.64","4.54","1.20","9.10","1.04","2.10","1.80"
"6304","13-01-18 16:00","England","Premier League","2017/2018","Newcastle","Swansea","1.78","3.78","5.40","1.05","8.60","1.40","2.96","2.46","1.66","4.54","1.20","8.80","1.04","2.25","1.64"
"6305","13-01-18 16:00","England","Premier League","2017/2018","Watford","Southampton","2.69","3.36","2.92","1.03","12.00","1.23","4.20","1.93","2.03","3.00","1.39","5.70","1.11","1.71","2.20"
"6306","13-01-18 16:00","England","Premier League","2017/2018","West Brom","Brighton","2.17","3.18","4.22","1.10","7.20","1.62","2.54","2.76","1.45","5.50","1.12","10.00","1.03","2.38","1.59"
"6307","04-01-18 21:00","England","Premier League","2017/2018","Tottenham","West Ham","1.31","6.20","11.50","1.01","9.60","1.12","5.50","1.54","2.76","2.44","1.65","4.04","1.24","1.98","1.90"
"6308","03-01-18 20:45","England","Premier League","2017/2018","Arsenal","Chelsea","3.32","3.48","2.36","1.04","9.50","1.20","4.54","1.82","2.17","2.78","1.45","5.20","1.14","1.69","2.25"
"6309","02-01-18 21:00","England","Premier League","2017/2018","Manchester City","Watford","1.13","11.50","25.00","1.01","34.00","1.07","8.00","1.26","3.86","1.84","2.14","2.69","1.47","2.10","1.79"
"6310","02-01-18 20:45","England","Premier League","2017/2018","Southampton","Crystal Palace","2.14","3.40","3.98","1.02","10.50","1.29","3.60","2.14","1.84","3.52","1.30","6.90","1.08","1.93","1.91"
"6311","02-01-18 20:45","England","Premier League","2017/2018","Swansea","Tottenham","9.10","4.50","1.47","1.04","9.50","1.23","4.20","1.91","2.06","3.00","1.39","5.70","1.11","2.09","1.81"
"6312","02-01-18 20:45","England","Premier League","2017/2018","West Ham","West Brom","2.20","3.30","3.92","1.06","7.60","1.50","2.59","2.74","1.55","5.40","1.15","11.00","1.02","2.27","1.67"
"6313","01-01-18 18:30","England","Premier League","2017/2018","Everton","Manchester Utd","5.65","3.82","1.74","1.03","9.50","1.37","3.10","2.34","1.72","4.24","1.22","8.50","1.05","2.20","1.69"
"6314","01-01-18 16:00","England","Premier League","2017/2018","Burnley","Liverpool","6.15","3.94","1.68","1.02","11.00","1.28","3.68","2.09","1.88","3.52","1.30","6.70","1.08","2.00","1.82"
"6315","01-01-18 16:00","England","Premier League","2017/2018","Leicester","Huddersfield","1.84","3.56","5.30","1.02","11.00","1.29","3.64","2.14","1.84","3.60","1.29","7.10","1.07","2.00","1.80"
"6316","01-01-18 16:00","England","Premier League","2017/2018","Stoke","Newcastle","2.34","3.32","3.52","1.04","9.00","1.28","3.68","2.05","1.92","3.38","1.32","6.50","1.09","1.84","2.00"
"6317","01-01-18 13:30","England","Premier League","2017/2018","Brighton","Bournemouth","2.46","3.13","3.50","1.05","8.40","1.41","2.91","2.50","1.64","4.54","1.20","9.20","1.03","2.12","1.75"
"6318","31-12-17 17:30","England","Premier League","2017/2018","West Brom","Arsenal","5.60","4.32","1.66","1.04","9.50","1.20","4.54","1.81","2.19","2.79","1.44","5.10","1.14","1.78","2.10"
"6319","31-12-17 13:00","England","Premier League","2017/2018","Crystal Palace","Manchester City","11.00","6.00","1.33","1.01","13.00","1.11","5.70","1.43","2.83","2.25","1.77","3.78","1.27","1.78","2.04"
"6320","30-12-17 18:30","England","Premier League","2017/2018","Manchester Utd","Southampton","1.38","5.40","9.90","1.03","10.50","1.18","4.84","1.74","2.27","2.69","1.47","4.84","1.15","2.05","1.81"
"6321","30-12-17 16:00","England","Premier League","2017/2018","Bournemouth","Everton","2.48","3.24","3.34","1.03","9.60","1.37","3.14","2.29","1.73","4.04","1.24","8.10","1.05","1.97","1.92"
"6322","30-12-17 16:00","England","Premier League","2017/2018","Chelsea","Stoke","1.15","10.50","22.00","1.01","21.00","1.09","6.50","1.37","3.14","2.08","1.89","3.26","1.34","2.36","1.65"
"6323","30-12-17 16:00","England","Premier League","2017/2018","Huddersfield","Burnley","2.47","3.06","3.56","1.08","7.00","1.51","2.56","2.91","1.49","5.70","1.14","12.00","1.01","2.34","1.62"
"6324","30-12-17 16:00","England","Premier League","2017/2018","Liverpool","Leicester","1.30","6.90","9.90","1.01","17.00","1.06","7.60","1.30","3.52","1.95","2.01","2.91","1.41","1.74","2.20"
"6325","30-12-17 16:00","England","Premier League","2017/2018","Newcastle","Brighton","2.16","3.26","4.12","1.05","8.40","1.39","3.00","2.51","1.62","4.54","1.20","9.10","1.04","2.17","1.75"
"6326","30-12-17 16:00","England","Premier League","2017/2018","Watford","Swansea","1.83","3.70","5.10","1.02","10.50","1.31","3.46","2.16","1.81","3.78","1.27","7.30","1.06","2.04","1.80"
"6327","28-12-17 21:00","England","Premier League","2017/2018","Crystal Palace","Arsenal","4.68","4.32","1.76","1.02","10.50","1.15","5.50","1.62","2.51","2.38","1.58","4.14","1.20","1.61","2.38"
"6328","27-12-17 20:45","England","Premier League","2017/2018","Newcastle","Manchester City","12.50","7.20","1.26","1.01","13.00","1.10","6.00","1.41","2.91","2.19","1.81","3.60","1.29","1.92","1.97"
"6329","26-12-17 18:30","England","Premier League","2017/2018","Liverpool","Swansea","1.18","9.80","17.00","1.01","17.00","1.07","7.10","1.32","3.38","2.02","1.94","3.05","1.38","2.22","1.72"
"6330","26-12-17 16:00","England","Premier League","2017/2018","Bournemouth","West Ham","2.61","3.28","3.10","1.03","9.20","1.34","3.26","2.26","1.75","3.96","1.25","7.80","1.06","1.88","2.00"
"6331","26-12-17 16:00","England","Premier League","2017/2018","Chelsea","Brighton","1.20","8.10","18.00","1.02","11.00","1.18","4.84","1.70","2.37","2.59","1.50","4.60","1.17","2.78","1.49"
"6332","26-12-17 16:00","England","Premier League","2017/2018","Huddersfield","Stoke","2.42","3.18","3.52","1.05","8.70","1.41","2.91","2.44","1.65","4.54","1.20","9.10","1.04","1.98","1.90"
"6333","26-12-17 16:00","England","Premier League","2017/2018","Manchester Utd","Burnley","1.28","6.45","13.00","1.03","10.00","1.21","4.40","1.82","2.17","2.88","1.42","5.30","1.13","2.50","1.58"
"6334","26-12-17 16:00","England","Premier League","2017/2018","Watford","Leicester","2.75","3.48","2.77","1.04","9.50","1.19","4.70","1.79","2.19","2.72","1.46","5.00","1.14","1.64","2.26"
"6335","26-12-17 16:00","England","Premier League","2017/2018","West Brom","Everton","2.38","3.20","3.58","1.06","7.50","1.47","2.69","2.70","1.55","5.30","1.16","10.50","1.02","2.25","1.67"
"6336","26-12-17 13:30","England","Premier League","2017/2018","Tottenham","Southampton","1.36","5.80","9.50","1.02","11.00","1.18","4.84","1.70","2.34","2.63","1.49","4.70","1.16","2.02","1.80"
"6337","23-12-17 20:45","England","Premier League","2017/2018","Leicester","Manchester Utd","4.26","3.70","1.97","","","1.27","3.78","1.96","2.00","3.30","1.33","6.30","1.09","1.80","2.10"
"6338","23-12-17 18:30","England","Premier League","2017/2018","Burnley","Tottenham","6.70","4.28","1.59","1.01","12.00","1.27","3.78","2.03","1.93","3.38","1.32","6.30","1.09","2.10","1.80"
"6339","23-12-17 16:00","England","Premier League","2017/2018","Brighton","Watford","2.78","3.20","2.94","1.05","8.60","1.36","3.15","2.38","1.68","4.20","1.23","8.50","1.05","1.92","1.91"
"6340","23-12-17 16:00","England","Premier League","2017/2018","Manchester City","Bournemouth","1.11","13.50","28.00","","","1.05","9.00","1.18","4.84","1.63","2.49","2.28","1.63","2.25","1.70"
"6341","23-12-17 16:00","England","Premier League","2017/2018","Southampton","Huddersfield","1.69","3.92","6.05","1.03","9.90","1.32","3.38","2.23","1.78","3.86","1.26","7.60","1.06","2.10","1.80"
"6342","23-12-17 16:00","England","Premier League","2017/2018","Stoke","West Brom","2.41","3.18","3.54","1.05","8.50","1.38","3.05","2.49","1.63","4.40","1.21","9.10","1.04","2.00","1.83"
"6343","23-12-17 16:00","England","Premier League","2017/2018","Swansea","Crystal Palace","3.42","3.34","2.38","1.06","8.00","1.43","2.83","2.56","1.60","4.84","1.18","9.60","1.03","2.05","1.80"
"6344","23-12-17 16:00","England","Premier League","2017/2018","West Ham","Newcastle","2.00","3.50","4.40","1.04","9.10","1.40","2.96","2.38","1.68","4.40","1.21","8.80","1.04","2.05","1.82"
"6345","23-12-17 13:30","England","Premier League","2017/2018","Everton","Chelsea","6.50","4.14","1.62","1.02","11.00","1.29","3.60","2.12","1.86","3.60","1.29","6.90","1.08","2.05","1.80"
"6346","22-12-17 20:45","England","Premier League","2017/2018","Arsenal","Liverpool","2.67","3.76","2.69","1.02","12.00","1.10","6.20","1.39","3.00","2.26","1.76","3.68","1.28","1.42","2.85"
"6347","18-12-17 21:00","England","Premier League","2017/2018","Everton","Swansea","1.81","3.60","5.50","1.04","9.10","1.37","3.14","2.39","1.69","4.24","1.22","8.50","1.05","2.20","1.67"
"6348","17-12-17 17:30","England","Premier League","2017/2018","Bournemouth","Liverpool","6.90","5.10","1.49","1.02","12.00","1.11","5.70","1.51","2.88","2.25","1.75","3.78","1.27","1.67","2.28"
"6349","17-12-17 15:15","England","Premier League","2017/2018","West Brom","Manchester Utd","6.25","3.80","1.70","1.03","10.00","1.34","3.26","2.26","1.76","4.04","1.24","7.80","1.06","2.15","1.77"
"6350","16-12-17 18:30","England","Premier League","2017/2018","Manchester City","Tottenham","1.65","4.50","5.45","1.02","12.00","1.12","5.50","1.48","2.65","2.38","1.70","3.96","1.25","1.57","2.40"
"6351","16-12-17 17:00","England","Premier League","2017/2018","Stoke","West Ham","2.55","3.24","3.20","1.03","9.40","1.31","3.46","2.23","1.78","3.78","1.27","7.30","1.06","1.89","1.99"
"6352","16-12-17 16:00","England","Premier League","2017/2018","Arsenal","Newcastle","1.28","6.80","12.00","1.01","15.00","1.10","6.20","1.39","3.00","2.17","1.82","3.46","1.31","1.90","1.98"
"6353","16-12-17 16:00","England","Premier League","2017/2018","Brighton","Burnley","2.58","2.98","3.46","1.09","6.60","1.58","2.38","3.09","1.46","6.30","1.12","12.50","1.01","2.46","1.60"
"6354","16-12-17 16:00","England","Premier League","2017/2018","Chelsea","Southampton","1.42","5.00","9.20","1.03","10.00","1.20","4.54","1.80","2.20","2.79","1.44","5.20","1.14","1.95","1.90"
"6355","16-12-17 16:00","England","Premier League","2017/2018","Watford","Huddersfield","1.76","3.82","5.50","1.02","11.00","1.29","3.60","2.16","1.83","3.68","1.28","7.30","1.06","2.00","1.85"
"6356","16-12-17 13:30","England","Premier League","2017/2018","Leicester","Crystal Palace","1.79","3.88","5.10","","","1.24","4.04","1.97","1.99","3.20","1.35","6.20","1.10","1.84","2.00"
"6357","13-12-17 21:00","England","Premier League","2017/2018","Liverpool","West Brom","1.21","8.00","17.00","1.01","13.00","1.10","6.00","1.42","2.88","2.29","1.73","3.68","1.28","2.14","1.73"
"6358","13-12-17 21:00","England","Premier League","2017/2018","Manchester Utd","Bournemouth","1.29","6.60","11.50","1.02","13.00","1.13","6.10","1.53","2.76","2.21","1.66","3.82","1.23","1.92","1.97"
"6359","13-12-17 21:00","England","Premier League","2017/2018","Tottenham","Brighton","1.23","7.40","16.00","1.02","12.00","1.17","5.10","1.68","2.41","2.51","1.53","4.40","1.18","2.48","1.59"
"6360","13-12-17 21:00","England","Premier League","2017/2018","West Ham","Arsenal","5.40","4.32","1.68","1.03","10.50","1.17","5.10","1.68","2.38","2.51","1.53","4.40","1.18","1.67","2.20"
"6361","13-12-17 20:45","England","Premier League","2017/2018","Newcastle","Everton","2.28","3.32","3.66","1.03","10.00","1.34","3.26","2.23","1.78","3.86","1.26","7.60","1.06","1.90","1.98"
"6362","13-12-17 20:45","England","Premier League","2017/2018","Southampton","Leicester","2.01","3.56","4.26","1.03","9.50","1.27","3.78","2.03","1.93","3.38","1.32","6.50","1.09","1.88","2.00"
"6363","13-12-17 20:45","England","Premier League","2017/2018","Swansea","Manchester City","13.00","7.10","1.26","1.02","12.00","1.11","5.70","1.45","2.78","2.38","1.68","3.96","1.25","1.99","1.89"
"6364","12-12-17 21:00","England","Premier League","2017/2018","Crystal Palace","Watford","2.38","3.48","3.28","1.04","9.50","1.21","4.40","1.87","2.10","2.91","1.41","5.40","1.13","1.67","2.30"
"6365","12-12-17 21:00","England","Premier League","2017/2018","Huddersfield","Chelsea","8.90","4.62","1.46","1.01","12.00","1.26","3.86","2.01","1.95","3.30","1.33","6.20","1.10","2.25","1.70"
"6366","12-12-17 20:45","England","Premier League","2017/2018","Burnley","Stoke","2.35","3.26","3.56","1.04","8.80","1.39","3.00","2.44","1.65","4.40","1.21","8.80","1.04","2.06","1.76"
"6367","10-12-17 17:30","England","Premier League","2017/2018","Manchester Utd","Manchester City","3.40","3.52","2.30","1.04","9.50","1.21","4.40","1.81","2.19","2.83","1.43","5.20","1.14","1.70","2.20"
"6368","10-12-17 15:15","England","Premier League","2017/2018","Liverpool","Everton","1.38","5.50","9.60","1.02","12.00","1.15","4.80","1.59","2.36","2.74","1.55","4.70","1.19","1.92","1.97"
"6369","10-12-17 13:00","England","Premier League","2017/2018","Southampton","Arsenal","4.40","3.82","1.91","1.03","10.00","1.18","4.84","1.73","2.29","2.59","1.50","4.70","1.16","1.62","2.30"
"6370","09-12-17 18:30","England","Premier League","2017/2018","Newcastle","Leicester","2.68","3.34","2.94","1.03","10.00","1.29","3.64","2.08","1.89","3.46","1.31","6.70","1.08","1.77","2.10"
"6371","09-12-17 16:00","England","Premier League","2017/2018","Burnley","Watford","2.84","3.22","2.86","1.05","8.20","1.37","3.10","2.37","1.70","4.24","1.22","8.50","1.05","1.95","1.87"
"6372","09-12-17 16:00","England","Premier League","2017/2018","Crystal Palace","Bournemouth","1.95","3.74","4.30","1.01","12.50","1.28","3.68","2.02","1.94","3.46","1.31","6.50","1.09","1.90","1.98"
"6373","09-12-17 16:00","England","Premier League","2017/2018","Huddersfield","Brighton","2.78","2.99","3.14","1.08","6.90","1.54","2.48","2.97","1.49","5.90","1.14","12.00","1.01","2.38","1.61"
"6374","09-12-17 16:00","England","Premier League","2017/2018","Swansea","West Brom","2.95","3.02","2.91","1.11","6.00","1.53","2.50","2.85","1.52","5.00","1.14","10.00","1.03","2.20","1.70"
"6375","09-12-17 16:00","England","Premier League","2017/2018","Tottenham","Stoke","1.30","6.50","11.50","1.02","12.00","1.12","5.50","1.46","2.72","2.43","1.67","3.96","1.25","1.92","1.97"
"6376","09-12-17 13:30","England","Premier League","2017/2018","West Ham","Chelsea","7.40","4.74","1.50","1.03","10.00","1.20","4.54","1.81","2.19","2.83","1.43","5.20","1.14","1.94","1.94"
"6377","03-12-17 17:00","England","Premier League","2017/2018","Manchester City","West Ham","1.11","13.50","28.00","1.01","34.00","1.06","9.00","1.22","4.24","1.75","2.28","2.51","1.53","2.17","1.73"
"6378","03-12-17 14:30","England","Premier League","2017/2018","Bournemouth","Southampton","3.42","3.32","2.39","1.04","9.00","1.32","3.38","2.22","1.79","3.86","1.26","7.60","1.06","1.90","1.98"
"6379","02-12-17 18:30","England","Premier League","2017/2018","Arsenal","Manchester Utd","2.42","3.48","3.22","1.02","11.00","1.25","3.96","2.00","1.96","3.20","1.35","6.20","1.10","1.75","2.11"
"6380","02-12-17 16:00","England","Premier League","2017/2018","Brighton","Liverpool","7.20","4.40","1.55","1.03","10.00","1.21","4.40","1.82","2.17","2.88","1.42","5.30","1.13","1.88","2.01"
"6381","02-12-17 16:00","England","Premier League","2017/2018","Everton","Huddersfield","1.90","3.56","4.88","1.02","11.00","1.36","3.15","2.31","1.73","4.20","1.23","8.10","1.05","2.05","1.77"
"6382","02-12-17 16:00","England","Premier League","2017/2018","Leicester","Burnley","2.08","3.38","4.26","1.05","8.50","1.33","3.30","2.30","1.72","3.96","1.25","7.80","1.06","2.00","1.84"
"6383","02-12-17 16:00","England","Premier League","2017/2018","Stoke","Swansea","1.88","3.62","4.88","1.02","11.00","1.29","3.60","2.15","1.82","3.64","1.29","7.10","1.07","1.91","1.91"
"6384","02-12-17 16:00","England","Premier League","2017/2018","Watford","Tottenham","5.30","4.44","1.67","1.02","11.00","1.14","5.70","1.61","2.58","2.31","1.62","4.04","1.21","1.62","2.36"
"6385","02-12-17 16:00","England","Premier League","2017/2018","West Brom","Crystal Palace","2.67","3.18","3.10","1.05","8.30","1.41","2.91","2.53","1.62","4.54","1.20","9.20","1.03","2.10","1.75"
"6386","02-12-17 13:30","England","Premier League","2017/2018","Chelsea","Newcastle","1.25","6.50","18.00","1.02","12.00","1.13","6.10","1.56","2.71","2.20","1.67","3.82","1.23","2.08","1.82"
"6387","29-11-17 21:00","England","Premier League","2017/2018","Everton","West Ham","2.50","3.32","3.20","1.02","11.00","1.31","3.46","2.13","1.85","3.64","1.29","7.10","1.07","1.80","2.01"
"6388","29-11-17 21:00","England","Premier League","2017/2018","Manchester City","Southampton","1.25","7.00","14.50","1.01","19.00","1.11","5.70","1.44","2.79","2.34","1.70","3.86","1.26","2.03","1.86"
"6389","29-11-17 21:00","England","Premier League","2017/2018","Stoke","Liverpool","6.10","4.40","1.61","1.01","16.00","1.16","5.30","1.66","2.42","2.45","1.55","4.40","1.18","1.72","2.22"
"6390","29-11-17 20:45","England","Premier League","2017/2018","Arsenal","Huddersfield","1.20","8.20","18.00","1.01","18.00","1.10","6.00","1.43","2.83","2.31","1.72","3.68","1.28","2.27","1.67"
"6391","29-11-17 20:45","England","Premier League","2017/2018","Bournemouth","Burnley","2.25","3.24","3.86","1.04","9.00","1.35","3.20","2.36","1.69","4.20","1.23","8.10","1.05","2.00","1.83"
"6392","29-11-17 20:45","England","Premier League","2017/2018","Chelsea","Swansea","1.21","7.70","18.00","1.01","16.00","1.14","5.00","1.53","2.50","2.61","1.58","4.54","1.20","2.50","1.58"
"6393","28-11-17 21:00","England","Premier League","2017/2018","Watford","Manchester Utd","5.20","3.88","1.78","1.01","12.00","1.24","4.04","1.95","2.01","3.14","1.37","6.00","1.10","1.80","2.09"
"6394","28-11-17 21:00","England","Premier League","2017/2018","West Brom","Newcastle","2.46","3.14","3.48","1.06","7.50","1.44","2.79","2.63","1.59","4.84","1.18","9.80","1.03","2.10","1.76"
"6395","28-11-17 20:45","England","Premier League","2017/2018","Brighton","Crystal Palace","2.73","3.14","3.05","1.06","8.00","1.45","2.78","2.61","1.58","4.84","1.18","9.80","1.03","2.10","1.76"
"6396","28-11-17 20:45","England","Premier League","2017/2018","Leicester","Tottenham","5.10","3.92","1.78","1.03","13.00","1.20","4.54","1.82","2.17","2.79","1.44","5.20","1.14","1.74","2.10"
"6397","26-11-17 17:00","England","Premier League","2017/2018","Huddersfield","Manchester City","18.00","8.60","1.19","1.01","15.00","1.10","6.00","1.40","2.96","2.20","1.80","3.52","1.30","2.25","1.65"
"6398","26-11-17 15:00","England","Premier League","2017/2018","Burnley","Arsenal","5.75","4.20","1.67","1.04","9.50","1.22","4.24","1.88","2.09","2.96","1.40","5.50","1.12","1.88","2.01"
"6399","26-11-17 14:30","England","Premier League","2017/2018","Southampton","Everton","1.92","3.56","4.74","1.06","8.00","1.32","3.38","2.20","1.80","3.86","1.26","7.60","1.06","2.05","1.80"
"6400","25-11-17 18:30","England","Premier League","2017/2018","Liverpool","Chelsea","2.27","3.62","3.38","1.03","10.00","1.17","5.10","1.69","2.36","2.51","1.53","4.54","1.17","1.54","2.55"
"6401","25-11-17 16:00","England","Premier League","2017/2018","Crystal Palace","Stoke","2.05","3.60","4.06","1.01","12.00","1.26","3.86","2.02","1.92","3.32","1.33","6.30","1.09","1.82","2.09"
"6402","25-11-17 16:00","England","Premier League","2017/2018","Manchester Utd","Brighton","1.20","7.60","21.00","1.03","10.50","1.17","5.10","1.68","2.38","2.53","1.52","4.60","1.17","2.65","1.53"
"6403","25-11-17 16:00","England","Premier League","2017/2018","Newcastle","Watford","2.40","3.42","3.30","1.01","12.00","1.26","3.86","2.03","1.93","3.30","1.33","6.30","1.09","1.78","2.14"
"6404","25-11-17 16:00","England","Premier League","2017/2018","Swansea","Bournemouth","3.01","3.30","2.66","1.03","9.90","1.33","3.32","2.28","1.75","3.96","1.25","7.80","1.06","1.92","1.97"
"6405","25-11-17 16:00","England","Premier League","2017/2018","Tottenham","West Brom","1.24","7.10","16.00","1.02","12.00","1.18","4.84","1.70","2.34","2.56","1.51","4.54","1.17","2.55","1.57"
"6406","24-11-17 21:00","England","Premier League","2017/2018","West Ham","Leicester","2.88","3.30","2.76","1.02","11.00","1.28","3.68","2.12","1.86","3.52","1.30","6.90","1.08","1.80","2.10"
"6407","20-11-17 21:00","England","Premier League","2017/2018","Brighton","Stoke","2.44","3.16","3.50","1.06","7.50","1.38","3.05","2.42","1.68","4.30","1.22","8.80","1.04","2.04","1.85"
"6408","19-11-17 17:00","England","Premier League","2017/2018","Watford","West Ham","2.35","3.22","3.60","1.02","11.00","1.33","3.32","2.19","1.81","3.78","1.27","7.30","1.06","1.81","2.09"
"6409","18-11-17 18:30","England","Premier League","2017/2018","Manchester Utd","Newcastle","1.30","5.90","13.50","1.03","10.50","1.21","4.40","1.82","2.17","2.83","1.43","5.30","1.13","2.50","1.57"
"6410","18-11-17 16:00","England","Premier League","2017/2018","Bournemouth","Huddersfield","1.84","3.66","5.10","1.03","10.00","1.30","3.52","2.17","1.82","3.68","1.28","7.30","1.06","1.99","1.89"
"6411","18-11-17 16:00","England","Premier League","2017/2018","Burnley","Swansea","2.37","3.08","3.74","1.06","7.40","1.49","2.63","2.76","1.53","5.40","1.15","11.00","1.02","2.21","1.74"
"6412","18-11-17 16:00","England","Premier League","2017/2018","Crystal Palace","Everton","2.32","3.28","3.60","1.05","8.50","1.38","3.05","2.36","1.69","4.30","1.22","8.50","1.05","2.02","1.87"
"6413","18-11-17 16:00","England","Premier League","2017/2018","Leicester","Manchester City","7.90","5.80","1.40","1.01","15.00","1.07","7.10","1.32","3.38","2.00","1.96","3.05","1.38","1.57","2.54"
"6414","18-11-17 16:00","England","Premier League","2017/2018","Liverpool","Southampton","1.44","5.10","8.30","1.02","10.50","1.17","5.10","1.68","2.38","2.56","1.51","4.60","1.17","1.90","1.98"
"6415","18-11-17 16:00","England","Premier League","2017/2018","West Brom","Chelsea","7.00","4.20","1.58","1.03","9.50","1.29","3.60","2.12","1.86","3.60","1.29","6.90","1.08","2.10","1.80"
"6416","18-11-17 13:30","England","Premier League","2017/2018","Arsenal","Tottenham","2.62","3.58","2.85","1.03","10.50","1.15","5.50","1.63","2.49","2.34","1.60","4.14","1.20","1.51","2.70"
"6417","05-11-17 17:30","England","Premier League","2017/2018","Chelsea","Manchester Utd","2.66","3.10","3.18","1.04","9.00","1.36","3.15","2.37","1.70","4.20","1.23","8.50","1.05","1.97","1.92"
"6418","05-11-17 17:30","England","Premier League","2017/2018","Everton","Watford","2.34","3.32","3.52","1.03","10.00","1.28","3.68","2.10","1.87","3.46","1.31","6.70","1.08","1.79","2.12"
"6419","05-11-17 15:15","England","Premier League","2017/2018","Manchester City","Arsenal","1.41","5.80","7.70","1.01","17.00","1.06","7.60","1.30","3.52","1.93","2.03","2.91","1.41","1.50","2.75"
"6420","05-11-17 13:00","England","Premier League","2017/2018","Tottenham","Crystal Palace","1.32","5.90","11.50","1.01","13.00","1.11","5.70","1.46","2.72","2.36","1.69","3.96","1.25","1.90","1.98"
"6421","04-11-17 18:30","England","Premier League","2017/2018","West Ham","Liverpool","6.10","4.64","1.58","1.02","11.00","1.16","5.30","1.66","2.46","2.45","1.55","4.40","1.18","1.70","2.20"
"6422","04-11-17 16:00","England","Premier League","2017/2018","Huddersfield","West Brom","2.94","2.99","2.96","1.09","6.50","1.54","2.48","3.01","1.48","6.00","1.13","12.00","1.01","2.35","1.65"
"6423","04-11-17 16:00","England","Premier League","2017/2018","Newcastle","Bournemouth","1.90","3.66","4.68","1.01","12.00","1.27","3.78","2.07","1.90","3.46","1.31","6.70","1.08","1.89","2.00"
"6424","04-11-17 16:00","England","Premier League","2017/2018","Southampton","Burnley","1.74","3.64","6.15","1.03","9.30","1.37","3.10","2.35","1.71","4.24","1.22","8.50","1.05","2.25","1.69"
"6425","04-11-17 16:00","England","Premier League","2017/2018","Swansea","Brighton","2.57","3.05","3.38","1.07","7.20","1.45","2.78","2.66","1.58","4.84","1.18","10.00","1.03","2.10","1.80"
"6426","04-11-17 13:30","England","Premier League","2017/2018","Stoke","Leicester","2.67","3.30","2.98","1.02","11.00","1.26","3.86","2.06","1.91","3.32","1.33","6.50","1.09","1.77","2.16"
"6427","30-10-17 21:00","England","Premier League","2017/2018","Burnley","Newcastle","3.18","3.20","2.60","1.05","8.30","1.41","2.91","2.58","1.61","4.70","1.19","9.60","1.03","2.07","1.83"
"6428","29-10-17 17:00","England","Premier League","2017/2018","Leicester","Everton","2.10","3.56","3.92","1.03","10.00","1.25","3.96","1.99","1.97","3.20","1.35","6.20","1.10","1.75","2.18"
"6429","29-10-17 14:30","England","Premier League","2017/2018","Brighton","Southampton","3.40","3.32","2.40","1.05","8.20","1.43","2.83","2.60","1.60","4.84","1.18","9.80","1.03","2.07","1.83"
"6430","28-10-17 18:30","England","Premier League","2017/2018","Bournemouth","Chelsea","6.05","4.44","1.61","1.03","10.00","1.18","4.84","1.72","2.31","2.59","1.50","4.70","1.16","1.74","2.19"
"6431","28-10-17 16:00","England","Premier League","2017/2018","Arsenal","Swansea","1.22","8.00","14.50","1.01","17.00","1.08","6.70","1.35","3.20","2.10","1.87","3.26","1.34","1.98","1.90"
"6432","28-10-17 16:00","England","Premier League","2017/2018","Crystal Palace","West Ham","2.60","3.18","3.19","1.03","10.00","1.37","3.14","2.35","1.71","4.20","1.23","8.50","1.05","1.94","1.94"
"6433","28-10-17 16:00","England","Premier League","2017/2018","Liverpool","Huddersfield","1.26","6.70","14.50","1.02","12.00","1.14","5.00","1.53","2.50","2.51","1.62","4.40","1.21","2.01","1.88"
"6434","28-10-17 16:00","England","Premier League","2017/2018","Watford","Stoke","2.06","3.64","3.96","1.01","12.50","1.25","3.96","1.98","1.98","3.20","1.35","6.20","1.10","1.78","2.14"
"6435","28-10-17 16:00","England","Premier League","2017/2018","West Brom","Manchester City","12.00","6.00","1.31","1.02","11.00","1.15","4.84","1.56","2.43","2.67","1.56","4.54","1.20","2.20","1.72"
"6436","28-10-17 13:30","England","Premier League","2017/2018","Manchester Utd","Tottenham","2.12","3.40","4.06","1.03","10.00","1.31","3.46","2.20","1.80","3.68","1.28","7.30","1.06","1.92","1.97"
"6437","22-10-17 17:00","England","Premier League","2017/2018","Tottenham","Liverpool","2.23","3.68","3.42","1.03","10.00","1.17","5.10","1.71","2.32","2.56","1.51","4.70","1.16","1.57","2.54"
"6438","22-10-17 14:30","England","Premier League","2017/2018","Everton","Arsenal","4.48","3.92","1.87","1.03","10.00","1.19","4.70","1.78","2.21","2.72","1.46","5.00","1.14","1.71","2.25"
"6439","21-10-17 18:30","England","Premier League","2017/2018","Southampton","West Brom","1.89","3.42","5.20","1.05","8.50","1.42","2.88","2.53","1.63","4.70","1.19","9.20","1.03","2.20","1.73"
"6440","21-10-17 16:00","England","Premier League","2017/2018","Huddersfield","Manchester Utd","9.30","4.84","1.43","1.01","12.00","1.26","3.86","2.01","1.95","3.30","1.33","6.20","1.10","2.30","1.67"
"6441","21-10-17 16:00","England","Premier League","2017/2018","Manchester City","Burnley","1.13","11.50","28.00","1.01","34.00","1.06","8.50","1.24","4.04","1.80","2.20","2.63","1.49","2.26","1.70"
"6442","21-10-17 16:00","England","Premier League","2017/2018","Newcastle","Crystal Palace","1.95","3.64","4.44","1.04","9.00","1.29","3.64","2.12","1.86","3.52","1.30","6.90","1.08","1.91","1.95"
"6443","21-10-17 16:00","England","Premier League","2017/2018","Stoke","Bournemouth","2.23","3.50","3.60","1.03","10.00","1.24","4.04","1.96","1.98","3.15","1.36","6.00","1.10","1.74","2.18"
"6444","21-10-17 16:00","England","Premier League","2017/2018","Swansea","Leicester","2.88","3.30","2.77","1.03","9.50","1.33","3.30","2.26","1.76","3.96","1.25","7.80","1.06","1.89","2.00"
"6445","21-10-17 13:30","England","Premier League","2017/2018","Chelsea","Watford","1.39","5.50","9.00","1.02","12.00","1.14","5.20","1.53","2.51","2.61","1.58","4.40","1.21","1.83","2.06"
"6446","20-10-17 21:00","England","Premier League","2017/2018","West Ham","Brighton","1.83","3.60","5.30","1.04","9.00","1.37","3.14","2.38","1.68","4.24","1.22","8.50","1.05","2.14","1.78"
"6447","16-10-17 21:00","England","Premier League","2017/2018","Leicester","West Brom","2.02","3.48","4.36","1.03","9.90","1.33","3.32","2.23","1.78","3.78","1.27","7.10","1.06","1.94","1.94"
"6448","15-10-17 17:00","England","Premier League","2017/2018","Southampton","Newcastle","1.95","3.44","4.74","1.04","9.00","1.32","3.38","2.20","1.79","3.78","1.27","7.30","1.06","1.99","1.89"
"6449","15-10-17 14:30","England","Premier League","2017/2018","Brighton","Everton","3.32","3.20","2.50","1.05","8.10","1.41","2.91","2.56","1.60","4.70","1.19","9.60","1.03","2.06","1.83"
"6450","14-10-17 18:30","England","Premier League","2017/2018","Watford","Arsenal","4.90","4.30","1.74","1.02","11.00","1.16","5.30","1.66","2.46","2.43","1.56","4.24","1.19","1.60","2.47"
"6451","14-10-17 16:00","England","Premier League","2017/2018","Burnley","West Ham","2.90","3.30","2.74","1.03","9.60","1.36","3.15","2.34","1.72","4.20","1.23","8.10","1.05","1.94","1.94"
"6452","14-10-17 16:00","England","Premier League","2017/2018","Crystal Palace","Chelsea","8.50","4.80","1.46","1.04","9.50","1.23","4.20","1.90","2.07","3.00","1.39","5.70","1.11","1.99","1.89"
"6453","14-10-17 16:00","England","Premier League","2017/2018","Manchester City","Stoke","1.14","10.00","24.00","1.01","21.00","1.06","7.30","1.26","3.86","1.86","2.12","2.72","1.46","2.09","1.82"
"6454","14-10-17 16:00","England","Premier League","2017/2018","Swansea","Huddersfield","2.08","3.28","4.30","1.05","8.60","1.41","2.91","2.58","1.61","4.54","1.20","9.10","1.04","2.10","1.75"
"6455","14-10-17 16:00","England","Premier League","2017/2018","Tottenham","Bournemouth","1.25","7.20","14.00","1.01","15.00","1.09","6.30","1.38","3.05","2.19","1.81","3.38","1.32","1.90","1.98"
"6456","14-10-17 13:30","England","Premier League","2017/2018","Liverpool","Manchester Utd","2.87","3.36","2.73","1.02","11.00","1.29","3.60","2.14","1.84","3.60","1.29","6.90","1.08","1.74","2.18"
"6457","01-10-17 17:30","England","Premier League","2017/2018","Newcastle","Liverpool","5.05","4.14","1.74","1.03","10.50","1.16","5.30","1.68","2.42","2.45","1.55","4.40","1.18","1.64","2.30"
"6458","01-10-17 15:15","England","Premier League","2017/2018","Everton","Burnley","1.74","3.74","5.80","1.03","10.00","1.30","3.52","2.14","1.84","3.68","1.28","7.30","1.06","2.00","1.83"
"6459","01-10-17 13:00","England","Premier League","2017/2018","Arsenal","Brighton","1.27","6.60","14.00","1.02","12.00","1.12","5.50","1.48","2.65","2.48","1.65","4.20","1.23","2.12","1.79"
"6460","30-09-17 18:30","England","Premier League","2017/2018","Chelsea","Manchester City","2.70","3.64","2.72","1.03","10.00","1.18","4.84","1.73","2.29","2.59","1.50","4.60","1.17","1.59","2.48"
"6461","30-09-17 16:00","England","Premier League","2017/2018","Bournemouth","Leicester","2.59","3.60","2.87","1.04","9.50","1.20","4.54","1.82","2.17","2.79","1.44","5.10","1.14","1.64","2.30"
"6462","30-09-17 16:00","England","Premier League","2017/2018","Manchester Utd","Crystal Palace","1.20","7.90","20.00","1.02","12.00","1.15","5.50","1.60","2.56","2.34","1.60","4.14","1.20","2.35","1.61"
"6463","30-09-17 16:00","England","Premier League","2017/2018","Stoke","Southampton","2.85","3.40","2.72","1.05","8.50","1.31","3.46","2.19","1.81","3.68","1.28","7.30","1.06","1.84","2.00"
"6464","30-09-17 16:00","England","Premier League","2017/2018","West Brom","Watford","2.24","3.34","3.76","1.06","7.80","1.37","3.10","2.31","1.72","4.20","1.23","8.10","1.05","1.99","1.89"
"6465","30-09-17 16:00","England","Premier League","2017/2018","West Ham","Swansea","1.89","3.64","4.80","1.01","12.00","1.26","3.86","2.06","1.91","3.38","1.32","6.70","1.08","1.90","1.98"
"6466","30-09-17 13:30","England","Premier League","2017/2018","Huddersfield","Tottenham","9.30","5.10","1.41","1.03","10.00","1.23","4.20","1.91","2.06","3.05","1.38","5.70","1.11","2.16","1.77"
"6467","25-09-17 21:00","England","Premier League","2017/2018","Arsenal","West Brom","1.35","5.60","11.00","1.03","10.50","1.17","5.10","1.70","2.29","2.56","1.51","4.60","1.17","2.07","1.83"
"6468","24-09-17 17:00","England","Premier League","2017/2018","Brighton","Newcastle","2.88","3.18","2.85","1.06","7.50","1.37","3.10","2.39","1.69","4.24","1.22","8.50","1.05","2.00","1.87"
"6469","23-09-17 18:30","England","Premier League","2017/2018","Leicester","Liverpool","4.34","4.10","1.86","1.03","10.00","1.16","5.30","1.67","2.43","2.45","1.55","4.40","1.18","1.62","2.40"
"6470","23-09-17 16:00","England","Premier League","2017/2018","Burnley","Huddersfield","2.35","3.30","3.52","1.06","7.50","1.36","3.15","2.39","1.69","4.24","1.22","8.50","1.05","2.00","1.85"
"6471","23-09-17 16:00","England","Premier League","2017/2018","Everton","Bournemouth","1.80","3.82","5.10","1.04","9.50","1.23","4.20","1.92","2.05","3.10","1.37","5.50","1.12","1.80","2.10"
"6472","23-09-17 16:00","England","Premier League","2017/2018","Manchester City","Crystal Palace","1.13","11.50","24.00","1.01","21.00","1.06","7.60","1.29","3.60","1.93","2.03","2.91","1.41","2.10","1.74"
"6473","23-09-17 16:00","England","Premier League","2017/2018","Southampton","Manchester Utd","5.00","3.80","1.82","1.02","11.00","1.29","3.60","2.10","1.87","3.60","1.29","7.10","1.07","1.94","1.94"
"6474","23-09-17 16:00","England","Premier League","2017/2018","Stoke","Chelsea","6.50","4.54","1.57","1.03","10.00","1.21","4.40","1.82","2.17","2.83","1.43","5.30","1.13","1.88","2.01"
"6475","23-09-17 16:00","England","Premier League","2017/2018","Swansea","Watford","2.37","3.34","3.44","1.04","9.00","1.30","3.52","2.19","1.81","3.68","1.28","7.10","1.07","1.89","2.00"
"6476","23-09-17 13:30","England","Premier League","2017/2018","West Ham","Tottenham","5.75","4.24","1.65","1.03","10.00","1.19","4.70","1.75","2.28","2.69","1.47","4.80","1.15","1.70","2.20"
"6477","17-09-17 17:00","England","Premier League","2017/2018","Manchester Utd","Everton","1.37","5.30","11.00","1.03","10.00","1.21","4.40","1.80","2.20","2.79","1.44","5.20","1.14","2.20","1.72"
"6478","17-09-17 14:30","England","Premier League","2017/2018","Chelsea","Arsenal","1.79","4.00","4.90","1.03","10.50","1.15","5.40","1.66","2.46","2.41","1.57","4.24","1.19","1.57","2.40"
"6479","16-09-17 18:30","England","Premier League","2017/2018","Tottenham","Swansea","1.23","7.50","16.00","1.01","13.00","1.11","5.70","1.43","2.83","2.22","1.79","3.64","1.29","2.03","1.86"
"6480","16-09-17 16:00","England","Premier League","2017/2018","Huddersfield","Leicester","3.56","3.48","2.25","1.03","9.50","1.30","3.52","2.20","1.80","3.78","1.27","7.30","1.07","1.89","2.00"
"6481","16-09-17 16:00","England","Premier League","2017/2018","Liverpool","Burnley","1.30","6.30","13.00","1.02","13.00","1.11","5.70","1.45","2.78","2.37","1.70","3.86","1.26","2.00","1.83"
"6482","16-09-17 16:00","England","Premier League","2017/2018","Newcastle","Stoke","2.29","3.40","3.48","1.04","9.00","1.33","3.32","2.28","1.75","3.96","1.25","7.80","1.06","1.92","1.97"
"6483","16-09-17 16:00","England","Premier League","2017/2018","Watford","Manchester City","9.70","5.90","1.35","1.02","12.00","1.11","5.70","1.46","2.72","2.39","1.69","3.86","1.26","1.90","1.98"
"6484","16-09-17 16:00","England","Premier League","2017/2018","West Brom","West Ham","2.36","3.30","3.50","1.06","8.00","1.36","3.15","2.38","1.68","4.24","1.22","8.50","1.05","1.98","1.90"
"6485","16-09-17 13:30","England","Premier League","2017/2018","Crystal Palace","Southampton","2.88","3.30","2.77","1.05","8.70","1.35","3.14","2.42","1.68","4.20","1.23","8.50","1.05","1.95","1.93"
"6486","15-09-17 21:00","England","Premier League","2017/2018","Bournemouth","Brighton","2.12","3.42","3.92","1.04","9.00","1.28","3.60","2.13","1.85","3.46","1.31","6.90","1.08","1.85","2.00"
"6487","11-09-17 21:00","England","Premier League","2017/2018","West Ham","Huddersfield","2.07","3.50","4.12","1.03","10.00","1.28","3.68","2.06","1.91","3.32","1.33","6.50","1.09","1.84","2.00"
"6488","10-09-17 17:00","England","Premier League","2017/2018","Swansea","Newcastle","2.49","3.28","3.28","1.03","9.50","1.35","3.20","2.29","1.73","4.04","1.24","8.10","1.05","1.92","1.97"
"6489","10-09-17 14:30","England","Premier League","2017/2018","Burnley","Crystal Palace","2.22","3.40","3.74","1.06","8.00","1.39","3.00","2.36","1.69","4.30","1.22","8.50","1.05","2.03","1.86"
"6490","09-09-17 18:30","England","Premier League","2017/2018","Stoke","Manchester Utd","7.40","4.50","1.53","1.01","12.00","1.28","3.68","2.04","1.91","3.38","1.32","6.50","1.09","2.04","1.85"
"6491","09-09-17 16:00","England","Premier League","2017/2018","Arsenal","Bournemouth","1.31","6.60","10.50","1.01","17.00","1.06","7.30","1.31","3.46","1.95","1.99","2.96","1.40","1.62","2.37"
"6492","09-09-17 16:00","England","Premier League","2017/2018","Brighton","West Brom","2.74","3.13","3.05","1.06","7.60","1.47","2.69","2.73","1.54","5.30","1.16","10.50","1.02","2.16","1.77"
"6493","09-09-17 16:00","England","Premier League","2017/2018","Everton","Tottenham","3.96","3.70","2.04","1.01","12.00","1.26","3.86","1.99","1.95","3.30","1.33","6.30","1.09","1.88","2.01"
"6494","09-09-17 16:00","England","Premier League","2017/2018","Leicester","Chelsea","4.92","3.94","1.80","1.04","9.50","1.22","4.30","1.87","2.08","3.00","1.39","5.50","1.12","1.78","2.10"
"6495","09-09-17 16:00","England","Premier League","2017/2018","Southampton","Watford","1.74","3.94","5.45","1.01","11.50","1.27","3.78","2.04","1.91","3.46","1.31","6.70","1.08","1.91","1.90"
"6496","09-09-17 13:30","England","Premier League","2017/2018","Manchester City","Liverpool","1.95","4.00","4.00","1.02","11.00","1.13","5.40","1.50","2.59","2.49","1.63","4.30","1.22","1.51","2.71"
"6497","27-08-17 17:00","England","Premier League","2017/2018","Liverpool","Arsenal","2.24","3.72","3.36","1.01","17.00","1.12","5.50","1.48","2.65","2.40","1.67","3.96","1.25","1.45","2.80"
"6498","27-08-17 17:00","England","Premier League","2017/2018","Tottenham","Burnley","1.23","7.20","17.00","1.02","12.00","1.14","5.20","1.51","2.56","2.51","1.62","4.30","1.22","2.25","1.68"
"6499","27-08-17 14:30","England","Premier League","2017/2018","Chelsea","Everton","1.54","4.44","7.20","1.04","9.50","1.22","4.30","1.87","2.10","2.96","1.40","5.50","1.12","1.98","1.90"
"6500","27-08-17 14:30","England","Premier League","2017/2018","West Brom","Stoke","2.55","3.24","3.20","1.04","9.00","1.39","3.00","2.40","1.67","4.40","1.21","8.80","1.04","1.93","1.95"
"6501","26-08-17 18:30","England","Premier League","2017/2018","Manchester Utd","Leicester","1.32","5.90","11.50","1.02","15.00","1.15","5.50","1.62","2.51","2.38","1.58","4.14","1.20","2.02","1.85"
"6502","26-08-17 16:00","England","Premier League","2017/2018","Crystal Palace","Swansea","2.07","3.46","4.16","1.03","9.80","1.34","3.26","2.27","1.74","3.96","1.25","7.80","1.06","1.94","1.94"
"6503","26-08-17 16:00","England","Premier League","2017/2018","Huddersfield","Southampton","4.12","3.62","2.03","1.03","10.00","1.34","3.26","2.25","1.77","3.96","1.25","7.60","1.06","1.94","1.94"
"6504","26-08-17 16:00","England","Premier League","2017/2018","Newcastle","West Ham","2.41","3.42","3.28","1.03","14.00","1.29","3.64","2.02","1.94","3.38","1.32","6.50","1.09","1.74","2.18"
"6505","26-08-17 16:00","England","Premier League","2017/2018","Watford","Brighton","2.21","3.34","3.82","1.03","9.50","1.37","3.10","2.32","1.73","4.20","1.23","8.10","1.05","2.00","1.88"
"6506","26-08-17 13:30","England","Premier League","2017/2018","Bournemouth","Manchester City","12.50","7.00","1.27","1.01","21.00","1.09","6.30","1.38","3.05","2.10","1.87","3.38","1.32","1.88","2.01"
"6507","21-08-17 21:00","England","Premier League","2017/2018","Manchester City","Everton","1.34","5.80","11.00","1.02","15.00","1.17","5.10","1.66","2.41","2.50","1.53","4.40","1.18","2.11","1.79"
"6508","20-08-17 17:00","England","Premier League","2017/2018","Tottenham","Chelsea","2.15","3.50","3.82","1.01","11.50","1.25","3.96","2.01","1.95","3.26","1.34","6.20","1.10","1.73","2.22"
"6509","20-08-17 14:30","England","Premier League","2017/2018","Huddersfield","Newcastle","2.80","3.24","2.89","1.03","9.90","1.36","3.15","2.26","1.76","4.04","1.24","7.80","1.06","1.94","1.94"
"6510","19-08-17 18:30","England","Premier League","2017/2018","Stoke","Arsenal","4.48","3.80","1.90","1.03","12.00","1.20","4.54","1.82","2.15","2.69","1.47","5.30","1.13","1.70","2.25"
"6511","19-08-17 16:00","England","Premier League","2017/2018","Bournemouth","Watford","2.05","3.68","3.94","1.03","12.00","1.22","4.30","1.84","2.12","2.96","1.40","5.50","1.12","1.70","2.25"
"6512","19-08-17 16:00","England","Premier League","2017/2018","Burnley","West Brom","2.68","3.08","3.18","1.06","8.00","1.42","2.88","2.64","1.57","4.70","1.19","9.60","1.03","2.11","1.79"
"6513","19-08-17 16:00","England","Premier League","2017/2018","Leicester","Brighton","1.76","3.78","5.60","1.01","12.00","1.30","3.52","2.19","1.81","3.86","1.26","7.60","1.06","1.97","1.92"
"6514","19-08-17 16:00","England","Premier League","2017/2018","Liverpool","Crystal Palace","1.40","5.30","9.10","1.02","15.00","1.14","5.10","1.54","2.48","2.64","1.57","4.54","1.20","1.80","2.10"
"6515","19-08-17 16:00","England","Premier League","2017/2018","Southampton","West Ham","1.78","3.98","5.00","1.03","12.00","1.22","4.24","1.89","2.06","3.00","1.39","5.70","1.11","1.78","2.10"
"6516","19-08-17 13:30","England","Premier League","2017/2018","Swansea","Manchester Utd","12.00","5.25","1.36","1.03","13.50","1.21","4.40","1.86","2.12","2.96","1.40","5.50","1.12","2.22","1.72"
"6517","13-08-17 17:00","England","Premier League","2017/2018","Manchester Utd","West Ham","1.31","6.00","12.00","1.04","13.00","1.17","5.10","1.71","2.35","2.59","1.50","4.60","1.17","2.26","1.72"
"6518","13-08-17 14:30","England","Premier League","2017/2018","Newcastle","Tottenham","5.05","3.94","1.79","1.04","13.00","1.20","4.54","1.80","2.20","2.76","1.45","5.10","1.14","1.68","2.20"
"6519","12-08-17 18:30","England","Premier League","2017/2018","Brighton","Manchester City","11.50","5.90","1.33","1.02","15.00","1.16","5.30","1.62","2.53","2.41","1.57","4.14","1.20","2.04","1.85"
"6520","12-08-17 16:00","England","Premier League","2017/2018","Chelsea","Burnley","1.30","6.30","13.00","1.02","13.00","1.22","4.30","1.78","2.21","2.88","1.42","5.30","1.13","2.17","1.75"
"6521","12-08-17 16:00","England","Premier League","2017/2018","Crystal Palace","Huddersfield","1.83","3.64","5.20","1.04","9.00","1.28","3.68","2.11","1.85","3.52","1.30","6.90","1.08","1.98","1.90"
"6522","12-08-17 16:00","England","Premier League","2017/2018","Everton","Stoke","1.83","3.56","5.40","1.03","9.70","1.32","3.38","2.21","1.78","3.78","1.27","7.60","1.06","2.00","1.85"
"6523","12-08-17 16:00","England","Premier League","2017/2018","Southampton","Swansea","1.62","4.30","6.20","1.03","10.00","1.28","3.68","2.02","1.92","3.46","1.31","6.50","1.09","2.03","1.86"
"6524","12-08-17 16:00","England","Premier League","2017/2018","West Brom","Bournemouth","2.61","3.32","3.05","1.03","9.20","1.32","3.38","2.25","1.75","3.96","1.25","7.80","1.06","1.91","1.95"
"6525","12-08-17 13:30","England","Premier League","2017/2018","Watford","Liverpool","6.60","4.40","1.59","1.03","11.00","1.22","4.30","1.85","2.11","2.91","1.41","5.40","1.13","1.99","1.89"
"6526","11-08-17 20:45","England","Premier League","2017/2018","Arsenal","Leicester","1.50","4.88","7.20","1.02","15.00","1.14","5.60","1.62","2.53","2.36","1.59","4.14","1.20","1.70","2.20"
"6569","21-05-17 16:00","England","Premier League","2016/2017","Arsenal","Everton","1.38","5.60","8.00","1.01","15.00","1.06","7.00","1.33","3.20","1.98","1.94","3.10","1.35","1.64","2.38"
"6570","21-05-17 16:00","England","Premier League","2016/2017","Burnley","West Ham","2.33","3.48","3.28","1.04","9.50","1.21","4.24","1.85","2.09","2.84","1.41","5.10","1.13","1.62","2.30"
"6571","21-05-17 16:00","England","Premier League","2016/2017","Chelsea","Sunderland","1.12","11.00","25.00","1.01","34.00","1.06","9.00","1.24","3.88","1.76","2.19","2.71","1.44","2.51","1.58"
"6572","21-05-17 16:00","England","Premier League","2016/2017","Hull","Tottenham","9.20","6.35","1.33","1.01","15.00","1.07","6.60","1.36","3.04","2.11","1.83","3.28","1.32","1.74","2.21"
"6573","21-05-17 16:00","England","Premier League","2016/2017","Leicester","Bournemouth","1.73","4.32","4.62","1.02","11.00","1.10","5.60","1.46","2.64","2.35","1.66","3.80","1.25","1.50","2.63"
"6574","21-05-17 16:00","England","Premier League","2016/2017","Liverpool","Middlesbrough","1.15","9.80","18.00","1.01","17.00","1.06","6.90","1.33","3.18","2.05","1.90","3.18","1.33","2.50","1.53"
"6575","21-05-17 16:00","England","Premier League","2016/2017","Manchester Utd","Crystal Palace","2.34","3.36","3.30","1.05","8.50","1.24","3.92","1.96","1.96","3.10","1.35","5.60","1.10","1.70","2.17"
"6576","21-05-17 16:00","England","Premier League","2016/2017","Southampton","Stoke","1.66","4.38","5.30","1.03","10.00","1.18","4.64","1.73","2.24","2.64","1.46","4.64","1.15","1.70","2.22"
"6577","21-05-17 16:00","England","Premier League","2016/2017","Swansea","West Brom","2.32","3.42","3.30","1.02","10.00","1.24","3.88","1.95","1.95","3.10","1.35","5.70","1.10","1.75","2.10"
"6578","21-05-17 16:00","England","Premier League","2016/2017","Watford","Manchester City","16.00","8.70","1.18","1.01","34.00","1.07","8.00","1.26","3.70","1.80","2.15","2.74","1.43","1.93","1.95"
"6579","18-05-17 20:45","England","Premier League","2016/2017","Leicester","Tottenham","4.10","4.04","1.89","1.03","10.50","1.14","5.50","1.60","2.50","2.33","1.58","4.10","1.19","1.59","2.48"
"6580","17-05-17 20:45","England","Premier League","2016/2017","Southampton","Manchester Utd","2.47","3.30","3.14","1.02","9.50","1.29","3.46","2.14","1.81","3.52","1.29","6.60","1.07","1.84","2.00"
"6581","16-05-17 21:00","England","Premier League","2016/2017","Manchester City","West Brom","1.15","10.00","19.00","1.01","17.00","1.10","7.00","1.27","3.62","1.85","2.08","2.80","1.42","2.07","1.83"
"6582","16-05-17 20:45","England","Premier League","2016/2017","Arsenal","Sunderland","1.13","12.50","20.00","1.01","34.00","1.06","9.00","1.22","4.10","1.71","2.27","2.54","1.49","2.23","1.72"
"6583","15-05-17 21:00","England","Premier League","2016/2017","Chelsea","Watford","1.27","6.60","11.00","1.02","12.00","1.11","5.40","1.43","2.74","2.48","1.64","4.00","1.23","2.03","1.86"
"6584","14-05-17 17:30","England","Premier League","2016/2017","Tottenham","Manchester Utd","1.65","4.04","5.85","1.01","10.50","1.22","4.14","1.89","2.01","2.99","1.37","5.40","1.11","1.89","2.00"
"6585","14-05-17 15:15","England","Premier League","2016/2017","West Ham","Liverpool","5.85","4.20","1.66","1.01","12.00","1.27","3.80","2.01","1.95","3.32","1.33","6.20","1.10","1.98","1.90"
"6586","14-05-17 13:00","England","Premier League","2016/2017","Crystal Palace","Hull","1.95","3.74","4.30","1.01","11.50","1.26","3.84","2.03","1.93","3.30","1.33","6.20","1.10","1.83","2.06"
"6587","13-05-17 18:30","England","Premier League","2016/2017","Stoke","Arsenal","5.25","4.24","1.67","","","1.18","4.70","1.71","2.24","2.61","1.47","4.60","1.15","1.72","2.23"
"6588","13-05-17 16:00","England","Premier League","2016/2017","Bournemouth","Burnley","1.86","4.04","4.34","","","1.20","4.54","1.78","2.21","2.75","1.45","5.00","1.14","1.69","2.29"
"6589","13-05-17 16:00","England","Premier League","2016/2017","Middlesbrough","Southampton","3.90","3.52","2.10","1.03","10.00","1.35","3.20","2.17","1.82","3.96","1.25","7.60","1.06","1.87","2.02"
"6590","13-05-17 16:00","England","Premier League","2016/2017","Sunderland","Swansea","3.50","3.60","2.16","","","1.23","3.98","1.93","1.97","3.06","1.36","5.60","1.10","1.73","2.22"
"6591","13-05-17 13:30","England","Premier League","2016/2017","Manchester City","Leicester","1.21","8.00","13.00","","","1.05","7.40","1.30","3.42","1.90","2.00","2.90","1.39","1.77","2.16"
"6592","12-05-17 21:00","England","Premier League","2016/2017","West Brom","Chelsea","9.40","5.15","1.38","","","1.24","3.90","1.93","1.97","3.16","1.34","5.80","1.10","2.40","1.63"
"6593","12-05-17 20:45","England","Premier League","2016/2017","Everton","Watford","1.43","5.10","8.50","","","1.20","4.60","1.81","2.19","2.81","1.44","5.10","1.14","2.02","1.87"
"6594","10-05-17 20:45","England","Premier League","2016/2017","Southampton","Arsenal","3.42","3.78","2.13","","","1.14","5.40","1.61","2.48","2.31","1.59","3.94","1.20","1.54","2.61"
"6595","08-05-17 21:00","England","Premier League","2016/2017","Chelsea","Middlesbrough","1.14","10.00","24.00","","","1.08","6.90","1.37","3.10","2.13","1.85","3.40","1.32","2.42","1.62"
"6596","07-05-17 17:00","England","Premier League","2016/2017","Arsenal","Manchester Utd","2.14","3.64","3.64","","","1.20","4.54","1.83","2.16","2.80","1.44","5.10","1.14","1.68","2.30"
"6597","07-05-17 14:30","England","Premier League","2016/2017","Liverpool","Southampton","1.55","4.44","6.25","","","1.19","4.50","1.80","2.21","2.74","1.43","4.90","1.14","1.77","2.16"
"6598","06-05-17 18:30","England","Premier League","2016/2017","Swansea","Everton","2.55","3.52","2.94","","","1.25","4.00","1.97","1.99","3.13","1.37","5.80","1.11","1.69","2.28"
"6599","06-05-17 16:00","England","Premier League","2016/2017","Bournemouth","Stoke","2.40","3.54","3.19","","","1.21","4.40","1.84","2.14","2.88","1.42","5.20","1.14","1.61","2.45"
"6600","06-05-17 16:00","England","Premier League","2016/2017","Burnley","West Brom","2.54","3.10","3.34","1.06","8.00","1.47","2.70","2.71","1.56","5.10","1.17","9.60","1.03","2.09","1.81"
"6601","06-05-17 16:00","England","Premier League","2016/2017","Hull","Sunderland","1.57","4.60","6.25","","","1.20","4.54","1.82","2.17","2.83","1.43","5.20","1.14","1.90","1.98"
"6602","06-05-17 16:00","England","Premier League","2016/2017","Leicester","Watford","1.66","3.98","6.10","1.01","12.00","1.25","3.94","2.01","1.95","3.26","1.34","6.20","1.10","1.99","1.89"
"6603","06-05-17 13:30","England","Premier League","2016/2017","Manchester City","Crystal Palace","1.26","7.30","11.50","","","1.08","6.90","1.36","3.15","2.07","1.90","3.26","1.34","1.78","2.14"
"6604","05-05-17 21:00","England","Premier League","2016/2017","West Ham","Tottenham","8.60","5.30","1.41","","","1.17","5.10","1.69","2.36","2.57","1.51","4.54","1.17","1.96","1.92"
"6605","01-05-17 21:00","England","Premier League","2016/2017","Watford","Liverpool","5.90","4.40","1.63","","","1.19","4.70","1.75","2.25","2.72","1.46","4.84","1.15","1.80","2.10"
"6606","30-04-17 17:30","England","Premier League","2016/2017","Tottenham","Arsenal","1.82","4.30","4.30","","","1.11","5.80","1.47","2.69","2.32","1.71","3.84","1.26","1.50","2.73"
"6607","30-04-17 15:05","England","Premier League","2016/2017","Everton","Chelsea","4.54","3.84","1.87","","","1.22","4.24","1.87","2.10","2.95","1.40","5.40","1.13","1.72","2.22"
"6608","30-04-17 15:05","England","Premier League","2016/2017","Middlesbrough","Manchester City","12.50","6.70","1.27","","","1.11","5.70","1.49","2.63","2.44","1.65","4.10","1.24","1.97","1.92"
"6609","30-04-17 13:00","England","Premier League","2016/2017","Manchester Utd","Swansea","1.43","4.84","9.10","","","1.23","4.20","1.91","2.04","3.10","1.37","5.80","1.11","2.10","1.80"
"6610","29-04-17 18:30","England","Premier League","2016/2017","Crystal Palace","Burnley","1.79","3.64","5.60","1.02","10.50","1.27","3.76","2.08","1.87","3.46","1.31","6.80","1.08","1.98","1.90"
"6611","29-04-17 16:00","England","Premier League","2016/2017","Southampton","Hull","1.59","4.20","6.65","","","1.15","5.40","1.68","2.38","2.48","1.54","4.40","1.18","1.75","2.17"
"6612","29-04-17 16:00","England","Premier League","2016/2017","Stoke","West Ham","2.06","3.44","4.22","1.01","11.50","1.27","3.78","2.05","1.90","3.34","1.33","6.30","1.09","1.83","2.06"
"6613","29-04-17 16:00","England","Premier League","2016/2017","Sunderland","Bournemouth","3.44","3.60","2.25","","","1.18","4.90","1.77","2.22","2.63","1.49","4.70","1.16","1.58","2.51"
"6614","29-04-17 16:00","England","Premier League","2016/2017","West Brom","Leicester","2.80","3.32","2.82","1.02","10.50","1.29","3.60","2.18","1.80","3.60","1.29","6.80","1.08","1.83","2.06"
"6615","27-04-17 21:00","England","Premier League","2016/2017","Manchester City","Manchester Utd","1.99","3.56","4.40","1.01","12.00","1.25","3.96","1.95","2.01","3.26","1.34","5.70","1.11","1.74","2.19"
"6616","26-04-17 21:00","England","Premier League","2016/2017","Crystal Palace","Tottenham","5.80","4.64","1.59","","","1.16","5.30","1.68","2.42","2.48","1.54","4.40","1.18","1.67","2.32"
"6617","26-04-17 20:45","England","Premier League","2016/2017","Arsenal","Leicester","1.47","5.05","7.40","","","1.08","6.70","1.40","2.97","2.20","1.80","3.48","1.31","1.50","2.76"
"6618","26-04-17 20:45","England","Premier League","2016/2017","Middlesbrough","Sunderland","2.24","3.42","3.64","1.03","9.50","1.32","3.40","2.19","1.81","3.70","1.28","7.10","1.07","1.89","2.00"
"6619","25-04-17 20:45","England","Premier League","2016/2017","Chelsea","Southampton","1.46","4.94","7.90","","","1.15","5.50","1.68","2.41","2.46","1.55","4.40","1.18","1.83","2.07"
"6620","23-04-17 17:30","England","Premier League","2016/2017","Liverpool","Crystal Palace","1.53","4.42","7.70","","","1.14","5.60","1.67","2.43","2.43","1.56","4.40","1.18","1.70","2.26"
"6621","23-04-17 15:15","England","Premier League","2016/2017","Burnley","Manchester Utd","5.60","3.64","1.78","1.04","9.00","1.34","3.26","2.34","1.72","4.04","1.24","7.80","1.06","2.11","1.80"
"6622","22-04-17 16:00","England","Premier League","2016/2017","Bournemouth","Middlesbrough","1.91","3.84","4.36","1.01","12.50","1.24","4.10","1.93","2.03","3.08","1.38","5.70","1.11","1.78","2.14"
"6623","22-04-17 16:00","England","Premier League","2016/2017","Hull","Watford","1.93","3.70","4.48","1.01","11.50","1.26","3.88","2.06","1.91","3.30","1.33","6.20","1.10","1.87","2.02"
"6624","22-04-17 16:00","England","Premier League","2016/2017","Swansea","Stoke","2.36","3.58","3.24","","","1.22","4.24","1.89","2.08","2.96","1.40","5.50","1.12","1.75","2.17"
"6625","22-04-17 16:00","England","Premier League","2016/2017","West Ham","Everton","3.76","3.74","2.09","","","1.18","4.84","1.80","2.20","2.91","1.41","5.40","1.13","1.63","2.40"
"6626","17-04-17 21:00","England","Premier League","2016/2017","Middlesbrough","Arsenal","6.85","5.00","1.50","","","1.13","6.00","1.60","2.60","2.28","1.63","3.92","1.22","1.72","2.23"
"6627","16-04-17 17:00","England","Premier League","2016/2017","Manchester Utd","Chelsea","2.85","3.26","2.82","1.04","9.10","1.35","3.20","2.39","1.69","4.20","1.23","8.00","1.06","1.88","2.01"
"6628","16-04-17 14:30","England","Premier League","2016/2017","West Brom","Liverpool","4.58","3.80","1.88","1.01","12.00","1.24","4.04","1.99","1.97","3.15","1.36","6.00","1.10","1.81","2.09"
"6629","15-04-17 18:30","England","Premier League","2016/2017","Southampton","Manchester City","4.86","4.20","1.76","","","1.14","5.90","1.63","2.49","2.32","1.61","4.04","1.21","1.60","2.47"
"6630","15-04-17 16:00","England","Premier League","2016/2017","Crystal Palace","Leicester","2.07","3.60","3.96","1.01","12.00","1.23","4.20","1.95","2.01","3.06","1.38","5.70","1.11","1.75","2.17"
"6631","15-04-17 16:00","England","Premier League","2016/2017","Everton","Burnley","1.53","4.40","7.60","","","1.22","4.24","1.96","2.00","3.10","1.37","5.80","1.11","2.04","1.85"
"6632","15-04-17 16:00","England","Premier League","2016/2017","Stoke","Hull","2.00","3.54","4.30","1.04","9.00","1.29","3.60","2.08","1.89","3.46","1.31","6.50","1.09","1.90","1.98"
"6633","15-04-17 16:00","England","Premier League","2016/2017","Sunderland","West Ham","2.77","3.64","2.66","","","1.19","4.70","1.86","2.12","2.80","1.44","5.20","1.14","1.65","2.35"
"6634","15-04-17 16:00","England","Premier League","2016/2017","Watford","Swansea","2.70","3.22","2.98","1.04","9.00","1.28","3.72","2.14","1.84","3.44","1.31","6.50","1.09","1.92","1.96"
"6635","15-04-17 13:30","England","Premier League","2016/2017","Tottenham","Bournemouth","1.24","7.50","14.00","","","1.06","7.30","1.35","3.22","2.08","1.89","3.26","1.34","1.92","1.96"
"6636","10-04-17 21:00","England","Premier League","2016/2017","Crystal Palace","Arsenal","4.72","4.24","1.76","","","1.13","6.00","1.57","2.69","2.24","1.65","3.80","1.23","1.51","2.70"
"6637","09-04-17 17:00","England","Premier League","2016/2017","Everton","Leicester","1.77","3.94","5.10","1.01","12.00","1.19","4.70","1.72","2.34","2.65","1.48","4.70","1.16","1.62","2.42"
"6638","09-04-17 14:30","England","Premier League","2016/2017","Sunderland","Manchester Utd","9.10","5.20","1.40","","","1.21","4.40","1.77","2.25","2.84","1.43","5.20","1.14","2.01","1.88"
"6639","08-04-17 18:30","England","Premier League","2016/2017","Bournemouth","Chelsea","6.90","4.60","1.53","","","1.18","4.84","1.68","2.38","2.63","1.49","4.70","1.16","1.70","2.26"
"6640","08-04-17 16:00","England","Premier League","2016/2017","Manchester City","Hull","1.19","8.40","18.00","","","1.06","7.60","1.33","3.30","1.95","1.99","3.15","1.36","1.95","1.93"
"6641","08-04-17 16:00","England","Premier League","2016/2017","Middlesbrough","Burnley","2.61","3.20","3.16","1.06","7.80","1.43","2.83","2.53","1.62","4.60","1.20","8.90","1.04","2.08","1.82"
"6642","08-04-17 16:00","England","Premier League","2016/2017","Stoke","Liverpool","3.54","3.40","2.27","1.01","12.00","1.33","3.30","2.16","1.81","3.76","1.27","7.10","1.07","1.81","2.10"
"6643","08-04-17 16:00","England","Premier League","2016/2017","West Brom","Southampton","3.01","3.34","2.62","1.04","8.80","1.36","3.15","2.24","1.76","3.96","1.25","7.60","1.06","1.90","1.98"
"6644","08-04-17 16:00","England","Premier League","2016/2017","West Ham","Swansea","2.21","3.50","3.66","","","1.22","4.30","1.89","2.06","2.97","1.40","6.40","1.09","1.65","2.36"
"6645","08-04-17 13:30","England","Premier League","2016/2017","Tottenham","Watford","1.24","7.30","14.50","","","1.14","5.10","1.61","2.58","2.49","1.63","4.30","1.22","2.22","1.73"
"6646","05-04-17 21:00","England","Premier League","2016/2017","Chelsea","Manchester City","2.23","3.44","3.62","","","1.24","4.14","1.88","2.08","2.96","1.40","5.25","1.14","1.58","2.52"
"6647","05-04-17 21:00","England","Premier League","2016/2017","Liverpool","Bournemouth","1.44","4.90","8.70","","","1.14","5.00","1.60","2.34","2.61","1.58","4.70","1.19","1.77","2.16"
"6648","05-04-17 20:45","England","Premier League","2016/2017","Arsenal","West Ham","1.41","5.60","7.90","","","1.08","6.90","1.37","3.14","1.99","1.95","3.20","1.35","1.54","2.63"
"6649","05-04-17 20:45","England","Premier League","2016/2017","Hull","Middlesbrough","2.12","3.30","4.22","1.05","8.60","1.39","3.00","2.42","1.66","4.30","1.22","8.40","1.05","2.08","1.82"
"6650","05-04-17 20:45","England","Premier League","2016/2017","Southampton","Crystal Palace","1.90","3.60","4.82","1.02","10.50","1.32","3.38","2.18","1.80","3.76","1.27","7.10","1.07","1.99","1.89"
"6651","05-04-17 20:45","England","Premier League","2016/2017","Swansea","Tottenham","5.40","3.94","1.74","1.01","12.00","1.25","3.94","1.94","2.00","3.18","1.36","6.00","1.10","1.86","2.04"
"6652","04-04-17 21:00","England","Premier League","2016/2017","Manchester Utd","Everton","1.59","4.20","6.75","1.02","11.00","1.26","3.84","1.96","2.00","3.26","1.34","6.20","1.10","1.93","1.95"
"6653","04-04-17 20:45","England","Premier League","2016/2017","Burnley","Stoke","2.50","3.15","3.34","1.04","9.00","1.42","2.88","2.50","1.64","4.54","1.20","8.80","1.04","2.01","1.86"
"6654","04-04-17 20:45","England","Premier League","2016/2017","Leicester","Sunderland","1.53","4.50","7.20","","","1.21","4.40","1.80","2.20","2.88","1.42","5.20","1.14","1.92","1.96"
"6655","04-04-17 20:45","England","Premier League","2016/2017","Watford","West Brom","2.50","3.20","3.30","1.04","9.00","1.40","2.96","2.46","1.66","4.40","1.21","8.40","1.05","2.01","1.87"
"6656","02-04-17 17:00","England","Premier League","2016/2017","Arsenal","Manchester City","2.89","3.92","2.44","","","1.13","6.00","1.50","2.93","2.14","1.71","3.54","1.26","1.41","3.13"
"6657","02-04-17 14:30","England","Premier League","2016/2017","Swansea","Middlesbrough","1.93","3.46","4.92","1.04","9.00","1.34","3.26","2.25","1.77","3.90","1.26","7.60","1.06","2.05","1.85"
"6658","01-04-17 18:30","England","Premier League","2016/2017","Southampton","Bournemouth","1.70","4.10","5.55","","","1.21","4.50","1.80","2.20","2.81","1.44","5.10","1.14","1.77","2.15"
"6659","01-04-17 16:00","England","Premier League","2016/2017","Burnley","Tottenham","4.98","3.74","1.83","1.02","10.50","1.30","3.52","2.12","1.86","3.60","1.29","6.80","1.08","1.98","1.90"
"6660","01-04-17 16:00","England","Premier League","2016/2017","Chelsea","Crystal Palace","1.33","5.70","11.50","1.01","12.50","1.21","4.44","1.81","2.19","2.88","1.42","5.30","1.13","2.22","1.73"
"6661","01-04-17 16:00","England","Premier League","2016/2017","Hull","West Ham","2.47","3.40","3.20","1.01","12.00","1.24","4.04","1.93","2.03","3.10","1.37","5.70","1.11","1.74","2.21"
"6662","01-04-17 16:00","England","Premier League","2016/2017","Leicester","Stoke","1.97","3.54","4.48","1.02","11.00","1.30","3.56","2.10","1.87","3.52","1.30","6.70","1.08","1.89","1.99"
"6663","01-04-17 16:00","England","Premier League","2016/2017","Manchester Utd","West Brom","1.40","5.10","9.70","1.01","12.00","1.25","3.98","1.93","2.03","3.20","1.35","6.00","1.10","2.20","1.73"
"6664","01-04-17 16:00","England","Premier League","2016/2017","Watford","Sunderland","2.02","3.62","4.12","1.03","9.50","1.32","3.40","2.13","1.85","3.64","1.29","6.90","1.08","1.98","1.90"
"6665","01-04-17 13:30","England","Premier League","2016/2017","Liverpool","Everton","1.75","3.84","5.50","","","1.20","4.54","1.83","2.16","2.80","1.44","5.10","1.14","1.73","2.21"
"6666","19-03-17 17:30","England","Premier League","2016/2017","Manchester City","Liverpool","1.98","3.92","3.92","","","1.17","5.10","1.68","2.42","2.51","1.53","4.40","1.18","1.54","2.61"
"6667","19-03-17 15:15","England","Premier League","2016/2017","Tottenham","Southampton","1.74","3.98","5.45","1.01","12.00","1.22","4.24","1.86","2.11","2.96","1.40","5.50","1.12","1.82","2.08"
"6668","19-03-17 13:00","England","Premier League","2016/2017","Middlesbrough","Manchester Utd","6.00","3.96","1.68","1.03","9.30","1.30","3.52","2.11","1.85","3.60","1.29","6.90","1.08","2.02","1.86"
"6669","18-03-17 18:30","England","Premier League","2016/2017","Bournemouth","Swansea","2.22","3.54","3.60","","","1.21","4.50","1.80","2.20","2.77","1.45","5.00","1.14","1.64","2.38"
"6670","18-03-17 16:00","England","Premier League","2016/2017","Crystal Palace","Watford","1.95","3.44","4.76","1.03","9.70","1.33","3.30","2.25","1.77","3.84","1.26","7.40","1.06","2.05","1.85"
"6671","18-03-17 16:00","England","Premier League","2016/2017","Everton","Hull","1.59","4.20","6.75","","","1.23","4.20","1.89","2.08","3.04","1.38","5.70","1.11","1.94","1.94"
"6672","18-03-17 16:00","England","Premier League","2016/2017","Stoke","Chelsea","6.00","3.84","1.70","1.02","10.50","1.30","3.54","2.11","1.85","3.60","1.29","6.90","1.08","1.99","1.89"
"6673","18-03-17 16:00","England","Premier League","2016/2017","Sunderland","Burnley","2.68","3.19","3.07","1.05","8.70","1.39","3.00","2.41","1.66","4.30","1.22","8.20","1.05","1.95","1.93"
"6674","18-03-17 16:00","England","Premier League","2016/2017","West Ham","Leicester","2.40","3.46","3.26","1.01","12.50","1.25","3.94","1.95","2.01","3.15","1.36","5.80","1.11","1.70","2.25"
"6675","18-03-17 13:30","England","Premier League","2016/2017","West Brom","Arsenal","5.65","4.14","1.68","","","1.20","4.54","1.78","2.21","2.79","1.44","5.10","1.14","1.74","2.18"
"6676","12-03-17 17:00","England","Premier League","2016/2017","Liverpool","Burnley","1.29","6.20","13.00","","","1.18","4.40","1.77","2.25","2.95","1.48","5.40","1.15","2.20","1.74"
"6677","11-03-17 16:00","England","Premier League","2016/2017","Bournemouth","West Ham","2.65","3.50","2.87","","","1.19","4.74","1.74","2.30","2.63","1.49","4.70","1.16","1.60","2.45"
"6678","11-03-17 16:00","England","Premier League","2016/2017","Everton","West Brom","1.67","3.94","6.15","1.03","9.50","1.29","3.60","2.09","1.88","3.52","1.30","6.70","1.08","2.02","1.86"
"6679","11-03-17 16:00","England","Premier League","2016/2017","Hull","Swansea","2.52","3.34","3.15","1.02","11.00","1.30","3.52","2.12","1.86","3.54","1.30","6.70","1.08","1.81","2.09"
"6680","08-03-17 21:00","England","Premier League","2016/2017","Manchester City","Stoke","1.24","7.10","14.50","1.03","17.00","1.10","6.10","1.45","2.76","2.26","1.76","3.82","1.27","1.97","1.92"
"6681","06-03-17 21:00","England","Premier League","2016/2017","West Ham","Chelsea","6.10","4.40","1.61","","","1.22","4.24","1.84","2.14","2.95","1.40","5.40","1.13","1.82","2.08"
"6682","05-03-17 17:00","England","Premier League","2016/2017","Sunderland","Manchester City","11.50","6.80","1.28","","","1.11","5.80","1.47","2.70","2.30","1.74","3.88","1.26","1.89","2.00"
"6683","05-03-17 14:30","England","Premier League","2016/2017","Tottenham","Everton","1.62","4.42","6.05","","","1.22","4.32","1.82","2.17","2.88","1.42","5.30","1.13","1.74","2.20"
"6684","04-03-17 18:30","England","Premier League","2016/2017","Liverpool","Arsenal","2.03","3.70","3.96","","","1.17","5.10","1.69","2.39","2.52","1.53","4.44","1.18","1.53","2.65"
"6685","04-03-17 16:00","England","Premier League","2016/2017","Leicester","Hull","1.86","3.60","5.10","1.03","9.50","1.28","3.68","2.07","1.90","3.44","1.31","6.50","1.09","1.93","1.93"
"6686","04-03-17 16:00","England","Premier League","2016/2017","Stoke","Middlesbrough","2.05","3.24","4.52","1.06","7.50","1.42","2.88","2.55","1.62","4.60","1.20","8.90","1.04","2.14","1.78"
"6687","04-03-17 16:00","England","Premier League","2016/2017","Swansea","Burnley","2.02","3.40","4.46","1.03","9.60","1.35","3.20","2.30","1.74","4.00","1.25","7.70","1.06","1.95","1.93"
"6688","04-03-17 16:00","England","Premier League","2016/2017","Watford","Southampton","3.98","3.44","2.12","1.03","9.90","1.33","3.32","2.22","1.79","3.80","1.27","7.30","1.06","1.93","1.95"
"6689","04-03-17 16:00","England","Premier League","2016/2017","West Brom","Crystal Palace","2.27","3.34","3.64","1.03","9.30","1.37","3.13","2.34","1.72","4.10","1.24","7.80","1.06","2.02","1.86"
"6690","04-03-17 13:30","England","Premier League","2016/2017","Manchester Utd","Bournemouth","1.25","7.20","13.50","","","1.14","5.70","1.59","2.63","2.36","1.59","4.14","1.20","2.04","1.85"
"6691","27-02-17 21:00","England","Premier League","2016/2017","Leicester","Liverpool","5.80","4.22","1.66","","","1.23","4.20","1.89","2.08","3.05","1.38","5.70","1.11","1.83","2.07"
"6692","26-02-17 14:30","England","Premier League","2016/2017","Tottenham","Stoke","1.41","5.30","8.70","","","1.18","4.84","1.72","2.34","2.67","1.48","4.80","1.15","1.93","1.95"
"6693","25-02-17 18:30","England","Premier League","2016/2017","Watford","West Ham","2.85","3.24","2.85","1.02","11.00","1.30","3.54","2.12","1.86","3.52","1.30","6.70","1.08","1.81","2.10"
"6694","25-02-17 16:00","England","Premier League","2016/2017","Chelsea","Swansea","1.28","6.40","13.00","","","1.15","5.40","1.63","2.49","2.55","1.62","4.44","1.18","2.16","1.76"
"6695","25-02-17 16:00","England","Premier League","2016/2017","Crystal Palace","Middlesbrough","2.14","3.20","4.32","1.06","7.70","1.45","2.76","2.66","1.58","4.84","1.18","9.50","1.03","2.24","1.71"
"6696","25-02-17 16:00","England","Premier League","2016/2017","Everton","Sunderland","1.43","5.30","8.20","","","1.18","4.84","1.71","2.35","2.65","1.48","4.70","1.16","1.93","1.95"
"6697","25-02-17 16:00","England","Premier League","2016/2017","Hull","Burnley","2.21","3.30","3.92","1.06","8.00","1.39","3.00","2.42","1.68","4.30","1.22","8.30","1.05","2.06","1.83"
"6698","25-02-17 16:00","England","Premier League","2016/2017","West Brom","Bournemouth","2.22","3.30","3.86","1.03","9.50","1.33","3.32","2.23","1.78","3.80","1.27","7.30","1.06","1.86","2.03"
"6699","13-02-17 21:00","England","Premier League","2016/2017","Bournemouth","Manchester City","7.80","5.50","1.43","","","1.13","5.40","1.51","2.56","2.41","1.68","4.10","1.24","1.74","2.19"
"6700","12-02-17 17:00","England","Premier League","2016/2017","Swansea","Leicester","2.55","3.34","3.08","1.03","9.50","1.29","3.60","2.09","1.88","3.48","1.31","6.50","1.09","1.80","2.11"
"6701","12-02-17 14:30","England","Premier League","2016/2017","Burnley","Chelsea","7.60","4.50","1.52","1.01","12.00","1.30","3.54","2.10","1.87","3.60","1.29","6.90","1.08","2.25","1.70"
"6702","11-02-17 18:30","England","Premier League","2016/2017","Liverpool","Tottenham","2.27","3.50","3.48","1.01","12.00","1.23","4.20","1.90","2.07","3.00","1.39","5.50","1.12","1.71","2.25"
"6703","11-02-17 16:00","England","Premier League","2016/2017","Manchester Utd","Watford","1.26","6.70","14.50","","","1.17","5.10","1.69","2.39","2.63","1.49","4.70","1.16","2.25","1.71"
"6704","11-02-17 16:00","England","Premier League","2016/2017","Middlesbrough","Everton","3.98","3.34","2.16","1.03","9.70","1.34","3.26","2.26","1.76","3.90","1.26","7.40","1.06","1.99","1.89"
"6705","11-02-17 16:00","England","Premier League","2016/2017","Stoke","Crystal Palace","2.22","3.34","3.80","1.03","9.30","1.36","3.15","2.32","1.73","4.04","1.24","7.80","1.06","1.94","1.94"
"6706","11-02-17 16:00","England","Premier League","2016/2017","Sunderland","Southampton","3.88","3.60","2.10","1.02","11.00","1.30","3.52","2.10","1.87","3.54","1.30","6.70","1.08","1.89","2.00"
"6707","11-02-17 16:00","England","Premier League","2016/2017","West Ham","West Brom","2.32","3.30","3.58","1.02","10.50","1.31","3.46","2.16","1.83","3.62","1.29","6.90","1.08","1.85","2.05"
"6708","11-02-17 13:30","England","Premier League","2016/2017","Arsenal","Hull","1.32","6.20","10.50","","","1.13","6.00","1.54","2.73","2.35","1.71","3.88","1.22","1.89","1.99"
"6709","05-02-17 17:00","England","Premier League","2016/2017","Leicester","Manchester Utd","5.35","3.92","1.76","1.03","10.00","1.27","3.80","2.00","1.96","3.30","1.33","6.20","1.10","1.96","1.92"
"6710","05-02-17 14:30","England","Premier League","2016/2017","Manchester City","Swansea","1.22","8.00","14.50","","","1.07","7.10","1.36","3.18","2.01","1.95","3.22","1.35","1.89","1.99"
"6711","04-02-17 18:30","England","Premier League","2016/2017","Tottenham","Middlesbrough","1.29","6.40","12.50","","","1.19","4.74","1.71","2.32","2.70","1.47","4.80","1.15","2.23","1.72"
"6712","04-02-17 16:00","England","Premier League","2016/2017","Crystal Palace","Sunderland","1.75","3.92","5.40","1.02","11.00","1.29","3.60","2.08","1.89","3.52","1.30","6.70","1.08","1.97","1.92"
"6713","04-02-17 16:00","England","Premier League","2016/2017","Everton","Bournemouth","1.72","4.04","5.50","","","1.22","4.30","1.84","2.14","2.91","1.41","5.40","1.13","1.78","2.13"
"6714","04-02-17 16:00","England","Premier League","2016/2017","Hull","Liverpool","7.00","4.54","1.54","","","1.22","4.34","1.83","2.16","2.91","1.41","5.40","1.13","1.89","2.00"
"6715","04-02-17 16:00","England","Premier League","2016/2017","Southampton","West Ham","1.85","3.80","4.76","1.03","10.00","1.25","3.94","1.95","2.01","3.16","1.36","5.90","1.11","1.85","2.04"
"6716","04-02-17 16:00","England","Premier League","2016/2017","Watford","Burnley","2.18","3.24","4.08","1.05","8.50","1.38","3.08","2.39","1.69","4.20","1.23","8.10","1.05","2.08","1.82"
"6717","04-02-17 16:00","England","Premier League","2016/2017","West Brom","Stoke","2.46","3.24","3.36","1.05","8.50","1.37","3.14","2.34","1.72","4.04","1.24","7.80","1.06","1.95","1.93"
"6718","04-02-17 13:30","England","Premier League","2016/2017","Chelsea","Arsenal","2.05","3.42","4.30","1.02","11.00","1.26","3.84","2.01","1.95","3.26","1.34","6.20","1.10","1.82","2.08"
"6719","01-02-17 21:00","England","Premier League","2016/2017","Manchester Utd","Hull","1.21","7.90","17.00","","","1.12","5.50","1.51","2.57","2.42","1.66","4.20","1.23","2.26","1.70"
"6720","01-02-17 21:00","England","Premier League","2016/2017","Stoke","Everton","3.13","3.40","2.52","1.02","11.00","1.30","3.56","2.09","1.88","3.48","1.31","6.50","1.09","1.77","2.16"
"6721","01-02-17 20:45","England","Premier League","2016/2017","West Ham","Manchester City","5.75","4.54","1.62","","","1.16","5.30","1.63","2.53","2.43","1.56","4.24","1.19","1.65","2.36"
"6722","31-01-17 21:00","England","Premier League","2016/2017","Liverpool","Chelsea","2.67","3.22","3.02","1.03","10.00","1.29","3.64","2.08","1.89","3.42","1.32","6.50","1.09","1.76","2.16"
"6723","31-01-17 20:45","England","Premier League","2016/2017","Arsenal","Watford","1.24","7.30","14.50","","","1.10","6.20","1.44","2.80","2.23","1.78","3.76","1.27","2.04","1.85"
"6724","31-01-17 20:45","England","Premier League","2016/2017","Bournemouth","Crystal Palace","2.14","3.44","3.90","1.02","11.00","1.28","3.68","2.06","1.91","3.40","1.32","6.40","1.09","1.81","2.10"
"6725","31-01-17 20:45","England","Premier League","2016/2017","Burnley","Leicester","2.94","3.24","2.74","1.04","9.00","1.35","3.20","2.29","1.74","3.94","1.25","7.60","1.06","1.92","1.97"
"6726","31-01-17 20:45","England","Premier League","2016/2017","Middlesbrough","West Brom","2.78","3.06","3.06","1.07","7.20","1.50","2.60","2.82","1.53","5.30","1.16","11.50","1.01","2.23","1.72"
"6727","31-01-17 20:45","England","Premier League","2016/2017","Sunderland","Tottenham","8.30","5.80","1.39","","","1.13","6.00","1.54","2.77","2.24","1.65","3.80","1.23","1.78","2.13"
"6728","31-01-17 20:45","England","Premier League","2016/2017","Swansea","Southampton","3.24","3.42","2.42","1.03","10.00","1.29","3.62","2.07","1.90","3.44","1.31","6.50","1.09","1.82","2.08"
"6729","22-01-17 17:30","England","Premier League","2016/2017","Chelsea","Hull","1.19","8.50","18.00","","","1.12","5.50","1.50","2.60","2.41","1.68","4.10","1.24","2.34","1.66"
"6730","22-01-17 15:15","England","Premier League","2016/2017","Arsenal","Burnley","1.23","7.30","16.00","","","1.10","6.10","1.45","2.76","2.26","1.76","3.84","1.26","2.09","1.81"
"6731","22-01-17 13:00","England","Premier League","2016/2017","Southampton","Leicester","1.84","3.68","5.00","1.05","8.50","1.36","3.16","2.30","1.74","4.04","1.24","7.80","1.06","2.17","1.75"
"6732","21-01-17 18:30","England","Premier League","2016/2017","Manchester City","Tottenham","2.18","3.60","3.64","1.01","12.00","1.22","4.34","1.83","2.16","2.88","1.42","5.20","1.14","1.70","2.26"
"6733","21-01-17 16:00","England","Premier League","2016/2017","Bournemouth","Watford","1.93","3.64","4.54","1.01","12.00","1.26","3.86","1.98","1.98","3.22","1.35","6.00","1.10","1.82","2.08"
"6734","21-01-17 16:00","England","Premier League","2016/2017","Crystal Palace","Everton","3.20","3.38","2.48","1.03","10.00","1.33","3.32","2.17","1.82","3.72","1.28","7.10","1.07","1.84","2.06"
"6735","21-01-17 16:00","England","Premier League","2016/2017","Middlesbrough","West Ham","2.62","3.15","3.20","1.04","8.80","1.39","3.02","2.41","1.66","4.24","1.22","8.20","1.05","1.99","1.89"
"6736","21-01-17 16:00","England","Premier League","2016/2017","Stoke","Manchester Utd","6.00","4.20","1.64","1.01","12.00","1.26","3.90","1.96","2.00","3.20","1.35","6.00","1.10","1.93","1.95"
"6737","21-01-17 16:00","England","Premier League","2016/2017","West Brom","Sunderland","1.71","3.90","5.85","1.02","11.00","1.28","3.68","2.05","1.90","3.44","1.31","6.50","1.09","1.98","1.90"
"6738","21-01-17 13:30","England","Premier League","2016/2017","Liverpool","Swansea","1.25","7.10","14.00","","","1.11","5.80","1.47","2.69","2.31","1.72","3.94","1.25","1.92","1.97"
"6739","15-01-17 17:00","England","Premier League","2016/2017","Manchester Utd","Liverpool","2.02","3.44","4.36","1.01","11.50","1.28","3.72","2.05","1.92","3.38","1.32","6.30","1.09","1.82","2.08"
"6740","15-01-17 14:30","England","Premier League","2016/2017","Everton","Manchester City","4.68","3.90","1.84","","","1.22","4.32","1.83","2.16","2.88","1.42","5.20","1.14","1.69","2.27"
"6741","14-01-17 18:30","England","Premier League","2016/2017","Leicester","Chelsea","5.00","3.70","1.84","1.02","11.00","1.29","3.62","2.08","1.89","3.48","1.31","6.60","1.09","1.93","1.95"
"6742","14-01-17 16:00","England","Premier League","2016/2017","Burnley","Southampton","4.40","3.40","2.04","1.04","8.80","1.38","3.05","2.39","1.69","4.24","1.22","8.10","1.05","2.06","1.83"
"6743","14-01-17 16:00","England","Premier League","2016/2017","Hull","Bournemouth","3.10","3.48","2.49","1.02","11.00","1.25","3.98","1.93","2.03","3.10","1.37","5.70","1.11","1.75","2.13"
"6744","14-01-17 16:00","England","Premier League","2016/2017","Sunderland","Stoke","3.38","3.54","2.30","1.03","9.50","1.26","3.84","1.98","1.98","3.22","1.35","6.00","1.10","1.78","2.13"
"6745","14-01-17 16:00","England","Premier League","2016/2017","Swansea","Arsenal","7.20","4.94","1.49","","","1.15","5.50","1.61","2.58","2.38","1.58","4.14","1.20","1.68","2.26"
"6746","14-01-17 16:00","England","Premier League","2016/2017","Watford","Middlesbrough","2.44","3.20","3.44","1.08","7.00","1.49","2.63","2.77","1.54","5.30","1.16","10.00","1.03","2.19","1.70"
"6747","14-01-17 16:00","England","Premier League","2016/2017","West Ham","Crystal Palace","2.42","3.34","3.34","1.01","11.50","1.28","3.70","2.05","1.92","3.38","1.32","6.30","1.09","1.76","2.16"
"6748","14-01-17 13:30","England","Premier League","2016/2017","Tottenham","West Brom","1.36","5.50","11.00","","","1.21","4.40","1.83","2.16","2.95","1.40","5.50","1.12","2.21","1.73"
"6749","04-01-17 21:00","England","Premier League","2016/2017","Tottenham","Chelsea","2.75","3.20","2.99","1.02","11.00","1.30","3.56","2.12","1.86","3.52","1.30","6.70","1.08","1.70","2.25"
"6750","03-01-17 21:00","England","Premier League","2016/2017","Crystal Palace","Swansea","1.89","3.74","4.60","1.01","12.00","1.22","4.24","1.87","2.10","2.96","1.40","5.50","1.12","1.75","2.18"
"6751","03-01-17 21:00","England","Premier League","2016/2017","Stoke","Watford","1.84","3.64","5.15","1.02","10.50","1.31","3.44","2.17","1.82","3.70","1.28","7.10","1.07","1.98","1.90"
"6752","03-01-17 20:45","England","Premier League","2016/2017","Bournemouth","Arsenal","5.25","4.30","1.70","","","1.17","5.10","1.69","2.39","2.56","1.51","4.54","1.17","1.66","2.33"
"6753","02-01-17 18:15","England","Premier League","2016/2017","West Ham","Manchester Utd","6.65","4.52","1.57","1.01","12.00","1.19","4.74","1.73","2.29","2.68","1.47","4.80","1.15","1.77","2.14"
"6754","02-01-17 16:00","England","Premier League","2016/2017","Everton","Southampton","2.44","3.26","3.38","1.05","8.50","1.33","3.32","2.22","1.79","3.78","1.27","7.20","1.07","1.94","1.94"
"6755","02-01-17 16:00","England","Premier League","2016/2017","Manchester City","Burnley","1.21","7.90","17.00","","","1.10","6.00","1.46","2.73","2.29","1.73","3.94","1.25","2.08","1.82"
"6756","02-01-17 16:00","England","Premier League","2016/2017","Sunderland","Liverpool","11.00","6.20","1.32","","","1.14","5.60","1.58","2.66","2.34","1.60","4.04","1.21","1.95","1.93"
"6757","02-01-17 16:00","England","Premier League","2016/2017","West Brom","Hull","2.00","3.28","4.74","1.04","9.00","1.41","2.93","2.49","1.63","4.54","1.20","8.80","1.04","2.13","1.78"
"6758","02-01-17 13:30","England","Premier League","2016/2017","Middlesbrough","Leicester","2.78","3.15","2.98","1.06","8.00","1.40","2.95","2.48","1.65","4.40","1.21","8.50","1.05","2.03","1.86"
"6759","01-01-17 17:00","England","Premier League","2016/2017","Arsenal","Crystal Palace","1.37","5.90","8.80","1.01","18.00","1.13","5.40","1.53","2.52","2.46","1.66","4.20","1.23","1.83","2.06"
"6760","01-01-17 14:30","England","Premier League","2016/2017","Watford","Tottenham","6.30","4.40","1.59","1.03","10.00","1.22","4.24","1.86","2.12","3.00","1.39","5.50","1.12","1.92","1.97"
"6761","31-12-16 18:30","England","Premier League","2016/2017","Liverpool","Manchester City","2.49","3.54","3.05","1.01","15.00","1.18","4.94","1.70","2.37","2.54","1.52","4.44","1.18","1.53","2.65"
"6762","31-12-16 16:00","England","Premier League","2016/2017","Burnley","Sunderland","2.31","3.48","3.42","1.06","8.00","1.32","3.40","2.16","1.83","3.68","1.28","6.90","1.08","1.86","2.03"
"6763","31-12-16 16:00","England","Premier League","2016/2017","Chelsea","Stoke","1.25","6.75","16.00","1.01","15.00","1.14","5.80","1.59","2.63","2.38","1.58","4.14","1.20","2.17","1.75"
"6764","31-12-16 16:00","England","Premier League","2016/2017","Leicester","West Ham","2.18","3.52","3.70","1.03","10.00","1.23","4.20","1.88","2.09","2.97","1.40","5.50","1.12","1.69","2.29"
"6765","31-12-16 16:00","England","Premier League","2016/2017","Manchester Utd","Middlesbrough","1.26","6.75","14.50","1.01","12.00","1.20","4.54","1.77","2.25","2.83","1.43","5.10","1.14","2.47","1.60"
"6766","31-12-16 16:00","England","Premier League","2016/2017","Southampton","West Brom","1.74","3.72","5.95","1.04","8.90","1.37","3.13","2.35","1.71","4.20","1.23","8.10","1.05","2.25","1.70"
"6767","31-12-16 16:00","England","Premier League","2016/2017","Swansea","Bournemouth","2.68","3.40","2.89","1.04","11.50","1.22","4.24","1.86","2.12","2.91","1.41","5.30","1.13","1.69","2.28"
"6768","30-12-16 21:00","England","Premier League","2016/2017","Hull","Everton","3.96","3.52","2.10","1.04","9.00","1.31","3.46","2.14","1.84","3.62","1.29","6.90","1.08","1.86","2.03"
"6769","28-12-16 20:45","England","Premier League","2016/2017","Southampton","Tottenham","3.10","3.20","2.65","1.03","9.90","1.33","3.32","2.23","1.78","4.04","1.24","7.30","1.06","1.86","2.02"
"6770","27-12-16 18:15","England","Premier League","2016/2017","Liverpool","Stoke","1.34","5.80","11.50","1.03","17.00","1.15","5.40","1.62","2.51","2.56","1.62","4.40","1.18","1.91","1.97"
"6771","26-12-16 18:15","England","Premier League","2016/2017","Hull","Manchester City","9.80","5.30","1.38","1.03","17.00","1.18","4.90","1.70","2.34","2.76","1.54","4.74","1.16","2.04","1.85"
"6772","26-12-16 16:00","England","Premier League","2016/2017","Arsenal","West Brom","1.36","5.50","11.00","1.03","17.00","1.17","5.10","1.71","2.35","2.65","1.48","4.80","1.15","2.08","1.82"
"6773","26-12-16 16:00","England","Premier League","2016/2017","Burnley","Middlesbrough","2.99","3.10","2.82","1.08","7.00","1.48","2.65","2.74","1.55","5.10","1.17","9.90","1.03","2.18","1.74"
"6774","26-12-16 16:00","England","Premier League","2016/2017","Chelsea","Bournemouth","1.38","5.30","10.00","1.03","15.00","1.18","4.90","1.73","2.32","2.68","1.47","4.84","1.15","1.95","1.93"
"6775","26-12-16 16:00","England","Premier League","2016/2017","Leicester","Everton","2.75","3.38","2.83","1.02","11.00","1.27","3.80","2.00","1.96","3.26","1.34","6.00","1.10","1.73","2.21"
"6776","26-12-16 16:00","England","Premier League","2016/2017","Manchester Utd","Sunderland","1.21","8.00","17.00","1.04","13.00","1.13","6.00","1.54","2.77","2.28","1.63","3.88","1.22","2.22","1.73"
"6777","26-12-16 16:00","England","Premier League","2016/2017","Swansea","West Ham","2.52","3.50","3.03","1.05","11.00","1.20","4.54","1.78","2.21","2.75","1.45","4.90","1.15","1.63","2.39"
"6778","26-12-16 13:30","England","Premier League","2016/2017","Watford","Crystal Palace","2.53","3.30","3.18","1.03","10.00","1.31","3.46","2.16","1.83","3.70","1.28","7.10","1.07","1.82","2.08"
"6779","19-12-16 21:00","England","Premier League","2016/2017","Everton","Liverpool","4.18","3.44","2.07","1.05","12.00","1.19","4.70","1.81","2.19","2.77","1.45","5.00","1.14","1.66","2.34"
"6780","18-12-16 17:00","England","Premier League","2016/2017","Manchester City","Arsenal","2.29","3.62","3.34","","","1.18","4.94","1.70","2.37","2.54","1.52","4.54","1.17","1.53","2.66"
"6781","18-12-16 17:00","England","Premier League","2016/2017","Tottenham","Burnley","1.22","7.60","16.00","","","1.13","5.40","1.51","2.56","2.46","1.66","4.20","1.23","2.17","1.76"
"6782","18-12-16 14:30","England","Premier League","2016/2017","Bournemouth","Southampton","2.94","3.30","2.71","1.03","9.20","1.34","3.26","2.25","1.77","3.86","1.26","7.40","1.06","1.90","1.98"
"6783","17-12-16 18:30","England","Premier League","2016/2017","West Brom","Manchester Utd","5.90","3.84","1.72","1.03","10.00","1.32","3.38","2.19","1.81","3.76","1.27","7.20","1.07","2.05","1.84"
"6784","17-12-16 16:00","England","Premier League","2016/2017","Middlesbrough","Swansea","2.15","3.34","4.04","1.03","9.90","1.33","3.32","2.23","1.78","3.82","1.27","7.30","1.06","1.94","1.94"
"6785","17-12-16 16:00","England","Premier League","2016/2017","Stoke","Leicester","2.78","3.30","2.86","1.02","10.50","1.31","3.44","2.16","1.83","3.62","1.29","6.90","1.08","1.86","2.03"
"6786","17-12-16 16:00","England","Premier League","2016/2017","Sunderland","Watford","2.67","3.30","3.01","1.02","10.50","1.31","3.48","2.14","1.84","3.60","1.29","6.80","1.08","1.86","2.03"
"6787","17-12-16 16:00","England","Premier League","2016/2017","West Ham","Hull","1.73","3.90","5.55","","","1.23","4.20","1.87","2.10","2.95","1.40","5.40","1.13","1.80","2.10"
"6788","17-12-16 13:30","England","Premier League","2016/2017","Crystal Palace","Chelsea","6.95","4.46","1.55","","","1.20","4.54","1.80","2.20","2.83","1.43","5.20","1.14","1.86","2.04"
"6789","14-12-16 21:00","England","Premier League","2016/2017","Crystal Palace","Manchester Utd","5.65","3.98","1.71","1.01","12.00","1.29","3.62","2.07","1.90","3.48","1.31","6.60","1.09","2.01","1.88"
"6790","14-12-16 21:00","England","Premier League","2016/2017","Manchester City","Watford","1.28","6.80","12.00","","","1.09","6.30","1.42","2.88","2.16","1.81","3.60","1.29","1.86","2.03"
"6791","14-12-16 21:00","England","Premier League","2016/2017","Stoke","Southampton","3.26","3.24","2.52","1.03","9.30","1.36","3.15","2.31","1.72","4.04","1.24","7.70","1.06","1.94","1.94"
"6792","14-12-16 21:00","England","Premier League","2016/2017","Tottenham","Hull","1.24","7.20","15.00","","","1.12","5.50","1.51","2.58","2.42","1.68","4.20","1.23","2.18","1.75"
"6793","14-12-16 21:00","England","Premier League","2016/2017","West Brom","Swansea","2.06","3.44","4.22","1.02","10.50","1.31","3.44","2.15","1.82","3.64","1.29","6.90","1.08","1.90","1.98"
"6794","14-12-16 20:45","England","Premier League","2016/2017","Middlesbrough","Liverpool","5.65","4.12","1.69","1.01","12.00","1.27","3.80","1.99","1.97","3.30","1.33","6.20","1.10","1.91","1.97"
"6795","14-12-16 20:45","England","Premier League","2016/2017","Sunderland","Chelsea","8.00","4.94","1.46","","","1.20","4.54","1.77","2.22","2.81","1.44","5.10","1.14","1.94","1.94"
"6796","14-12-16 20:45","England","Premier League","2016/2017","West Ham","Burnley","1.70","4.04","5.70","1.01","12.50","1.23","4.20","1.87","2.08","3.00","1.39","5.50","1.12","1.83","2.06"
"6797","13-12-16 20:45","England","Premier League","2016/2017","Bournemouth","Leicester","2.39","3.44","3.28","","","1.22","4.30","1.84","2.14","2.88","1.42","5.20","1.14","1.63","2.38"
"6798","13-12-16 20:45","England","Premier League","2016/2017","Everton","Arsenal","4.34","3.88","1.90","1.05","12.00","1.18","4.94","1.70","2.37","2.56","1.51","4.54","1.17","1.62","2.43"
"6799","11-12-16 17:30","England","Premier League","2016/2017","Liverpool","West Ham","1.31","6.50","11.00","","","1.09","6.30","1.42","2.88","2.16","1.83","3.54","1.30","1.79","2.11"
"6800","11-12-16 15:15","England","Premier League","2016/2017","Manchester Utd","Tottenham","2.16","3.46","3.82","1.03","10.00","1.26","3.90","1.97","1.99","3.18","1.36","6.00","1.10","1.78","2.13"
"6801","11-12-16 15:15","England","Premier League","2016/2017","Southampton","Middlesbrough","1.66","3.76","7.00","1.05","8.50","1.41","2.93","2.50","1.64","4.54","1.20","8.90","1.04","2.37","1.65"
"6802","11-12-16 13:00","England","Premier League","2016/2017","Chelsea","West Brom","1.28","6.40","13.50","","","1.14","5.90","1.56","2.67","2.32","1.61","4.04","1.21","2.10","1.81"
"6803","10-12-16 18:30","England","Premier League","2016/2017","Leicester","Manchester City","5.10","4.24","1.72","","","1.17","5.10","1.65","2.44","2.48","1.54","4.40","1.18","1.67","2.30"
"6804","10-12-16 16:00","England","Premier League","2016/2017","Arsenal","Stoke","1.32","6.40","10.50","","","1.10","6.00","1.45","2.76","2.24","1.76","3.76","1.27","1.86","2.02"
"6805","10-12-16 16:00","England","Premier League","2016/2017","Burnley","Bournemouth","3.30","3.24","2.49","1.03","9.70","1.34","3.26","2.25","1.75","3.88","1.26","7.40","1.06","1.92","1.96"
"6806","10-12-16 16:00","England","Premier League","2016/2017","Hull","Crystal Palace","3.40","3.30","2.40","1.02","10.50","1.31","3.48","2.13","1.83","3.60","1.29","6.80","1.08","1.85","2.04"
"6807","10-12-16 16:00","England","Premier League","2016/2017","Swansea","Sunderland","2.20","3.50","3.68","","","1.23","4.20","1.87","2.08","2.96","1.40","5.40","1.13","1.68","2.30"
"6808","10-12-16 13:30","England","Premier League","2016/2017","Watford","Everton","3.36","3.34","2.41","1.03","10.00","1.29","3.62","2.07","1.88","3.44","1.31","6.50","1.09","1.81","2.10"
"6809","05-12-16 21:00","England","Premier League","2016/2017","Middlesbrough","Hull","1.93","3.44","4.88","1.04","8.80","1.37","3.13","2.40","1.67","4.30","1.22","8.30","1.05","2.05","1.77"
"6810","04-12-16 17:00","England","Premier League","2016/2017","Everton","Manchester Utd","4.26","3.60","2.00","1.01","11.50","1.27","3.78","2.01","1.95","3.30","1.33","6.20","1.10","1.70","2.15"
"6811","04-12-16 14:30","England","Premier League","2016/2017","Bournemouth","Liverpool","5.20","4.04","1.74","","","1.17","5.10","1.69","2.39","2.54","1.52","4.54","1.17","1.61","2.32"
"6812","03-12-16 18:30","England","Premier League","2016/2017","West Ham","Arsenal","5.65","4.32","1.65","","","1.18","4.84","1.71","2.32","2.63","1.49","4.70","1.16","1.62","2.31"
"6813","03-12-16 16:00","England","Premier League","2016/2017","Crystal Palace","Southampton","3.78","3.40","2.20","1.02","11.00","1.29","3.62","2.08","1.89","3.44","1.31","6.50","1.09","1.73","2.11"
"6814","03-12-16 16:00","England","Premier League","2016/2017","Stoke","Burnley","1.66","3.94","6.45","1.02","11.00","1.28","3.68","2.07","1.90","3.46","1.31","6.60","1.09","1.95","1.82"
"6815","03-12-16 16:00","England","Premier League","2016/2017","Sunderland","Leicester","3.48","3.44","2.30","1.03","10.00","1.27","3.78","2.01","1.95","3.28","1.34","6.20","1.10","1.72","2.12"
"6816","03-12-16 16:00","England","Premier League","2016/2017","Tottenham","Swansea","1.36","5.70","9.70","","","1.11","5.80","1.47","2.68","2.29","1.73","3.88","1.26","1.71","2.14"
"6817","03-12-16 16:00","England","Premier League","2016/2017","West Brom","Watford","2.18","3.34","3.94","1.04","9.00","1.38","3.08","2.36","1.69","4.20","1.23","8.10","1.05","1.90","1.90"
"6818","03-12-16 13:30","England","Premier League","2016/2017","Manchester City","Chelsea","2.20","3.44","3.74","","","1.20","4.60","1.79","2.22","2.73","1.46","4.90","1.15","1.57","2.40"
"6819","27-11-16 17:30","England","Premier League","2016/2017","Manchester Utd","West Ham","1.38","5.70","9.10","1.05","12.00","1.17","5.10","1.65","2.44","2.53","1.52","4.44","1.18","1.90","1.90"
"6820","27-11-16 17:30","England","Premier League","2016/2017","Southampton","Everton","2.22","3.38","3.76","1.03","9.50","1.32","3.40","2.17","1.82","3.68","1.28","7.00","1.08","1.82","1.99"
"6821","27-11-16 15:15","England","Premier League","2016/2017","Arsenal","Bournemouth","1.38","5.45","9.80","1.03","15.00","1.11","6.60","1.50","2.88","2.15","1.70","3.62","1.25","1.73","2.11"
"6822","27-11-16 13:00","England","Premier League","2016/2017","Watford","Stoke","2.31","3.36","3.54","1.03","10.00","1.27","3.80","2.01","1.95","3.26","1.34","6.10","1.10","1.66","2.21"
"6823","26-11-16 18:30","England","Premier League","2016/2017","Chelsea","Tottenham","1.72","3.90","5.75","1.03","13.00","1.20","4.60","1.79","2.22","2.75","1.45","5.00","1.14","1.67","2.20"
"6824","26-11-16 16:00","England","Premier League","2016/2017","Hull","West Brom","2.90","3.15","2.85","1.05","8.60","1.36","3.15","2.42","1.66","4.30","1.22","8.30","1.05","1.83","1.98"
"6825","26-11-16 16:00","England","Premier League","2016/2017","Leicester","Middlesbrough","1.96","3.44","4.70","1.03","9.80","1.33","3.34","2.23","1.78","3.80","1.27","7.30","1.06","1.83","1.98"
"6826","26-11-16 16:00","England","Premier League","2016/2017","Liverpool","Sunderland","1.19","8.90","17.00","1.01","20.00","1.06","7.60","1.33","3.32","1.94","2.00","3.10","1.37","2.00","1.81"
"6827","26-11-16 16:00","England","Premier League","2016/2017","Swansea","Crystal Palace","2.72","3.30","2.93","1.01","12.00","1.26","3.84","2.00","1.96","3.24","1.35","6.00","1.10","1.64","2.26"
"6828","26-11-16 13:30","England","Premier League","2016/2017","Burnley","Manchester City","13.00","6.60","1.28","1.03","15.00","1.10","6.20","1.44","2.79","2.26","1.76","3.76","1.27","1.90","1.90"
"6829","21-11-16 21:00","England","Premier League","2016/2017","West Brom","Burnley","1.94","3.40","4.90","1.04","8.80","1.38","3.05","2.41","1.68","4.24","1.22","8.30","1.05","1.95","1.85"
"6830","20-11-16 17:00","England","Premier League","2016/2017","Middlesbrough","Chelsea","7.80","4.72","1.49","1.02","11.00","1.22","4.32","1.83","2.16","2.92","1.41","5.40","1.13","1.95","1.84"
"6831","19-11-16 18:30","England","Premier League","2016/2017","Tottenham","West Ham","1.58","4.42","6.65","1.02","13.50","1.19","4.74","1.73","2.29","2.68","1.47","4.80","1.15","1.75","2.05"
"6832","19-11-16 16:00","England","Premier League","2016/2017","Crystal Palace","Manchester City","7.00","4.96","1.50","1.01","18.00","1.15","5.40","1.58","2.67","2.30","1.62","3.90","1.25","1.61","2.32"
"6833","19-11-16 16:00","England","Premier League","2016/2017","Everton","Swansea","1.59","4.50","6.20","1.04","13.00","1.17","5.10","1.67","2.43","2.51","1.53","4.40","1.18","1.65","2.14"
"6834","19-11-16 16:00","England","Premier League","2016/2017","Southampton","Liverpool","3.30","3.54","2.34","1.03","12.50","1.24","4.04","1.92","2.05","3.06","1.38","5.70","1.11","1.57","2.40"
"6835","19-11-16 16:00","England","Premier League","2016/2017","Stoke","Bournemouth","2.20","3.44","3.74","1.01","12.00","1.26","3.90","1.97","1.99","3.18","1.36","6.00","1.10","1.67","2.20"
"6836","19-11-16 16:00","England","Premier League","2016/2017","Sunderland","Hull","2.30","3.30","3.64","1.02","10.50","1.31","3.46","2.16","1.83","3.62","1.29","6.90","1.08","1.76","2.06"
"6837","19-11-16 16:00","England","Premier League","2016/2017","Watford","Leicester","3.03","3.30","2.64","1.01","11.50","1.27","3.76","2.03","1.93","3.30","1.33","6.20","1.10","1.66","2.22"
"6838","19-11-16 13:30","England","Premier League","2016/2017","Manchester Utd","Arsenal","2.46","3.28","3.30","1.03","10.00","1.25","3.94","1.96","2.00","3.13","1.37","5.80","1.11","1.66","2.22"
"6839","06-11-16 17:30","England","Premier League","2016/2017","Leicester","West Brom","1.76","3.66","5.80","1.03","9.20","1.32","3.42","2.19","1.81","3.76","1.27","7.20","1.07","1.95","1.85"
"6840","06-11-16 16:00","England","Premier League","2016/2017","Swansea","Manchester Utd","5.55","4.10","1.70","1.03","13.00","1.22","4.24","1.86","2.12","2.96","1.40","5.40","1.13","1.70","2.04"
"6841","06-11-16 15:15","England","Premier League","2016/2017","Hull","Southampton","5.65","3.92","1.72","1.03","9.80","1.33","3.30","2.22","1.79","3.86","1.26","7.40","1.06","2.05","1.77"
"6842","06-11-16 15:15","England","Premier League","2016/2017","Liverpool","Watford","1.29","6.30","13.00","1.01","18.00","1.11","5.70","1.49","2.63","2.35","1.71","4.04","1.24","1.83","1.97"
"6843","06-11-16 13:00","England","Premier League","2016/2017","Arsenal","Tottenham","1.98","3.68","4.28","1.02","13.50","1.20","4.60","1.78","2.23","2.73","1.46","4.90","1.15","1.60","2.34"
"6844","05-11-16 18:30","England","Premier League","2016/2017","Chelsea","Everton","1.50","4.68","7.60","1.01","15.00","1.17","5.10","1.67","2.43","2.52","1.53","4.44","1.18","1.70","2.15"
"6845","05-11-16 16:00","England","Premier League","2016/2017","Bournemouth","Sunderland","1.65","4.32","5.80","1.03","12.50","1.23","4.20","1.86","2.09","3.02","1.39","5.50","1.12","1.80","1.99"
"6846","05-11-16 16:00","England","Premier League","2016/2017","Burnley","Crystal Palace","3.50","3.24","2.40","1.03","9.70","1.34","3.26","2.26","1.76","3.88","1.26","7.40","1.06","1.81","2.00"
"6847","05-11-16 16:00","England","Premier League","2016/2017","Manchester City","Middlesbrough","1.22","7.60","17.00","1.05","20.00","1.18","6.50","1.50","2.98","2.33","1.75","3.88","1.34","2.00","1.77"
"6848","05-11-16 16:00","England","Premier League","2016/2017","West Ham","Stoke","2.04","3.54","4.12","1.03","13.00","1.22","4.32","1.83","2.13","2.88","1.42","5.30","1.13","1.59","2.36"
"6849","31-10-16 21:00","England","Premier League","2016/2017","Stoke","Swansea","2.12","3.50","3.92","1.05","12.00","1.23","4.20","1.89","2.08","3.00","1.39","5.50","1.12","1.63","2.28"
"6850","30-10-16 17:00","England","Premier League","2016/2017","Southampton","Chelsea","3.24","3.38","2.46","1.05","11.00","1.24","4.10","1.90","2.07","3.00","1.39","5.50","1.12","1.60","2.34"
"6851","30-10-16 14:30","England","Premier League","2016/2017","Everton","West Ham","1.88","3.84","4.54","1.04","13.00","1.21","4.44","1.81","2.19","2.83","1.43","5.10","1.14","1.60","2.34"
"6852","29-10-16 18:30","England","Premier League","2016/2017","Crystal Palace","Liverpool","5.10","4.00","1.77","1.04","13.00","1.21","4.44","1.80","2.20","2.81","1.44","5.10","1.14","1.67","2.20"
"6853","29-10-16 16:00","England","Premier League","2016/2017","Manchester Utd","Burnley","1.26","6.50","17.00","1.04","13.00","1.19","4.70","1.76","2.26","2.81","1.44","5.20","1.14","2.50","1.52"
"6854","29-10-16 16:00","England","Premier League","2016/2017","Middlesbrough","Bournemouth","2.59","3.15","3.24","1.04","8.80","1.37","3.10","2.36","1.69","4.20","1.23","7.90","1.06","1.86","1.94"
"6855","29-10-16 16:00","England","Premier League","2016/2017","Tottenham","Leicester","1.65","4.16","6.10","1.05","11.00","1.23","4.20","1.88","2.09","3.02","1.39","5.50","1.12","1.77","2.05"
"6856","29-10-16 16:00","England","Premier League","2016/2017","Watford","Hull","1.76","3.76","5.60","1.03","10.00","1.30","3.54","2.12","1.86","3.60","1.29","6.90","1.08","1.85","1.95"
"6857","29-10-16 16:00","England","Premier League","2016/2017","West Brom","Manchester City","8.00","4.66","1.49","1.04","13.00","1.19","4.74","1.74","2.27","2.72","1.46","4.90","1.15","1.91","1.84"
"6858","29-10-16 13:30","England","Premier League","2016/2017","Sunderland","Arsenal","8.80","4.88","1.45","1.04","13.00","1.17","5.10","1.67","2.40","2.56","1.51","4.54","1.17","1.81","2.00"
"6859","23-10-16 17:00","England","Premier League","2016/2017","Chelsea","Manchester Utd","2.27","3.32","3.70","1.04","9.00","1.33","3.34","2.22","1.79","3.78","1.27","7.20","1.07","1.77","2.05"
"6860","23-10-16 14:30","England","Premier League","2016/2017","Manchester City","Southampton","1.46","4.70","8.80","1.02","14.00","1.18","4.90","1.73","2.32","2.66","1.48","4.80","1.15","1.73","2.11"
"6861","22-10-16 18:30","England","Premier League","2016/2017","Liverpool","West Brom","1.30","5.95","12.50","1.01","16.00","1.18","4.84","1.70","2.37","2.65","1.48","4.70","1.16","1.99","1.82"
"6862","22-10-16 16:00","England","Premier League","2016/2017","Arsenal","Middlesbrough","1.28","6.30","14.00","1.01","16.00","1.14","5.60","1.60","2.56","2.42","1.57","4.24","1.19","2.00","1.70"
"6863","22-10-16 16:00","England","Premier League","2016/2017","Burnley","Everton","6.10","3.76","1.72","1.03","10.00","1.31","3.48","2.16","1.83","3.68","1.28","7.10","1.07","1.93","1.87"
"6864","22-10-16 16:00","England","Premier League","2016/2017","Hull","Stoke","3.19","3.34","2.51","1.03","9.50","1.31","3.50","2.13","1.85","3.60","1.29","6.70","1.08","1.75","2.08"
"6865","22-10-16 16:00","England","Premier League","2016/2017","Leicester","Crystal Palace","2.05","3.40","4.34","1.02","10.50","1.30","3.52","2.14","1.84","3.60","1.29","6.90","1.08","1.74","2.09"
"6866","22-10-16 16:00","England","Premier League","2016/2017","Swansea","Watford","2.46","3.34","3.26","1.03","11.50","1.24","4.04","1.93","2.03","3.08","1.38","5.70","1.11","1.60","2.34"
"6867","22-10-16 16:00","England","Premier League","2016/2017","West Ham","Sunderland","1.69","4.10","5.65","1.02","13.00","1.23","4.20","1.87","2.10","3.00","1.39","5.50","1.12","1.75","2.06"
"6868","22-10-16 13:30","England","Premier League","2016/2017","Bournemouth","Tottenham","4.40","3.70","1.94","1.03","13.00","1.22","4.32","1.84","2.14","2.88","1.42","5.30","1.13","1.62","2.30"
"6869","17-10-16 21:00","England","Premier League","2016/2017","Liverpool","Manchester Utd","2.27","3.44","3.54","1.06","10.00","1.23","4.20","1.90","2.07","3.00","1.39","5.50","1.12","1.57","2.40"
"6870","16-10-16 17:00","England","Premier League","2016/2017","Southampton","Burnley","1.41","5.10","9.50","1.02","11.00","1.28","3.72","2.00","1.96","3.38","1.32","6.30","1.09","2.25","1.63"
"6871","16-10-16 14:30","England","Premier League","2016/2017","Middlesbrough","Watford","2.34","3.32","3.52","1.04","9.00","1.36","3.18","2.30","1.74","4.00","1.25","7.60","1.06","1.82","1.99"
"6872","15-10-16 18:30","England","Premier League","2016/2017","Crystal Palace","West Ham","2.28","3.46","3.52","1.05","11.00","1.24","4.10","1.91","2.06","3.02","1.39","5.60","1.12","1.62","2.30"
"6873","15-10-16 16:00","England","Premier League","2016/2017","Arsenal","Swansea","1.24","7.40","14.50","1.03","17.00","1.10","6.10","1.44","2.80","2.23","1.78","3.72","1.28","1.89","1.91"
"6874","15-10-16 16:00","England","Premier League","2016/2017","Bournemouth","Hull","1.81","3.76","5.20","1.02","11.00","1.27","3.76","2.03","1.93","3.38","1.32","6.30","1.09","1.87","1.93"
"6875","15-10-16 16:00","England","Premier League","2016/2017","Manchester City","Everton","1.50","4.86","7.30","1.03","17.00","1.14","5.10","1.57","2.42","2.54","1.63","4.40","1.21","1.55","2.45"
"6876","15-10-16 16:00","England","Premier League","2016/2017","Stoke","Sunderland","1.94","3.60","4.58","1.01","12.00","1.26","3.90","1.97","1.97","3.20","1.35","6.00","1.10","1.75","2.08"
"6877","15-10-16 16:00","England","Premier League","2016/2017","West Brom","Tottenham","5.50","3.90","1.74","1.03","9.50","1.29","3.60","2.09","1.88","3.52","1.30","6.70","1.08","1.95","1.79"
"6878","15-10-16 13:30","England","Premier League","2016/2017","Chelsea","Leicester","1.56","4.50","6.75","1.04","13.00","1.18","4.84","1.73","2.31","2.66","1.48","4.80","1.15","1.67","2.20"
"6879","02-10-16 17:30","England","Premier League","2016/2017","Burnley","Arsenal","9.60","5.60","1.37","1.02","14.00","1.19","4.80","1.72","2.31","2.70","1.47","4.84","1.15","1.92","1.88"
"6880","02-10-16 15:15","England","Premier League","2016/2017","Leicester","Southampton","2.55","3.32","3.12","1.03","10.00","1.29","3.64","2.07","1.90","3.42","1.32","6.40","1.09","1.70","2.15"
"6881","02-10-16 15:15","England","Premier League","2016/2017","Tottenham","Manchester City","3.16","3.44","2.47","1.02","14.00","1.20","4.64","1.77","2.25","2.69","1.47","4.80","1.15","1.53","2.50"
"6882","02-10-16 13:00","England","Premier League","2016/2017","Manchester Utd","Stoke","1.32","6.00","11.50","1.01","15.00","1.15","5.40","1.63","2.53","2.46","1.55","4.40","1.18","1.95","1.83"
"6883","01-10-16 16:00","England","Premier League","2016/2017","Hull","Chelsea","7.70","5.00","1.46","1.02","14.00","1.18","4.84","1.70","2.34","2.63","1.49","4.70","1.16","1.78","2.04"
"6884","01-10-16 16:00","England","Premier League","2016/2017","Sunderland","West Brom","2.58","3.20","3.19","1.03","9.20","1.37","3.10","2.35","1.71","4.10","1.24","7.90","1.06","1.85","1.95"
"6885","01-10-16 16:00","England","Premier League","2016/2017","Watford","Bournemouth","2.50","3.34","3.19","1.02","11.00","1.29","3.66","2.06","1.91","3.38","1.32","6.30","1.09","1.70","2.15"
"6886","01-10-16 16:00","England","Premier League","2016/2017","West Ham","Middlesbrough","2.08","3.50","4.06","1.03","9.80","1.30","3.54","2.10","1.87","3.52","1.30","6.70","1.08","1.78","2.04"
"6887","01-10-16 13:30","England","Premier League","2016/2017","Swansea","Liverpool","7.90","5.20","1.44","1.01","18.00","1.13","6.00","1.54","2.77","2.22","1.66","3.80","1.23","1.62","2.25"
"6888","30-09-16 21:00","England","Premier League","2016/2017","Everton","Crystal Palace","1.72","4.00","5.55","1.02","13.50","1.22","4.30","1.80","2.20","2.92","1.41","5.40","1.13","1.70","2.15"
"6889","26-09-16 21:00","England","Premier League","2016/2017","Burnley","Watford","3.40","3.20","2.47","1.04","8.80","1.38","3.06","2.39","1.69","4.20","1.23","8.10","1.05","1.87","1.93"
"6890","25-09-16 17:00","England","Premier League","2016/2017","West Ham","Southampton","2.86","3.56","2.62","1.05","11.00","1.23","4.20","1.87","2.10","2.95","1.40","5.40","1.13","1.58","2.38"
"6891","24-09-16 18:30","England","Premier League","2016/2017","Arsenal","Chelsea","2.48","3.46","3.14","1.04","13.00","1.18","4.84","1.72","2.31","2.59","1.50","4.60","1.17","1.50","2.59"
"6892","24-09-16 16:00","England","Premier League","2016/2017","Bournemouth","Everton","3.54","3.50","2.25","1.02","11.00","1.26","3.84","1.98","1.98","3.22","1.35","6.00","1.10","1.68","2.19"
"6893","24-09-16 16:00","England","Premier League","2016/2017","Liverpool","Hull","1.28","6.70","13.00","1.03","17.00","1.13","6.10","1.54","2.77","2.26","1.64","3.88","1.22","2.00","1.68"
"6894","24-09-16 16:00","England","Premier League","2016/2017","Middlesbrough","Tottenham","4.10","3.50","2.08","1.03","9.50","1.33","3.34","2.20","1.80","3.76","1.27","7.20","1.07","1.86","1.94"
"6895","24-09-16 16:00","England","Premier League","2016/2017","Stoke","West Brom","2.33","3.34","3.52","1.04","9.10","1.35","3.24","2.26","1.76","3.90","1.26","7.40","1.06","1.79","2.02"
"6896","24-09-16 16:00","England","Premier League","2016/2017","Sunderland","Crystal Palace","2.65","3.30","3.02","1.04","8.80","1.30","3.54","2.12","1.86","3.52","1.30","6.60","1.09","1.71","2.14"
"6897","24-09-16 16:00","England","Premier League","2016/2017","Swansea","Manchester City","9.50","5.80","1.36","1.02","19.00","1.13","6.00","1.54","2.77","2.24","1.65","3.80","1.23","1.80","2.00"
"6898","24-09-16 13:30","England","Premier League","2016/2017","Manchester Utd","Leicester","1.69","4.00","5.90","1.05","12.00","1.22","4.30","1.85","2.13","2.93","1.41","5.40","1.13","1.65","2.24"
"6899","18-09-16 17:30","England","Premier League","2016/2017","Tottenham","Sunderland","1.34","5.80","11.00","1.03","15.00","1.16","5.30","1.65","2.48","2.50","1.53","4.44","1.18","1.95","1.77"
"6900","18-09-16 15:15","England","Premier League","2016/2017","Crystal Palace","Stoke","2.16","3.42","3.90","1.04","9.00","1.31","3.48","2.14","1.84","3.60","1.29","6.90","1.08","1.77","2.05"
"6901","18-09-16 15:15","England","Premier League","2016/2017","Southampton","Swansea","1.72","3.90","5.75","1.05","12.00","1.22","4.24","1.87","2.10","2.96","1.40","5.50","1.12","1.75","1.90"
"6902","18-09-16 13:00","England","Premier League","2016/2017","Watford","Manchester Utd","7.00","4.42","1.56","1.05","12.00","1.22","4.24","1.86","2.12","2.98","1.40","5.50","1.12","1.80","2.01"
"6903","17-09-16 18:30","England","Premier League","2016/2017","Everton","Middlesbrough","1.65","3.92","6.70","1.01","12.00","1.25","4.00","1.96","2.00","3.18","1.36","6.00","1.10","1.82","1.99"
"6904","17-09-16 16:00","England","Premier League","2016/2017","Hull","Arsenal","6.20","4.12","1.65","1.03","12.50","1.23","4.20","1.91","2.06","3.02","1.39","5.60","1.12","1.85","1.95"
"6905","17-09-16 16:00","England","Premier League","2016/2017","Leicester","Burnley","1.52","4.46","7.80","1.01","12.00","1.25","3.94","1.95","2.01","3.20","1.35","6.00","1.10","1.96","1.84"
"6906","17-09-16 16:00","England","Premier League","2016/2017","Manchester City","Bournemouth","1.26","7.20","12.50","1.02","21.00","1.12","6.30","1.50","2.93","2.16","1.70","3.62","1.25","1.90","1.90"
"6907","17-09-16 16:00","England","Premier League","2016/2017","West Brom","West Ham","2.85","3.28","2.81","1.03","9.70","1.34","3.26","2.24","1.76","3.86","1.26","7.30","1.06","1.80","2.00"
"6908","16-09-16 21:00","England","Premier League","2016/2017","Chelsea","Liverpool","2.25","3.50","3.54","1.04","13.00","1.19","4.70","1.73","2.29","2.63","1.49","4.70","1.16","1.49","2.63"
"6909","12-09-16 21:00","England","Premier League","2016/2017","Sunderland","Everton","3.82","3.40","2.19","1.02","10.50","1.29","3.64","2.13","1.85","3.60","1.29","6.70","1.08","1.75","2.01"
"6910","11-09-16 17:00","England","Premier League","2016/2017","Swansea","Chelsea","6.80","4.32","1.58","1.03","13.00","1.20","4.60","1.78","2.23","2.77","1.45","5.10","1.14","1.77","2.05"
"6911","10-09-16 18:30","England","Premier League","2016/2017","Liverpool","Leicester","1.69","4.20","5.55","1.02","14.00","1.19","4.70","1.76","2.26","2.72","1.46","4.90","1.15","1.67","2.20"
"6912","10-09-16 16:00","England","Premier League","2016/2017","Arsenal","Southampton","1.63","4.20","6.25","1.03","12.50","1.23","4.20","1.89","2.08","3.04","1.38","5.70","1.11","1.80","1.99"
"6913","10-09-16 16:00","England","Premier League","2016/2017","Bournemouth","West Brom","2.19","3.20","4.12","1.05","8.40","1.40","2.96","2.48","1.65","4.40","1.21","8.50","1.05","2.00","1.81"
"6914","10-09-16 16:00","England","Premier League","2016/2017","Burnley","Hull","2.58","3.20","3.19","1.05","8.10","1.43","2.84","2.55","1.62","4.60","1.20","8.90","1.04","1.95","1.82"
"6915","10-09-16 16:00","England","Premier League","2016/2017","Middlesbrough","Crystal Palace","2.45","3.28","3.34","1.06","8.00","1.44","2.79","2.58","1.61","4.70","1.19","9.00","1.04","2.00","1.78"
"6916","10-09-16 16:00","England","Premier League","2016/2017","Stoke","Tottenham","4.24","3.70","1.98","1.01","12.00","1.27","3.82","1.99","1.97","3.26","1.34","6.10","1.10","1.75","1.98"
"6917","10-09-16 16:00","England","Premier League","2016/2017","West Ham","Watford","1.91","3.70","4.58","1.01","12.00","1.26","3.84","1.99","1.97","3.26","1.34","6.10","1.10","1.75","2.08"
"6918","10-09-16 13:30","England","Premier League","2016/2017","Manchester Utd","Manchester City","2.44","3.15","3.52","1.03","9.20","1.32","3.38","2.22","1.79","3.76","1.27","7.10","1.07","1.70","2.15"
"6919","28-08-16 17:00","England","Premier League","2016/2017","Manchester City","West Ham","1.28","7.00","11.50","1.01","19.00","1.13","6.00","1.54","2.77","2.26","1.64","3.84","1.23","1.90","1.90"
"6920","28-08-16 14:30","England","Premier League","2016/2017","West Brom","Middlesbrough","2.67","3.13","3.15","1.08","7.00","1.47","2.68","2.71","1.56","5.10","1.17","9.70","1.03","2.05","1.75"
"6921","27-08-16 18:30","England","Premier League","2016/2017","Hull","Manchester Utd","9.40","4.70","1.44","1.02","11.00","1.23","4.20","1.91","2.06","3.10","1.37","5.80","1.11","2.01","1.80"
"6922","27-08-16 16:00","England","Premier League","2016/2017","Chelsea","Burnley","1.26","6.35","16.00","1.01","15.00","1.15","5.50","1.64","2.50","2.50","1.53","4.44","1.18","2.06","1.76"
"6923","27-08-16 16:00","England","Premier League","2016/2017","Crystal Palace","Bournemouth","2.28","3.30","3.68","1.03","9.70","1.33","3.32","2.23","1.78","3.80","1.27","7.30","1.06","1.87","1.93"
"6924","27-08-16 16:00","England","Premier League","2016/2017","Everton","Stoke","1.71","4.10","5.45","1.02","13.50","1.23","4.20","1.87","2.10","3.00","1.39","5.50","1.12","1.80","1.93"
"6925","27-08-16 16:00","England","Premier League","2016/2017","Leicester","Swansea","1.72","3.90","5.75","1.03","12.00","1.24","4.04","1.93","2.03","3.13","1.37","5.80","1.11","1.76","2.06"
"6926","27-08-16 16:00","England","Premier League","2016/2017","Southampton","Sunderland","1.51","4.62","7.60","1.01","12.00","1.26","3.90","1.95","2.01","3.22","1.35","6.00","1.10","2.01","1.80"
"6927","27-08-16 16:00","England","Premier League","2016/2017","Watford","Arsenal","6.00","4.22","1.65","1.03","11.50","1.24","4.04","1.91","2.06","3.10","1.37","5.70","1.11","1.78","2.04"
"6928","27-08-16 13:30","England","Premier League","2016/2017","Tottenham","Liverpool","2.63","3.42","2.96","1.03","12.00","1.21","4.44","1.81","2.19","2.78","1.45","5.00","1.14","1.53","2.51"
"6929","21-08-16 17:00","England","Premier League","2016/2017","West Ham","Bournemouth","2.39","3.32","3.42","1.02","10.50","1.30","3.52","2.12","1.86","3.54","1.30","6.70","1.08","1.75","2.08"
"6930","21-08-16 14:30","England","Premier League","2016/2017","Sunderland","Middlesbrough","2.77","3.11","3.05","1.05","8.40","1.41","2.92","2.50","1.64","4.44","1.21","8.60","1.05","1.90","1.90"
"6931","20-08-16 18:30","England","Premier League","2016/2017","Leicester","Arsenal","2.88","3.60","2.58","1.02","14.00","1.21","4.50","1.79","2.22","2.76","1.45","5.00","1.14","1.50","2.60"
"6932","20-08-16 16:00","England","Premier League","2016/2017","Burnley","Liverpool","7.50","4.60","1.51","1.03","13.00","1.23","4.20","1.87","2.10","3.02","1.39","5.60","1.12","1.90","1.90"
"6933","20-08-16 16:00","England","Premier League","2016/2017","Swansea","Hull","1.86","3.54","5.20","1.06","8.00","1.36","3.18","2.31","1.73","4.04","1.24","7.80","1.06","1.98","1.83"
"6934","20-08-16 16:00","England","Premier League","2016/2017","Tottenham","Crystal Palace","1.46","4.80","8.40","1.03","13.00","1.22","4.24","1.85","2.13","2.97","1.40","5.50","1.12","1.94","1.86"
"6935","20-08-16 16:00","England","Premier League","2016/2017","Watford","Chelsea","6.05","3.94","1.69","1.02","11.00","1.28","3.68","2.06","1.91","3.44","1.31","6.50","1.09","1.90","1.90"
"6936","20-08-16 16:00","England","Premier League","2016/2017","West Brom","Everton","3.06","3.20","2.67","1.06","8.00","1.41","2.91","2.50","1.64","4.54","1.20","8.80","1.04","1.95","1.84"
"6937","20-08-16 13:30","England","Premier League","2016/2017","Stoke","Manchester City","6.45","4.30","1.60","1.02","13.50","1.21","4.40","1.82","2.17","2.88","1.42","5.30","1.13","1.69","2.17"
"6938","19-08-16 21:00","England","Premier League","2016/2017","Manchester Utd","Southampton","1.54","4.34","7.50","1.01","12.00","1.25","3.98","1.94","2.02","3.20","1.35","6.00","1.10","1.92","1.88"
"6939","15-08-16 21:00","England","Premier League","2016/2017","Chelsea","West Ham","1.55","4.44","7.00","1.02","13.00","1.20","4.54","1.79","2.22","2.80","1.44","5.10","1.14","1.75","2.08"
"6940","14-08-16 17:00","England","Premier League","2016/2017","Arsenal","Liverpool","2.77","3.40","2.80","1.02","13.00","1.20","4.54","1.79","2.22","2.73","1.46","4.90","1.15","1.56","2.43"
"6941","14-08-16 14:30","England","Premier League","2016/2017","Bournemouth","Manchester Utd","5.60","3.70","1.78","1.02","10.50","1.30","3.56","2.12","1.86","3.56","1.30","6.80","1.08","1.86","1.94"
"6942","13-08-16 18:30","England","Premier League","2016/2017","Manchester City","Sunderland","1.26","6.50","15.00","1.01","17.00","1.14","5.80","1.57","2.69","2.36","1.59","4.14","1.20","1.95","1.74"
"6943","13-08-16 16:00","England","Premier League","2016/2017","Burnley","Swansea","2.82","3.20","2.89","1.06","7.80","1.42","2.88","2.53","1.63","4.54","1.20","8.80","1.04","1.95","1.83"
"6944","13-08-16 16:00","England","Premier League","2016/2017","Crystal Palace","West Brom","2.23","3.20","3.98","1.07","7.20","1.45","2.78","2.63","1.59","4.84","1.18","9.30","1.03","2.06","1.76"
"6945","13-08-16 16:00","England","Premier League","2016/2017","Everton","Tottenham","3.64","3.40","2.26","1.02","10.50","1.30","3.56","2.09","1.86","3.52","1.30","6.60","1.09","1.73","2.11"
"6946","13-08-16 16:00","England","Premier League","2016/2017","Middlesbrough","Stoke","2.32","3.24","3.64","1.06","8.00","1.44","2.81","2.58","1.61","4.70","1.19","9.00","1.04","2.04","1.78"
"6947","13-08-16 16:00","England","Premier League","2016/2017","Southampton","Watford","1.83","3.76","5.00","1.03","9.20","1.31","3.44","2.14","1.84","3.64","1.29","6.90","1.08","1.89","1.91"
"6948","13-08-16 13:30","England","Premier League","2016/2017","Hull","Leicester","4.86","3.48","1.92","1.03","9.30","1.36","3.16","2.32","1.73","4.04","1.24","7.80","1.06","1.92","1.88"
"6949","17-05-16 21:00","England","Premier League","2015/2016","Manchester Utd","Bournemouth","1.50","4.76","7.40","1.01","16.00","1.17","4.90","1.66","2.44","2.68","1.46","4.54","1.16","1.70","2.15"
"6950","15-05-16 16:00","England","Premier League","2015/2016","Arsenal","Aston Villa","1.13","12.00","24.00","1.01","26.00","1.08","7.90","1.26","3.78","1.77","2.20","2.75","1.45","2.09","1.74"
"6951","15-05-16 16:00","England","Premier League","2015/2016","Chelsea","Leicester","2.05","4.06","3.60","1.01","20.00","1.14","5.70","1.54","2.70","2.21","1.65","3.60","1.29","1.44","2.79"
"6952","15-05-16 16:00","England","Premier League","2015/2016","Everton","Norwich","1.74","4.24","4.86","1.01","16.00","1.14","5.50","1.58","2.58","2.31","1.60","4.50","1.20","1.51","2.56"
"6953","15-05-16 16:00","England","Premier League","2015/2016","Newcastle","Tottenham","4.90","4.28","1.73","1.01","15.00","1.19","4.60","1.73","2.26","2.68","1.46","4.70","1.19","1.65","2.24"
"6954","15-05-16 16:00","England","Premier League","2015/2016","Southampton","Crystal Palace","1.30","6.90","10.00","1.01","15.00","1.19","4.70","1.50","2.85","2.38","1.65","4.60","1.20","1.99","1.82"
"6955","15-05-16 16:00","England","Premier League","2015/2016","Stoke","West Ham","3.01","4.02","2.30","1.01","17.00","1.17","5.00","1.58","2.58","2.28","1.60","4.20","1.23","1.44","2.75"
"6956","15-05-16 16:00","England","Premier League","2015/2016","Swansea","Manchester City","7.30","5.15","1.46","1.01","16.00","1.19","4.70","1.46","2.64","2.38","1.67","4.50","1.20","1.59","2.33"
"6957","15-05-16 16:00","England","Premier League","2015/2016","Watford","Sunderland","1.65","4.42","5.55","1.02","14.00","1.22","4.30","1.60","2.54","2.32","1.58","5.10","1.17","1.54","2.44"
"6958","15-05-16 16:00","England","Premier League","2015/2016","West Brom","Liverpool","2.69","3.68","2.69","1.02","14.00","1.23","4.20","1.72","2.28","2.68","1.46","5.30","1.16","1.49","2.63"
"6959","11-05-16 21:00","England","Premier League","2015/2016","Liverpool","Chelsea","1.70","4.58","4.78","1.02","15.00","1.15","4.74","1.52","2.77","2.27","1.62","4.32","1.20","1.51","2.56"
"6960","11-05-16 20:45","England","Premier League","2015/2016","Norwich","Watford","1.89","4.10","4.20","1.05","12.00","1.22","4.20","1.81","2.14","2.86","1.41","5.10","1.13","1.68","2.19"
"6961","11-05-16 20:45","England","Premier League","2015/2016","Sunderland","Everton","1.85","4.16","4.24","1.04","13.00","1.23","4.10","1.70","2.29","2.64","1.46","5.25","1.16","1.58","2.35"
"6962","10-05-16 20:45","England","Premier League","2015/2016","West Ham","Manchester Utd","3.13","3.72","2.35","1.03","12.00","1.22","4.24","1.84","2.14","2.91","1.41","5.30","1.13","1.60","2.34"
"6963","08-05-16 17:00","England","Premier League","2015/2016","Liverpool","Watford","1.57","4.46","6.65","1.01","17.00","1.16","5.20","1.59","2.56","2.35","1.58","4.10","1.24","1.63","2.10"
"6964","08-05-16 17:00","England","Premier League","2015/2016","Manchester City","Arsenal","2.28","3.68","3.30","1.02","14.50","1.19","4.70","1.74","2.30","2.65","1.48","4.70","1.16","1.53","2.50"
"6965","08-05-16 14:30","England","Premier League","2015/2016","Tottenham","Southampton","2.25","3.44","3.60","1.03","12.50","1.26","3.78","1.98","1.94","3.24","1.33","6.00","1.10","1.70","2.15"
"6966","07-05-16 18:30","England","Premier League","2015/2016","Leicester","Everton","1.92","3.88","4.22","1.01","16.00","1.19","4.70","1.59","2.56","2.32","1.58","4.50","1.20","1.48","2.61"
"6967","07-05-16 16:00","England","Premier League","2015/2016","Aston Villa","Newcastle","5.40","4.30","1.67","1.03","12.50","1.18","4.60","1.85","2.08","3.04","1.36","6.00","1.13","1.77","2.03"
"6968","07-05-16 16:00","England","Premier League","2015/2016","Bournemouth","West Brom","1.94","3.68","4.36","1.04","11.50","1.23","4.10","1.89","2.04","3.04","1.37","5.50","1.11","1.75","2.08"
"6969","07-05-16 16:00","England","Premier League","2015/2016","Crystal Palace","Stoke","2.05","3.54","4.08","1.03","8.70","1.29","3.52","2.08","1.85","3.52","1.29","6.40","1.08","1.73","2.11"
"6970","07-05-16 16:00","England","Premier League","2015/2016","Sunderland","Chelsea","3.24","3.70","2.28","1.03","12.50","1.17","5.00","1.75","2.23","2.78","1.43","5.80","1.13","1.58","2.38"
"6971","07-05-16 16:00","England","Premier League","2015/2016","West Ham","Swansea","1.34","6.05","9.60","1.01","16.00","1.14","5.50","1.58","2.58","2.35","1.58","4.04","1.20","1.87","1.93"
"6972","07-05-16 13:45","England","Premier League","2015/2016","Norwich","Manchester Utd","4.02","3.68","2.04","1.03","9.10","1.29","3.60","2.07","1.90","3.44","1.31","6.50","1.09","1.80","2.01"
"6973","02-05-16 21:00","England","Premier League","2015/2016","Chelsea","Tottenham","2.62","3.58","2.85","1.04","13.00","1.19","4.70","1.71","2.32","2.65","1.48","4.70","1.16","1.49","2.63"
"6974","01-05-16 17:30","England","Premier League","2015/2016","Southampton","Manchester City","2.46","3.52","3.10","1.02","10.50","1.29","3.64","2.02","1.94","3.38","1.32","6.20","1.10","1.74","2.09"
"6975","01-05-16 15:05","England","Premier League","2015/2016","Manchester Utd","Leicester","2.04","3.68","4.02","1.05","8.10","1.36","3.15","2.26","1.76","3.94","1.25","7.60","1.06","1.95","1.85"
"6976","01-05-16 13:00","England","Premier League","2015/2016","Swansea","Liverpool","3.58","3.64","2.16","1.01","11.50","1.27","3.68","1.99","1.95","3.26","1.33","6.00","1.10","1.70","2.15"
"6977","30-04-16 18:30","England","Premier League","2015/2016","Arsenal","Norwich","1.25","7.10","14.00","1.03","17.00","1.13","6.10","1.53","2.82","2.22","1.66","3.80","1.23","1.98","1.83"
"6978","30-04-16 16:00","England","Premier League","2015/2016","Everton","Bournemouth","2.42","3.80","2.97","1.01","19.00","1.16","5.30","1.63","2.54","2.38","1.58","4.14","1.20","1.45","2.75"
"6979","30-04-16 16:00","England","Premier League","2015/2016","Newcastle","Crystal Palace","2.10","3.70","3.74","1.03","9.80","1.26","3.86","1.96","2.00","3.20","1.35","6.00","1.10","1.72","2.12"
"6980","30-04-16 16:00","England","Premier League","2015/2016","Stoke","Sunderland","2.87","3.54","2.60","1.03","9.00","1.29","3.56","2.04","1.89","3.38","1.31","6.30","1.09","1.74","2.09"
"6981","30-04-16 16:00","England","Premier League","2015/2016","Watford","Aston Villa","1.75","3.86","5.50","1.03","9.40","1.26","3.78","1.97","1.95","3.24","1.33","6.00","1.10","1.80","2.01"
"6982","30-04-16 16:00","England","Premier League","2015/2016","West Brom","West Ham","3.98","3.66","2.03","1.05","8.00","1.28","3.60","2.01","1.91","3.32","1.32","6.10","1.09","1.76","2.06"
"6983","25-04-16 21:00","England","Premier League","2015/2016","Tottenham","West Brom","1.25","7.43","12.20","1.03","17.00","1.15","5.30","1.58","2.61","2.38","1.57","4.05","1.20","2.25","1.64"
"6984","24-04-16 17:15","England","Premier League","2015/2016","Leicester","Swansea","1.71","3.84","6.07","1.05","7.80","1.35","3.15","2.28","1.72","4.10","1.23","7.80","1.05","2.05","1.71"
"6985","24-04-16 15:05","England","Premier League","2015/2016","Sunderland","Arsenal","5.57","4.42","1.67","1.04","13.00","1.19","4.70","1.74","2.30","2.68","1.47","4.80","1.15","1.70","2.15"
"6986","23-04-16 16:00","England","Premier League","2015/2016","Aston Villa","Southampton","7.18","4.34","1.55","1.02","9.70","1.25","3.86","2.02","1.94","3.26","1.33","6.10","1.09","2.00","1.81"
"6987","23-04-16 16:00","England","Premier League","2015/2016","Bournemouth","Chelsea","3.62","3.68","2.15","1.04","13.00","1.20","4.55","1.79","2.22","2.75","1.45","5.00","1.14","1.57","2.40"
"6988","23-04-16 16:00","England","Premier League","2015/2016","Liverpool","Newcastle","1.53","4.85","6.84","1.03","17.00","1.17","5.10","1.66","2.46","2.50","1.53","4.40","1.18","1.70","2.15"
"6989","23-04-16 13:45","England","Premier League","2015/2016","Manchester City","Stoke","1.30","6.48","10.90","1.03","15.00","1.15","5.30","1.60","2.61","2.38","1.57","4.05","1.20","1.95","1.85"
"6990","21-04-16 20:45","England","Premier League","2015/2016","Arsenal","West Brom","1.26","6.81","13.70","1.04","13.00","1.15","5.50","1.61","2.58","2.43","1.56","4.25","1.19","2.09","1.74"
"6991","20-04-16 21:00","England","Premier League","2015/2016","Liverpool","Everton","1.70","4.30","5.30","1.04","13.00","1.20","4.55","1.77","2.25","2.75","1.45","5.00","1.14","1.67","2.20"
"6992","20-04-16 21:00","England","Premier League","2015/2016","Manchester Utd","Crystal Palace","1.44","4.80","9.10","1.03","9.80","1.25","3.95","1.96","2.00","3.26","1.34","6.20","1.10","2.09","1.74"
"6993","20-04-16 20:45","England","Premier League","2015/2016","West Ham","Watford","1.47","4.84","8.10","1.05","12.00","1.20","4.55","1.79","2.22","2.83","1.43","5.10","1.14","1.87","1.93"
"6994","19-04-16 20:45","England","Premier League","2015/2016","Newcastle","Manchester City","6.50","4.60","1.56","1.03","15.00","1.17","5.10","1.66","2.45","2.50","1.53","4.40","1.18","1.70","2.14"
"6995","18-04-16 21:00","England","Premier League","2015/2016","Stoke","Tottenham","4.75","4.06","1.80","1.03","9.80","1.25","3.95","1.93","2.03","3.15","1.36","5.70","1.11","1.69","2.17"
"6996","17-04-16 17:00","England","Premier League","2015/2016","Arsenal","Crystal Palace","1.35","6.10","9.30","1.03","15.00","1.16","5.30","1.57","2.68","2.43","1.56","4.25","1.19","1.95","1.85"
"6997","17-04-16 14:30","England","Premier League","2015/2016","Bournemouth","Liverpool","2.75","3.52","2.75","1.05","11.00","1.22","4.30","1.83","2.16","2.88","1.42","5.20","1.13","1.63","2.28"
"6998","17-04-16 14:30","England","Premier League","2015/2016","Leicester","West Ham","2.00","3.60","4.25","1.03","9.50","1.27","3.76","2.01","1.95","3.30","1.33","6.20","1.10","1.71","2.14"
"6999","16-04-16 18:30","England","Premier League","2015/2016","Chelsea","Manchester City","2.64","3.75","2.73","1.04","13.00","1.19","4.70","1.73","2.31","2.62","1.49","4.70","1.16","1.46","2.72"
"7000","16-04-16 16:00","England","Premier League","2015/2016","Everton","Southampton","3.00","3.48","2.57","1.03","9.10","1.28","3.64","2.05","1.92","3.38","1.32","6.30","1.09","1.71","2.14"
"7001","16-04-16 16:00","England","Premier League","2015/2016","Manchester Utd","Aston Villa","1.26","6.80","14.50","1.05","12.00","1.21","4.40","1.80","2.20","2.91","1.41","5.30","1.13","2.22","1.66"
"7002","16-04-16 16:00","England","Premier League","2015/2016","Newcastle","Swansea","2.50","3.48","3.09","1.03","9.10","1.28","3.64","2.05","1.92","3.38","1.32","6.30","1.09","1.71","2.14"
"7003","16-04-16 16:00","England","Premier League","2015/2016","West Brom","Watford","2.42","3.24","3.50","1.07","7.10","1.44","2.79","2.57","1.61","4.70","1.19","9.10","1.04","2.01","1.80"
"7004","16-04-16 13:45","England","Premier League","2015/2016","Norwich","Sunderland","2.42","3.38","3.35","1.04","8.40","1.33","3.32","2.20","1.80","3.76","1.27","7.10","1.07","1.80","2.01"
"7005","13-04-16 21:00","England","Premier League","2015/2016","Crystal Palace","Everton","2.74","3.40","2.83","1.03","9.10","1.29","3.60","2.07","1.90","3.45","1.31","6.30","1.09","1.71","2.14"
"7006","10-04-16 17:00","England","Premier League","2015/2016","Liverpool","Stoke","1.71","4.15","5.40","1.03","9.50","1.27","3.76","1.98","1.98","3.26","1.34","6.00","1.10","1.87","1.93"
"7007","10-04-16 17:00","England","Premier League","2015/2016","Tottenham","Manchester Utd","2.03","3.75","3.95","1.04","8.80","1.32","3.38","2.14","1.84","3.64","1.28","6.90","1.08","1.86","1.94"
"7008","10-04-16 14:30","England","Premier League","2015/2016","Sunderland","Leicester","3.30","3.44","2.40","1.06","7.60","1.35","3.20","2.26","1.76","3.95","1.25","7.60","1.06","1.87","1.93"
"7009","09-04-16 18:30","England","Premier League","2015/2016","Manchester City","West Brom","1.37","5.50","9.90","1.05","12.00","1.21","4.40","1.81","2.19","2.91","1.41","5.30","1.13","2.02","1.79"
"7010","09-04-16 16:00","England","Premier League","2015/2016","Aston Villa","Bournemouth","3.80","3.55","2.15","1.04","8.40","1.33","3.32","2.19","1.81","3.76","1.27","7.10","1.07","1.83","1.97"
"7011","09-04-16 16:00","England","Premier League","2015/2016","Crystal Palace","Norwich","1.94","3.60","4.60","1.04","8.40","1.33","3.32","2.21","1.80","3.76","1.27","7.10","1.07","1.89","1.91"
"7012","09-04-16 16:00","England","Premier League","2015/2016","Southampton","Newcastle","1.64","4.26","6.00","1.03","12.00","1.24","4.05","1.88","2.09","3.04","1.38","5.50","1.12","1.83","1.98"
"7013","09-04-16 16:00","England","Premier League","2015/2016","Swansea","Chelsea","3.15","3.40","2.50","1.04","8.40","1.33","3.32","2.20","1.80","3.76","1.27","7.10","1.07","1.79","2.02"
"7014","09-04-16 16:00","England","Premier League","2015/2016","Watford","Everton","3.60","3.48","2.25","1.03","9.50","1.27","3.76","2.00","1.96","3.26","1.34","6.00","1.10","1.68","2.19"
"7015","09-04-16 13:45","England","Premier League","2015/2016","West Ham","Arsenal","4.01","4.00","1.98","1.04","13.00","1.19","4.70","1.74","2.30","2.65","1.48","4.70","1.16","1.56","2.43"
"7016","03-04-16 17:00","England","Premier League","2015/2016","Manchester Utd","Everton","1.99","3.74","4.20","1.03","9.80","1.26","3.86","1.98","1.98","3.26","1.34","6.00","1.10","1.75","2.08"
"7017","03-04-16 14:30","England","Premier League","2015/2016","Leicester","Southampton","2.39","3.22","3.55","1.05","7.80","1.37","3.10","2.35","1.71","4.20","1.23","7.80","1.05","1.95","1.84"
"7018","02-04-16 18:30","England","Premier League","2015/2016","Liverpool","Tottenham","2.17","3.70","3.60","1.05","11.00","1.22","4.25","1.84","2.14","2.91","1.41","5.30","1.13","1.61","2.32"
"7019","02-04-16 16:00","England","Premier League","2015/2016","Arsenal","Watford","1.36","5.80","9.50","1.04","13.00","1.16","5.30","1.65","2.47","2.50","1.53","4.40","1.18","1.92","1.88"
"7020","02-04-16 16:00","England","Premier League","2015/2016","Bournemouth","Manchester City","4.10","3.80","1.99","1.02","13.00","1.22","4.25","1.85","2.13","2.91","1.41","5.40","1.12","1.65","2.24"
"7021","02-04-16 16:00","England","Premier League","2015/2016","Norwich","Newcastle","2.37","3.46","3.35","1.04","8.40","1.34","3.26","2.23","1.78","3.86","1.26","7.30","1.07","1.84","1.96"
"7022","02-04-16 16:00","England","Premier League","2015/2016","Stoke","Swansea","2.15","3.44","4.00","1.05","7.80","1.39","3.00","2.39","1.69","4.25","1.22","8.10","1.05","1.97","1.83"
"7023","02-04-16 16:00","England","Premier League","2015/2016","Sunderland","West Brom","2.02","3.48","4.40","1.06","7.60","1.40","2.95","2.45","1.66","4.40","1.21","8.50","1.04","2.00","1.77"
"7024","02-04-16 16:00","England","Premier League","2015/2016","West Ham","Crystal Palace","1.89","3.75","4.65","1.03","9.50","1.27","3.76","2.01","1.95","3.30","1.33","6.20","1.10","1.77","2.05"
"7025","02-04-16 13:45","England","Premier League","2015/2016","Aston Villa","Chelsea","5.20","3.71","1.82","1.04","8.80","1.31","3.45","2.16","1.83","3.68","1.28","7.10","1.07","1.92","1.88"
"7026","20-03-16 17:00","England","Premier League","2015/2016","Manchester City","Manchester Utd","2.04","3.70","4.00","1.03","9.50","1.27","3.76","2.00","1.96","3.30","1.33","6.20","1.10","1.74","2.09"
"7027","20-03-16 17:00","England","Premier League","2015/2016","Tottenham","Bournemouth","1.55","4.39","7.30","1.03","12.50","1.21","4.40","1.82","2.17","2.88","1.42","5.30","1.13","1.83","1.97"
"7028","20-03-16 14:30","England","Premier League","2015/2016","Newcastle","Sunderland","2.24","3.35","3.75","1.04","8.40","1.34","3.26","2.25","1.77","3.86","1.26","7.30","1.07","1.82","1.99"
"7029","20-03-16 14:30","England","Premier League","2015/2016","Southampton","Liverpool","2.97","3.29","2.72","1.05","8.10","1.36","3.12","2.31","1.73","4.05","1.24","7.60","1.06","1.85","1.95"
"7030","19-03-16 18:30","England","Premier League","2015/2016","Swansea","Aston Villa","1.69","4.10","5.70","1.04","8.40","1.33","3.30","2.19","1.81","3.76","1.27","7.10","1.07","2.05","1.76"
"7031","19-03-16 16:00","England","Premier League","2015/2016","Chelsea","West Ham","1.84","3.88","4.80","1.05","11.00","1.24","4.05","1.90","2.07","3.04","1.38","5.70","1.11","1.71","2.14"
"7032","19-03-16 16:00","England","Premier League","2015/2016","Crystal Palace","Leicester","2.99","3.38","2.64","1.04","8.80","1.31","3.45","2.12","1.86","3.52","1.30","6.70","1.08","1.76","2.06"
"7033","19-03-16 16:00","England","Premier League","2015/2016","Watford","Stoke","2.26","3.35","3.70","1.07","7.30","1.42","2.88","2.50","1.64","4.55","1.20","8.80","1.04","2.00","1.80"
"7034","19-03-16 16:00","England","Premier League","2015/2016","West Brom","Norwich","2.47","3.25","3.35","1.06","7.60","1.40","2.95","2.45","1.66","4.40","1.21","8.50","1.04","1.94","1.86"
"7035","19-03-16 13:45","England","Premier League","2015/2016","Everton","Arsenal","2.76","3.50","2.75","1.05","12.00","1.19","4.70","1.74","2.30","2.65","1.48","4.70","1.16","1.52","2.53"
"7036","14-03-16 21:00","England","Premier League","2015/2016","Leicester","Newcastle","1.55","4.75","6.40","1.05","12.00","1.22","4.30","1.82","2.17","2.91","1.41","5.30","1.13","1.82","1.99"
"7037","13-03-16 17:00","England","Premier League","2015/2016","Aston Villa","Tottenham","7.10","4.54","1.54","1.03","11.00","1.24","4.05","1.89","2.06","3.10","1.37","5.70","1.11","1.93","1.87"
"7038","12-03-16 16:00","England","Premier League","2015/2016","Bournemouth","Swansea","2.05","3.58","4.10","1.05","8.10","1.35","3.20","2.25","1.77","3.95","1.25","7.30","1.07","1.91","1.89"
"7039","12-03-16 16:00","England","Premier League","2015/2016","Stoke","Southampton","2.70","3.32","2.94","1.07","7.10","1.44","2.79","2.55","1.62","4.70","1.19","8.80","1.04","2.00","1.79"
"7040","12-03-16 13:45","England","Premier League","2015/2016","Norwich","Manchester City","6.50","4.55","1.57","1.05","12.00","1.20","4.55","1.78","2.23","2.79","1.44","5.10","1.14","1.75","2.08"
"7041","06-03-16 17:00","England","Premier League","2015/2016","West Brom","Manchester Utd","4.50","3.58","1.97","1.05","8.10","1.35","3.20","2.27","1.77","3.95","1.25","7.60","1.06","1.93","1.87"
"7042","06-03-16 14:30","England","Premier League","2015/2016","Crystal Palace","Liverpool","3.95","3.47","2.14","1.04","9.00","1.30","3.52","2.10","1.87","3.52","1.30","6.70","1.08","1.80","1.93"
"7043","05-03-16 18:30","England","Premier League","2015/2016","Watford","Leicester","2.99","3.48","2.58","1.04","9.00","1.30","3.52","2.10","1.87","3.52","1.30","6.70","1.08","1.75","2.08"
"7044","05-03-16 16:00","England","Premier League","2015/2016","Chelsea","Stoke","1.59","4.42","6.50","1.05","11.00","1.25","3.95","1.92","2.05","3.12","1.36","5.70","1.11","1.89","1.91"
"7045","05-03-16 16:00","England","Premier League","2015/2016","Everton","West Ham","1.71","4.30","5.20","1.05","12.00","1.22","4.30","1.82","2.17","2.88","1.42","5.20","1.13","1.74","2.09"
"7046","05-03-16 16:00","England","Premier League","2015/2016","Manchester City","Aston Villa","1.21","8.40","15.00","1.02","19.00","1.12","5.50","1.49","2.62","2.38","1.68","4.05","1.24","2.20","1.63"
"7047","05-03-16 16:00","England","Premier League","2015/2016","Newcastle","Bournemouth","2.66","3.36","2.95","1.05","8.10","1.35","3.20","2.31","1.73","3.95","1.25","7.30","1.07","1.83","1.97"
"7048","05-03-16 16:00","England","Premier League","2015/2016","Southampton","Sunderland","1.58","4.40","6.60","1.04","9.00","1.30","3.52","2.09","1.88","3.60","1.29","6.70","1.08","2.00","1.75"
"7049","05-03-16 16:00","England","Premier League","2015/2016","Swansea","Norwich","2.12","3.42","4.05","1.05","8.10","1.36","3.15","2.30","1.74","4.05","1.24","7.60","1.06","1.91","1.85"
"7050","05-03-16 13:45","England","Premier League","2015/2016","Tottenham","Arsenal","2.43","3.55","3.13","1.05","12.00","1.20","4.55","1.78","2.23","2.72","1.46","4.85","1.15","1.59","2.36"
"7051","02-03-16 21:00","England","Premier League","2015/2016","Liverpool","Manchester City","2.71","3.77","2.65","1.05","11.00","1.23","4.20","1.85","2.13","2.91","1.41","5.30","1.13","1.61","2.32"
"7052","02-03-16 21:00","England","Premier League","2015/2016","Manchester Utd","Watford","1.65","4.25","5.90","1.03","9.10","1.28","3.68","2.05","1.92","3.45","1.31","6.50","1.09","2.00","1.79"
"7053","02-03-16 20:45","England","Premier League","2015/2016","Arsenal","Swansea","1.30","6.10","13.00","1.03","15.00","1.15","5.50","1.62","2.51","2.45","1.55","4.40","1.18","1.94","1.86"
"7054","02-03-16 20:45","England","Premier League","2015/2016","Stoke","Newcastle","2.07","3.58","4.10","1.03","9.10","1.28","3.64","2.06","1.91","3.38","1.32","6.30","1.09","1.76","2.06"
"7055","02-03-16 20:45","England","Premier League","2015/2016","West Ham","Tottenham","3.70","3.55","2.18","1.05","11.00","1.24","4.05","1.91","2.06","3.04","1.38","5.50","1.12","1.65","2.25"
"7056","01-03-16 20:45","England","Premier League","2015/2016","Aston Villa","Everton","5.60","4.30","1.67","1.03","9.50","1.28","3.68","2.01","1.95","3.38","1.32","6.30","1.09","1.94","1.86"
"7057","01-03-16 20:45","England","Premier League","2015/2016","Bournemouth","Southampton","2.94","3.42","2.64","1.07","7.30","1.42","2.88","2.47","1.65","4.55","1.20","8.50","1.04","1.95","1.81"
"7058","01-03-16 20:45","England","Premier League","2015/2016","Leicester","West Brom","1.69","3.95","6.00","1.04","8.80","1.31","3.45","2.13","1.85","3.64","1.28","6.90","1.08","1.97","1.83"
"7059","01-03-16 20:45","England","Premier League","2015/2016","Norwich","Chelsea","5.30","4.10","1.73","1.05","11.00","1.24","4.05","1.91","2.06","3.10","1.37","5.70","1.11","1.79","2.02"
"7060","01-03-16 20:45","England","Premier League","2015/2016","Sunderland","Crystal Palace","2.47","3.36","3.25","1.04","8.40","1.34","3.26","2.25","1.77","3.86","1.26","7.30","1.07","1.83","1.98"
"7061","28-02-16 15:05","England","Premier League","2015/2016","Manchester Utd","Arsenal","3.12","3.55","2.44","1.04","8.80","1.32","3.38","2.14","1.84","3.64","1.28","6.90","1.08","1.79","2.02"
"7062","28-02-16 15:05","England","Premier League","2015/2016","Tottenham","Swansea","1.50","4.42","8.44","1.03","9.10","1.28","3.68","2.06","1.91","3.45","1.31","6.70","1.08","2.15","1.70"
"7063","27-02-16 18:30","England","Premier League","2015/2016","West Brom","Crystal Palace","2.88","3.24","2.83","1.07","7.30","1.41","2.91","2.46","1.64","4.40","1.21","8.50","1.04","1.94","1.86"
"7064","27-02-16 16:00","England","Premier League","2015/2016","Leicester","Norwich","1.58","4.40","6.60","1.05","12.00","1.19","4.70","1.77","2.25","2.75","1.45","5.00","1.14","1.80","1.99"
"7065","27-02-16 16:00","England","Premier League","2015/2016","Southampton","Chelsea","3.25","3.40","2.45","1.05","7.80","1.38","3.04","2.36","1.69","4.20","1.23","8.10","1.05","1.87","1.93"
"7066","27-02-16 16:00","England","Premier League","2015/2016","Stoke","Aston Villa","1.90","3.58","4.90","1.05","7.80","1.37","3.10","2.37","1.70","4.20","1.23","8.10","1.05","2.00","1.78"
"7067","27-02-16 16:00","England","Premier League","2015/2016","Watford","Bournemouth","2.66","3.36","2.96","1.05","8.10","1.35","3.20","2.26","1.76","3.95","1.25","7.30","1.07","1.80","1.97"
"7068","27-02-16 13:45","England","Premier League","2015/2016","West Ham","Sunderland","1.86","3.85","4.70","1.03","9.80","1.25","3.95","1.95","2.01","3.15","1.36","6.00","1.10","1.80","2.01"
"7069","14-02-16 17:15","England","Premier League","2015/2016","Manchester City","Tottenham","2.16","3.45","3.85","1.06","10.00","1.24","4.05","1.92","2.02","3.10","1.37","5.70","1.11","1.55","2.45"
"7070","14-02-16 15:05","England","Premier League","2015/2016","Aston Villa","Liverpool","5.80","3.85","1.73","1.04","8.80","1.31","3.45","2.12","1.80","3.60","1.28","6.90","1.08","1.93","1.87"
"7071","14-02-16 13:00","England","Premier League","2015/2016","Arsenal","Leicester","1.73","4.40","4.80","1.04","13.00","1.18","4.85","1.68","2.38","2.56","1.51","4.55","1.17","1.67","2.20"
"7072","13-02-16 18:30","England","Premier League","2015/2016","Chelsea","Newcastle","1.40","5.30","9.10","1.03","15.00","1.16","5.30","1.64","2.46","2.50","1.53","4.40","1.18","1.81","2.00"
"7073","13-02-16 16:00","England","Premier League","2015/2016","Bournemouth","Stoke","1.98","3.70","4.20","1.04","8.80","1.32","3.35","2.16","1.81","3.75","1.27","7.10","1.07","1.91","1.84"
"7074","13-02-16 16:00","England","Premier League","2015/2016","Crystal Palace","Watford","2.16","3.35","4.00","1.05","8.10","1.36","3.15","2.30","1.72","4.05","1.24","7.80","1.05","1.95","1.83"
"7075","13-02-16 16:00","England","Premier League","2015/2016","Everton","West Brom","1.51","4.50","7.80","1.02","10.00","1.25","3.95","1.93","2.01","3.20","1.35","6.00","1.10","1.96","1.84"
"7076","13-02-16 16:00","England","Premier League","2015/2016","Norwich","West Ham","2.60","3.35","3.04","1.04","8.40","1.33","3.30","2.18","1.80","3.75","1.27","7.10","1.07","1.80","2.00"
"7077","13-02-16 16:00","England","Premier League","2015/2016","Swansea","Southampton","3.30","3.25","2.51","1.07","7.30","1.41","2.91","2.46","1.64","4.40","1.21","8.50","1.04","1.94","1.86"
"7078","13-02-16 13:45","England","Premier League","2015/2016","Sunderland","Manchester Utd","5.30","3.70","1.81","1.04","8.40","1.31","3.45","2.15","1.82","3.65","1.28","7.10","1.07","1.90","1.90"
"7079","07-02-16 17:00","England","Premier League","2015/2016","Chelsea","Manchester Utd","2.19","3.45","3.75","1.08","7.00","1.36","3.15","2.29","1.70","3.20","1.35","7.60","1.06","1.84","1.96"
"7080","07-02-16 14:30","England","Premier League","2015/2016","Bournemouth","Arsenal","4.50","3.80","1.90","1.06","10.00","1.24","4.05","1.92","2.02","3.10","1.37","5.70","1.11","1.74","2.09"
"7081","06-02-16 18:30","England","Premier League","2015/2016","Southampton","West Ham","1.80","3.95","4.90","1.04","9.00","1.30","3.50","2.07","1.88","3.50","1.30","6.50","1.09","1.91","1.89"
"7082","06-02-16 16:00","England","Premier League","2015/2016","Aston Villa","Norwich","2.50","3.25","3.30","1.06","7.60","1.39","3.00","2.40","1.67","4.25","1.22","8.10","1.05","1.95","1.85"
"7083","06-02-16 16:00","England","Premier League","2015/2016","Liverpool","Sunderland","1.48","4.80","7.80","1.05","11.00","1.21","4.40","1.79","2.19","2.83","1.43","5.20","1.13","1.87","1.93"
"7084","06-02-16 16:00","England","Premier League","2015/2016","Newcastle","West Brom","2.27","3.35","3.70","1.05","7.80","1.37","3.10","2.34","1.70","4.20","1.23","7.80","1.05","1.95","1.77"
"7085","06-02-16 16:00","England","Premier League","2015/2016","Stoke","Everton","2.97","3.35","2.65","1.03","9.10","1.29","3.60","2.07","1.88","3.45","1.31","6.50","1.09","1.71","2.14"
"7086","06-02-16 16:00","England","Premier League","2015/2016","Swansea","Crystal Palace","2.31","3.25","3.70","1.07","7.10","1.44","2.77","2.59","1.59","4.70","1.19","9.10","1.03","2.00","1.78"
"7087","06-02-16 16:00","England","Premier League","2015/2016","Tottenham","Watford","1.50","4.55","7.90","1.05","14.00","1.25","3.95","1.94","2.00","3.20","1.35","6.00","1.10","1.99","1.82"
"7088","06-02-16 13:45","England","Premier League","2015/2016","Manchester City","Leicester","1.65","4.35","5.70","1.03","15.00","1.18","4.85","1.71","2.32","2.62","1.49","4.70","1.16","1.66","2.22"
"7089","03-02-16 20:45","England","Premier League","2015/2016","Everton","Newcastle","1.74","4.15","5.10","1.01","16.00","1.19","4.70","1.76","2.24","2.65","1.48","4.80","1.15","1.68","2.19"
"7090","03-02-16 20:45","England","Premier League","2015/2016","Watford","Chelsea","4.80","3.85","1.84","1.03","9.50","1.27","3.75","2.01","1.93","3.30","1.33","6.30","1.09","1.84","1.96"
"7091","02-02-16 21:00","England","Premier League","2015/2016","Crystal Palace","Bournemouth","2.63","3.30","3.03","1.05","7.80","1.37","3.10","2.32","1.71","4.05","1.24","7.80","1.05","1.87","1.93"
"7092","02-02-16 21:00","England","Premier League","2015/2016","Manchester Utd","Stoke","1.66","3.95","6.40","1.05","8.10","1.35","3.20","2.28","1.74","4.05","1.24","7.80","1.05","2.20","1.67"
"7093","02-02-16 21:00","England","Premier League","2015/2016","West Brom","Swansea","2.66","3.12","3.16","1.09","6.30","1.51","2.56","2.83","1.51","5.40","1.15","11.50","1.01","2.15","1.70"
"7094","02-02-16 20:45","England","Premier League","2015/2016","Arsenal","Southampton","1.80","3.70","5.40","1.04","9.00","1.29","3.60","2.10","1.86","3.50","1.30","6.70","1.08","1.85","1.95"
"7095","02-02-16 20:45","England","Premier League","2015/2016","Leicester","Liverpool","2.89","3.40","2.69","1.04","9.00","1.30","3.50","2.09","1.86","3.50","1.30","6.50","1.09","1.74","2.09"
"7096","02-02-16 20:45","England","Premier League","2015/2016","Norwich","Tottenham","5.00","4.05","1.77","1.05","12.00","1.23","4.20","1.85","2.11","2.95","1.40","5.40","1.12","1.69","2.18"
"7097","02-02-16 20:45","England","Premier League","2015/2016","Sunderland","Manchester City","7.10","5.00","1.49","1.03","15.00","1.18","4.85","1.69","2.36","2.62","1.49","4.60","1.17","1.78","2.04"
"7098","02-02-16 20:45","England","Premier League","2015/2016","West Ham","Aston Villa","1.87","3.65","4.90","1.05","8.10","1.35","3.20","2.25","1.75","3.95","1.25","7.60","1.06","1.95","1.84"
"7099","24-01-16 17:00","England","Premier League","2015/2016","Arsenal","Chelsea","2.24","3.40","3.70","1.03","9.10","1.28","3.60","2.05","1.90","3.35","1.32","6.30","1.09","1.72","2.12"
"7100","24-01-16 14:30","England","Premier League","2015/2016","Everton","Swansea","1.74","3.90","5.50","1.06","10.00","1.24","4.05","1.90","2.05","3.04","1.38","5.70","1.11","1.83","1.92"
"7101","23-01-16 18:30","England","Premier League","2015/2016","West Ham","Manchester City","5.10","4.20","1.73","1.02","14.50","1.19","4.70","1.72","2.30","2.65","1.48","4.70","1.16","1.71","2.14"
"7102","23-01-16 16:00","England","Premier League","2015/2016","Crystal Palace","Tottenham","3.90","3.55","2.11","1.04","8.40","1.34","3.25","2.22","1.77","3.85","1.26","7.30","1.07","1.89","1.91"
"7103","23-01-16 16:00","England","Premier League","2015/2016","Leicester","Stoke","1.94","3.60","4.60","1.04","8.80","1.31","3.45","2.14","1.83","3.60","1.28","6.90","1.08","1.85","1.95"
"7104","23-01-16 16:00","England","Premier League","2015/2016","Manchester Utd","Southampton","2.02","3.40","4.50","1.06","7.60","1.38","3.04","2.39","1.68","4.25","1.22","8.10","1.05","1.99","1.82"
"7105","23-01-16 16:00","England","Premier League","2015/2016","Sunderland","Bournemouth","2.80","3.40","2.77","1.04","8.80","1.31","3.45","2.15","1.82","3.60","1.29","6.70","1.08","1.80","2.00"
"7106","23-01-16 16:00","England","Premier League","2015/2016","Watford","Newcastle","2.03","3.65","4.10","1.03","9.10","1.30","3.50","2.07","1.88","3.45","1.31","6.50","1.09","1.79","2.02"
"7107","23-01-16 16:00","England","Premier League","2015/2016","West Brom","Aston Villa","2.33","3.20","3.70","1.08","6.90","1.47","2.68","2.67","1.56","4.85","1.18","9.50","1.03","2.08","1.75"
"7108","23-01-16 13:45","England","Premier League","2015/2016","Norwich","Liverpool","4.45","3.70","1.94","1.04","9.00","1.30","3.50","2.10","1.86","3.50","1.30","6.70","1.08","1.83","1.97"
"7109","18-01-16 21:00","England","Premier League","2015/2016","Swansea","Watford","2.28","3.30","3.70","1.05","7.80","1.38","3.04","2.38","1.68","4.25","1.22","8.10","1.05","1.90","1.88"
"7110","17-01-16 17:15","England","Premier League","2015/2016","Stoke","Arsenal","3.60","3.25","2.35","1.05","8.10","1.36","3.15","2.30","1.72","3.95","1.25","7.60","1.06","1.75","2.08"
"7111","17-01-16 15:05","England","Premier League","2015/2016","Liverpool","Manchester Utd","2.73","3.20","3.00","1.04","8.40","1.37","3.10","2.36","1.69","4.20","1.23","7.80","1.05","1.78","2.04"
"7112","16-01-16 18:30","England","Premier League","2015/2016","Aston Villa","Leicester","3.80","3.65","2.11","1.03","9.50","1.30","3.50","2.02","1.92","3.30","1.33","6.30","1.09","1.69","2.17"
"7113","16-01-16 16:00","England","Premier League","2015/2016","Bournemouth","Norwich","1.98","3.65","4.30","1.03","9.10","1.29","3.60","2.06","1.89","3.45","1.31","6.50","1.09","1.79","2.02"
"7114","16-01-16 16:00","England","Premier League","2015/2016","Chelsea","Everton","1.75","4.10","5.10","1.04","13.00","1.22","4.30","1.81","2.16","2.88","1.42","5.20","1.13","1.56","2.43"
"7115","16-01-16 16:00","England","Premier League","2015/2016","Manchester City","Crystal Palace","1.40","5.20","9.50","1.01","18.00","1.17","5.10","1.67","2.41","2.56","1.51","4.55","1.17","1.80","2.01"
"7116","16-01-16 16:00","England","Premier League","2015/2016","Newcastle","West Ham","2.41","3.50","3.25","1.02","11.00","1.30","3.50","2.07","1.88","3.45","1.31","6.50","1.09","1.72","2.09"
"7117","16-01-16 16:00","England","Premier League","2015/2016","Southampton","West Brom","1.73","3.75","6.00","1.05","7.80","1.36","3.12","2.33","1.71","4.20","1.23","7.80","1.05","2.10","1.70"
"7118","16-01-16 13:45","England","Premier League","2015/2016","Tottenham","Sunderland","1.40","5.10","9.70","1.04","13.00","1.17","5.10","1.67","2.40","2.56","1.51","4.55","1.17","1.99","1.82"
"7119","13-01-16 21:00","England","Premier League","2015/2016","Liverpool","Arsenal","2.80","3.45","2.74","1.03","9.50","1.28","3.65","2.02","1.92","3.30","1.33","6.20","1.10","1.64","2.26"
"7120","13-01-16 21:00","England","Premier League","2015/2016","Tottenham","Leicester","1.88","3.55","5.10","1.02","12.00","1.22","4.25","1.88","2.07","2.95","1.40","5.50","1.12","1.64","2.26"
"7121","13-01-16 20:45","England","Premier League","2015/2016","Chelsea","West Brom","1.45","4.70","9.10","1.04","9.00","1.29","3.60","2.08","1.87","3.60","1.29","6.90","1.08","2.24","1.65"
"7122","13-01-16 20:45","England","Premier League","2015/2016","Manchester City","Everton","1.54","4.75","6.60","1.01","17.00","1.12","6.10","1.52","2.80","2.17","1.69","3.60","1.25","1.53","2.50"
"7123","13-01-16 20:45","England","Premier League","2015/2016","Southampton","Watford","2.07","3.50","4.15","1.04","8.80","1.30","3.50","2.12","1.84","3.60","1.29","6.70","1.08","1.79","2.02"
"7124","13-01-16 20:45","England","Premier League","2015/2016","Stoke","Norwich","2.02","3.50","4.30","1.04","8.40","1.32","3.40","2.20","1.79","3.75","1.27","7.10","1.07","1.85","1.95"
"7125","13-01-16 20:45","England","Premier League","2015/2016","Swansea","Sunderland","1.92","3.50","4.85","1.05","8.10","1.34","3.25","2.28","1.74","3.95","1.25","7.60","1.06","1.94","1.86"
"7126","12-01-16 20:45","England","Premier League","2015/2016","Aston Villa","Crystal Palace","3.40","3.30","2.42","1.05","7.80","1.38","3.04","2.38","1.68","4.25","1.22","8.10","1.05","1.90","1.88"
"7127","12-01-16 20:45","England","Premier League","2015/2016","Bournemouth","West Ham","2.05","3.80","3.85","1.04","9.00","1.30","3.50","2.07","1.88","3.50","1.30","6.50","1.09","1.83","1.97"
"7128","12-01-16 20:45","England","Premier League","2015/2016","Newcastle","Manchester Utd","5.10","3.80","1.81","1.04","8.80","1.33","3.30","2.19","1.79","3.75","1.27","7.30","1.07","1.98","1.83"
"7129","03-01-16 17:00","England","Premier League","2015/2016","Everton","Tottenham","2.64","3.50","2.88","1.02","12.00","1.18","4.85","1.72","2.30","2.62","1.49","4.60","1.17","1.49","2.62"
"7130","03-01-16 14:30","England","Premier League","2015/2016","Crystal Palace","Chelsea","4.25","3.60","2.00","1.04","8.40","1.35","3.20","2.24","1.76","3.95","1.25","7.30","1.07","1.92","1.88"
"7131","02-01-16 18:30","England","Premier League","2015/2016","Watford","Manchester City","5.20","4.15","1.73","1.02","13.00","1.18","4.85","1.71","2.32","2.62","1.49","4.70","1.16","1.68","2.19"
"7132","02-01-16 16:00","England","Premier League","2015/2016","Arsenal","Newcastle","1.25","7.30","13.50","1.01","19.00","1.11","6.60","1.46","3.02","2.08","1.75","3.45","1.27","1.95","1.85"
"7133","02-01-16 16:00","England","Premier League","2015/2016","Leicester","Bournemouth","1.90","3.80","4.50","1.03","12.00","1.24","4.05","1.89","2.06","3.04","1.38","5.50","1.12","1.69","2.17"
"7134","02-01-16 16:00","England","Premier League","2015/2016","Manchester Utd","Swansea","1.51","4.40","8.10","1.04","8.80","1.36","3.12","2.30","1.72","4.20","1.23","7.80","1.05","2.38","1.58"
"7135","02-01-16 16:00","England","Premier League","2015/2016","Norwich","Southampton","3.02","3.25","2.67","1.04","8.40","1.33","3.30","2.21","1.78","3.75","1.27","7.10","1.07","1.78","2.04"
"7136","02-01-16 16:00","England","Premier League","2015/2016","Sunderland","Aston Villa","2.55","3.20","3.25","1.05","7.80","1.37","3.10","2.36","1.69","4.20","1.23","7.80","1.05","1.87","1.93"
"7137","02-01-16 16:00","England","Premier League","2015/2016","West Brom","Stoke","2.99","3.15","2.77","1.08","6.90","1.47","2.68","2.67","1.56","4.85","1.18","9.50","1.03","2.05","1.77"
"7138","02-01-16 13:45","England","Premier League","2015/2016","West Ham","Liverpool","4.15","3.55","2.05","1.04","8.80","1.30","3.50","2.11","1.85","3.60","1.29","6.70","1.08","1.79","2.02"
"7139","30-12-15 20:45","England","Premier League","2015/2016","Sunderland","Liverpool","5.80","4.20","1.67","1.02","10.00","1.25","3.95","1.92","2.02","3.15","1.36","5.70","1.11","1.84","1.96"
"7140","29-12-15 20:45","England","Premier League","2015/2016","Leicester","Manchester City","4.35","4.10","1.86","1.02","15.00","1.15","5.50","1.60","2.56","2.36","1.59","4.05","1.21","1.50","2.59"
"7141","28-12-15 18:30","England","Premier League","2015/2016","Arsenal","Bournemouth","1.50","4.50","8.10","1.02","13.00","1.19","4.70","1.77","2.22","2.77","1.44","5.10","1.14","1.78","2.04"
"7142","28-12-15 18:30","England","Premier League","2015/2016","Manchester Utd","Chelsea","2.57","3.30","3.12","1.05","7.80","1.39","3.00","2.38","1.68","4.25","1.22","8.10","1.05","1.90","1.90"
"7143","28-12-15 18:30","England","Premier League","2015/2016","West Ham","Southampton","3.40","3.45","2.34","1.05","8.10","1.37","3.10","2.30","1.72","4.05","1.24","7.80","1.05","1.90","1.90"
"7144","28-12-15 16:00","England","Premier League","2015/2016","Crystal Palace","Swansea","2.05","3.50","4.20","1.06","7.60","1.40","2.95","2.42","1.66","4.40","1.21","8.50","1.04","2.02","1.79"
"7145","28-12-15 16:00","England","Premier League","2015/2016","Everton","Stoke","1.91","3.65","4.65","1.03","9.80","1.25","3.95","1.95","1.99","3.15","1.36","6.00","1.10","1.79","2.02"
"7146","28-12-15 16:00","England","Premier League","2015/2016","Norwich","Aston Villa","1.96","3.70","4.30","1.04","8.80","1.31","3.45","2.11","1.85","3.60","1.29","6.70","1.08","1.85","1.95"
"7147","28-12-15 16:00","England","Premier League","2015/2016","Watford","Tottenham","3.35","3.55","2.33","1.03","9.10","1.29","3.60","2.06","1.89","3.45","1.31","6.50","1.09","1.75","2.08"
"7148","28-12-15 16:00","England","Premier League","2015/2016","West Brom","Newcastle","2.22","3.30","3.85","1.05","8.10","1.36","3.15","2.30","1.72","4.05","1.24","7.60","1.06","1.88","1.92"
"7149","26-12-15 20:45","England","Premier League","2015/2016","Southampton","Arsenal","3.70","3.50","2.20","1.01","11.50","1.26","3.85","1.97","1.97","3.04","1.38","6.00","1.10","1.70","2.15"
"7150","26-12-15 18:30","England","Premier League","2015/2016","Newcastle","Everton","3.55","3.65","2.20","1.04","13.00","1.19","4.70","1.73","2.29","2.62","1.49","4.70","1.16","1.52","2.53"
"7151","26-12-15 16:00","England","Premier League","2015/2016","Aston Villa","West Ham","2.56","3.25","3.18","1.05","7.80","1.38","3.04","2.38","1.68","4.25","1.22","8.10","1.05","1.90","1.90"
"7152","26-12-15 16:00","England","Premier League","2015/2016","Bournemouth","Crystal Palace","2.27","3.50","3.50","1.04","9.00","1.30","3.50","2.08","1.87","3.50","1.30","6.50","1.09","1.76","2.06"
"7153","26-12-15 16:00","England","Premier League","2015/2016","Chelsea","Watford","1.54","4.50","7.10","1.05","12.00","1.20","4.55","1.77","2.22","2.77","1.44","5.10","1.14","1.77","2.05"
"7154","26-12-15 16:00","England","Premier League","2015/2016","Liverpool","Leicester","2.09","3.85","3.65","1.03","12.00","1.22","4.30","1.83","2.00","2.91","1.41","5.30","1.13","1.65","2.24"
"7155","26-12-15 16:00","England","Premier League","2015/2016","Manchester City","Sunderland","1.24","7.50","14.00","1.01","23.00","1.07","7.10","1.35","3.20","1.98","1.96","3.20","1.35","1.93","1.87"
"7156","26-12-15 16:00","England","Premier League","2015/2016","Swansea","West Brom","2.00","3.35","4.70","1.08","6.90","1.46","2.72","2.64","1.57","4.85","1.18","9.50","1.03","2.15","1.70"
"7157","26-12-15 16:00","England","Premier League","2015/2016","Tottenham","Norwich","1.47","4.75","8.20","1.04","13.00","1.19","4.70","1.74","2.27","2.72","1.46","4.85","1.15","1.80","2.01"
"7158","26-12-15 13:45","England","Premier League","2015/2016","Stoke","Manchester Utd","3.80","3.35","2.23","1.05","8.10","1.37","3.10","2.34","1.70","4.20","1.23","7.80","1.05","1.88","1.92"
"7159","21-12-15 21:00","England","Premier League","2015/2016","Arsenal","Manchester City","2.57","3.55","2.92","1.04","13.00","1.19","4.70","1.71","2.32","2.38","1.58","4.60","1.17","1.48","2.65"
"7160","20-12-15 17:00","England","Premier League","2015/2016","Swansea","West Ham","2.12","3.45","4.00","1.05","8.10","1.36","3.15","2.29","1.73","4.05","1.24","7.60","1.06","1.91","1.89"
"7161","20-12-15 14:30","England","Premier League","2015/2016","Watford","Liverpool","3.95","3.65","2.07","1.01","11.50","1.30","3.50","2.08","1.87","3.50","1.30","6.70","1.08","1.80","2.01"
"7162","19-12-15 18:30","England","Premier League","2015/2016","Newcastle","Aston Villa","2.00","3.60","4.30","1.04","8.80","1.32","3.35","2.15","1.82","3.65","1.28","6.90","1.08","1.79","2.02"
"7163","19-12-15 16:00","England","Premier League","2015/2016","Chelsea","Sunderland","1.34","5.80","11.00","1.02","14.00","1.21","4.40","1.78","2.21","2.88","1.42","5.20","1.13","2.26","1.64"
"7164","19-12-15 16:00","England","Premier League","2015/2016","Everton","Leicester","2.17","3.75","3.50","1.01","16.00","1.14","5.60","1.59","2.59","2.32","1.61","3.90","1.22","1.43","2.83"
"7165","19-12-15 16:00","England","Premier League","2015/2016","Manchester Utd","Norwich","1.44","4.90","8.80","1.05","11.00","1.20","4.55","1.78","2.21","2.83","1.43","5.20","1.13","2.11","1.73"
"7166","19-12-15 16:00","England","Premier League","2015/2016","Southampton","Tottenham","2.87","3.40","2.70","1.03","9.10","1.29","3.60","2.07","1.88","3.45","1.31","6.50","1.09","1.71","2.14"
"7167","19-12-15 16:00","England","Premier League","2015/2016","Stoke","Crystal Palace","2.54","3.25","3.20","1.05","7.80","1.38","3.04","2.36","1.69","4.20","1.23","8.10","1.05","1.95","1.85"
"7168","19-12-15 16:00","England","Premier League","2015/2016","West Brom","Bournemouth","2.77","3.35","2.84","1.05","8.10","1.36","3.15","2.28","1.74","3.95","1.25","7.60","1.06","1.95","1.85"
"7169","14-12-15 21:00","England","Premier League","2015/2016","Leicester","Chelsea","3.50","3.60","2.23","1.05","11.00","1.23","4.20","1.86","2.09","2.95","1.40","5.40","1.12","1.62","2.31"
"7170","13-12-15 17:00","England","Premier League","2015/2016","Liverpool","West Brom","1.47","4.65","8.60","1.03","9.10","1.28","3.65","2.04","1.91","3.45","1.31","6.50","1.09","2.34","1.60"
"7171","13-12-15 17:00","England","Premier League","2015/2016","Tottenham","Newcastle","1.39","5.70","8.50","1.03","15.00","1.16","5.30","1.62","2.52","2.45","1.55","4.25","1.19","1.87","1.93"
"7172","13-12-15 14:30","England","Premier League","2015/2016","Aston Villa","Arsenal","6.60","4.50","1.57","1.05","12.00","1.22","4.25","1.83","2.13","2.95","1.40","5.40","1.12","1.88","1.92"
"7173","12-12-15 18:30","England","Premier League","2015/2016","Bournemouth","Manchester Utd","3.45","3.40","2.34","1.04","8.40","1.34","3.25","2.22","1.77","3.85","1.26","7.30","1.07","1.99","1.82"
"7174","12-12-15 16:00","England","Premier League","2015/2016","Crystal Palace","Southampton","2.45","3.35","3.30","1.04","8.80","1.31","3.45","2.12","1.84","3.60","1.29","6.70","1.08","1.74","2.09"
"7175","12-12-15 16:00","England","Premier League","2015/2016","Manchester City","Swansea","1.37","5.60","9.70","1.02","17.00","1.15","5.50","1.60","2.56","2.40","1.57","4.15","1.20","1.93","1.87"
"7176","12-12-15 16:00","England","Premier League","2015/2016","Sunderland","Watford","2.86","3.30","2.77","1.05","8.10","1.35","3.20","2.25","1.75","3.85","1.26","7.30","1.07","1.82","1.99"
"7177","12-12-15 16:00","England","Premier League","2015/2016","West Ham","Stoke","2.69","3.35","2.92","1.05","7.80","1.38","3.04","2.34","1.70","4.20","1.23","7.80","1.05","1.90","1.90"
"7178","12-12-15 13:45","England","Premier League","2015/2016","Norwich","Everton","3.25","3.55","2.37","1.05","11.00","1.22","4.30","1.83","2.13","2.88","1.42","5.30","1.13","1.57","2.40"
"7179","07-12-15 21:00","England","Premier League","2015/2016","Everton","Crystal Palace","2.10","3.60","3.90","1.06","10.00","1.26","3.85","1.95","1.99","3.15","1.36","6.00","1.10","1.69","2.17"
"7180","06-12-15 17:00","England","Premier League","2015/2016","Newcastle","Liverpool","6.20","4.55","1.59","1.04","13.00","1.17","5.10","1.78","2.21","2.53","1.52","4.55","1.17","1.72","2.12"
"7181","05-12-15 18:30","England","Premier League","2015/2016","Chelsea","Bournemouth","1.41","5.20","9.00","1.05","12.00","1.21","4.40","1.80","2.18","2.88","1.42","5.30","1.13","1.94","1.86"
"7182","05-12-15 16:00","England","Premier League","2015/2016","Arsenal","Sunderland","1.29","6.50","12.00","1.01","17.00","1.15","5.40","1.61","2.54","2.45","1.55","4.25","1.19","2.17","1.69"
"7183","05-12-15 16:00","England","Premier League","2015/2016","Manchester Utd","West Ham","1.51","4.55","7.70","1.05","10.00","1.32","3.35","2.14","1.83","3.75","1.27","7.10","1.07","2.24","1.65"
"7184","05-12-15 16:00","England","Premier League","2015/2016","Southampton","Aston Villa","1.56","4.50","6.80","1.03","9.80","1.26","3.85","1.95","1.99","3.25","1.34","6.00","1.10","1.98","1.83"
"7185","05-12-15 16:00","England","Premier League","2015/2016","Swansea","Leicester","2.64","3.45","2.90","1.04","9.00","1.30","3.50","2.08","1.87","3.50","1.30","6.50","1.09","1.74","2.09"
"7186","05-12-15 16:00","England","Premier League","2015/2016","Watford","Norwich","2.37","3.45","3.35","1.03","9.10","1.29","3.60","2.06","1.89","3.45","1.31","6.50","1.09","1.72","2.12"
"7187","05-12-15 16:00","England","Premier League","2015/2016","West Brom","Tottenham","4.90","3.70","1.86","1.03","9.10","1.29","3.60","2.11","1.85","3.45","1.31","6.50","1.09","1.83","1.98"
"7188","05-12-15 13:45","England","Premier League","2015/2016","Stoke","Manchester City","5.60","4.10","1.70","1.06","13.50","1.28","3.65","2.02","1.92","3.35","1.32","6.30","1.09","1.90","1.90"
"7189","29-11-15 17:15","England","Premier League","2015/2016","Liverpool","Swansea","1.50","4.55","7.90","1.05","12.00","1.20","4.55","1.78","2.21","2.77","1.44","5.10","1.14","1.78","2.04"
"7190","29-11-15 17:15","England","Premier League","2015/2016","Norwich","Arsenal","6.00","4.45","1.61","1.01","16.00","1.14","5.60","1.59","2.59","2.34","1.60","4.05","1.21","1.56","2.43"
"7191","29-11-15 15:05","England","Premier League","2015/2016","West Ham","West Brom","2.19","3.40","3.85","1.05","8.10","1.36","3.12","2.30","1.72","4.05","1.24","7.80","1.05","1.89","1.91"
"7192","29-11-15 13:00","England","Premier League","2015/2016","Tottenham","Chelsea","2.68","3.45","2.86","1.05","11.00","1.25","3.95","1.93","2.01","3.10","1.37","5.70","1.11","1.58","2.38"
"7193","28-11-15 18:30","England","Premier League","2015/2016","Leicester","Manchester Utd","3.16","3.55","2.41","1.03","9.50","1.28","3.60","2.02","1.92","3.35","1.32","6.30","1.09","1.62","2.30"
"7194","28-11-15 16:00","England","Premier League","2015/2016","Aston Villa","Watford","2.80","3.30","2.84","1.05","7.80","1.37","3.10","2.32","1.71","4.05","1.24","7.80","1.05","1.86","1.94"
"7195","28-11-15 16:00","England","Premier League","2015/2016","Bournemouth","Everton","2.71","3.65","2.71","1.02","13.00","1.21","4.40","1.79","2.19","2.79","1.44","5.00","1.14","1.57","2.40"
"7196","28-11-15 16:00","England","Premier League","2015/2016","Crystal Palace","Newcastle","1.75","4.05","5.20","1.02","13.50","1.22","4.30","1.83","2.13","2.91","1.41","5.40","1.12","1.71","2.14"
"7197","28-11-15 16:00","England","Premier League","2015/2016","Manchester City","Southampton","1.60","4.30","6.50","1.01","15.00","1.17","5.10","1.69","2.36","2.56","1.51","4.60","1.17","1.65","2.24"
"7198","28-11-15 16:00","England","Premier League","2015/2016","Sunderland","Stoke","3.10","3.20","2.64","1.05","7.80","1.38","3.04","2.38","1.68","4.20","1.23","8.10","1.05","1.87","1.93"
"7199","23-11-15 21:00","England","Premier League","2015/2016","Crystal Palace","Sunderland","1.56","4.60","6.50","1.05","11.00","1.24","4.05","1.88","2.07","3.04","1.38","5.70","1.11","1.79","2.02"
"7200","22-11-15 17:00","England","Premier League","2015/2016","Tottenham","West Ham","1.65","4.30","5.80","1.04","13.00","1.19","4.70","1.74","2.27","2.68","1.47","4.85","1.15","1.66","2.22"
"7201","21-11-15 18:30","England","Premier League","2015/2016","Manchester City","Liverpool","1.86","3.85","4.65","1.05","12.00","1.19","4.70","1.75","2.25","2.68","1.47","4.85","1.15","1.53","2.50"
"7202","21-11-15 16:00","England","Premier League","2015/2016","Chelsea","Norwich","1.43","5.00","8.80","1.02","14.00","1.17","5.10","1.68","2.38","2.59","1.50","4.60","1.17","1.79","2.02"
"7203","21-11-15 16:00","England","Premier League","2015/2016","Everton","Aston Villa","1.73","4.05","5.40","1.03","14.00","1.25","3.95","1.94","2.00","3.20","1.35","6.00","1.10","1.80","2.01"
"7204","21-11-15 16:00","England","Premier League","2015/2016","Newcastle","Leicester","2.89","3.60","2.57","1.01","15.00","1.18","4.85","1.71","2.32","2.59","1.50","4.60","1.17","1.49","2.62"
"7205","21-11-15 16:00","England","Premier League","2015/2016","Southampton","Stoke","1.74","3.90","5.50","1.04","9.00","1.32","3.35","2.17","1.81","3.75","1.27","7.10","1.07","1.99","1.82"
"7206","21-11-15 16:00","England","Premier League","2015/2016","Swansea","Bournemouth","2.30","3.35","3.60","1.04","8.40","1.33","3.30","2.21","1.78","3.75","1.27","7.10","1.07","1.81","2.00"
"7207","21-11-15 16:00","England","Premier League","2015/2016","West Brom","Arsenal","6.60","4.45","1.58","1.05","12.00","1.22","4.30","1.83","2.13","2.95","1.40","5.40","1.12","1.82","1.99"
"7208","21-11-15 13:45","England","Premier League","2015/2016","Watford","Manchester Utd","4.20","3.40","2.09","1.07","7.50","1.42","2.88","2.51","1.62","4.55","1.20","8.80","1.04","2.06","1.76"
"7209","08-11-15 17:00","England","Premier League","2015/2016","Arsenal","Tottenham","1.85","3.95","4.55","1.03","15.00","1.18","4.85","1.69","2.36","2.56","1.51","4.55","1.17","1.67","2.20"
"7210","08-11-15 17:00","England","Premier League","2015/2016","Liverpool","Crystal Palace","1.66","4.20","5.90","1.03","9.50","1.26","3.85","1.95","1.99","3.20","1.35","6.00","1.10","1.89","1.91"
"7211","08-11-15 14:30","England","Premier League","2015/2016","Aston Villa","Manchester City","8.70","5.30","1.41","1.04","13.00","1.18","4.85","1.70","2.34","2.65","1.48","4.70","1.16","1.88","1.92"
"7212","07-11-15 18:30","England","Premier League","2015/2016","Stoke","Chelsea","4.60","3.70","1.91","1.04","8.50","1.29","3.60","2.06","1.89","3.45","1.31","6.50","1.09","1.81","2.00"
"7213","07-11-15 16:00","England","Premier League","2015/2016","Leicester","Watford","1.94","3.80","4.30","1.03","12.50","1.21","4.40","1.79","2.19","2.79","1.44","5.10","1.14","",""
"7214","07-11-15 16:00","England","Premier League","2015/2016","Manchester Utd","West Brom","1.34","5.50","12.00","1.02","10.00","1.28","3.65","2.00","1.94","3.35","1.32","6.30","1.09","2.34","1.60"
"7215","07-11-15 16:00","England","Premier League","2015/2016","Norwich","Swansea","2.46","3.45","3.16","1.04","11.00","1.25","3.95","1.92","2.02","3.10","1.37","5.70","1.11","1.63","2.28"
"7216","07-11-15 16:00","England","Premier League","2015/2016","Sunderland","Southampton","4.70","4.05","1.81","1.04","9.10","1.27","3.75","1.96","1.98","3.25","1.34","6.00","1.10","1.82","1.99"
"7217","07-11-15 16:00","England","Premier League","2015/2016","West Ham","Everton","2.47","3.55","3.06","1.02","13.50","1.20","4.55","1.75","2.25","2.68","1.47","4.80","1.15","1.53","2.50"
"7218","07-11-15 13:45","England","Premier League","2015/2016","Bournemouth","Newcastle","2.26","3.60","3.45","1.05","12.00","1.23","4.20","1.85","2.11","2.95","1.40","5.40","1.12","1.60","2.34"
"7219","02-11-15 21:00","England","Premier League","2015/2016","Tottenham","Aston Villa","1.41","5.10","9.30","1.05","12.00","1.19","4.70","1.74","2.27","2.72","1.46","5.00","1.14","1.89","1.91"
"7220","01-11-15 17:00","England","Premier League","2015/2016","Southampton","Bournemouth","1.59","4.35","6.50","1.05","11.00","1.23","4.20","1.87","2.08","3.04","1.38","5.50","1.12","1.84","1.96"
"7221","01-11-15 14:30","England","Premier League","2015/2016","Everton","Sunderland","1.50","4.75","7.40","1.05","12.00","1.21","4.40","1.79","2.19","2.83","1.43","5.20","1.13","1.86","1.94"
"7222","31-10-15 16:00","England","Premier League","2015/2016","Crystal Palace","Manchester Utd","4.55","3.60","1.94","1.04","8.40","1.34","3.25","2.23","1.77","3.85","1.26","7.70","1.06","1.93","1.87"
"7223","31-10-15 16:00","England","Premier League","2015/2016","Manchester City","Norwich","1.28","6.60","12.50","1.01","20.00","1.09","6.30","1.43","2.83","2.18","1.80","3.60","1.28","1.90","1.90"
"7224","31-10-15 16:00","England","Premier League","2015/2016","Newcastle","Stoke","2.49","3.45","3.13","1.04","9.00","1.30","3.50","2.09","1.86","3.50","1.30","6.80","1.08","1.74","2.09"
"7225","31-10-15 16:00","England","Premier League","2015/2016","Swansea","Arsenal","4.90","4.05","1.78","1.02","14.00","1.20","4.55","1.75","2.25","2.72","1.46","4.85","1.15","1.63","2.28"
"7226","31-10-15 16:00","England","Premier League","2015/2016","Watford","West Ham","2.61","3.50","2.91","1.03","9.10","1.30","3.50","2.07","1.88","3.45","1.31","6.70","1.08","1.74","2.09"
"7227","31-10-15 16:00","England","Premier League","2015/2016","West Brom","Leicester","2.92","3.45","2.63","1.04","9.00","1.30","3.50","2.08","1.87","3.50","1.30","6.70","1.08","1.74","2.09"
"7228","31-10-15 13:45","England","Premier League","2015/2016","Chelsea","Liverpool","2.09","3.50","4.05","1.04","9.00","1.30","3.50","2.09","1.86","3.50","1.30","6.80","1.08","1.79","2.02"
"7229","25-10-15 17:15","England","Premier League","2015/2016","Liverpool","Southampton","2.17","3.50","3.80","1.04","9.00","1.32","3.35","2.15","1.82","3.65","1.28","7.00","1.08","1.81","2.00"
"7230","25-10-15 15:05","England","Premier League","2015/2016","Bournemouth","Tottenham","3.60","3.50","2.23","1.04","13.50","1.26","3.85","1.96","1.98","3.20","1.35","6.00","1.10","1.67","2.21"
"7231","25-10-15 15:05","England","Premier League","2015/2016","Manchester Utd","Manchester City","2.72","3.25","2.96","1.02","10.50","1.28","3.65","2.05","1.90","3.35","1.32","6.30","1.09","1.65","2.24"
"7232","25-10-15 13:00","England","Premier League","2015/2016","Sunderland","Newcastle","2.71","3.30","2.93","1.03","9.50","1.30","3.50","2.09","1.86","3.50","1.30","6.70","1.08","1.71","2.14"
"7233","24-10-15 18:30","England","Premier League","2015/2016","Arsenal","Everton","1.42","5.40","8.10","1.01","19.00","1.12","6.10","1.52","2.80","2.20","1.67","3.70","1.24","1.69","2.17"
"7234","24-10-15 16:00","England","Premier League","2015/2016","Aston Villa","Swansea","3.05","3.35","2.57","1.05","8.10","1.36","3.12","2.30","1.72","4.05","1.24","8.20","1.05","1.90","1.90"
"7235","24-10-15 16:00","England","Premier League","2015/2016","Leicester","Crystal Palace","2.14","3.60","3.70","1.02","13.50","1.20","4.55","1.78","2.21","2.75","1.45","5.00","1.14","1.55","2.45"
"7236","24-10-15 16:00","England","Premier League","2015/2016","Norwich","West Brom","1.99","3.65","4.20","1.03","9.10","1.29","3.60","2.06","1.89","3.45","1.31","6.70","1.08","1.79","2.02"
"7237","24-10-15 16:00","England","Premier League","2015/2016","Stoke","Watford","2.10","3.40","4.15","1.04","8.40","1.33","3.30","2.20","1.79","3.75","1.27","7.20","1.07","1.95","1.85"
"7238","24-10-15 16:00","England","Premier League","2015/2016","West Ham","Chelsea","4.15","3.80","1.96","1.05","12.00","1.22","4.25","1.84","2.12","2.91","1.41","5.40","1.12","1.68","2.19"
"7239","19-10-15 21:00","England","Premier League","2015/2016","Swansea","Stoke","1.90","3.70","4.60","1.06","10.00","1.22","4.25","1.93","2.01","3.12","1.36","5.70","1.11","1.73","2.11"
"7240","18-10-15 17:00","England","Premier League","2015/2016","Newcastle","Norwich","2.43","3.55","3.12","1.06","9.50","1.24","4.05","1.91","2.04","3.04","1.38","5.50","1.12","1.63","2.28"
"7241","17-10-15 18:30","England","Premier League","2015/2016","Watford","Arsenal","6.80","4.65","1.53","1.04","13.00","1.18","4.85","1.70","2.34","2.62","1.49","4.70","1.16","1.76","2.06"
"7242","17-10-15 16:00","England","Premier League","2015/2016","Chelsea","Aston Villa","1.37","5.80","9.00","1.03","15.00","1.17","5.10","1.63","2.49","2.48","1.54","4.40","1.18","1.98","1.83"
"7243","17-10-15 16:00","England","Premier League","2015/2016","Crystal Palace","West Ham","1.96","3.75","4.20","1.05","11.00","1.24","4.05","1.90","2.05","3.04","1.38","5.70","1.11","1.69","2.17"
"7244","17-10-15 16:00","England","Premier League","2015/2016","Everton","Manchester Utd","3.15","3.50","2.43","1.04","9.10","1.26","3.85","1.97","1.97","3.20","1.35","6.00","1.10","1.53","2.50"
"7245","17-10-15 16:00","England","Premier League","2015/2016","Manchester City","Bournemouth","1.35","5.60","10.50","1.03","15.00","1.15","5.40","1.61","2.54","2.48","1.54","4.40","1.18","1.82","1.99"
"7246","17-10-15 16:00","England","Premier League","2015/2016","Southampton","Leicester","1.80","3.90","5.00","1.04","13.00","1.18","4.85","1.73","2.29","2.65","1.48","4.70","1.16","1.69","2.17"
"7247","17-10-15 16:00","England","Premier League","2015/2016","West Brom","Sunderland","2.15","3.35","4.00","1.05","8.10","1.36","3.15","2.30","1.72","4.05","1.24","8.20","1.05","2.08","1.75"
"7248","17-10-15 13:45","England","Premier League","2015/2016","Tottenham","Liverpool","2.43","3.50","3.15","1.06","10.00","1.21","4.40","1.89","2.06","2.72","1.46","5.50","1.12","1.60","2.34"
"7249","04-10-15 17:00","England","Premier League","2015/2016","Arsenal","Manchester Utd","2.11","3.85","3.55","1.04","13.00","1.20","4.55","1.75","2.25","2.72","1.46","4.80","1.15","1.58","2.38"
"7250","04-10-15 17:00","England","Premier League","2015/2016","Swansea","Tottenham","2.86","3.40","2.70","1.04","9.00","1.30","3.50","2.08","1.87","3.45","1.31","6.70","1.08","1.73","2.11"
"7251","04-10-15 14:30","England","Premier League","2015/2016","Everton","Liverpool","2.97","3.45","2.58","1.05","12.00","1.22","4.30","1.82","2.15","2.83","1.43","5.20","1.13","1.55","2.45"
"7252","03-10-15 18:30","England","Premier League","2015/2016","Chelsea","Southampton","1.73","4.00","5.40","1.05","11.00","1.22","4.25","1.86","2.10","2.95","1.40","5.50","1.12","1.72","2.12"
"7253","03-10-15 16:00","England","Premier League","2015/2016","Aston Villa","Stoke","2.64","3.30","3.01","1.04","8.40","1.33","3.30","2.21","1.78","3.75","1.27","7.20","1.07","1.78","2.04"
"7254","03-10-15 16:00","England","Premier League","2015/2016","Bournemouth","Watford","2.23","3.40","3.70","1.03","9.50","1.27","3.75","2.00","1.94","3.25","1.34","6.20","1.10","1.68","2.19"
"7255","03-10-15 16:00","England","Premier League","2015/2016","Manchester City","Newcastle","1.24","7.40","14.00","1.01","23.00","1.07","7.30","1.35","3.20","1.97","1.97","3.20","1.35","1.84","1.96"
"7256","03-10-15 16:00","England","Premier League","2015/2016","Norwich","Leicester","2.33","3.50","3.35","1.04","13.00","1.20","4.55","1.78","2.21","2.75","1.45","4.85","1.15","1.60","2.34"
"7257","03-10-15 16:00","England","Premier League","2015/2016","Sunderland","West Ham","3.25","3.55","2.36","1.05","11.00","1.24","4.05","1.91","2.04","3.04","1.38","5.70","1.11","1.63","2.28"
"7258","03-10-15 13:45","England","Premier League","2015/2016","Crystal Palace","West Brom","1.86","3.70","4.85","1.04","8.80","1.31","3.45","2.12","1.84","3.60","1.29","7.00","1.08","2.00","1.81"
"7259","28-09-15 21:00","England","Premier League","2015/2016","West Brom","Everton","2.99","3.35","2.62","1.04","8.40","1.33","3.30","2.21","1.78","3.75","1.27","7.20","1.07","1.81","2.00"
"7260","27-09-15 17:00","England","Premier League","2015/2016","Watford","Crystal Palace","2.64","3.40","2.93","1.04","8.80","1.31","3.45","2.14","1.83","3.60","1.28","7.00","1.08","1.76","2.06"
"7261","26-09-15 18:30","England","Premier League","2015/2016","Newcastle","Chelsea","6.00","4.35","1.62","1.04","13.00","1.20","4.55","1.75","2.25","2.72","1.46","4.85","1.15","1.71","2.14"
"7262","26-09-15 16:00","England","Premier League","2015/2016","Leicester","Arsenal","4.80","4.05","1.79","1.03","15.00","1.18","4.85","1.70","2.34","2.59","1.50","4.60","1.17","1.59","2.36"
"7263","26-09-15 16:00","England","Premier League","2015/2016","Liverpool","Aston Villa","1.55","4.30","7.40","1.03","9.80","1.25","3.95","1.95","1.99","3.20","1.35","6.00","1.10","1.93","1.87"
"7264","26-09-15 16:00","England","Premier League","2015/2016","Manchester Utd","Sunderland","1.23","7.60","14.00","1.01","17.00","1.15","5.50","1.58","2.61","2.38","1.58","4.15","1.20","2.24","1.65"
"7265","26-09-15 16:00","England","Premier League","2015/2016","Southampton","Swansea","1.85","3.70","4.90","1.04","8.40","1.33","3.30","2.19","1.79","3.75","1.27","7.40","1.07","1.93","1.87"
"7266","26-09-15 16:00","England","Premier League","2015/2016","Stoke","Bournemouth","2.44","3.50","3.13","1.03","9.10","1.30","3.50","2.07","1.88","3.45","1.31","6.70","1.08","1.75","2.08"
"7267","26-09-15 16:00","England","Premier League","2015/2016","West Ham","Norwich","2.22","3.55","3.55","1.01","11.50","1.25","3.95","1.94","2.00","3.15","1.36","5.70","1.11","1.67","2.21"
"7268","26-09-15 13:45","England","Premier League","2015/2016","Tottenham","Manchester City","3.75","3.65","2.12","1.04","13.00","1.20","4.55","1.77","2.22","2.75","1.45","4.85","1.15","1.56","2.43"
"7269","20-09-15 17:00","England","Premier League","2015/2016","Liverpool","Norwich","1.61","4.25","6.30","1.05","11.00","1.23","4.20","1.86","2.09","3.00","1.39","5.50","1.12","1.80","2.01"
"7270","20-09-15 17:00","England","Premier League","2015/2016","Southampton","Manchester Utd","3.50","3.40","2.32","1.05","8.10","1.35","3.20","2.27","1.74","3.95","1.25","7.90","1.05","1.86","1.94"
"7271","20-09-15 14:30","England","Premier League","2015/2016","Tottenham","Crystal Palace","1.99","3.75","4.10","1.05","11.00","1.22","4.30","1.83","2.13","2.91","1.41","5.30","1.13","1.62","2.30"
"7272","19-09-15 18:30","England","Premier League","2015/2016","Manchester City","West Ham","1.31","6.60","9.90","1.01","21.00","1.11","5.70","1.45","2.75","2.25","1.75","3.75","1.27","1.92","1.88"
"7273","19-09-15 16:00","England","Premier League","2015/2016","Aston Villa","West Brom","2.40","3.25","3.45","1.07","7.10","1.43","2.83","2.54","1.61","4.55","1.20","9.50","1.03","2.01","1.80"
"7274","19-09-15 16:00","England","Premier League","2015/2016","Bournemouth","Sunderland","1.62","4.65","5.50","1.02","13.50","1.18","4.85","1.67","2.41","2.53","1.52","4.40","1.18","1.67","2.20"
"7275","19-09-15 16:00","England","Premier League","2015/2016","Newcastle","Watford","2.27","3.50","3.50","1.04","8.80","1.31","3.45","2.11","1.85","3.60","1.29","6.80","1.08","1.77","2.05"
"7276","19-09-15 16:00","England","Premier League","2015/2016","Stoke","Leicester","2.90","3.40","2.66","1.04","8.80","1.29","3.60","2.07","1.88","3.45","1.31","6.70","1.08","1.73","2.11"
"7277","19-09-15 16:00","England","Premier League","2015/2016","Swansea","Everton","2.28","3.50","3.45","1.03","9.10","1.28","3.60","2.05","1.90","3.35","1.32","6.30","1.09","1.73","2.11"
"7278","19-09-15 13:45","England","Premier League","2015/2016","Chelsea","Arsenal","2.51","3.60","2.96","1.05","11.00","1.21","4.40","1.78","2.21","2.75","1.45","5.00","1.14","1.56","2.43"
"7279","14-09-15 21:00","England","Premier League","2015/2016","West Ham","Newcastle","2.09","3.60","3.90","1.03","9.80","1.25","3.95","1.94","2.00","3.25","1.34","5.70","1.11","1.66","2.22"
"7280","13-09-15 17:00","England","Premier League","2015/2016","Leicester","Aston Villa","1.88","3.95","4.40","1.03","9.80","1.26","3.85","1.94","2.00","3.20","1.35","6.00","1.10","1.77","2.05"
"7281","13-09-15 14:30","England","Premier League","2015/2016","Sunderland","Tottenham","4.45","3.60","1.96","1.03","9.50","1.27","3.75","1.99","1.95","3.25","1.34","6.20","1.10","1.73","2.11"
"7282","12-09-15 18:30","England","Premier League","2015/2016","Manchester Utd","Liverpool","1.94","3.50","4.70","1.04","8.80","1.31","3.45","2.19","1.79","3.75","1.27","7.40","1.07","1.81","2.00"
"7283","12-09-15 16:00","England","Premier League","2015/2016","Arsenal","Stoke","1.31","6.30","11.00","1.02","17.00","1.11","6.60","1.50","2.88","2.11","1.73","3.55","1.26","2.08","1.75"
"7284","12-09-15 16:00","England","Premier League","2015/2016","Crystal Palace","Manchester City","5.10","3.90","1.78","1.04","13.00","1.16","5.30","1.67","2.40","2.48","1.54","4.40","1.18","1.55","2.45"
"7285","12-09-15 16:00","England","Premier League","2015/2016","Norwich","Bournemouth","2.42","3.50","3.17","1.03","9.50","1.27","3.75","1.99","1.95","3.25","1.34","6.10","1.10","1.74","2.10"
"7286","12-09-15 16:00","England","Premier League","2015/2016","Watford","Swansea","2.73","3.35","2.85","1.04","8.40","1.34","3.25","2.22","1.77","3.85","1.26","7.70","1.06","1.82","1.99"
"7287","12-09-15 16:00","England","Premier League","2015/2016","West Brom","Southampton","3.25","3.35","2.45","1.05","7.80","1.39","3.00","2.38","1.68","4.25","1.22","8.50","1.04","1.91","1.89"
"7288","12-09-15 13:45","England","Premier League","2015/2016","Everton","Chelsea","3.70","3.60","2.15","1.05","11.00","1.23","4.20","1.85","2.11","2.91","1.41","5.30","1.13","1.60","2.34"
"7289","30-08-15 17:00","England","Premier League","2015/2016","Swansea","Manchester Utd","3.95","3.50","2.11","1.05","7.80","1.30","3.50","2.11","1.85","3.50","1.30","6.80","1.08","1.78","2.04"
"7290","30-08-15 14:30","England","Premier League","2015/2016","Southampton","Norwich","2.12","3.45","3.95","1.04","8.40","1.31","3.45","2.13","1.83","3.60","1.29","7.00","1.08","1.79","2.02"
"7291","29-08-15 18:30","England","Premier League","2015/2016","Tottenham","Everton","2.08","3.60","3.90","1.05","11.00","1.24","4.05","1.89","2.06","3.00","1.39","5.50","1.12","1.69","2.18"
"7292","29-08-15 16:00","England","Premier League","2015/2016","Aston Villa","Sunderland","2.14","3.35","4.05","1.04","8.40","1.34","3.25","2.24","1.76","3.85","1.26","7.70","1.06","1.85","1.95"
"7293","29-08-15 16:00","England","Premier League","2015/2016","Bournemouth","Leicester","2.09","3.80","3.70","1.04","13.00","1.19","4.70","1.72","2.30","2.62","1.49","4.70","1.16","1.58","2.38"
"7294","29-08-15 16:00","England","Premier League","2015/2016","Chelsea","Crystal Palace","1.38","5.30","10.00","1.03","15.00","1.17","5.10","1.69","2.36","2.62","1.49","4.70","1.16","1.87","1.93"
"7295","29-08-15 16:00","England","Premier League","2015/2016","Liverpool","West Ham","1.41","5.20","8.90","1.03","15.00","1.19","4.70","1.65","2.45","2.51","1.53","4.00","1.21","1.95","1.85"
"7296","29-08-15 16:00","England","Premier League","2015/2016","Manchester City","Watford","1.24","7.50","13.50","1.01","23.00","1.10","6.00","1.39","3.00","2.07","1.88","3.30","1.33","1.83","1.98"
"7297","29-08-15 16:00","England","Premier League","2015/2016","Stoke","West Brom","2.11","3.30","4.20","1.05","7.80","1.37","3.10","2.34","1.70","4.20","1.23","8.20","1.05","1.93","1.87"
"7298","29-08-15 13:45","England","Premier League","2015/2016","Newcastle","Arsenal","6.00","4.60","1.59","1.03","15.00","1.21","4.40","1.69","2.36","2.65","1.48","4.55","1.17","1.67","2.21"
"7299","24-08-15 21:00","England","Premier League","2015/2016","Arsenal","Liverpool","1.79","4.20","4.60","1.04","13.00","1.23","4.20","1.76","2.25","2.79","1.44","4.80","1.15","1.61","2.32"
"7300","23-08-15 17:00","England","Premier League","2015/2016","Everton","Manchester City","5.40","4.30","1.68","1.02","14.50","1.17","5.10","1.63","2.50","2.38","1.58","3.90","1.22","1.62","2.30"
"7301","23-08-15 17:00","England","Premier League","2015/2016","Watford","Southampton","2.73","3.40","2.82","1.04","8.40","1.33","3.30","2.08","1.87","3.50","1.30","6.30","1.09","1.83","1.98"
"7302","23-08-15 14:30","England","Premier League","2015/2016","West Brom","Chelsea","7.10","4.40","1.55","1.05","8.30","1.28","3.65","1.93","2.01","3.20","1.35","5.50","1.12","1.95","1.85"
"7303","22-08-15 16:00","England","Premier League","2015/2016","Crystal Palace","Aston Villa","1.83","3.80","4.90","1.05","8.10","1.34","3.25","2.12","1.84","3.65","1.28","6.70","1.08","1.95","1.85"
"7304","22-08-15 16:00","England","Premier League","2015/2016","Leicester","Tottenham","2.62","3.60","2.81","1.05","11.00","1.26","3.85","1.89","2.06","3.10","1.37","5.40","1.12","1.62","2.30"
"7305","22-08-15 16:00","England","Premier League","2015/2016","Norwich","Stoke","2.19","3.50","3.70","1.04","8.80","1.32","3.35","2.16","1.81","3.65","1.28","7.20","1.07","1.82","1.99"
"7306","22-08-15 16:00","England","Premier League","2015/2016","Sunderland","Swansea","4.05","3.45","2.09","1.04","8.40","1.32","3.35","2.18","1.80","3.75","1.27","7.20","1.07","1.83","1.97"
"7307","22-08-15 16:00","England","Premier League","2015/2016","West Ham","Bournemouth","2.55","3.55","2.94","1.03","9.10","1.29","3.60","2.05","1.90","3.45","1.31","6.30","1.09","1.74","2.09"
"7308","22-08-15 13:45","England","Premier League","2015/2016","Manchester Utd","Newcastle","1.36","5.60","10.00","1.03","15.00","1.21","4.40","1.70","2.34","2.65","1.48","4.55","1.17","1.93","1.87"
"7309","17-08-15 21:00","England","Premier League","2015/2016","Liverpool","Bournemouth","1.51","4.65","7.30","1.05","11.00","1.22","4.25","1.84","2.12","2.95","1.40","5.50","1.12","1.88","1.92"
"7310","16-08-15 17:00","England","Premier League","2015/2016","Manchester City","Chelsea","2.06","3.55","4.05","1.03","9.50","1.26","3.85","1.98","1.96","3.25","1.34","6.10","1.10","1.71","2.14"
"7311","16-08-15 14:30","England","Premier League","2015/2016","Crystal Palace","Arsenal","5.20","4.20","1.72","1.04","13.00","1.20","4.55","1.76","2.24","2.75","1.45","4.85","1.15","1.68","2.19"
"7312","15-08-15 16:00","England","Premier League","2015/2016","Sunderland","Norwich","2.85","3.35","2.73","1.05","7.80","1.36","3.12","2.20","1.79","3.95","1.25","7.10","1.07","1.80","2.01"
"7313","15-08-15 16:00","England","Premier League","2015/2016","Swansea","Newcastle","1.86","3.85","4.65","1.03","12.00","1.24","4.05","1.89","2.06","3.04","1.38","5.70","1.11","1.71","2.14"
"7314","15-08-15 16:00","England","Premier League","2015/2016","Tottenham","Stoke","1.69","4.05","5.70","1.04","11.50","1.24","4.05","1.89","2.06","3.04","1.38","5.70","1.11","1.77","2.05"
"7315","15-08-15 16:00","England","Premier League","2015/2016","Watford","West Brom","2.11","3.60","3.80","1.05","9.60","1.33","3.30","2.10","1.86","3.50","1.30","6.30","1.09","1.78","2.04"
"7316","15-08-15 16:00","England","Premier League","2015/2016","West Ham","Leicester","2.44","3.60","3.05","1.03","12.00","1.25","3.95","1.83","2.13","3.00","1.39","5.20","1.13","1.58","2.38"
"7317","15-08-15 13:45","England","Premier League","2015/2016","Southampton","Everton","2.05","3.55","4.10","1.04","8.80","1.30","3.50","2.11","1.85","3.60","1.29","6.80","1.08","1.78","2.04"
"7318","14-08-15 20:45","England","Premier League","2015/2016","Aston Villa","Manchester Utd","5.40","3.75","1.78","1.06","8.00","1.37","3.10","2.22","1.77","4.05","1.24","7.10","1.07","1.99","1.82"
"7319","10-08-15 21:00","England","Premier League","2015/2016","West Brom","Manchester City","5.70","4.05","1.69","1.05","10.50","1.25","3.95","1.82","2.15","2.91","1.41","5.00","1.14","1.74","2.09"
"7320","09-08-15 17:00","England","Premier League","2015/2016","Stoke","Liverpool","3.90","3.50","2.12","1.04","8.40","1.33","3.30","2.10","1.86","3.50","1.30","6.30","1.09","1.79","2.02"
"7321","09-08-15 14:30","England","Premier League","2015/2016","Arsenal","West Ham","1.25","7.10","14.00","1.01","19.00","1.16","5.30","1.56","2.67","2.34","1.60","3.90","1.22","2.01","1.80"
"7322","09-08-15 14:30","England","Premier League","2015/2016","Newcastle","Southampton","3.14","3.25","2.57","1.05","7.80","1.37","3.10","2.24","1.76","4.05","1.24","7.10","1.07","1.83","1.98"
"7323","08-08-15 18:30","England","Premier League","2015/2016","Chelsea","Swansea","1.38","4.95","11.50","1.04","13.00","1.27","3.75","1.91","2.04","3.12","1.36","5.40","1.12","2.01","1.80"
"7324","08-08-15 16:00","England","Premier League","2015/2016","Bournemouth","Aston Villa","1.87","3.95","4.45","1.04","8.80","1.31","3.45","1.99","1.95","3.30","1.33","6.00","1.10","1.75","2.08"
"7325","08-08-15 16:00","England","Premier League","2015/2016","Everton","Watford","1.82","3.60","5.40","1.05","11.00","1.29","3.60","1.96","1.98","3.25","1.34","5.50","1.12","1.84","1.96"
"7326","08-08-15 16:00","England","Premier League","2015/2016","Leicester","Sunderland","1.84","3.85","4.75","1.05","7.80","1.37","3.10","2.23","1.77","4.05","1.24","7.10","1.07","1.95","1.85"
"7327","08-08-15 16:00","England","Premier League","2015/2016","Norwich","Crystal Palace","2.52","3.35","3.14","1.05","7.80","1.36","3.12","2.20","1.79","3.95","1.25","7.10","1.07","1.86","1.94"
"7328","08-08-15 13:45","England","Premier League","2015/2016","Manchester Utd","Tottenham","1.65","4.15","6.00","1.04","13.00","1.25","3.95","1.81","2.16","2.91","1.41","5.00","1.14","1.65","2.24"