"id","matchDate","Country","League","Season","homeTeam","awayTeam","referee","FTHG","FTAG","FTR"
"14540","25-05-25 17:00","England","Premier League","2024/2025","Bournemouth","Leicester","Lewis Smith","2","0","H"
"14541","25-05-25 17:00","England","Premier League","2024/2025","Fulham","Manchester City","Andy Madley","0","2","A"
"14542","25-05-25 17:00","England","Premier League","2024/2025","Ipswich","West Ham","Tim Robinson","1","3","A"
"14543","25-05-25 17:00","England","Premier League","2024/2025","Liverpool","Crystal Palace","Darren England","1","1","D"
"14544","25-05-25 17:00","England","Premier League","2024/2025","Manchester Utd","Aston Villa","Thomas Bramall","2","0","H"
"14545","25-05-25 17:00","England","Premier League","2024/2025","Newcastle","Everton","Tony Harrington","0","1","A"
"14546","25-05-25 17:00","England","Premier League","2024/2025","Nottingham","Chelsea","Anthony Taylor","0","1","A"
"14547","25-05-25 17:00","England","Premier League","2024/2025","Southampton","Arsenal","Darren Bond","1","2","A"
"14548","25-05-25 17:00","England","Premier League","2024/2025","Tottenham","Brighton","Robert Jones","1","4","A"
"14549","25-05-25 17:00","England","Premier League","2024/2025","Wolves","Brentford","Craig Pawson","1","1","D"
"14550","20-05-25 21:00","England","Premier League","2024/2025","Crystal Palace","Wolves","David Webb","4","2","H"
"14551","20-05-25 21:00","England","Premier League","2024/2025","Manchester City","Bournemouth","Thomas Bramall","3","1","H"
"14552","19-05-25 21:00","England","Premier League","2024/2025","Brighton","Liverpool","Andy Madley","3","2","H"
"14553","18-05-25 17:30","England","Premier League","2024/2025","Arsenal","Newcastle","Simon Hooper","1","0","H"
"14554","18-05-25 16:00","England","Premier League","2024/2025","Brentford","Fulham","Jarred Gillett","2","3","A"
"14555","18-05-25 16:00","England","Premier League","2024/2025","Leicester","Ipswich","Andrew Kitchen","2","0","H"
"14556","18-05-25 15:15","England","Premier League","2024/2025","West Ham","Nottingham","Samuel Barrott","1","2","A"
"14557","18-05-25 13:00","England","Premier League","2024/2025","Everton","Southampton","Michael Oliver","2","0","H"
"14558","16-05-25 21:15","England","Premier League","2024/2025","Chelsea","Manchester Utd","Chris Kavanagh","1","0","H"
"14559","16-05-25 20:30","England","Premier League","2024/2025","Aston Villa","Tottenham","Peter Bankes","2","0","H"
"14560","11-05-25 17:30","England","Premier League","2024/2025","Liverpool","Arsenal","Anthony Taylor","2","2","D"
"14561","11-05-25 15:15","England","Premier League","2024/2025","Manchester Utd","West Ham","Jarred Gillett","0","2","A"
"14562","11-05-25 15:15","England","Premier League","2024/2025","Nottingham","Leicester","Tony Harrington","2","2","D"
"14563","11-05-25 15:15","England","Premier League","2024/2025","Tottenham","Crystal Palace","Chris Kavanagh","0","2","A"
"14564","11-05-25 13:00","England","Premier League","2024/2025","Newcastle","Chelsea","John Brooks","2","0","H"
"14565","10-05-25 18:30","England","Premier League","2024/2025","Bournemouth","Aston Villa","Stuart Attwell","0","1","A"
"14566","10-05-25 16:00","England","Premier League","2024/2025","Fulham","Everton","Darren England","1","3","A"
"14567","10-05-25 16:00","England","Premier League","2024/2025","Ipswich","Brentford","Samuel Barrott","0","1","A"
"14568","10-05-25 16:00","England","Premier League","2024/2025","Southampton","Manchester City","Tim Robinson","0","0","D"
"14569","10-05-25 16:00","England","Premier League","2024/2025","Wolves","Brighton","Michael Oliver","0","2","A"
"14570","05-05-25 21:00","England","Premier League","2024/2025","Crystal Palace","Nottingham","Andy Madley","1","1","D"
"14571","04-05-25 17:30","England","Premier League","2024/2025","Chelsea","Liverpool","Simon Hooper","3","1","H"
"14572","04-05-25 15:00","England","Premier League","2024/2025","Brentford","Manchester Utd","Anthony Taylor","4","3","H"
"14573","04-05-25 15:00","England","Premier League","2024/2025","Brighton","Newcastle","Craig Pawson","1","1","D"
"14574","04-05-25 15:00","England","Premier League","2024/2025","West Ham","Tottenham","Michael Oliver","1","1","D"
"14575","03-05-25 18:30","England","Premier League","2024/2025","Arsenal","Bournemouth","Jarred Gillett","1","2","A"
"14576","03-05-25 16:00","England","Premier League","2024/2025","Everton","Ipswich","Lewis Smith","2","2","D"
"14577","03-05-25 16:00","England","Premier League","2024/2025","Leicester","Southampton","David Webb","2","0","H"
"14578","03-05-25 13:30","England","Premier League","2024/2025","Aston Villa","Fulham","Robert Jones","1","0","H"
"26896","02-05-25 21:00","England","Premier League","2024/2025","Manchester City","Wolves","Peter Bankes","1","0","H"
"14580","01-05-25 20:30","England","Premier League","2024/2025","Nottingham","Brentford","Darren England","0","2","A"
"14581","27-04-25 17:30","England","Premier League","2024/2025","Liverpool","Tottenham","Thomas Bramall","5","1","H"
"14582","27-04-25 15:00","England","Premier League","2024/2025","Bournemouth","Manchester Utd","Peter Bankes","1","1","D"
"14583","26-04-25 16:00","England","Premier League","2024/2025","Brighton","West Ham","Darren England","3","2","H"
"14584","26-04-25 16:00","England","Premier League","2024/2025","Newcastle","Ipswich","Michael Salisbury","3","0","H"
"14585","26-04-25 16:00","England","Premier League","2024/2025","Southampton","Fulham","Tony Harrington","1","2","A"
"14586","26-04-25 16:00","England","Premier League","2024/2025","Wolves","Leicester","Samuel Barrott","3","0","H"
"14587","26-04-25 13:30","England","Premier League","2024/2025","Chelsea","Everton","Chris Kavanagh","1","0","H"
"14588","23-04-25 21:00","England","Premier League","2024/2025","Arsenal","Crystal Palace","Michael Salisbury","2","2","D"
"14589","22-04-25 21:00","England","Premier League","2024/2025","Manchester City","Aston Villa","Craig Pawson","2","1","H"
"14590","21-04-25 21:00","England","Premier League","2024/2025","Tottenham","Nottingham","Peter Bankes","1","2","A"
"14591","20-04-25 17:30","England","Premier League","2024/2025","Leicester","Liverpool","Stuart Attwell","0","1","A"
"14592","20-04-25 15:00","England","Premier League","2024/2025","Fulham","Chelsea","Anthony Taylor","1","2","A"
"14593","20-04-25 15:00","England","Premier League","2024/2025","Ipswich","Arsenal","Chris Kavanagh","0","4","A"
"14594","20-04-25 15:00","England","Premier League","2024/2025","Manchester Utd","Wolves","Robert Jones","0","1","A"
"14595","19-04-25 18:30","England","Premier League","2024/2025","Aston Villa","Newcastle","Jarred Gillett","4","1","H"
"14596","19-04-25 16:00","England","Premier League","2024/2025","Brentford","Brighton","Tim Robinson","4","2","H"
"14597","19-04-25 16:00","England","Premier League","2024/2025","Crystal Palace","Bournemouth","Samuel Barrott","0","0","D"
"14598","19-04-25 16:00","England","Premier League","2024/2025","Everton","Manchester City","Simon Hooper","0","2","A"
"14599","19-04-25 16:00","England","Premier League","2024/2025","West Ham","Southampton","Andrew Kitchen","1","1","D"
"14600","16-04-25 20:30","England","Premier League","2024/2025","Newcastle","Crystal Palace","Darren England","5","0","H"
"14601","14-04-25 21:00","England","Premier League","2024/2025","Bournemouth","Fulham","Michael Oliver","1","0","H"
"14602","13-04-25 17:30","England","Premier League","2024/2025","Newcastle","Manchester Utd","Chris Kavanagh","4","1","H"
"14603","13-04-25 15:00","England","Premier League","2024/2025","Chelsea","Ipswich","Stuart Attwell","2","2","D"
"14604","13-04-25 15:00","England","Premier League","2024/2025","Liverpool","West Ham","Andy Madley","2","1","H"
"14605","13-04-25 15:00","England","Premier League","2024/2025","Wolves","Tottenham","Anthony Taylor","4","2","H"
"14606","12-04-25 18:30","England","Premier League","2024/2025","Arsenal","Brentford","Simon Hooper","1","1","D"
"14607","12-04-25 16:00","England","Premier League","2024/2025","Brighton","Leicester","Darren Bond","2","2","D"
"14608","12-04-25 16:00","England","Premier League","2024/2025","Nottingham","Everton","Craig Pawson","0","1","A"
"14609","12-04-25 16:00","England","Premier League","2024/2025","Southampton","Aston Villa","Thomas Bramall","0","3","A"
"14610","12-04-25 13:30","England","Premier League","2024/2025","Manchester City","Crystal Palace","Jarred Gillett","5","2","H"
"14611","07-04-25 21:00","England","Premier League","2024/2025","Leicester","Newcastle","Robert Jones","0","3","A"
"14612","06-04-25 17:30","England","Premier League","2024/2025","Manchester Utd","Manchester City","John Brooks","0","0","D"
"14613","06-04-25 15:00","England","Premier League","2024/2025","Brentford","Chelsea","Michael Oliver","0","0","D"
"14614","06-04-25 15:00","England","Premier League","2024/2025","Fulham","Liverpool","Chris Kavanagh","3","2","H"
"14615","06-04-25 15:00","England","Premier League","2024/2025","Tottenham","Southampton","Michael Salisbury","3","1","H"
"14616","05-04-25 18:30","England","Premier League","2024/2025","Aston Villa","Nottingham","Simon Hooper","2","1","H"
"14617","05-04-25 16:00","England","Premier League","2024/2025","Crystal Palace","Brighton","Anthony Taylor","2","1","H"
"14618","05-04-25 16:00","England","Premier League","2024/2025","Ipswich","Wolves","Peter Bankes","1","2","A"
"14619","05-04-25 16:00","England","Premier League","2024/2025","West Ham","Bournemouth","Tim Robinson","2","2","D"
"14620","05-04-25 13:30","England","Premier League","2024/2025","Everton","Arsenal","Darren England","1","1","D"
"14621","03-04-25 21:00","England","Premier League","2024/2025","Chelsea","Tottenham","Craig Pawson","1","0","H"
"14622","02-04-25 21:00","England","Premier League","2024/2025","Liverpool","Everton","Samuel Barrott","1","0","H"
"14623","02-04-25 20:45","England","Premier League","2024/2025","Bournemouth","Ipswich","Robert Jones","1","2","A"
"14624","02-04-25 20:45","England","Premier League","2024/2025","Brighton","Aston Villa","Stuart Attwell","0","3","A"
"14625","02-04-25 20:45","England","Premier League","2024/2025","Manchester City","Leicester","Darren England","2","0","H"
"14626","02-04-25 20:45","England","Premier League","2024/2025","Newcastle","Brentford","Peter Bankes","2","1","H"
"14627","02-04-25 20:45","England","Premier League","2024/2025","Southampton","Crystal Palace","Andy Madley","1","1","D"
"14628","01-04-25 21:00","England","Premier League","2024/2025","Nottingham","Manchester Utd","Jarred Gillett","1","0","H"
"14629","01-04-25 20:45","England","Premier League","2024/2025","Arsenal","Fulham","John Brooks","2","1","H"
"14630","01-04-25 20:45","England","Premier League","2024/2025","Wolves","West Ham","Tony Harrington","1","0","H"
"14631","16-03-25 20:00","England","Premier League","2024/2025","Leicester","Manchester Utd","Thomas Bramall","0","3","A"
"14632","16-03-25 14:30","England","Premier League","2024/2025","Arsenal","Chelsea","Chris Kavanagh","1","0","H"
"14633","16-03-25 14:30","England","Premier League","2024/2025","Fulham","Tottenham","Andy Madley","2","0","H"
"14634","15-03-25 18:30","England","Premier League","2024/2025","Bournemouth","Brentford","Craig Pawson","1","2","A"
"14635","15-03-25 16:00","England","Premier League","2024/2025","Everton","West Ham","Darren Bond","1","1","D"
"14636","15-03-25 16:00","England","Premier League","2024/2025","Ipswich","Nottingham","Michael Salisbury","2","4","A"
"14637","15-03-25 16:00","England","Premier League","2024/2025","Manchester City","Brighton","Simon Hooper","2","2","D"
"14638","15-03-25 16:00","England","Premier League","2024/2025","Southampton","Wolves","Robert Jones","1","2","A"
"14639","10-03-25 21:00","England","Premier League","2024/2025","West Ham","Newcastle","Michael Salisbury","0","1","A"
"14640","09-03-25 17:30","England","Premier League","2024/2025","Manchester Utd","Arsenal","Anthony Taylor","1","1","D"
"14641","09-03-25 15:00","England","Premier League","2024/2025","Chelsea","Leicester","Tim Robinson","1","0","H"
"14642","09-03-25 15:00","England","Premier League","2024/2025","Tottenham","Bournemouth","John Brooks","2","2","D"
"14643","08-03-25 21:00","England","Premier League","2024/2025","Wolves","Everton","Stuart Attwell","1","1","D"
"14644","08-03-25 18:30","England","Premier League","2024/2025","Brentford","Aston Villa","Jarred Gillett","0","1","A"
"14645","08-03-25 16:00","England","Premier League","2024/2025","Brighton","Fulham","Samuel Barrott","2","1","H"
"14646","08-03-25 16:00","England","Premier League","2024/2025","Crystal Palace","Ipswich","Simon Hooper","1","0","H"
"14647","08-03-25 16:00","England","Premier League","2024/2025","Liverpool","Southampton","Lewis Smith","3","1","H"
"14648","08-03-25 13:30","England","Premier League","2024/2025","Nottingham","Manchester City","Chris Kavanagh","1","0","H"
"14649","27-02-25 21:00","England","Premier League","2024/2025","West Ham","Leicester","Anthony Taylor","2","0","H"
"14650","26-02-25 21:15","England","Premier League","2024/2025","Liverpool","Newcastle","Stuart Attwell","2","0","H"
"14651","26-02-25 20:30","England","Premier League","2024/2025","Brentford","Everton","Simon Hooper","1","1","D"
"14652","26-02-25 20:30","England","Premier League","2024/2025","Manchester Utd","Ipswich","Darren England","3","2","H"
"14653","26-02-25 20:30","England","Premier League","2024/2025","Nottingham","Arsenal","Andy Madley","0","0","D"
"14654","26-02-25 20:30","England","Premier League","2024/2025","Tottenham","Manchester City","Jarred Gillett","0","1","A"
"14655","25-02-25 21:15","England","Premier League","2024/2025","Chelsea","Southampton","Thomas Bramall","4","0","H"
"14656","25-02-25 20:30","England","Premier League","2024/2025","Brighton","Bournemouth","Michael Oliver","2","1","H"
"14657","25-02-25 20:30","England","Premier League","2024/2025","Crystal Palace","Aston Villa","Samuel Barrott","4","1","H"
"14658","25-02-25 20:30","England","Premier League","2024/2025","Wolves","Fulham","Peter Bankes","1","2","A"
"14659","23-02-25 17:30","England","Premier League","2024/2025","Manchester City","Liverpool","Anthony Taylor","0","2","A"
"14660","23-02-25 15:00","England","Premier League","2024/2025","Newcastle","Nottingham","Jarred Gillett","4","3","H"
"14661","22-02-25 18:30","England","Premier League","2024/2025","Aston Villa","Chelsea","Michael Oliver","2","1","H"
"14662","22-02-25 16:00","England","Premier League","2024/2025","Arsenal","West Ham","Craig Pawson","0","1","A"
"14663","22-02-25 16:00","England","Premier League","2024/2025","Bournemouth","Wolves","Michael Salisbury","0","1","A"
"14664","22-02-25 16:00","England","Premier League","2024/2025","Fulham","Crystal Palace","Robert Jones","0","2","A"
"14665","22-02-25 16:00","England","Premier League","2024/2025","Ipswich","Tottenham","Tim Robinson","1","4","A"
"14666","22-02-25 16:00","England","Premier League","2024/2025","Southampton","Brighton","Darren Bond","0","4","A"
"14667","22-02-25 13:30","England","Premier League","2024/2025","Everton","Manchester Utd","Andy Madley","2","2","D"
"14668","21-02-25 21:00","England","Premier League","2024/2025","Leicester","Brentford","Tony Harrington","0","4","A"
"14669","19-02-25 20:30","England","Premier League","2024/2025","Aston Villa","Liverpool","Craig Pawson","2","2","D"
"14670","16-02-25 17:30","England","Premier League","2024/2025","Tottenham","Manchester Utd","Peter Bankes","1","0","H"
"14671","16-02-25 15:00","England","Premier League","2024/2025","Liverpool","Wolves","Simon Hooper","2","1","H"
"14672","15-02-25 18:30","England","Premier League","2024/2025","Crystal Palace","Everton","Anthony Taylor","1","2","A"
"14673","15-02-25 16:00","England","Premier League","2024/2025","Aston Villa","Ipswich","Robert Jones","1","1","D"
"14674","15-02-25 16:00","England","Premier League","2024/2025","Fulham","Nottingham","Thomas Bramall","2","1","H"
"14675","15-02-25 16:00","England","Premier League","2024/2025","Manchester City","Newcastle","Andy Madley","4","0","H"
"14676","15-02-25 16:00","England","Premier League","2024/2025","Southampton","Bournemouth","Jarred Gillett","1","3","A"
"14677","15-02-25 16:00","England","Premier League","2024/2025","West Ham","Brentford","Darren England","0","1","A"
"14678","15-02-25 13:30","England","Premier League","2024/2025","Leicester","Arsenal","Samuel Barrott","0","2","A"
"14679","14-02-25 21:00","England","Premier League","2024/2025","Brighton","Chelsea","Chris Kavanagh","3","0","H"
"14680","12-02-25 20:30","England","Premier League","2024/2025","Everton","Liverpool","Michael Oliver","2","2","D"
"14681","03-02-25 21:00","England","Premier League","2024/2025","Chelsea","West Ham","Stuart Attwell","2","1","H"
"14682","02-02-25 17:30","England","Premier League","2024/2025","Arsenal","Manchester City","Peter Bankes","5","1","H"
"14683","02-02-25 15:00","England","Premier League","2024/2025","Brentford","Tottenham","Jarred Gillett","0","2","A"
"14684","02-02-25 15:00","England","Premier League","2024/2025","Manchester Utd","Crystal Palace","John Brooks","0","2","A"
"14685","01-02-25 18:30","England","Premier League","2024/2025","Wolves","Aston Villa","Andy Madley","2","0","H"
"14686","01-02-25 16:00","England","Premier League","2024/2025","Bournemouth","Liverpool","Darren England","0","2","A"
"14687","01-02-25 16:00","England","Premier League","2024/2025","Everton","Leicester","Darren Bond","4","0","H"
"14688","01-02-25 16:00","England","Premier League","2024/2025","Ipswich","Southampton","Michael Oliver","1","2","A"
"14689","01-02-25 16:00","England","Premier League","2024/2025","Newcastle","Fulham","Chris Kavanagh","1","2","A"
"14690","01-02-25 13:30","England","Premier League","2024/2025","Nottingham","Brighton","Simon Hooper","7","0","H"
"14691","26-01-25 20:00","England","Premier League","2024/2025","Fulham","Manchester Utd","Anthony Taylor","0","1","A"
"14692","26-01-25 17:30","England","Premier League","2024/2025","Aston Villa","West Ham","Peter Bankes","1","1","D"
"14693","26-01-25 15:00","England","Premier League","2024/2025","Crystal Palace","Brentford","Tony Harrington","1","2","A"
"14694","26-01-25 15:00","England","Premier League","2024/2025","Tottenham","Leicester","Robert Jones","1","2","A"
"14695","25-01-25 18:30","England","Premier League","2024/2025","Manchester City","Chelsea","John Brooks","3","1","H"
"14696","25-01-25 16:00","England","Premier League","2024/2025","Bournemouth","Nottingham","Craig Pawson","5","0","H"
"14697","25-01-25 16:00","England","Premier League","2024/2025","Brighton","Everton","Tim Robinson","0","1","A"
"14698","25-01-25 16:00","England","Premier League","2024/2025","Liverpool","Ipswich","Michael Salisbury","4","1","H"
"14699","25-01-25 16:00","England","Premier League","2024/2025","Southampton","Newcastle","Samuel Barrott","1","3","A"
"14700","25-01-25 16:00","England","Premier League","2024/2025","Wolves","Arsenal","Michael Oliver","0","1","A"
"14701","20-01-25 21:00","England","Premier League","2024/2025","Chelsea","Wolves","Simon Hooper","3","1","H"
"14702","19-01-25 17:30","England","Premier League","2024/2025","Ipswich","Manchester City","Samuel Barrott","0","6","A"
"14703","19-01-25 15:00","England","Premier League","2024/2025","Everton","Tottenham","Darren England","3","2","H"
"14704","19-01-25 15:00","England","Premier League","2024/2025","Manchester Utd","Brighton","Peter Bankes","1","3","A"
"14705","19-01-25 15:00","England","Premier League","2024/2025","Nottingham","Southampton","Anthony Taylor","3","2","H"
"14706","18-01-25 18:30","England","Premier League","2024/2025","Arsenal","Aston Villa","Chris Kavanagh","2","2","D"
"14707","18-01-25 16:00","England","Premier League","2024/2025","Brentford","Liverpool","Andy Madley","0","2","A"
"14708","18-01-25 16:00","England","Premier League","2024/2025","Leicester","Fulham","Michael Salisbury","0","2","A"
"14709","18-01-25 16:00","England","Premier League","2024/2025","West Ham","Crystal Palace","Thomas Bramall","0","2","A"
"14710","18-01-25 13:30","England","Premier League","2024/2025","Newcastle","Bournemouth","Stuart Attwell","1","4","A"
"14711","16-01-25 21:00","England","Premier League","2024/2025","Manchester Utd","Southampton","John Brooks","3","1","H"
"14712","16-01-25 20:30","England","Premier League","2024/2025","Ipswich","Brighton","Tony Harrington","0","2","A"
"14713","15-01-25 21:00","England","Premier League","2024/2025","Arsenal","Tottenham","Simon Hooper","2","1","H"
"14714","15-01-25 20:30","England","Premier League","2024/2025","Everton","Aston Villa","Samuel Barrott","0","1","A"
"14715","15-01-25 20:30","England","Premier League","2024/2025","Leicester","Crystal Palace","Andy Madley","0","2","A"
"14716","15-01-25 20:30","England","Premier League","2024/2025","Newcastle","Wolves","Darren England","3","0","H"
"14717","14-01-25 21:00","England","Premier League","2024/2025","Nottingham","Liverpool","Chris Kavanagh","1","1","D"
"14718","14-01-25 20:30","England","Premier League","2024/2025","Brentford","Manchester City","Anthony Taylor","2","2","D"
"14719","14-01-25 20:30","England","Premier League","2024/2025","Chelsea","Bournemouth","Robert Jones","2","2","D"
"14720","14-01-25 20:30","England","Premier League","2024/2025","West Ham","Fulham","Craig Pawson","3","2","H"
"14721","06-01-25 21:00","England","Premier League","2024/2025","Wolves","Nottingham","Peter Bankes","0","3","A"
"14722","05-01-25 17:30","England","Premier League","2024/2025","Liverpool","Manchester Utd","Michael Oliver","2","2","D"
"14723","05-01-25 15:00","England","Premier League","2024/2025","Fulham","Ipswich","Darren Bond","2","2","D"
"14724","04-01-25 18:30","England","Premier League","2024/2025","Brighton","Arsenal","Anthony Taylor","1","1","D"
"14725","04-01-25 16:00","England","Premier League","2024/2025","Aston Villa","Leicester","Jarred Gillett","2","1","H"
"14726","04-01-25 16:00","England","Premier League","2024/2025","Bournemouth","Everton","John Brooks","1","0","H"
"14727","04-01-25 16:00","England","Premier League","2024/2025","Crystal Palace","Chelsea","Tim Robinson","1","1","D"
"14728","04-01-25 16:00","England","Premier League","2024/2025","Manchester City","West Ham","Michael Salisbury","4","1","H"
"14729","04-01-25 16:00","England","Premier League","2024/2025","Southampton","Brentford","Stuart Attwell","0","5","A"
"14730","04-01-25 13:30","England","Premier League","2024/2025","Tottenham","Newcastle","Andy Madley","1","2","A"
"14731","01-01-25 18:30","England","Premier League","2024/2025","Brentford","Arsenal","Peter Bankes","1","3","A"
"14732","30-12-24 21:00","England","Premier League","2024/2025","Manchester Utd","Newcastle","Simon Hooper","0","2","A"
"14733","30-12-24 20:45","England","Premier League","2024/2025","Aston Villa","Brighton","Craig Pawson","2","2","D"
"14734","30-12-24 20:45","England","Premier League","2024/2025","Ipswich","Chelsea","John Brooks","2","0","H"
"14735","29-12-24 18:15","England","Premier League","2024/2025","West Ham","Liverpool","Anthony Taylor","0","5","A"
"14736","29-12-24 16:00","England","Premier League","2024/2025","Crystal Palace","Southampton","Michael Salisbury","2","1","H"
"14737","29-12-24 16:00","England","Premier League","2024/2025","Everton","Nottingham","Tony Harrington","0","2","A"
"14738","29-12-24 16:00","England","Premier League","2024/2025","Fulham","Bournemouth","Robert Jones","2","2","D"
"14739","29-12-24 16:00","England","Premier League","2024/2025","Tottenham","Wolves","Chris Kavanagh","2","2","D"
"14740","29-12-24 15:30","England","Premier League","2024/2025","Leicester","Manchester City","Michael Oliver","0","2","A"
"14741","27-12-24 21:15","England","Premier League","2024/2025","Arsenal","Ipswich","Darren England","1","0","H"
"14742","27-12-24 20:30","England","Premier League","2024/2025","Brighton","Brentford","Andy Madley","0","0","D"
"14743","26-12-24 21:00","England","Premier League","2024/2025","Liverpool","Leicester","Darren Bond","3","1","H"
"14744","26-12-24 18:30","England","Premier League","2024/2025","Wolves","Manchester Utd","Tony Harrington","2","0","H"
"14745","26-12-24 16:00","England","Premier League","2024/2025","Bournemouth","Crystal Palace","Thomas Bramall","0","0","D"
"14746","26-12-24 16:00","England","Premier League","2024/2025","Chelsea","Fulham","Samuel Barrott","1","2","A"
"14747","26-12-24 16:00","England","Premier League","2024/2025","Newcastle","Aston Villa","Anthony Taylor","3","0","H"
"14748","26-12-24 16:00","England","Premier League","2024/2025","Nottingham","Tottenham","Craig Pawson","1","0","H"
"14749","26-12-24 16:00","England","Premier League","2024/2025","Southampton","West Ham","Lewis Smith","0","1","A"
"14750","26-12-24 13:30","England","Premier League","2024/2025","Manchester City","Everton","Simon Hooper","1","1","D"
"14751","22-12-24 17:30","England","Premier League","2024/2025","Tottenham","Liverpool","Samuel Barrott","3","6","A"
"14752","22-12-24 15:00","England","Premier League","2024/2025","Everton","Chelsea","Chris Kavanagh","0","0","D"
"14753","22-12-24 15:00","England","Premier League","2024/2025","Fulham","Southampton","Tim Robinson","0","0","D"
"14754","22-12-24 15:00","England","Premier League","2024/2025","Leicester","Wolves","Anthony Taylor","0","3","A"
"14755","22-12-24 15:00","England","Premier League","2024/2025","Manchester Utd","Bournemouth","Craig Pawson","0","3","A"
"14756","21-12-24 18:30","England","Premier League","2024/2025","Crystal Palace","Arsenal","Simon Hooper","1","5","A"
"14757","21-12-24 16:00","England","Premier League","2024/2025","Brentford","Nottingham","Michael Oliver","0","2","A"
"14758","21-12-24 16:00","England","Premier League","2024/2025","Ipswich","Newcastle","Stuart Attwell","0","4","A"
"14759","21-12-24 16:00","England","Premier League","2024/2025","West Ham","Brighton","Robert Jones","1","1","D"
"14760","21-12-24 13:30","England","Premier League","2024/2025","Aston Villa","Manchester City","Peter Bankes","2","1","H"
"14761","16-12-24 21:00","England","Premier League","2024/2025","Bournemouth","West Ham","Chris Kavanagh","1","1","D"
"14762","15-12-24 20:00","England","Premier League","2024/2025","Chelsea","Brentford","Peter Bankes","2","1","H"
"14763","15-12-24 20:00","England","Premier League","2024/2025","Southampton","Tottenham","Darren England","0","5","A"
"14764","15-12-24 17:30","England","Premier League","2024/2025","Manchester City","Manchester Utd","Anthony Taylor","1","2","A"
"14765","15-12-24 15:00","England","Premier League","2024/2025","Brighton","Crystal Palace","Michael Oliver","1","3","A"
"14766","14-12-24 18:30","England","Premier League","2024/2025","Nottingham","Aston Villa","Samuel Barrott","2","1","H"
"14767","14-12-24 16:00","England","Premier League","2024/2025","Arsenal","Everton","Craig Pawson","0","0","D"
"14768","14-12-24 16:00","England","Premier League","2024/2025","Liverpool","Fulham","Tony Harrington","2","2","D"
"14769","14-12-24 16:00","England","Premier League","2024/2025","Newcastle","Leicester","Thomas Bramall","4","0","H"
"14770","14-12-24 16:00","England","Premier League","2024/2025","Wolves","Ipswich","Simon Hooper","1","2","A"
"14771","09-12-24 21:00","England","Premier League","2024/2025","West Ham","Wolves","John Brooks","2","1","H"
"14772","08-12-24 17:30","England","Premier League","2024/2025","Tottenham","Chelsea","Anthony Taylor","3","4","A"
"14773","08-12-24 15:00","England","Premier League","2024/2025","Fulham","Arsenal","Chris Kavanagh","1","1","D"
"14774","08-12-24 15:00","England","Premier League","2024/2025","Ipswich","Bournemouth","Michael Salisbury","1","2","A"
"14775","08-12-24 15:00","England","Premier League","2024/2025","Leicester","Brighton","Stuart Attwell","2","2","D"
"14776","07-12-24 18:30","England","Premier League","2024/2025","Manchester Utd","Nottingham","Darren England","2","3","A"
"14777","07-12-24 16:00","England","Premier League","2024/2025","Aston Villa","Southampton","Darren Bond","1","0","H"
"14778","07-12-24 16:00","England","Premier League","2024/2025","Brentford","Newcastle","Simon Hooper","4","2","H"
"14779","07-12-24 16:00","England","Premier League","2024/2025","Crystal Palace","Manchester City","Robert Jones","2","2","D"
"14780","05-12-24 21:15","England","Premier League","2024/2025","Bournemouth","Tottenham","Simon Hooper","1","0","H"
"14781","05-12-24 20:30","England","Premier League","2024/2025","Fulham","Brighton","Peter Bankes","3","1","H"
"14782","04-12-24 21:15","England","Premier League","2024/2025","Arsenal","Manchester Utd","Samuel Barrott","2","0","H"
"14783","04-12-24 21:15","England","Premier League","2024/2025","Aston Villa","Brentford","Lewis Smith","3","1","H"
"14784","04-12-24 20:30","England","Premier League","2024/2025","Everton","Wolves","Michael Salisbury","4","0","H"
"14785","04-12-24 20:30","England","Premier League","2024/2025","Manchester City","Nottingham","Michael Oliver","3","0","H"
"14786","04-12-24 20:30","England","Premier League","2024/2025","Newcastle","Liverpool","Andy Madley","3","3","D"
"14787","04-12-24 20:30","England","Premier League","2024/2025","Southampton","Chelsea","Tony Harrington","1","5","A"
"14788","03-12-24 21:15","England","Premier League","2024/2025","Leicester","West Ham","Josh Smith","3","1","H"
"14789","03-12-24 20:30","England","Premier League","2024/2025","Ipswich","Crystal Palace","Craig Pawson","0","1","A"
"14790","01-12-24 17:00","England","Premier League","2024/2025","Liverpool","Manchester City","Chris Kavanagh","2","0","H"
"14791","01-12-24 14:30","England","Premier League","2024/2025","Chelsea","Aston Villa","Stuart Attwell","3","0","H"
"14792","01-12-24 14:30","England","Premier League","2024/2025","Manchester Utd","Everton","John Brooks","4","0","H"
"14793","01-12-24 14:30","England","Premier League","2024/2025","Tottenham","Fulham","Darren Bond","1","1","D"
"14794","30-11-24 18:30","England","Premier League","2024/2025","West Ham","Arsenal","Anthony Taylor","2","5","A"
"14795","30-11-24 16:00","England","Premier League","2024/2025","Brentford","Leicester","Michael Oliver","4","1","H"
"14796","30-11-24 16:00","England","Premier League","2024/2025","Crystal Palace","Newcastle","Darren England","1","1","D"
"14797","30-11-24 16:00","England","Premier League","2024/2025","Nottingham","Ipswich","Tony Harrington","1","0","H"
"14798","30-11-24 16:00","England","Premier League","2024/2025","Wolves","Bournemouth","Peter Bankes","2","4","A"
"14799","29-11-24 21:00","England","Premier League","2024/2025","Brighton","Southampton","Robert Jones","1","1","D"
"14800","25-11-24 21:00","England","Premier League","2024/2025","Newcastle","West Ham","Craig Pawson","0","2","A"
"14801","24-11-24 17:30","England","Premier League","2024/2025","Ipswich","Manchester Utd","Anthony Taylor","1","1","D"
"14802","24-11-24 15:00","England","Premier League","2024/2025","Southampton","Liverpool","Samuel Barrott","2","3","A"
"14803","23-11-24 18:30","England","Premier League","2024/2025","Manchester City","Tottenham","John Brooks","0","4","A"
"14804","23-11-24 16:00","England","Premier League","2024/2025","Arsenal","Nottingham","Simon Hooper","3","0","H"
"14805","23-11-24 16:00","England","Premier League","2024/2025","Aston Villa","Crystal Palace","Tim Robinson","2","2","D"
"14806","23-11-24 16:00","England","Premier League","2024/2025","Bournemouth","Brighton","Stuart Attwell","1","2","A"
"14807","23-11-24 16:00","England","Premier League","2024/2025","Everton","Brentford","Chris Kavanagh","0","0","D"
"14808","23-11-24 16:00","England","Premier League","2024/2025","Fulham","Wolves","Robert Jones","1","4","A"
"14809","23-11-24 13:30","England","Premier League","2024/2025","Leicester","Chelsea","Andy Madley","1","2","A"
"14810","10-11-24 17:30","England","Premier League","2024/2025","Chelsea","Arsenal","Michael Oliver","1","1","D"
"14811","10-11-24 15:00","England","Premier League","2024/2025","Manchester Utd","Leicester","Peter Bankes","3","0","H"
"14812","10-11-24 15:00","England","Premier League","2024/2025","Nottingham","Newcastle","Anthony Taylor","1","3","A"
"14813","10-11-24 15:00","England","Premier League","2024/2025","Tottenham","Ipswich","Darren England","1","2","A"
"14814","09-11-24 21:00","England","Premier League","2024/2025","Liverpool","Aston Villa","David Coote","2","0","H"
"14815","09-11-24 18:30","England","Premier League","2024/2025","Brighton","Manchester City","Samuel Barrott","2","1","H"
"14816","09-11-24 16:00","England","Premier League","2024/2025","Brentford","Bournemouth","Darren Bond","3","2","H"
"14817","09-11-24 16:00","England","Premier League","2024/2025","Crystal Palace","Fulham","Michael Salisbury","0","2","A"
"14818","09-11-24 16:00","England","Premier League","2024/2025","West Ham","Everton","Stuart Attwell","0","0","D"
"14819","09-11-24 16:00","England","Premier League","2024/2025","Wolves","Southampton","Thomas Bramall","2","0","H"
"14820","04-11-24 21:00","England","Premier League","2024/2025","Fulham","Brentford","Stuart Attwell","2","1","H"
"14821","03-11-24 17:30","England","Premier League","2024/2025","Manchester Utd","Chelsea","Robert Jones","1","1","D"
"14822","03-11-24 15:00","England","Premier League","2024/2025","Tottenham","Aston Villa","Craig Pawson","4","1","H"
"14823","02-11-24 18:30","England","Premier League","2024/2025","Wolves","Crystal Palace","Anthony Taylor","2","2","D"
"14824","02-11-24 16:00","England","Premier League","2024/2025","Bournemouth","Manchester City","Michael Oliver","2","1","H"
"14825","02-11-24 16:00","England","Premier League","2024/2025","Ipswich","Leicester","Tim Robinson","1","1","D"
"14826","02-11-24 16:00","England","Premier League","2024/2025","Liverpool","Brighton","Tony Harrington","2","1","H"
"14827","02-11-24 16:00","England","Premier League","2024/2025","Nottingham","West Ham","Peter Bankes","3","0","H"
"14828","02-11-24 16:00","England","Premier League","2024/2025","Southampton","Everton","Andy Madley","1","0","H"
"14829","02-11-24 13:30","England","Premier League","2024/2025","Newcastle","Arsenal","John Brooks","1","0","H"
"14830","27-10-24 17:30","England","Premier League","2024/2025","Arsenal","Liverpool","Anthony Taylor","2","2","D"
"14831","27-10-24 15:00","England","Premier League","2024/2025","Chelsea","Newcastle","Simon Hooper","2","1","H"
"14832","27-10-24 15:00","England","Premier League","2024/2025","Crystal Palace","Tottenham","Darren Bond","1","0","H"
"14833","27-10-24 15:00","England","Premier League","2024/2025","West Ham","Manchester Utd","David Coote","2","1","H"
"14834","26-10-24 18:30","England","Premier League","2024/2025","Everton","Fulham","John Brooks","1","1","D"
"14835","26-10-24 16:00","England","Premier League","2024/2025","Aston Villa","Bournemouth","Chris Kavanagh","1","1","D"
"14836","26-10-24 16:00","England","Premier League","2024/2025","Brentford","Ipswich","Lewis Smith","4","3","H"
"14837","26-10-24 16:00","England","Premier League","2024/2025","Brighton","Wolves","Michael Oliver","2","2","D"
"14838","26-10-24 16:00","England","Premier League","2024/2025","Manchester City","Southampton","Tony Harrington","1","0","H"
"14839","25-10-24 21:00","England","Premier League","2024/2025","Leicester","Nottingham","Craig Pawson","1","3","A"
"14840","21-10-24 21:00","England","Premier League","2024/2025","Nottingham","Crystal Palace","Tim Robinson","1","0","H"
"14841","20-10-24 17:30","England","Premier League","2024/2025","Liverpool","Chelsea","John Brooks","2","1","H"
"14842","20-10-24 15:00","England","Premier League","2024/2025","Wolves","Manchester City","Chris Kavanagh","1","2","A"
"14843","19-10-24 18:30","England","Premier League","2024/2025","Bournemouth","Arsenal","Robert Jones","2","0","H"
"14844","19-10-24 16:00","England","Premier League","2024/2025","Fulham","Aston Villa","Darren England","1","3","A"
"14845","19-10-24 16:00","England","Premier League","2024/2025","Ipswich","Everton","Michael Oliver","0","2","A"
"14846","19-10-24 16:00","England","Premier League","2024/2025","Manchester Utd","Brentford","Samuel Barrott","2","1","H"
"14847","19-10-24 16:00","England","Premier League","2024/2025","Newcastle","Brighton","Peter Bankes","0","1","A"
"14848","19-10-24 16:00","England","Premier League","2024/2025","Southampton","Leicester","Anthony Taylor","2","3","A"
"14849","19-10-24 13:30","England","Premier League","2024/2025","Tottenham","West Ham","Andy Madley","4","1","H"
"14850","06-10-24 17:30","England","Premier League","2024/2025","Brighton","Tottenham","David Coote","3","2","H"
"14851","06-10-24 15:00","England","Premier League","2024/2025","Aston Villa","Manchester Utd","Robert Jones","0","0","D"
"14852","06-10-24 15:00","England","Premier League","2024/2025","Chelsea","Nottingham","Chris Kavanagh","1","1","D"
"14853","05-10-24 18:30","England","Premier League","2024/2025","Everton","Newcastle","Craig Pawson","0","0","D"
"14854","05-10-24 16:00","England","Premier League","2024/2025","Arsenal","Southampton","Tony Harrington","3","1","H"
"14855","05-10-24 16:00","England","Premier League","2024/2025","Brentford","Wolves","Andy Madley","5","3","H"
"14856","05-10-24 16:00","England","Premier League","2024/2025","Leicester","Bournemouth","Darren Bond","1","0","H"
"14857","05-10-24 16:00","England","Premier League","2024/2025","Manchester City","Fulham","Peter Bankes","3","2","H"
"14858","05-10-24 16:00","England","Premier League","2024/2025","West Ham","Ipswich","Anthony Taylor","4","1","H"
"14859","05-10-24 13:30","England","Premier League","2024/2025","Crystal Palace","Liverpool","Simon Hooper","0","1","A"
"14860","30-09-24 21:00","England","Premier League","2024/2025","Bournemouth","Southampton","Michael Oliver","3","1","H"
"14861","29-09-24 17:30","England","Premier League","2024/2025","Manchester Utd","Tottenham","Chris Kavanagh","0","3","A"
"14862","29-09-24 15:00","England","Premier League","2024/2025","Ipswich","Aston Villa","Stuart Attwell","2","2","D"
"14863","28-09-24 18:30","England","Premier League","2024/2025","Wolves","Liverpool","Anthony Taylor","1","2","A"
"14864","28-09-24 16:00","England","Premier League","2024/2025","Arsenal","Leicester","Samuel Barrott","4","2","H"
"14865","28-09-24 16:00","England","Premier League","2024/2025","Brentford","West Ham","Simon Hooper","1","1","D"
"14866","28-09-24 16:00","England","Premier League","2024/2025","Chelsea","Brighton","Peter Bankes","4","2","H"
"14867","28-09-24 16:00","England","Premier League","2024/2025","Everton","Crystal Palace","Andy Madley","2","1","H"
"14868","28-09-24 16:00","England","Premier League","2024/2025","Nottingham","Fulham","Josh Smith","0","1","A"
"14869","28-09-24 13:30","England","Premier League","2024/2025","Newcastle","Manchester City","Jarred Gillett","1","1","D"
"14870","22-09-24 17:30","England","Premier League","2024/2025","Manchester City","Arsenal","Michael Oliver","2","2","D"
"14871","22-09-24 15:00","England","Premier League","2024/2025","Brighton","Nottingham","Robert Jones","2","2","D"
"14872","21-09-24 18:30","England","Premier League","2024/2025","Crystal Palace","Manchester Utd","David Coote","0","0","D"
"14873","21-09-24 16:00","England","Premier League","2024/2025","Aston Villa","Wolves","Tim Robinson","3","1","H"
"14874","21-09-24 16:00","England","Premier League","2024/2025","Fulham","Newcastle","Peter Bankes","3","1","H"
"14875","21-09-24 16:00","England","Premier League","2024/2025","Leicester","Everton","Darren England","1","1","D"
"14876","21-09-24 16:00","England","Premier League","2024/2025","Liverpool","Bournemouth","Tony Harrington","3","0","H"
"14877","21-09-24 16:00","England","Premier League","2024/2025","Southampton","Ipswich","Sam Allison","1","1","D"
"14878","21-09-24 16:00","England","Premier League","2024/2025","Tottenham","Brentford","John Brooks","3","1","H"
"14879","21-09-24 13:30","England","Premier League","2024/2025","West Ham","Chelsea","Samuel Barrott","0","3","A"
"14880","15-09-24 17:30","England","Premier League","2024/2025","Wolves","Newcastle","Chris Kavanagh","1","2","A"
"14881","15-09-24 15:00","England","Premier League","2024/2025","Tottenham","Arsenal","Jarred Gillett","0","1","A"
"14882","14-09-24 21:00","England","Premier League","2024/2025","Bournemouth","Chelsea","Anthony Taylor","0","1","A"
"14883","14-09-24 18:30","England","Premier League","2024/2025","Aston Villa","Everton","Craig Pawson","3","2","H"
"14884","14-09-24 16:00","England","Premier League","2024/2025","Brighton","Ipswich","Samuel Barrott","0","0","D"
"14885","14-09-24 16:00","England","Premier League","2024/2025","Crystal Palace","Leicester","Tony Harrington","2","2","D"
"14886","14-09-24 16:00","England","Premier League","2024/2025","Fulham","West Ham","Tim Robinson","1","1","D"
"14887","14-09-24 16:00","England","Premier League","2024/2025","Liverpool","Nottingham","Michael Oliver","0","1","A"
"14888","14-09-24 16:00","England","Premier League","2024/2025","Manchester City","Brentford","Darren Bond","2","1","H"
"14889","14-09-24 13:30","England","Premier League","2024/2025","Southampton","Manchester Utd","Stuart Attwell","0","3","A"
"14890","01-09-24 17:00","England","Premier League","2024/2025","Manchester Utd","Liverpool","Anthony Taylor","0","3","A"
"14891","01-09-24 14:30","England","Premier League","2024/2025","Chelsea","Crystal Palace","Jarred Gillett","1","1","D"
"14892","01-09-24 14:30","England","Premier League","2024/2025","Newcastle","Tottenham","Robert Jones","2","1","H"
"14893","31-08-24 18:30","England","Premier League","2024/2025","West Ham","Manchester City","Michael Oliver","1","3","A"
"14894","31-08-24 16:00","England","Premier League","2024/2025","Brentford","Southampton","Josh Smith","3","1","H"
"14895","31-08-24 16:00","England","Premier League","2024/2025","Everton","Bournemouth","Stuart Attwell","2","3","A"
"14896","31-08-24 16:00","England","Premier League","2024/2025","Ipswich","Fulham","Lewis Smith","1","1","D"
"14897","31-08-24 16:00","England","Premier League","2024/2025","Leicester","Aston Villa","David Coote","1","2","A"
"14898","31-08-24 16:00","England","Premier League","2024/2025","Nottingham","Wolves","Simon Hooper","1","1","D"
"14899","31-08-24 13:30","England","Premier League","2024/2025","Arsenal","Brighton","Chris Kavanagh","1","1","D"
"14900","25-08-24 17:30","England","Premier League","2024/2025","Liverpool","Brentford","Stuart Attwell","2","0","H"
"14901","25-08-24 15:00","England","Premier League","2024/2025","Bournemouth","Newcastle","David Coote","1","1","D"
"14902","25-08-24 15:00","England","Premier League","2024/2025","Wolves","Chelsea","Darren England","2","6","A"
"14903","24-08-24 18:30","England","Premier League","2024/2025","Aston Villa","Arsenal","Michael Oliver","0","2","A"
"14904","24-08-24 16:00","England","Premier League","2024/2025","Crystal Palace","West Ham","Robert Jones","0","2","A"
"14905","24-08-24 16:00","England","Premier League","2024/2025","Fulham","Leicester","Darren Bond","2","1","H"
"14906","24-08-24 16:00","England","Premier League","2024/2025","Manchester City","Ipswich","Sam Allison","4","1","H"
"14907","24-08-24 16:00","England","Premier League","2024/2025","Southampton","Nottingham","Samuel Barrott","0","1","A"
"14908","24-08-24 16:00","England","Premier League","2024/2025","Tottenham","Everton","Anthony Taylor","4","0","H"
"14909","24-08-24 13:30","England","Premier League","2024/2025","Brighton","Manchester Utd","Craig Pawson","2","1","H"
"14910","19-08-24 21:00","England","Premier League","2024/2025","Leicester","Tottenham","Chris Kavanagh","1","1","D"
"14911","18-08-24 17:30","England","Premier League","2024/2025","Chelsea","Manchester City","Anthony Taylor","0","2","A"
"14912","18-08-24 15:00","England","Premier League","2024/2025","Brentford","Crystal Palace","Samuel Barrott","2","1","H"
"14913","17-08-24 18:30","England","Premier League","2024/2025","West Ham","Aston Villa","Tony Harrington","1","2","A"
"14914","17-08-24 16:00","England","Premier League","2024/2025","Arsenal","Wolves","Jarred Gillett","2","0","H"
"14915","17-08-24 16:00","England","Premier League","2024/2025","Everton","Brighton","Simon Hooper","0","3","A"
"14916","17-08-24 16:00","England","Premier League","2024/2025","Newcastle","Southampton","Craig Pawson","1","0","H"
"14917","17-08-24 16:00","England","Premier League","2024/2025","Nottingham","Bournemouth","Michael Oliver","1","1","D"
"14918","17-08-24 13:30","England","Premier League","2024/2025","Ipswich","Liverpool","Tim Robinson","0","2","A"
"14919","16-08-24 21:00","England","Premier League","2024/2025","Manchester Utd","Fulham","Robert Jones","1","0","H"
"3909","19-05-24 17:00","England","Premier League","2023/2024","Arsenal","Everton","Michael Oliver","2","1","H"
"3910","19-05-24 17:00","England","Premier League","2023/2024","Brentford","Newcastle","Simon Hooper","2","4","A"
"3911","19-05-24 17:00","England","Premier League","2023/2024","Brighton","Manchester Utd","Craig Pawson","0","2","A"
"3912","19-05-24 17:00","England","Premier League","2023/2024","Burnley","Nottingham","Graham Scott","1","2","A"
"3913","19-05-24 17:00","England","Premier League","2023/2024","Chelsea","Bournemouth","Anthony Taylor","2","1","H"
"3914","19-05-24 17:00","England","Premier League","2023/2024","Crystal Palace","Aston Villa","Darren Bond","5","0","H"
"3915","19-05-24 17:00","England","Premier League","2023/2024","Liverpool","Wolves","Chris Kavanagh","2","0","H"
"3916","19-05-24 17:00","England","Premier League","2023/2024","Luton","Fulham","Matt Donohue","2","4","A"
"3917","19-05-24 17:00","England","Premier League","2023/2024","Manchester City","West Ham","John Brooks","3","1","H"
"3918","19-05-24 17:00","England","Premier League","2023/2024","Sheffield Utd","Tottenham","Andy Madley","0","3","A"
"3919","15-05-24 21:00","England","Premier League","2023/2024","Manchester Utd","Newcastle","Robert Jones","3","2","H"
"3920","15-05-24 20:45","England","Premier League","2023/2024","Brighton","Chelsea","Michael Salisbury","1","2","A"
"3921","14-05-24 21:00","England","Premier League","2023/2024","Tottenham","Manchester City","Chris Kavanagh","0","2","A"
"3922","13-05-24 21:00","England","Premier League","2023/2024","Aston Villa","Liverpool","Simon Hooper","3","3","D"
"3923","12-05-24 17:30","England","Premier League","2023/2024","Manchester Utd","Arsenal","Paul Tierney","0","1","A"
"3924","11-05-24 18:30","England","Premier League","2023/2024","Nottingham","Chelsea","Tony Harrington","2","3","A"
"3925","11-05-24 16:00","England","Premier League","2023/2024","Bournemouth","Brentford","Matt Donohue","1","2","A"
"3926","11-05-24 16:00","England","Premier League","2023/2024","Everton","Sheffield Utd","Stuart Attwell","1","0","H"
"3927","11-05-24 16:00","England","Premier League","2023/2024","Newcastle","Brighton","Darren England","1","1","D"
"3928","11-05-24 16:00","England","Premier League","2023/2024","Tottenham","Burnley","Jarred Gillett","2","1","H"
"3929","11-05-24 16:00","England","Premier League","2023/2024","West Ham","Luton","Michael Oliver","3","1","H"
"3930","11-05-24 16:00","England","Premier League","2023/2024","Wolves","Crystal Palace","Thomas Bramall","1","3","A"
"3931","11-05-24 13:30","England","Premier League","2023/2024","Fulham","Manchester City","Anthony Taylor","0","4","A"
"3932","06-05-24 21:00","England","Premier League","2023/2024","Crystal Palace","Manchester Utd","Jarred Gillett","4","0","H"
"3933","05-05-24 17:30","England","Premier League","2023/2024","Liverpool","Tottenham","Paul Tierney","4","2","H"
"3934","05-05-24 15:00","England","Premier League","2023/2024","Brighton","Aston Villa","Robert Jones","1","0","H"
"3935","05-05-24 15:00","England","Premier League","2023/2024","Chelsea","West Ham","Andy Madley","5","0","H"
"3936","04-05-24 18:30","England","Premier League","2023/2024","Manchester City","Wolves","Craig Pawson","5","1","H"
"3937","04-05-24 16:00","England","Premier League","2023/2024","Brentford","Fulham","Graham Scott","0","0","D"
"3938","04-05-24 16:00","England","Premier League","2023/2024","Burnley","Newcastle","Anthony Taylor","1","4","A"
"3939","04-05-24 16:00","England","Premier League","2023/2024","Sheffield Utd","Nottingham","Chris Kavanagh","1","3","A"
"3940","04-05-24 13:30","England","Premier League","2023/2024","Arsenal","Bournemouth","David Coote","3","0","H"
"3941","03-05-24 21:00","England","Premier League","2023/2024","Luton","Everton","Tim Robinson","1","1","D"
"3942","02-05-24 20:30","England","Premier League","2023/2024","Chelsea","Tottenham","Robert Jones","2","0","H"
"3943","28-04-24 17:30","England","Premier League","2023/2024","Nottingham","Manchester City","Simon Hooper","0","2","A"
"3944","28-04-24 15:00","England","Premier League","2023/2024","Bournemouth","Brighton","Paul Tierney","3","0","H"
"3945","28-04-24 15:00","England","Premier League","2023/2024","Tottenham","Arsenal","Michael Oliver","2","3","A"
"3946","27-04-24 21:00","England","Premier League","2023/2024","Aston Villa","Chelsea","Craig Pawson","2","2","D"
"3947","27-04-24 18:30","England","Premier League","2023/2024","Everton","Brentford","Darren England","1","0","H"
"3948","27-04-24 16:00","England","Premier League","2023/2024","Fulham","Crystal Palace","Stuart Attwell","1","1","D"
"3949","27-04-24 16:00","England","Premier League","2023/2024","Manchester Utd","Burnley","John Brooks","1","1","D"
"3950","27-04-24 16:00","England","Premier League","2023/2024","Newcastle","Sheffield Utd","Tony Harrington","5","1","H"
"3951","27-04-24 16:00","England","Premier League","2023/2024","Wolves","Luton","David Coote","2","1","H"
"3952","27-04-24 13:30","England","Premier League","2023/2024","West Ham","Liverpool","Anthony Taylor","2","2","D"
"3953","25-04-24 21:00","England","Premier League","2023/2024","Brighton","Manchester City","Jarred Gillett","0","4","A"
"3954","24-04-24 21:00","England","Premier League","2023/2024","Crystal Palace","Newcastle","Thomas Bramall","2","0","H"
"3955","24-04-24 21:00","England","Premier League","2023/2024","Everton","Liverpool","Andy Madley","2","0","H"
"3956","24-04-24 21:00","England","Premier League","2023/2024","Manchester Utd","Sheffield Utd","Michael Salisbury","4","2","H"
"3957","24-04-24 20:45","England","Premier League","2023/2024","Wolves","Bournemouth","Stuart Attwell","0","1","A"
"3958","23-04-24 21:00","England","Premier League","2023/2024","Arsenal","Chelsea","Simon Hooper","5","0","H"
"3959","21-04-24 17:30","England","Premier League","2023/2024","Fulham","Liverpool","Craig Pawson","1","3","A"
"3960","21-04-24 16:00","England","Premier League","2023/2024","Aston Villa","Bournemouth","Tim Robinson","3","1","H"
"3961","21-04-24 16:00","England","Premier League","2023/2024","Crystal Palace","West Ham","Graham Scott","5","2","H"
"3962","21-04-24 14:30","England","Premier League","2023/2024","Everton","Nottingham","Anthony Taylor","2","0","H"
"3963","20-04-24 20:30","England","Premier League","2023/2024","Wolves","Arsenal","Paul Tierney","0","2","A"
"3964","20-04-24 16:00","England","Premier League","2023/2024","Luton","Brentford","Jarred Gillett","1","5","A"
"3965","20-04-24 16:00","England","Premier League","2023/2024","Sheffield Utd","Burnley","Andy Madley","1","4","A"
"3966","15-04-24 21:00","England","Premier League","2023/2024","Chelsea","Everton","Paul Tierney","6","0","H"
"3967","14-04-24 17:30","England","Premier League","2023/2024","Arsenal","Aston Villa","David Coote","0","2","A"
"3968","14-04-24 15:00","England","Premier League","2023/2024","West Ham","Fulham","Stuart Attwell","0","2","A"
"4668","14-04-24 15:00","England","Premier League","2023/2024","Liverpool","Crystal Palace","Chris Kavanagh","0","1","A"
"3969","13-04-24 18:30","England","Premier League","2023/2024","Bournemouth","Manchester Utd","Tony Harrington","2","2","D"
"3970","13-04-24 16:00","England","Premier League","2023/2024","Brentford","Sheffield Utd","Samuel Barrott","2","0","H"
"3971","13-04-24 16:00","England","Premier League","2023/2024","Burnley","Brighton","Simon Hooper","1","1","D"
"3972","13-04-24 16:00","England","Premier League","2023/2024","Manchester City","Luton","John Brooks","5","1","H"
"3973","13-04-24 16:00","England","Premier League","2023/2024","Nottingham","Wolves","Craig Pawson","2","2","D"
"3974","13-04-24 13:30","England","Premier League","2023/2024","Newcastle","Tottenham","Tim Robinson","4","0","H"
"3975","07-04-24 19:00","England","Premier League","2023/2024","Tottenham","Nottingham","Simon Hooper","3","1","H"
"3976","07-04-24 18:30","England","Premier League","2023/2024","Sheffield Utd","Chelsea","Robert Jones","2","2","D"
"3977","07-04-24 16:30","England","Premier League","2023/2024","Manchester Utd","Liverpool","Anthony Taylor","2","2","D"
"3978","06-04-24 18:30","England","Premier League","2023/2024","Brighton","Arsenal","John Brooks","0","3","A"
"3979","06-04-24 16:00","England","Premier League","2023/2024","Aston Villa","Brentford","Michael Salisbury","3","3","D"
"3980","06-04-24 16:00","England","Premier League","2023/2024","Everton","Burnley","Michael Oliver","1","0","H"
"3981","06-04-24 16:00","England","Premier League","2023/2024","Fulham","Newcastle","Sam Allison","0","1","A"
"3982","06-04-24 16:00","England","Premier League","2023/2024","Luton","Bournemouth","Andy Madley","2","1","H"
"3983","06-04-24 16:00","England","Premier League","2023/2024","Wolves","West Ham","Tony Harrington","1","2","A"
"3984","06-04-24 13:30","England","Premier League","2023/2024","Crystal Palace","Manchester City","Paul Tierney","2","4","A"
"3985","04-04-24 21:15","England","Premier League","2023/2024","Chelsea","Manchester Utd","Jarred Gillett","4","3","H"
"3986","04-04-24 20:30","England","Premier League","2023/2024","Liverpool","Sheffield Utd","Stuart Attwell","3","1","H"
"3987","03-04-24 21:15","England","Premier League","2023/2024","Manchester City","Aston Villa","Darren England","4","1","H"
"3988","03-04-24 20:30","England","Premier League","2023/2024","Arsenal","Luton","Craig Pawson","2","0","H"
"3989","03-04-24 20:30","England","Premier League","2023/2024","Brentford","Brighton","Andy Madley","0","0","D"
"3990","02-04-24 21:15","England","Premier League","2023/2024","West Ham","Tottenham","John Brooks","1","1","D"
"3991","02-04-24 20:45","England","Premier League","2023/2024","Bournemouth","Crystal Palace","Graham Scott","1","0","H"
"3992","02-04-24 20:45","England","Premier League","2023/2024","Burnley","Wolves","Thomas Bramall","1","1","D"
"3993","02-04-24 20:30","England","Premier League","2023/2024","Newcastle","Everton","Tony Harrington","1","1","D"
"3994","02-04-24 20:30","England","Premier League","2023/2024","Nottingham","Fulham","Michael Oliver","3","1","H"
"3995","31-03-24 17:30","England","Premier League","2023/2024","Manchester City","Arsenal","Anthony Taylor","0","0","D"
"3996","31-03-24 15:00","England","Premier League","2023/2024","Liverpool","Brighton","David Coote","2","1","H"
"3997","30-03-24 21:00","England","Premier League","2023/2024","Brentford","Manchester Utd","Simon Hooper","1","1","D"
"3998","30-03-24 18:30","England","Premier League","2023/2024","Aston Villa","Wolves","Paul Tierney","2","0","H"
"3999","30-03-24 16:00","England","Premier League","2023/2024","Bournemouth","Everton","Samuel Barrott","2","1","H"
"4000","30-03-24 16:00","England","Premier League","2023/2024","Chelsea","Burnley","Darren England","2","2","D"
"4001","30-03-24 16:00","England","Premier League","2023/2024","Nottingham","Crystal Palace","Chris Kavanagh","1","1","D"
"4002","30-03-24 16:00","England","Premier League","2023/2024","Sheffield Utd","Fulham","Tim Robinson","3","3","D"
"4003","30-03-24 16:00","England","Premier League","2023/2024","Tottenham","Luton","Jarred Gillett","2","1","H"
"4004","30-03-24 13:30","England","Premier League","2023/2024","Newcastle","West Ham","Robert Jones","4","3","H"
"4005","17-03-24 15:00","England","Premier League","2023/2024","West Ham","Aston Villa","Jarred Gillett","1","1","D"
"4006","16-03-24 18:30","England","Premier League","2023/2024","Fulham","Tottenham","Robert Jones","3","0","H"
"4007","16-03-24 16:00","England","Premier League","2023/2024","Burnley","Brentford","Darren Bond","2","1","H"
"4008","16-03-24 16:00","England","Premier League","2023/2024","Luton","Nottingham","Darren England","1","1","D"
"4009","13-03-24 20:30","England","Premier League","2023/2024","Bournemouth","Luton","Sam Allison","4","3","H"
"4010","11-03-24 21:00","England","Premier League","2023/2024","Chelsea","Newcastle","John Brooks","3","2","H"
"4011","10-03-24 16:45","England","Premier League","2023/2024","Liverpool","Manchester City","Michael Oliver","1","1","D"
"4012","10-03-24 15:00","England","Premier League","2023/2024","Brighton","Nottingham","Michael Salisbury","1","0","H"
"4013","10-03-24 15:00","England","Premier League","2023/2024","West Ham","Burnley","Darren England","2","2","D"
"4014","10-03-24 14:00","England","Premier League","2023/2024","Aston Villa","Tottenham","Chris Kavanagh","0","4","A"
"4015","09-03-24 18:30","England","Premier League","2023/2024","Arsenal","Brentford","Robert Jones","2","1","H"
"4016","09-03-24 16:00","England","Premier League","2023/2024","Bournemouth","Sheffield Utd","Anthony Taylor","2","2","D"
"4017","09-03-24 16:00","England","Premier League","2023/2024","Crystal Palace","Luton","Sunny Sukhvir Gill","1","1","D"
"4018","09-03-24 16:00","England","Premier League","2023/2024","Wolves","Fulham","Tony Harrington","2","1","H"
"4019","09-03-24 13:30","England","Premier League","2023/2024","Manchester Utd","Everton","Simon Hooper","2","0","H"
"4020","04-03-24 21:00","England","Premier League","2023/2024","Sheffield Utd","Arsenal","Samuel Barrott","0","6","A"
"4021","03-03-24 16:30","England","Premier League","2023/2024","Manchester City","Manchester Utd","Andy Madley","3","1","H"
"4022","03-03-24 14:00","England","Premier League","2023/2024","Burnley","Bournemouth","David Coote","0","2","A"
"4023","02-03-24 18:30","England","Premier League","2023/2024","Luton","Aston Villa","Michael Oliver","2","3","A"
"4024","02-03-24 16:00","England","Premier League","2023/2024","Brentford","Chelsea","Jarred Gillett","2","2","D"
"4025","02-03-24 16:00","England","Premier League","2023/2024","Everton","West Ham","Craig Pawson","1","3","A"
"4026","02-03-24 16:00","England","Premier League","2023/2024","Fulham","Brighton","Simon Hooper","3","0","H"
"4027","02-03-24 16:00","England","Premier League","2023/2024","Newcastle","Wolves","Tim Robinson","3","0","H"
"4028","02-03-24 16:00","England","Premier League","2023/2024","Nottingham","Liverpool","Paul Tierney","0","1","A"
"4029","02-03-24 16:00","England","Premier League","2023/2024","Tottenham","Crystal Palace","John Brooks","3","1","H"
"4030","26-02-24 21:00","England","Premier League","2023/2024","West Ham","Brentford","Simon Hooper","4","2","H"
"4031","25-02-24 14:30","England","Premier League","2023/2024","Wolves","Sheffield Utd","Darren Bond","1","0","H"
"4032","24-02-24 21:00","England","Premier League","2023/2024","Arsenal","Newcastle","Paul Tierney","4","1","H"
"4033","24-02-24 18:30","England","Premier League","2023/2024","Bournemouth","Manchester City","Jarred Gillett","0","1","A"
"4034","24-02-24 16:00","England","Premier League","2023/2024","Aston Villa","Nottingham","Samuel Barrott","4","2","H"
"4035","24-02-24 16:00","England","Premier League","2023/2024","Brighton","Everton","Tony Harrington","1","1","D"
"4036","24-02-24 16:00","England","Premier League","2023/2024","Crystal Palace","Burnley","Lewis Smith","3","0","H"
"4037","24-02-24 16:00","England","Premier League","2023/2024","Manchester Utd","Fulham","Michael Oliver","1","2","A"
"4038","21-02-24 20:30","England","Premier League","2023/2024","Liverpool","Luton","Andy Madley","4","1","H"
"4039","20-02-24 20:30","England","Premier League","2023/2024","Manchester City","Brentford","Darren England","1","0","H"
"4040","19-02-24 21:00","England","Premier League","2023/2024","Everton","Crystal Palace","Paul Tierney","1","1","D"
"4041","18-02-24 17:30","England","Premier League","2023/2024","Luton","Manchester Utd","David Coote","1","2","A"
"4042","18-02-24 15:00","England","Premier League","2023/2024","Sheffield Utd","Brighton","Stuart Attwell","0","5","A"
"4043","17-02-24 18:30","England","Premier League","2023/2024","Manchester City","Chelsea","Andy Madley","1","1","D"
"4044","17-02-24 16:00","England","Premier League","2023/2024","Burnley","Arsenal","Jarred Gillett","0","5","A"
"4045","17-02-24 16:00","England","Premier League","2023/2024","Fulham","Aston Villa","Lewis Smith","1","2","A"
"4046","17-02-24 16:00","England","Premier League","2023/2024","Newcastle","Bournemouth","Michael Salisbury","2","2","D"
"4047","17-02-24 16:00","England","Premier League","2023/2024","Nottingham","West Ham","Thomas Bramall","2","0","H"
"4048","17-02-24 16:00","England","Premier League","2023/2024","Tottenham","Wolves","Anthony Taylor","1","2","A"
"4049","17-02-24 13:30","England","Premier League","2023/2024","Brentford","Liverpool","Michael Oliver","1","4","A"
"4050","12-02-24 21:00","England","Premier League","2023/2024","Crystal Palace","Chelsea","Michael Oliver","1","3","A"
"4051","11-02-24 17:30","England","Premier League","2023/2024","Aston Villa","Manchester Utd","Robert Jones","1","2","A"
"4052","11-02-24 15:00","England","Premier League","2023/2024","West Ham","Arsenal","Craig Pawson","0","6","A"
"4053","10-02-24 18:30","England","Premier League","2023/2024","Nottingham","Newcastle","Anthony Taylor","2","3","A"
"4054","10-02-24 16:00","England","Premier League","2023/2024","Fulham","Bournemouth","Darren England","3","1","H"
"4055","10-02-24 16:00","England","Premier League","2023/2024","Liverpool","Burnley","Tim Robinson","3","1","H"
"4056","10-02-24 16:00","England","Premier League","2023/2024","Luton","Sheffield Utd","Chris Kavanagh","1","3","A"
"4057","10-02-24 16:00","England","Premier League","2023/2024","Tottenham","Brighton","Samuel Barrott","2","1","H"
"4058","10-02-24 16:00","England","Premier League","2023/2024","Wolves","Brentford","Simon Hooper","0","2","A"
"4059","10-02-24 13:30","England","Premier League","2023/2024","Manchester City","Everton","John Brooks","2","0","H"
"4060","05-02-24 21:00","England","Premier League","2023/2024","Brentford","Manchester City","Jarred Gillett","1","3","A"
"4061","04-02-24 17:30","England","Premier League","2023/2024","Arsenal","Liverpool","Anthony Taylor","3","1","H"
"4062","04-02-24 15:00","England","Premier League","2023/2024","Bournemouth","Nottingham","Rebecca Welch","1","1","D"
"4063","04-02-24 15:00","England","Premier League","2023/2024","Chelsea","Wolves","Tim Robinson","2","4","A"
"4064","04-02-24 15:00","England","Premier League","2023/2024","Manchester Utd","West Ham","Andy Madley","3","0","H"
"4065","03-02-24 18:30","England","Premier League","2023/2024","Sheffield Utd","Aston Villa","Paul Tierney","0","5","A"
"4066","03-02-24 16:00","England","Premier League","2023/2024","Brighton","Crystal Palace","Simon Hooper","4","1","H"
"4067","03-02-24 16:00","England","Premier League","2023/2024","Burnley","Fulham","Darren Bond","2","2","D"
"4068","03-02-24 16:00","England","Premier League","2023/2024","Newcastle","Luton","Thomas Bramall","4","4","D"
"4069","03-02-24 13:30","England","Premier League","2023/2024","Everton","Tottenham","Michael Oliver","2","2","D"
"4070","01-02-24 21:15","England","Premier League","2023/2024","Wolves","Manchester Utd","Jarred Gillett","3","4","A"
"4071","01-02-24 20:30","England","Premier League","2023/2024","West Ham","Bournemouth","Tim Robinson","1","1","D"
"4072","31-01-24 21:15","England","Premier League","2023/2024","Liverpool","Chelsea","Paul Tierney","4","1","H"
"4073","31-01-24 20:30","England","Premier League","2023/2024","Manchester City","Burnley","Samuel Barrott","3","1","H"
"4074","31-01-24 20:30","England","Premier League","2023/2024","Tottenham","Brentford","David Coote","3","2","H"
"4075","30-01-24 21:15","England","Premier League","2023/2024","Aston Villa","Newcastle","John Brooks","1","3","A"
"4076","30-01-24 21:00","England","Premier League","2023/2024","Crystal Palace","Sheffield Utd","Tony Harrington","3","2","H"
"4077","30-01-24 20:45","England","Premier League","2023/2024","Fulham","Everton","Thomas Bramall","0","0","D"
"4078","30-01-24 20:45","England","Premier League","2023/2024","Luton","Brighton","Robert Jones","4","0","H"
"4079","30-01-24 20:30","England","Premier League","2023/2024","Nottingham","Arsenal","Simon Hooper","1","2","A"
"4080","22-01-24 20:45","England","Premier League","2023/2024","Brighton","Wolves","Craig Pawson","0","0","D"
"4081","21-01-24 17:30","England","Premier League","2023/2024","Bournemouth","Liverpool","Andy Madley","0","4","A"
"4082","21-01-24 15:00","England","Premier League","2023/2024","Sheffield Utd","West Ham","Michael Salisbury","2","2","D"
"4083","20-01-24 18:30","England","Premier League","2023/2024","Brentford","Nottingham","Darren England","3","2","H"
"4084","20-01-24 13:30","England","Premier League","2023/2024","Arsenal","Crystal Palace","Paul Tierney","5","0","H"
"4085","14-01-24 17:30","England","Premier League","2023/2024","Manchester Utd","Tottenham","John Brooks","2","2","D"
"4086","14-01-24 15:00","England","Premier League","2023/2024","Everton","Aston Villa","David Coote","0","0","D"
"4087","13-01-24 18:30","England","Premier League","2023/2024","Newcastle","Manchester City","Chris Kavanagh","2","3","A"
"4088","13-01-24 13:30","England","Premier League","2023/2024","Chelsea","Fulham","Anthony Taylor","1","0","H"
"4089","12-01-24 20:45","England","Premier League","2023/2024","Burnley","Luton","Tony Harrington","1","1","D"
"4090","02-01-24 20:30","England","Premier League","2023/2024","West Ham","Brighton","Samuel Barrott","0","0","D"
"4091","01-01-24 21:00","England","Premier League","2023/2024","Liverpool","Newcastle","Anthony Taylor","4","2","H"
"4092","31-12-23 15:00","England","Premier League","2023/2024","Fulham","Arsenal","Josh Smith","2","1","H"
"4093","31-12-23 15:00","England","Premier League","2023/2024","Tottenham","Bournemouth","Simon Hooper","3","1","H"
"4094","30-12-23 18:30","England","Premier League","2023/2024","Nottingham","Manchester Utd","Tim Robinson","2","1","H"
"4095","30-12-23 16:00","England","Premier League","2023/2024","Aston Villa","Burnley","Stuart Attwell","3","2","H"
"4096","30-12-23 16:00","England","Premier League","2023/2024","Crystal Palace","Brentford","Robert Jones","3","1","H"
"4097","30-12-23 16:00","England","Premier League","2023/2024","Manchester City","Sheffield Utd","David Coote","2","0","H"
"4098","30-12-23 16:00","England","Premier League","2023/2024","Wolves","Everton","Thomas Bramall","3","0","H"
"4099","30-12-23 13:30","England","Premier League","2023/2024","Luton","Chelsea","Paul Tierney","2","3","A"
"4100","28-12-23 21:15","England","Premier League","2023/2024","Arsenal","West Ham","Michael Oliver","0","2","A"
"4101","28-12-23 20:30","England","Premier League","2023/2024","Brighton","Tottenham","Jarred Gillett","4","2","H"
"4102","27-12-23 21:15","England","Premier League","2023/2024","Everton","Manchester City","John Brooks","1","3","A"
"4103","27-12-23 20:30","England","Premier League","2023/2024","Brentford","Wolves","Andy Madley","1","4","A"
"4104","27-12-23 20:30","England","Premier League","2023/2024","Chelsea","Crystal Palace","Michael Salisbury","2","1","H"
"4105","26-12-23 21:00","England","Premier League","2023/2024","Manchester Utd","Aston Villa","Craig Pawson","3","2","H"
"4106","26-12-23 18:30","England","Premier League","2023/2024","Burnley","Liverpool","Paul Tierney","0","2","A"
"4107","26-12-23 16:00","England","Premier League","2023/2024","Bournemouth","Fulham","Tim Robinson","3","0","H"
"4108","26-12-23 16:00","England","Premier League","2023/2024","Sheffield Utd","Luton","Sam Allison","2","3","A"
"4109","26-12-23 13:30","England","Premier League","2023/2024","Newcastle","Nottingham","Chris Kavanagh","1","3","A"
"4110","24-12-23 14:00","England","Premier League","2023/2024","Wolves","Chelsea","David Coote","2","1","H"
"4111","23-12-23 18:30","England","Premier League","2023/2024","Liverpool","Arsenal","Chris Kavanagh","1","1","D"
"4112","23-12-23 16:00","England","Premier League","2023/2024","Fulham","Burnley","Rebecca Welch","0","2","A"
"4113","23-12-23 16:00","England","Premier League","2023/2024","Luton","Newcastle","Darren England","1","0","H"
"4114","23-12-23 16:00","England","Premier League","2023/2024","Nottingham","Bournemouth","Robert Jones","2","3","A"
"4115","23-12-23 16:00","England","Premier League","2023/2024","Tottenham","Everton","Stuart Attwell","2","1","H"
"4116","23-12-23 13:30","England","Premier League","2023/2024","West Ham","Manchester Utd","Simon Hooper","2","0","H"
"4117","22-12-23 21:00","England","Premier League","2023/2024","Aston Villa","Sheffield Utd","Anthony Taylor","1","1","D"
"4118","21-12-23 21:00","England","Premier League","2023/2024","Crystal Palace","Brighton","John Brooks","1","1","D"
"4119","17-12-23 17:30","England","Premier League","2023/2024","Liverpool","Manchester Utd","Michael Oliver","0","0","D"
"4120","17-12-23 15:00","England","Premier League","2023/2024","Arsenal","Brighton","Tim Robinson","2","0","H"
"4121","17-12-23 15:00","England","Premier League","2023/2024","Brentford","Aston Villa","David Coote","1","2","A"
"4122","17-12-23 15:00","England","Premier League","2023/2024","West Ham","Wolves","Chris Kavanagh","3","0","H"
"4123","16-12-23 18:30","England","Premier League","2023/2024","Burnley","Everton","Anthony Taylor","0","2","A"
"4124","16-12-23 16:00","England","Premier League","2023/2024","Chelsea","Sheffield Utd","Andy Madley","2","0","H"
"4125","16-12-23 16:00","England","Premier League","2023/2024","Manchester City","Crystal Palace","Paul Tierney","2","2","D"
"4126","16-12-23 16:00","England","Premier League","2023/2024","Newcastle","Fulham","Samuel Barrott","3","0","H"
"4127","15-12-23 21:00","England","Premier League","2023/2024","Nottingham","Tottenham","Jarred Gillett","0","2","A"
"4128","10-12-23 17:30","England","Premier League","2023/2024","Tottenham","Newcastle","Chris Kavanagh","4","1","H"
"4129","10-12-23 15:00","England","Premier League","2023/2024","Everton","Chelsea","Michael Oliver","2","0","H"
"4130","10-12-23 15:00","England","Premier League","2023/2024","Fulham","West Ham","Paul Tierney","5","0","H"
"4131","10-12-23 15:00","England","Premier League","2023/2024","Luton","Manchester City","Tim Robinson","1","2","A"
"4132","09-12-23 18:30","England","Premier League","2023/2024","Aston Villa","Arsenal","Jarred Gillett","1","0","H"
"4133","09-12-23 16:00","England","Premier League","2023/2024","Brighton","Burnley","Simon Hooper","1","1","D"
"4134","09-12-23 16:00","England","Premier League","2023/2024","Manchester Utd","Bournemouth","Peter Bankes","0","3","A"
"4135","09-12-23 16:00","England","Premier League","2023/2024","Sheffield Utd","Brentford","Stuart Attwell","1","0","H"
"4136","09-12-23 16:00","England","Premier League","2023/2024","Wolves","Nottingham","Samuel Barrott","1","1","D"
"4137","09-12-23 13:30","England","Premier League","2023/2024","Crystal Palace","Liverpool","Andy Madley","1","2","A"
"4138","07-12-23 21:15","England","Premier League","2023/2024","Tottenham","West Ham","Michael Salisbury","1","2","A"
"4139","07-12-23 20:30","England","Premier League","2023/2024","Everton","Newcastle","Tim Robinson","3","0","H"
"4140","06-12-23 21:15","England","Premier League","2023/2024","Aston Villa","Manchester City","John Brooks","1","0","H"
"4141","06-12-23 21:15","England","Premier League","2023/2024","Manchester Utd","Chelsea","Chris Kavanagh","2","1","H"
"4142","06-12-23 20:30","England","Premier League","2023/2024","Brighton","Brentford","Peter Bankes","2","1","H"
"4143","06-12-23 20:30","England","Premier League","2023/2024","Crystal Palace","Bournemouth","Craig Pawson","0","2","A"
"4144","06-12-23 20:30","England","Premier League","2023/2024","Fulham","Nottingham","Josh Smith","5","0","H"
"4145","06-12-23 20:30","England","Premier League","2023/2024","Sheffield Utd","Liverpool","Simon Hooper","0","2","A"
"4146","05-12-23 21:15","England","Premier League","2023/2024","Luton","Arsenal","Samuel Barrott","3","4","A"
"4147","05-12-23 20:30","England","Premier League","2023/2024","Wolves","Burnley","Jarred Gillett","1","0","H"
"4148","03-12-23 17:30","England","Premier League","2023/2024","Manchester City","Tottenham","Simon Hooper","3","3","D"
"4149","03-12-23 15:00","England","Premier League","2023/2024","Bournemouth","Aston Villa","Thomas Bramall","2","2","D"
"4150","03-12-23 15:00","England","Premier League","2023/2024","Chelsea","Brighton","Craig Pawson","3","2","H"
"4151","03-12-23 15:00","England","Premier League","2023/2024","Liverpool","Fulham","Stuart Attwell","4","3","H"
"4152","03-12-23 15:00","England","Premier League","2023/2024","West Ham","Crystal Palace","Michael Oliver","1","1","D"
"4153","02-12-23 21:00","England","Premier League","2023/2024","Newcastle","Manchester Utd","Robert Jones","1","0","H"
"4154","02-12-23 18:30","England","Premier League","2023/2024","Nottingham","Everton","Paul Tierney","0","1","A"
"4155","02-12-23 16:00","England","Premier League","2023/2024","Arsenal","Wolves","Peter Bankes","2","1","H"
"4156","02-12-23 16:00","England","Premier League","2023/2024","Brentford","Luton","Anthony Taylor","3","1","H"
"4157","02-12-23 16:00","England","Premier League","2023/2024","Burnley","Sheffield Utd","Chris Kavanagh","5","0","H"
"4158","27-11-23 21:00","England","Premier League","2023/2024","Fulham","Wolves","Michael Salisbury","3","2","H"
"4159","26-11-23 17:30","England","Premier League","2023/2024","Everton","Manchester Utd","John Brooks","0","3","A"
"4160","26-11-23 15:00","England","Premier League","2023/2024","Tottenham","Aston Villa","Robert Jones","1","2","A"
"4161","25-11-23 18:30","England","Premier League","2023/2024","Brentford","Arsenal","Tim Robinson","0","1","A"
"4162","25-11-23 16:00","England","Premier League","2023/2024","Burnley","West Ham","Samuel Barrott","1","2","A"
"4163","25-11-23 16:00","England","Premier League","2023/2024","Luton","Crystal Palace","Jarred Gillett","2","1","H"
"4164","25-11-23 16:00","England","Premier League","2023/2024","Newcastle","Chelsea","Simon Hooper","4","1","H"
"4165","25-11-23 16:00","England","Premier League","2023/2024","Nottingham","Brighton","Anthony Taylor","2","3","A"
"4166","25-11-23 16:00","England","Premier League","2023/2024","Sheffield Utd","Bournemouth","Andy Madley","1","3","A"
"4167","25-11-23 13:30","England","Premier League","2023/2024","Manchester City","Liverpool","Chris Kavanagh","1","1","D"
"4168","12-11-23 17:30","England","Premier League","2023/2024","Chelsea","Manchester City","Anthony Taylor","4","4","D"
"4169","12-11-23 15:00","England","Premier League","2023/2024","Aston Villa","Fulham","Simon Hooper","3","1","H"
"4170","12-11-23 15:00","England","Premier League","2023/2024","Brighton","Sheffield Utd","John Brooks","1","1","D"
"4171","12-11-23 15:00","England","Premier League","2023/2024","Liverpool","Brentford","Paul Tierney","3","0","H"
"4172","12-11-23 15:00","England","Premier League","2023/2024","West Ham","Nottingham","Michael Salisbury","3","2","H"
"4173","11-11-23 18:30","England","Premier League","2023/2024","Bournemouth","Newcastle","Chris Kavanagh","2","0","H"
"4174","11-11-23 16:00","England","Premier League","2023/2024","Arsenal","Burnley","Michael Oliver","3","1","H"
"4175","11-11-23 16:00","England","Premier League","2023/2024","Crystal Palace","Everton","Samuel Barrott","2","3","A"
"4176","11-11-23 16:00","England","Premier League","2023/2024","Manchester Utd","Luton","Graham Scott","1","0","H"
"4177","11-11-23 13:30","England","Premier League","2023/2024","Wolves","Tottenham","Tim Robinson","2","1","H"
"4178","06-11-23 21:00","England","Premier League","2023/2024","Tottenham","Chelsea","Michael Oliver","1","4","A"
"4179","05-11-23 17:30","England","Premier League","2023/2024","Luton","Liverpool","Andy Madley","1","1","D"
"4180","05-11-23 15:00","England","Premier League","2023/2024","Nottingham","Aston Villa","Jarred Gillett","2","0","H"
"4181","04-11-23 18:30","England","Premier League","2023/2024","Newcastle","Arsenal","Stuart Attwell","1","0","H"
"4182","04-11-23 16:00","England","Premier League","2023/2024","Brentford","West Ham","Thomas Bramall","3","2","H"
"4183","04-11-23 16:00","England","Premier League","2023/2024","Burnley","Crystal Palace","Peter Bankes","0","2","A"
"4184","04-11-23 16:00","England","Premier League","2023/2024","Everton","Brighton","Tim Robinson","1","1","D"
"4185","04-11-23 16:00","England","Premier League","2023/2024","Manchester City","Bournemouth","Craig Pawson","6","1","H"
"4186","04-11-23 16:00","England","Premier League","2023/2024","Sheffield Utd","Wolves","Robert Jones","2","1","H"
"4187","04-11-23 13:30","England","Premier League","2023/2024","Fulham","Manchester Utd","John Brooks","0","1","A"
"4188","29-10-23 16:30","England","Premier League","2023/2024","Manchester Utd","Manchester City","Paul Tierney","0","3","A"
"4189","29-10-23 15:00","England","Premier League","2023/2024","Aston Villa","Luton","John Brooks","3","1","H"
"4190","29-10-23 15:00","England","Premier League","2023/2024","Brighton","Fulham","Michael Salisbury","1","1","D"
"4191","29-10-23 15:00","England","Premier League","2023/2024","Liverpool","Nottingham","Chris Kavanagh","3","0","H"
"4192","29-10-23 14:00","England","Premier League","2023/2024","West Ham","Everton","Stuart Attwell","0","1","A"
"4193","28-10-23 18:30","England","Premier League","2023/2024","Wolves","Newcastle","Anthony Taylor","2","2","D"
"4194","28-10-23 16:00","England","Premier League","2023/2024","Arsenal","Sheffield Utd","Tim Robinson","5","0","H"
"4195","28-10-23 16:00","England","Premier League","2023/2024","Bournemouth","Burnley","Samuel Barrott","2","1","H"
"4196","28-10-23 13:30","England","Premier League","2023/2024","Chelsea","Brentford","Simon Hooper","0","2","A"
"4197","27-10-23 21:00","England","Premier League","2023/2024","Crystal Palace","Tottenham","Andy Madley","1","2","A"
"4198","23-10-23 21:00","England","Premier League","2023/2024","Tottenham","Fulham","Anthony Taylor","2","0","H"
"4199","22-10-23 17:30","England","Premier League","2023/2024","Aston Villa","West Ham","David Coote","4","1","H"
"4200","21-10-23 21:00","England","Premier League","2023/2024","Sheffield Utd","Manchester Utd","Michael Oliver","1","2","A"
"4201","21-10-23 18:30","England","Premier League","2023/2024","Chelsea","Arsenal","Chris Kavanagh","2","2","D"
"4202","21-10-23 16:00","England","Premier League","2023/2024","Bournemouth","Wolves","Paul Tierney","1","2","A"
"4203","21-10-23 16:00","England","Premier League","2023/2024","Brentford","Burnley","Josh Smith","3","0","H"
"4204","21-10-23 16:00","England","Premier League","2023/2024","Manchester City","Brighton","Robert Jones","2","1","H"
"4205","21-10-23 16:00","England","Premier League","2023/2024","Newcastle","Crystal Palace","Tim Robinson","4","0","H"
"4206","21-10-23 16:00","England","Premier League","2023/2024","Nottingham","Luton","Samuel Barrott","2","2","D"
"4207","21-10-23 13:30","England","Premier League","2023/2024","Liverpool","Everton","Craig Pawson","2","0","H"
"4208","08-10-23 17:30","England","Premier League","2023/2024","Arsenal","Manchester City","Michael Oliver","1","0","H"
"4209","08-10-23 15:00","England","Premier League","2023/2024","Brighton","Liverpool","Anthony Taylor","2","2","D"
"4210","08-10-23 15:00","England","Premier League","2023/2024","West Ham","Newcastle","Peter Bankes","2","2","D"
"4211","08-10-23 15:00","England","Premier League","2023/2024","Wolves","Aston Villa","Robert Jones","1","1","D"
"4212","07-10-23 18:30","England","Premier League","2023/2024","Crystal Palace","Nottingham","Craig Pawson","0","0","D"
"4213","07-10-23 16:00","England","Premier League","2023/2024","Burnley","Chelsea","Stuart Attwell","1","4","A"
"4214","07-10-23 16:00","England","Premier League","2023/2024","Everton","Bournemouth","David Coote","3","0","H"
"4215","07-10-23 16:00","England","Premier League","2023/2024","Fulham","Sheffield Utd","Samuel Barrott","3","1","H"
"4216","07-10-23 16:00","England","Premier League","2023/2024","Manchester Utd","Brentford","Andy Madley","2","1","H"
"4217","07-10-23 13:30","England","Premier League","2023/2024","Luton","Tottenham","John Brooks","0","1","A"
"4218","03-10-23 20:30","England","Premier League","2023/2024","Luton","Burnley","Peter Bankes","1","2","A"
"4219","02-10-23 21:00","England","Premier League","2023/2024","Fulham","Chelsea","Tim Robinson","0","2","A"
"4220","01-10-23 15:00","England","Premier League","2023/2024","Nottingham","Brentford","Paul Tierney","1","1","D"
"4221","30-09-23 18:30","England","Premier League","2023/2024","Tottenham","Liverpool","Simon Hooper","2","1","H"
"4222","30-09-23 16:00","England","Premier League","2023/2024","Bournemouth","Arsenal","Michael Salisbury","0","4","A"
"4223","30-09-23 16:00","England","Premier League","2023/2024","Everton","Luton","Anthony Taylor","1","2","A"
"4224","30-09-23 16:00","England","Premier League","2023/2024","Manchester Utd","Crystal Palace","Chris Kavanagh","0","1","A"
"4225","30-09-23 16:00","England","Premier League","2023/2024","Newcastle","Burnley","Thomas Bramall","2","0","H"
"4226","30-09-23 16:00","England","Premier League","2023/2024","West Ham","Sheffield Utd","Graham Scott","2","0","H"
"4227","30-09-23 16:00","England","Premier League","2023/2024","Wolves","Manchester City","Craig Pawson","2","1","H"
"4228","30-09-23 13:30","England","Premier League","2023/2024","Aston Villa","Brighton","Andy Madley","6","1","H"
"4229","24-09-23 17:30","England","Premier League","2023/2024","Sheffield Utd","Newcastle","Stuart Attwell","0","8","A"
"4230","24-09-23 15:00","England","Premier League","2023/2024","Arsenal","Tottenham","Robert Jones","2","2","D"
"4231","24-09-23 15:00","England","Premier League","2023/2024","Brighton","Bournemouth","John Brooks","3","1","H"
"4232","24-09-23 15:00","England","Premier League","2023/2024","Chelsea","Aston Villa","Jarred Gillett","0","1","A"
"4233","24-09-23 15:00","England","Premier League","2023/2024","Liverpool","West Ham","Chris Kavanagh","3","1","H"
"4234","23-09-23 21:00","England","Premier League","2023/2024","Burnley","Manchester Utd","Tony Harrington","0","1","A"
"4235","23-09-23 18:30","England","Premier League","2023/2024","Brentford","Everton","Michael Oliver","1","3","A"
"4236","23-09-23 16:00","England","Premier League","2023/2024","Crystal Palace","Fulham","Paul Tierney","0","0","D"
"4237","23-09-23 16:00","England","Premier League","2023/2024","Luton","Wolves","Josh Smith","1","1","D"
"4238","23-09-23 16:00","England","Premier League","2023/2024","Manchester City","Nottingham","Anthony Taylor","2","0","H"
"4239","18-09-23 20:45","England","Premier League","2023/2024","Nottingham","Burnley","Robert Jones","1","1","D"
"4240","17-09-23 17:30","England","Premier League","2023/2024","Everton","Arsenal","Simon Hooper","0","1","A"
"4241","17-09-23 15:00","England","Premier League","2023/2024","Bournemouth","Chelsea","David Coote","0","0","D"
"4242","16-09-23 18:30","England","Premier League","2023/2024","Newcastle","Brentford","Craig Pawson","1","0","H"
"4243","16-09-23 16:00","England","Premier League","2023/2024","Aston Villa","Crystal Palace","Darren England","3","1","H"
"4244","16-09-23 16:00","England","Premier League","2023/2024","Fulham","Luton","Michael Salisbury","1","0","H"
"4245","16-09-23 16:00","England","Premier League","2023/2024","Manchester Utd","Brighton","Jarred Gillett","1","3","A"
"4246","16-09-23 16:00","England","Premier League","2023/2024","Tottenham","Sheffield Utd","Peter Bankes","2","1","H"
"4247","16-09-23 16:00","England","Premier League","2023/2024","West Ham","Manchester City","Andy Madley","1","3","A"
"4248","16-09-23 13:30","England","Premier League","2023/2024","Wolves","Liverpool","Michael Oliver","1","3","A"
"4249","03-09-23 17:30","England","Premier League","2023/2024","Arsenal","Manchester Utd","Anthony Taylor","3","1","H"
"4250","03-09-23 15:00","England","Premier League","2023/2024","Crystal Palace","Wolves","Robert Jones","3","2","H"
"4251","03-09-23 15:00","England","Premier League","2023/2024","Liverpool","Aston Villa","Simon Hooper","3","0","H"
"4252","02-09-23 18:30","England","Premier League","2023/2024","Brighton","Newcastle","Stuart Attwell","3","1","H"
"4253","02-09-23 16:00","England","Premier League","2023/2024","Brentford","Bournemouth","Robert Madley","2","2","D"
"4254","02-09-23 16:00","England","Premier League","2023/2024","Burnley","Tottenham","Darren England","2","5","A"
"4255","02-09-23 16:00","England","Premier League","2023/2024","Chelsea","Nottingham","Tim Robinson","0","1","A"
"4256","02-09-23 16:00","England","Premier League","2023/2024","Manchester City","Fulham","Michael Oliver","5","1","H"
"4257","02-09-23 13:30","England","Premier League","2023/2024","Sheffield Utd","Everton","Andy Madley","2","2","D"
"4258","01-09-23 21:00","England","Premier League","2023/2024","Luton","West Ham","Paul Tierney","1","2","A"
"4259","27-08-23 17:30","England","Premier League","2023/2024","Newcastle","Liverpool","John Brooks","1","2","A"
"4260","27-08-23 15:00","England","Premier League","2023/2024","Burnley","Aston Villa","Michael Salisbury","1","3","A"
"4261","27-08-23 15:00","England","Premier League","2023/2024","Sheffield Utd","Manchester City","Jarred Gillett","1","2","A"
"4262","26-08-23 18:30","England","Premier League","2023/2024","Brighton","West Ham","Anthony Taylor","1","3","A"
"4263","26-08-23 16:00","England","Premier League","2023/2024","Arsenal","Fulham","Paul Tierney","2","2","D"
"4264","26-08-23 16:00","England","Premier League","2023/2024","Brentford","Crystal Palace","Peter Bankes","1","1","D"
"4265","26-08-23 16:00","England","Premier League","2023/2024","Everton","Wolves","Craig Pawson","0","1","A"
"4266","26-08-23 16:00","England","Premier League","2023/2024","Manchester Utd","Nottingham","Stuart Attwell","3","2","H"
"4267","26-08-23 13:30","England","Premier League","2023/2024","Bournemouth","Tottenham","Tim Robinson","0","2","A"
"4268","25-08-23 21:00","England","Premier League","2023/2024","Chelsea","Luton","Robert Jones","3","0","H"
"4269","21-08-23 21:00","England","Premier League","2023/2024","Crystal Palace","Arsenal","David Coote","0","1","A"
"4270","20-08-23 17:30","England","Premier League","2023/2024","West Ham","Chelsea","John Brooks","3","1","H"
"4271","20-08-23 15:00","England","Premier League","2023/2024","Aston Villa","Everton","Anthony Taylor","4","0","H"
"4272","19-08-23 21:00","England","Premier League","2023/2024","Manchester City","Newcastle","Robert Jones","1","0","H"
"4273","19-08-23 18:30","England","Premier League","2023/2024","Tottenham","Manchester Utd","Michael Oliver","2","0","H"
"4274","19-08-23 16:00","England","Premier League","2023/2024","Fulham","Brentford","Darren Bond","0","3","A"
"4275","19-08-23 16:00","England","Premier League","2023/2024","Liverpool","Bournemouth","Thomas Bramall","3","1","H"
"4276","19-08-23 16:00","England","Premier League","2023/2024","Wolves","Brighton","Andy Madley","1","4","A"
"4277","18-08-23 20:45","England","Premier League","2023/2024","Nottingham","Sheffield Utd","Peter Bankes","2","1","H"
"4278","14-08-23 21:00","England","Premier League","2023/2024","Manchester Utd","Wolves","Simon Hooper","1","0","H"
"4279","13-08-23 17:30","England","Premier League","2023/2024","Chelsea","Liverpool","Anthony Taylor","1","1","D"
"4280","13-08-23 15:00","England","Premier League","2023/2024","Brentford","Tottenham","Robert Jones","2","2","D"
"4281","12-08-23 18:30","England","Premier League","2023/2024","Newcastle","Aston Villa","Andy Madley","5","1","H"
"4282","12-08-23 16:00","England","Premier League","2023/2024","Bournemouth","West Ham","Peter Bankes","1","1","D"
"4283","12-08-23 16:00","England","Premier League","2023/2024","Brighton","Luton","David Coote","4","1","H"
"4284","12-08-23 16:00","England","Premier League","2023/2024","Everton","Fulham","Stuart Attwell","0","1","A"
"4285","12-08-23 16:00","England","Premier League","2023/2024","Sheffield Utd","Crystal Palace","John Brooks","0","1","A"
"4286","12-08-23 13:30","England","Premier League","2023/2024","Arsenal","Nottingham","Michael Oliver","2","1","H"
"4287","11-08-23 21:00","England","Premier League","2023/2024","Burnley","Manchester City","Craig Pawson","0","3","A"
"4288","28-05-23 17:30","England","Premier League","2022/2023","Arsenal","Wolves","Andre Marriner","5","0","H"
"4289","28-05-23 17:30","England","Premier League","2022/2023","Aston Villa","Brighton","David Coote","2","1","H"
"4290","28-05-23 17:30","England","Premier League","2022/2023","Brentford","Manchester City","John Brooks","1","0","H"
"4291","28-05-23 17:30","England","Premier League","2022/2023","Chelsea","Newcastle","Jarred Gillett","1","1","D"
"4292","28-05-23 17:30","England","Premier League","2022/2023","Crystal Palace","Nottingham","Thomas Bramall","1","1","D"
"4293","28-05-23 17:30","England","Premier League","2022/2023","Everton","Bournemouth","Stuart Attwell","1","0","H"
"4294","28-05-23 17:30","England","Premier League","2022/2023","Leeds","Tottenham","Anthony Taylor","1","4","A"
"4295","28-05-23 17:30","England","Premier League","2022/2023","Leicester","West Ham","Simon Hooper","2","1","H"
"4296","28-05-23 17:30","England","Premier League","2022/2023","Manchester Utd","Fulham","Robert Jones","2","1","H"
"4297","28-05-23 17:30","England","Premier League","2022/2023","Southampton","Liverpool","Darren England","4","4","D"
"4298","25-05-23 21:00","England","Premier League","2022/2023","Manchester Utd","Chelsea","Stuart Attwell","4","1","H"
"4299","24-05-23 21:00","England","Premier League","2022/2023","Brighton","Manchester City","Simon Hooper","1","1","D"
"4300","22-05-23 21:00","England","Premier League","2022/2023","Newcastle","Leicester","Andre Marriner","0","0","D"
"4301","21-05-23 17:00","England","Premier League","2022/2023","Manchester City","Chelsea","Michael Oliver","1","0","H"
"4302","21-05-23 15:00","England","Premier League","2022/2023","Brighton","Southampton","Paul Tierney","3","1","H"
"4303","21-05-23 14:30","England","Premier League","2022/2023","West Ham","Leeds","Peter Bankes","3","1","H"
"4304","20-05-23 18:30","England","Premier League","2022/2023","Nottingham","Arsenal","Anthony Taylor","1","0","H"
"4305","20-05-23 16:00","England","Premier League","2022/2023","Bournemouth","Manchester Utd","Chris Kavanagh","0","1","A"
"4306","20-05-23 16:00","England","Premier League","2022/2023","Fulham","Crystal Palace","Josh Smith","2","2","D"
"4307","20-05-23 16:00","England","Premier League","2022/2023","Liverpool","Aston Villa","John Brooks","1","1","D"
"4308","20-05-23 16:00","England","Premier League","2022/2023","Wolves","Everton","David Coote","1","1","D"
"4309","20-05-23 13:30","England","Premier League","2022/2023","Tottenham","Brentford","Jarred Gillett","1","3","A"
"4310","18-05-23 20:30","England","Premier League","2022/2023","Newcastle","Brighton","Robert Jones","4","1","H"
"4311","15-05-23 21:00","England","Premier League","2022/2023","Leicester","Liverpool","Craig Pawson","0","3","A"
"4312","14-05-23 17:30","England","Premier League","2022/2023","Arsenal","Brighton","Andy Madley","0","3","A"
"4313","14-05-23 15:00","England","Premier League","2022/2023","Brentford","West Ham","Michael Oliver","2","0","H"
"4314","14-05-23 15:00","England","Premier League","2022/2023","Everton","Manchester City","Anthony Taylor","0","3","A"
"4315","13-05-23 16:00","England","Premier League","2022/2023","Aston Villa","Tottenham","Peter Bankes","2","1","H"
"4316","13-05-23 16:00","England","Premier League","2022/2023","Chelsea","Nottingham","Paul Tierney","2","2","D"
"4317","13-05-23 16:00","England","Premier League","2022/2023","Crystal Palace","Bournemouth","Michael Salisbury","2","0","H"
"4318","13-05-23 16:00","England","Premier League","2022/2023","Manchester Utd","Wolves","John Brooks","2","0","H"
"4319","13-05-23 16:00","England","Premier League","2022/2023","Southampton","Fulham","Thomas Bramall","0","2","A"
"4320","13-05-23 13:30","England","Premier League","2022/2023","Leeds","Newcastle","Simon Hooper","2","2","D"
"4321","08-05-23 21:00","England","Premier League","2022/2023","Nottingham","Southampton","Michael Oliver","4","3","H"
"4322","08-05-23 18:30","England","Premier League","2022/2023","Brighton","Everton","Simon Hooper","1","5","A"
"4323","08-05-23 16:00","England","Premier League","2022/2023","Fulham","Leicester","Robert Jones","5","3","H"
"4324","07-05-23 20:00","England","Premier League","2022/2023","West Ham","Manchester Utd","Peter Bankes","1","0","H"
"4325","07-05-23 17:30","England","Premier League","2022/2023","Newcastle","Arsenal","Chris Kavanagh","0","2","A"
"4326","06-05-23 18:30","England","Premier League","2022/2023","Liverpool","Brentford","Anthony Taylor","1","0","H"
"4327","06-05-23 16:00","England","Premier League","2022/2023","Bournemouth","Chelsea","John Brooks","1","3","A"
"4328","06-05-23 16:00","England","Premier League","2022/2023","Manchester City","Leeds","Andy Madley","2","1","H"
"4329","06-05-23 16:00","England","Premier League","2022/2023","Tottenham","Crystal Palace","Darren England","1","0","H"
"4330","06-05-23 16:00","England","Premier League","2022/2023","Wolves","Aston Villa","Stuart Attwell","1","0","H"
"4331","04-05-23 21:00","England","Premier League","2022/2023","Brighton","Manchester Utd","Andre Marriner","1","0","H"
"4332","03-05-23 21:00","England","Premier League","2022/2023","Liverpool","Fulham","Stuart Attwell","1","0","H"
"4333","03-05-23 21:00","England","Premier League","2022/2023","Manchester City","West Ham","John Brooks","3","0","H"
"4334","02-05-23 21:00","England","Premier League","2022/2023","Arsenal","Chelsea","Robert Jones","3","1","H"
"4335","01-05-23 21:00","England","Premier League","2022/2023","Leicester","Everton","Michael Oliver","2","2","D"
"4336","30-04-23 17:30","England","Premier League","2022/2023","Liverpool","Tottenham","Paul Tierney","4","3","H"
"4337","30-04-23 15:00","England","Premier League","2022/2023","Bournemouth","Leeds","Chris Kavanagh","4","1","H"
"4338","30-04-23 15:00","England","Premier League","2022/2023","Fulham","Manchester City","Simon Hooper","1","2","A"
"4339","30-04-23 15:00","England","Premier League","2022/2023","Manchester Utd","Aston Villa","Jarred Gillett","1","0","H"
"4340","30-04-23 15:00","England","Premier League","2022/2023","Newcastle","Southampton","Anthony Taylor","3","1","H"
"4341","29-04-23 16:00","England","Premier League","2022/2023","Brentford","Nottingham","Peter Bankes","2","1","H"
"4342","29-04-23 16:00","England","Premier League","2022/2023","Brighton","Wolves","David Coote","6","0","H"
"4343","29-04-23 13:30","England","Premier League","2022/2023","Crystal Palace","West Ham","Craig Pawson","4","3","H"
"4344","27-04-23 21:15","England","Premier League","2022/2023","Tottenham","Manchester Utd","Anthony Taylor","2","2","D"
"4345","27-04-23 20:45","England","Premier League","2022/2023","Everton","Newcastle","Andre Marriner","1","4","A"
"4346","27-04-23 20:45","England","Premier League","2022/2023","Southampton","Bournemouth","Darren England","0","1","A"
"4347","26-04-23 21:00","England","Premier League","2022/2023","Manchester City","Arsenal","Michael Oliver","4","1","H"
"4348","26-04-23 20:45","England","Premier League","2022/2023","Chelsea","Brentford","Andy Madley","0","2","A"
"4349","26-04-23 20:45","England","Premier League","2022/2023","West Ham","Liverpool","Chris Kavanagh","1","2","A"
"4350","26-04-23 20:30","England","Premier League","2022/2023","Nottingham","Brighton","Jarred Gillett","3","1","H"
"4351","25-04-23 21:00","England","Premier League","2022/2023","Leeds","Leicester","Paul Tierney","1","1","D"
"4352","25-04-23 20:45","England","Premier League","2022/2023","Aston Villa","Fulham","Thomas Bramall","1","0","H"
"4353","25-04-23 20:30","England","Premier League","2022/2023","Wolves","Crystal Palace","Robert Jones","2","0","H"
"4354","23-04-23 15:00","England","Premier League","2022/2023","Bournemouth","West Ham","Anthony Taylor","0","4","A"
"4355","23-04-23 15:00","England","Premier League","2022/2023","Newcastle","Tottenham","David Coote","6","1","H"
"4356","22-04-23 16:00","England","Premier League","2022/2023","Brentford","Aston Villa","Michael Salisbury","1","1","D"
"4357","22-04-23 16:00","England","Premier League","2022/2023","Crystal Palace","Everton","John Brooks","0","0","D"
"4358","22-04-23 16:00","England","Premier League","2022/2023","Leicester","Wolves","Andy Madley","2","1","H"
"4359","22-04-23 16:00","England","Premier League","2022/2023","Liverpool","Nottingham","Michael Oliver","3","2","H"
"4360","22-04-23 13:30","England","Premier League","2022/2023","Fulham","Leeds","Peter Bankes","2","1","H"
"4361","21-04-23 21:00","England","Premier League","2022/2023","Arsenal","Southampton","Simon Hooper","3","3","D"
"4362","17-04-23 21:00","England","Premier League","2022/2023","Leeds","Liverpool","Craig Pawson","1","6","A"
"4363","16-04-23 17:30","England","Premier League","2022/2023","Nottingham","Manchester Utd","Simon Hooper","0","2","A"
"4364","16-04-23 15:00","England","Premier League","2022/2023","West Ham","Arsenal","David Coote","2","2","D"
"4365","15-04-23 18:30","England","Premier League","2022/2023","Manchester City","Leicester","Darren England","3","1","H"
"4366","15-04-23 16:00","England","Premier League","2022/2023","Chelsea","Brighton","Robert Jones","1","2","A"
"4367","15-04-23 16:00","England","Premier League","2022/2023","Everton","Fulham","Anthony Taylor","1","3","A"
"4368","15-04-23 16:00","England","Premier League","2022/2023","Southampton","Crystal Palace","Michael Oliver","0","2","A"
"4369","15-04-23 16:00","England","Premier League","2022/2023","Tottenham","Bournemouth","Andy Madley","2","3","A"
"4370","15-04-23 16:00","England","Premier League","2022/2023","Wolves","Brentford","Paul Tierney","2","0","H"
"4371","15-04-23 13:30","England","Premier League","2022/2023","Aston Villa","Newcastle","John Brooks","3","0","H"
"4372","09-04-23 17:30","England","Premier League","2022/2023","Liverpool","Arsenal","Paul Tierney","2","2","D"
"4373","09-04-23 15:00","England","Premier League","2022/2023","Leeds","Crystal Palace","Simon Hooper","1","5","A"
"4374","08-04-23 18:30","England","Premier League","2022/2023","Southampton","Manchester City","Robert Jones","1","4","A"
"4375","08-04-23 16:00","England","Premier League","2022/2023","Aston Villa","Nottingham","Anthony Taylor","2","0","H"
"4376","08-04-23 16:00","England","Premier League","2022/2023","Brentford","Newcastle","Chris Kavanagh","1","2","A"
"4377","08-04-23 16:00","England","Premier League","2022/2023","Fulham","West Ham","Jarred Gillett","0","1","A"
"4378","08-04-23 16:00","England","Premier League","2022/2023","Leicester","Bournemouth","David Coote","0","1","A"
"4379","08-04-23 16:00","England","Premier League","2022/2023","Tottenham","Brighton","Stuart Attwell","2","1","H"
"4380","08-04-23 16:00","England","Premier League","2022/2023","Wolves","Chelsea","Peter Bankes","1","0","H"
"4381","08-04-23 13:30","England","Premier League","2022/2023","Manchester Utd","Everton","Michael Oliver","2","0","H"
"4382","05-04-23 21:00","England","Premier League","2022/2023","Manchester Utd","Brentford","John Brooks","1","0","H"
"4383","05-04-23 21:00","England","Premier League","2022/2023","West Ham","Newcastle","Craig Pawson","1","5","A"
"4384","04-04-23 21:00","England","Premier League","2022/2023","Chelsea","Liverpool","Anthony Taylor","0","0","D"
"4385","04-04-23 20:45","England","Premier League","2022/2023","Bournemouth","Brighton","Darren Bond","0","2","A"
"4386","04-04-23 20:45","England","Premier League","2022/2023","Leeds","Nottingham","Robert Jones","2","1","H"
"4387","04-04-23 20:45","England","Premier League","2022/2023","Leicester","Aston Villa","Graham Scott","1","2","A"
"4388","03-04-23 21:00","England","Premier League","2022/2023","Everton","Tottenham","David Coote","1","1","D"
"4389","02-04-23 17:30","England","Premier League","2022/2023","Newcastle","Manchester Utd","Stuart Attwell","2","0","H"
"4390","02-04-23 15:00","England","Premier League","2022/2023","West Ham","Southampton","Paul Tierney","1","0","H"
"4391","01-04-23 18:30","England","Premier League","2022/2023","Chelsea","Aston Villa","Andy Madley","0","2","A"
"4392","01-04-23 16:00","England","Premier League","2022/2023","Arsenal","Leeds","Darren England","4","1","H"
"4393","01-04-23 16:00","England","Premier League","2022/2023","Bournemouth","Fulham","Peter Bankes","2","1","H"
"4394","01-04-23 16:00","England","Premier League","2022/2023","Brighton","Brentford","Michael Oliver","3","3","D"
"4395","01-04-23 16:00","England","Premier League","2022/2023","Crystal Palace","Leicester","Tim Robinson","2","1","H"
"4396","01-04-23 16:00","England","Premier League","2022/2023","Nottingham","Wolves","Chris Kavanagh","1","1","D"
"4397","01-04-23 13:30","England","Premier League","2022/2023","Manchester City","Liverpool","Simon Hooper","4","1","H"
"4398","19-03-23 15:00","England","Premier League","2022/2023","Arsenal","Crystal Palace","Stuart Attwell","4","1","H"
"4399","18-03-23 18:30","England","Premier League","2022/2023","Chelsea","Everton","Darren England","2","2","D"
"4400","18-03-23 16:00","England","Premier League","2022/2023","Aston Villa","Bournemouth","Robert Jones","3","0","H"
"4401","18-03-23 16:00","England","Premier League","2022/2023","Brentford","Leicester","Darren Bond","1","1","D"
"4402","18-03-23 16:00","England","Premier League","2022/2023","Southampton","Tottenham","Simon Hooper","3","3","D"
"4403","18-03-23 16:00","England","Premier League","2022/2023","Wolves","Leeds","Michael Salisbury","2","4","A"
"4404","17-03-23 21:00","England","Premier League","2022/2023","Nottingham","Newcastle","Paul Tierney","1","2","A"
"4405","15-03-23 20:30","England","Premier League","2022/2023","Brighton","Crystal Palace","Peter Bankes","1","0","H"
"4406","15-03-23 20:30","England","Premier League","2022/2023","Southampton","Brentford","Michael Salisbury","0","2","A"
"4407","12-03-23 17:30","England","Premier League","2022/2023","Newcastle","Wolves","Andy Madley","2","1","H"
"4408","12-03-23 15:00","England","Premier League","2022/2023","Fulham","Arsenal","David Coote","0","3","A"
"4409","12-03-23 15:00","England","Premier League","2022/2023","Manchester Utd","Southampton","Anthony Taylor","0","0","D"
"4410","12-03-23 15:00","England","Premier League","2022/2023","West Ham","Aston Villa","Chris Kavanagh","1","1","D"
"4411","11-03-23 18:30","England","Premier League","2022/2023","Crystal Palace","Manchester City","Robert Jones","0","1","A"
"4412","11-03-23 16:00","England","Premier League","2022/2023","Everton","Brentford","Simon Hooper","1","0","H"
"4413","11-03-23 16:00","England","Premier League","2022/2023","Leeds","Brighton","Paul Tierney","2","2","D"
"4414","11-03-23 16:00","England","Premier League","2022/2023","Leicester","Chelsea","Andre Marriner","1","3","A"
"4415","11-03-23 16:00","England","Premier League","2022/2023","Tottenham","Nottingham","Craig Pawson","3","1","H"
"4416","11-03-23 13:30","England","Premier League","2022/2023","Bournemouth","Liverpool","John Brooks","1","0","H"
"4417","06-03-23 21:00","England","Premier League","2022/2023","Brentford","Fulham","Anthony Taylor","3","2","H"
"4418","05-03-23 17:30","England","Premier League","2022/2023","Liverpool","Manchester Utd","Andy Madley","7","0","H"
"4419","05-03-23 15:00","England","Premier League","2022/2023","Nottingham","Everton","John Brooks","2","2","D"
"4420","04-03-23 18:30","England","Premier League","2022/2023","Southampton","Leicester","Robert Jones","1","0","H"
"4421","04-03-23 16:00","England","Premier League","2022/2023","Arsenal","Bournemouth","Chris Kavanagh","3","2","H"
"4422","04-03-23 16:00","England","Premier League","2022/2023","Aston Villa","Crystal Palace","Craig Pawson","1","0","H"
"4423","04-03-23 16:00","England","Premier League","2022/2023","Brighton","West Ham","Stuart Attwell","4","0","H"
"4424","04-03-23 16:00","England","Premier League","2022/2023","Chelsea","Leeds","Michael Oliver","1","0","H"
"4425","04-03-23 16:00","England","Premier League","2022/2023","Wolves","Tottenham","Tim Robinson","1","0","H"
"4426","04-03-23 13:30","England","Premier League","2022/2023","Manchester City","Newcastle","Simon Hooper","2","0","H"
"4427","01-03-23 21:00","England","Premier League","2022/2023","Liverpool","Wolves","Paul Tierney","2","0","H"
"4428","01-03-23 20:45","England","Premier League","2022/2023","Arsenal","Everton","Michael Oliver","4","0","H"
"4429","26-02-23 14:30","England","Premier League","2022/2023","Tottenham","Chelsea","Stuart Attwell","2","0","H"
"4430","25-02-23 20:45","England","Premier League","2022/2023","Crystal Palace","Liverpool","Darren England","0","0","D"
"4431","25-02-23 18:30","England","Premier League","2022/2023","Bournemouth","Manchester City","Paul Tierney","1","4","A"
"4432","25-02-23 16:00","England","Premier League","2022/2023","Everton","Aston Villa","Anthony Taylor","0","2","A"
"4433","25-02-23 16:00","England","Premier League","2022/2023","Leeds","Southampton","Peter Bankes","1","0","H"
"4434","25-02-23 16:00","England","Premier League","2022/2023","Leicester","Arsenal","Craig Pawson","0","1","A"
"4435","25-02-23 16:00","England","Premier League","2022/2023","West Ham","Nottingham","Jarred Gillett","4","0","H"
"4436","24-02-23 21:00","England","Premier League","2022/2023","Fulham","Wolves","Michael Oliver","1","1","D"
"4437","19-02-23 17:30","England","Premier League","2022/2023","Tottenham","West Ham","Michael Oliver","2","0","H"
"4438","19-02-23 15:00","England","Premier League","2022/2023","Manchester Utd","Leicester","Stuart Attwell","3","0","H"
"4439","18-02-23 18:30","England","Premier League","2022/2023","Newcastle","Liverpool","Anthony Taylor","0","2","A"
"4440","18-02-23 16:00","England","Premier League","2022/2023","Brentford","Crystal Palace","Paul Tierney","1","1","D"
"4441","18-02-23 16:00","England","Premier League","2022/2023","Brighton","Fulham","Darren England","0","1","A"
"4442","18-02-23 16:00","England","Premier League","2022/2023","Chelsea","Southampton","David Coote","0","1","A"
"4443","18-02-23 16:00","England","Premier League","2022/2023","Everton","Leeds","Andy Madley","1","0","H"
"4444","18-02-23 16:00","England","Premier League","2022/2023","Nottingham","Manchester City","Graham Scott","1","1","D"
"4445","18-02-23 16:00","England","Premier League","2022/2023","Wolves","Bournemouth","Michael Salisbury","0","1","A"
"4446","18-02-23 13:30","England","Premier League","2022/2023","Aston Villa","Arsenal","Simon Hooper","2","4","A"
"4447","15-02-23 20:30","England","Premier League","2022/2023","Arsenal","Manchester City","Anthony Taylor","1","3","A"
"4448","13-02-23 21:00","England","Premier League","2022/2023","Liverpool","Everton","Simon Hooper","2","0","H"
"4449","12-02-23 17:30","England","Premier League","2022/2023","Manchester City","Aston Villa","Robert Jones","3","1","H"
"4450","12-02-23 15:00","England","Premier League","2022/2023","Leeds","Manchester Utd","Paul Tierney","0","2","A"
"4451","11-02-23 18:30","England","Premier League","2022/2023","Bournemouth","Newcastle","Stuart Attwell","1","1","D"
"4452","11-02-23 16:00","England","Premier League","2022/2023","Arsenal","Brentford","Peter Bankes","1","1","D"
"4453","11-02-23 16:00","England","Premier League","2022/2023","Crystal Palace","Brighton","Michael Oliver","1","1","D"
"4454","11-02-23 16:00","England","Premier League","2022/2023","Fulham","Nottingham","Andy Madley","2","0","H"
"4455","11-02-23 16:00","England","Premier League","2022/2023","Leicester","Tottenham","Michael Salisbury","4","1","H"
"4456","11-02-23 16:00","England","Premier League","2022/2023","Southampton","Wolves","Jarred Gillett","1","2","A"
"4457","11-02-23 13:30","England","Premier League","2022/2023","West Ham","Chelsea","Craig Pawson","1","1","D"
"4458","08-02-23 21:00","England","Premier League","2022/2023","Manchester Utd","Leeds","Simon Hooper","2","2","D"
"4459","05-02-23 17:30","England","Premier League","2022/2023","Tottenham","Manchester City","Andy Madley","1","0","H"
"4460","05-02-23 15:00","England","Premier League","2022/2023","Nottingham","Leeds","Robert Jones","1","0","H"
"4461","04-02-23 18:30","England","Premier League","2022/2023","Newcastle","West Ham","Peter Bankes","1","1","D"
"4462","04-02-23 16:00","England","Premier League","2022/2023","Aston Villa","Leicester","Darren England","2","4","A"
"4463","04-02-23 16:00","England","Premier League","2022/2023","Brentford","Southampton","Darren Bond","3","0","H"
"4464","04-02-23 16:00","England","Premier League","2022/2023","Brighton","Bournemouth","Craig Pawson","1","0","H"
"4465","04-02-23 16:00","England","Premier League","2022/2023","Manchester Utd","Crystal Palace","Andre Marriner","2","1","H"
"4466","04-02-23 16:00","England","Premier League","2022/2023","Wolves","Liverpool","Paul Tierney","3","0","H"
"4467","04-02-23 13:30","England","Premier League","2022/2023","Everton","Arsenal","David Coote","1","0","H"
"4468","03-02-23 21:00","England","Premier League","2022/2023","Chelsea","Fulham","Stuart Attwell","0","0","D"
"4469","23-01-23 21:15","England","Premier League","2022/2023","Fulham","Tottenham","Paul Tierney","0","1","A"
"4470","22-01-23 17:30","England","Premier League","2022/2023","Arsenal","Manchester Utd","Anthony Taylor","3","2","H"
"4471","22-01-23 15:00","England","Premier League","2022/2023","Leeds","Brentford","Peter Bankes","0","0","D"
"4472","22-01-23 15:00","England","Premier League","2022/2023","Manchester City","Wolves","David Coote","3","0","H"
"4473","21-01-23 18:30","England","Premier League","2022/2023","Crystal Palace","Newcastle","Craig Pawson","0","0","D"
"4474","21-01-23 16:00","England","Premier League","2022/2023","Bournemouth","Nottingham","Andy Madley","1","1","D"
"4475","21-01-23 16:00","England","Premier League","2022/2023","Leicester","Brighton","Thomas Bramall","2","2","D"
"4476","21-01-23 16:00","England","Premier League","2022/2023","Southampton","Aston Villa","Michael Salisbury","0","1","A"
"4477","21-01-23 16:00","England","Premier League","2022/2023","West Ham","Everton","Stuart Attwell","2","0","H"
"4478","21-01-23 13:30","England","Premier League","2022/2023","Liverpool","Chelsea","Michael Oliver","0","0","D"
"4479","19-01-23 21:00","England","Premier League","2022/2023","Manchester City","Tottenham","Simon Hooper","4","2","H"
"4480","18-01-23 21:00","England","Premier League","2022/2023","Crystal Palace","Manchester Utd","Robert Jones","1","1","D"
"4481","15-01-23 17:30","England","Premier League","2022/2023","Tottenham","Arsenal","Craig Pawson","0","2","A"
"4482","15-01-23 15:00","England","Premier League","2022/2023","Chelsea","Crystal Palace","Peter Bankes","1","0","H"
"4483","15-01-23 15:00","England","Premier League","2022/2023","Newcastle","Fulham","Robert Jones","1","0","H"
"4484","14-01-23 18:30","England","Premier League","2022/2023","Brentford","Bournemouth","Jarred Gillett","2","0","H"
"4485","14-01-23 16:00","England","Premier League","2022/2023","Brighton","Liverpool","Darren England","3","0","H"
"4486","14-01-23 16:00","England","Premier League","2022/2023","Everton","Southampton","John Brooks","1","2","A"
"4487","14-01-23 16:00","England","Premier League","2022/2023","Nottingham","Leicester","Paul Tierney","2","0","H"
"4488","14-01-23 16:00","England","Premier League","2022/2023","Wolves","West Ham","Simon Hooper","1","0","H"
"4489","14-01-23 13:30","England","Premier League","2022/2023","Manchester Utd","Manchester City","Stuart Attwell","2","1","H"
"4490","13-01-23 21:00","England","Premier League","2022/2023","Aston Villa","Leeds","Michael Oliver","2","1","H"
"4491","12-01-23 21:00","England","Premier League","2022/2023","Fulham","Chelsea","David Coote","2","1","H"
"4492","05-01-23 21:00","England","Premier League","2022/2023","Chelsea","Manchester City","Paul Tierney","0","1","A"
"4493","04-01-23 21:00","England","Premier League","2022/2023","Aston Villa","Wolves","Jarred Gillett","1","1","D"
"4494","04-01-23 21:00","England","Premier League","2022/2023","Crystal Palace","Tottenham","Michael Oliver","0","4","A"
"4495","04-01-23 20:45","England","Premier League","2022/2023","Leeds","West Ham","David Coote","2","2","D"
"4496","04-01-23 20:30","England","Premier League","2022/2023","Southampton","Nottingham","Thomas Bramall","0","1","A"
"4497","03-01-23 21:00","England","Premier League","2022/2023","Manchester Utd","Bournemouth","Michael Salisbury","3","0","H"
"4498","03-01-23 20:45","England","Premier League","2022/2023","Arsenal","Newcastle","Andy Madley","0","0","D"
"4499","03-01-23 20:45","England","Premier League","2022/2023","Everton","Brighton","Andre Marriner","1","4","A"
"4500","03-01-23 20:45","England","Premier League","2022/2023","Leicester","Fulham","Darren Bond","0","1","A"
"4501","02-01-23 18:30","England","Premier League","2022/2023","Brentford","Liverpool","Stuart Attwell","3","1","H"
"4502","01-01-23 17:30","England","Premier League","2022/2023","Nottingham","Chelsea","Peter Bankes","1","1","D"
"4503","01-01-23 15:00","England","Premier League","2022/2023","Tottenham","Aston Villa","John Brooks","0","2","A"
"4504","31-12-22 18:30","England","Premier League","2022/2023","Brighton","Arsenal","Anthony Taylor","2","4","A"
"4505","31-12-22 16:00","England","Premier League","2022/2023","Bournemouth","Crystal Palace","Andre Marriner","0","2","A"
"4506","31-12-22 16:00","England","Premier League","2022/2023","Fulham","Southampton","Graham Scott","2","1","H"
"4507","31-12-22 16:00","England","Premier League","2022/2023","Manchester City","Everton","Andy Madley","1","1","D"
"4508","31-12-22 16:00","England","Premier League","2022/2023","Newcastle","Leeds","Simon Hooper","0","0","D"
"4509","31-12-22 13:30","England","Premier League","2022/2023","Wolves","Manchester Utd","Robert Jones","0","1","A"
"4510","30-12-22 21:00","England","Premier League","2022/2023","Liverpool","Leicester","Craig Pawson","2","1","H"
"4511","30-12-22 20:45","England","Premier League","2022/2023","West Ham","Brentford","Darren England","0","2","A"
"4512","28-12-22 21:00","England","Premier League","2022/2023","Leeds","Manchester City","Stuart Attwell","1","3","A"
"4513","27-12-22 21:00","England","Premier League","2022/2023","Manchester Utd","Nottingham","Anthony Taylor","3","0","H"
"4514","27-12-22 18:30","England","Premier League","2022/2023","Chelsea","Bournemouth","Simon Hooper","2","0","H"
"4515","26-12-22 21:00","England","Premier League","2022/2023","Arsenal","West Ham","Michael Oliver","3","1","H"
"4516","26-12-22 18:30","England","Premier League","2022/2023","Aston Villa","Liverpool","Paul Tierney","1","3","A"
"4517","26-12-22 16:00","England","Premier League","2022/2023","Crystal Palace","Fulham","Andy Madley","0","3","A"
"4518","26-12-22 16:00","England","Premier League","2022/2023","Everton","Wolves","Craig Pawson","1","2","A"
"4519","26-12-22 16:00","England","Premier League","2022/2023","Leicester","Newcastle","Jarred Gillett","0","3","A"
"4520","26-12-22 16:00","England","Premier League","2022/2023","Southampton","Brighton","Robert Jones","1","3","A"
"4521","26-12-22 13:30","England","Premier League","2022/2023","Brentford","Tottenham","David Coote","2","2","D"
"4522","13-11-22 17:30","England","Premier League","2022/2023","Fulham","Manchester Utd","Paul Tierney","1","2","A"
"4523","13-11-22 15:00","England","Premier League","2022/2023","Brighton","Aston Villa","Chris Kavanagh","1","2","A"
"4524","12-11-22 20:45","England","Premier League","2022/2023","Wolves","Arsenal","Stuart Attwell","0","2","A"
"4525","12-11-22 18:30","England","Premier League","2022/2023","Newcastle","Chelsea","Robert Jones","1","0","H"
"4526","12-11-22 16:00","England","Premier League","2022/2023","Bournemouth","Everton","Craig Pawson","3","0","H"
"4527","12-11-22 16:00","England","Premier League","2022/2023","Liverpool","Southampton","Simon Hooper","3","1","H"
"4528","12-11-22 16:00","England","Premier League","2022/2023","Nottingham","Crystal Palace","John Brooks","1","0","H"
"4529","12-11-22 16:00","England","Premier League","2022/2023","Tottenham","Leeds","Michael Salisbury","4","3","H"
"4530","12-11-22 16:00","England","Premier League","2022/2023","West Ham","Leicester","Jarred Gillett","0","2","A"
"4531","12-11-22 13:30","England","Premier League","2022/2023","Manchester City","Brentford","Peter Bankes","1","2","A"
"4532","06-11-22 17:30","England","Premier League","2022/2023","Tottenham","Liverpool","Andy Madley","1","2","A"
"4533","06-11-22 15:00","England","Premier League","2022/2023","Aston Villa","Manchester Utd","Anthony Taylor","3","1","H"
"4534","06-11-22 15:00","England","Premier League","2022/2023","Southampton","Newcastle","Stuart Attwell","1","4","A"
"4535","06-11-22 15:00","England","Premier League","2022/2023","West Ham","Crystal Palace","Paul Tierney","1","2","A"
"4536","06-11-22 13:00","England","Premier League","2022/2023","Chelsea","Arsenal","Michael Oliver","0","1","A"
"4537","05-11-22 18:30","England","Premier League","2022/2023","Everton","Leicester","David Coote","0","2","A"
"4538","05-11-22 16:00","England","Premier League","2022/2023","Leeds","Bournemouth","Tony Harrington","4","3","H"
"4539","05-11-22 16:00","England","Premier League","2022/2023","Manchester City","Fulham","Darren England","2","1","H"
"4540","05-11-22 16:00","England","Premier League","2022/2023","Nottingham","Brentford","Andre Marriner","2","2","D"
"4541","05-11-22 16:00","England","Premier League","2022/2023","Wolves","Brighton","Graham Scott","2","3","A"
"4542","30-10-22 17:15","England","Premier League","2022/2023","Manchester Utd","West Ham","Chris Kavanagh","1","0","H"
"4543","30-10-22 15:00","England","Premier League","2022/2023","Arsenal","Nottingham","Simon Hooper","5","0","H"
"4544","29-10-22 20:45","England","Premier League","2022/2023","Liverpool","Leeds","Michael Oliver","1","2","A"
"4545","29-10-22 18:30","England","Premier League","2022/2023","Fulham","Everton","John Brooks","0","0","D"
"4546","29-10-22 16:00","England","Premier League","2022/2023","Bournemouth","Tottenham","Anthony Taylor","2","3","A"
"4547","29-10-22 16:00","England","Premier League","2022/2023","Brentford","Wolves","Robert Madley","1","1","D"
"4548","29-10-22 16:00","England","Premier League","2022/2023","Brighton","Chelsea","Andy Madley","4","1","H"
"4549","29-10-22 16:00","England","Premier League","2022/2023","Crystal Palace","Southampton","Michael Salisbury","1","0","H"
"4550","29-10-22 16:00","England","Premier League","2022/2023","Newcastle","Aston Villa","Paul Tierney","4","0","H"
"4551","29-10-22 13:30","England","Premier League","2022/2023","Leicester","Manchester City","Robert Jones","0","1","A"
"4552","24-10-22 21:00","England","Premier League","2022/2023","West Ham","Bournemouth","David Coote","2","0","H"
"4553","23-10-22 17:30","England","Premier League","2022/2023","Tottenham","Newcastle","Jarred Gillett","1","2","A"
"4554","23-10-22 15:00","England","Premier League","2022/2023","Aston Villa","Brentford","Darren England","4","0","H"
"4555","23-10-22 15:00","England","Premier League","2022/2023","Leeds","Fulham","Anthony Taylor","2","3","A"
"4556","23-10-22 15:00","England","Premier League","2022/2023","Southampton","Arsenal","Robert Jones","1","1","D"
"4557","23-10-22 15:00","England","Premier League","2022/2023","Wolves","Leicester","Michael Oliver","0","4","A"
"4558","22-10-22 18:30","England","Premier League","2022/2023","Chelsea","Manchester Utd","Stuart Attwell","1","1","D"
"4559","22-10-22 16:00","England","Premier League","2022/2023","Everton","Crystal Palace","Simon Hooper","3","0","H"
"4560","22-10-22 16:00","England","Premier League","2022/2023","Manchester City","Brighton","Craig Pawson","3","1","H"
"4561","22-10-22 13:30","England","Premier League","2022/2023","Nottingham","Liverpool","Paul Tierney","1","0","H"
"4562","20-10-22 21:15","England","Premier League","2022/2023","Leicester","Leeds","Peter Bankes","2","0","H"
"4563","20-10-22 20:30","England","Premier League","2022/2023","Fulham","Aston Villa","Michael Oliver","3","0","H"
"4564","19-10-22 21:15","England","Premier League","2022/2023","Manchester Utd","Tottenham","Simon Hooper","2","0","H"
"4565","19-10-22 20:30","England","Premier League","2022/2023","Bournemouth","Southampton","John Brooks","0","1","A"
"4566","19-10-22 20:30","England","Premier League","2022/2023","Brentford","Chelsea","Jarred Gillett","0","0","D"
"4567","19-10-22 20:30","England","Premier League","2022/2023","Liverpool","West Ham","Stuart Attwell","1","0","H"
"4568","19-10-22 20:30","England","Premier League","2022/2023","Newcastle","Everton","Tony Harrington","1","0","H"
"4569","18-10-22 21:15","England","Premier League","2022/2023","Crystal Palace","Wolves","David Coote","2","1","H"
"4570","18-10-22 20:30","England","Premier League","2022/2023","Brighton","Nottingham","Darren England","0","0","D"
"4571","16-10-22 17:30","England","Premier League","2022/2023","Liverpool","Manchester City","Anthony Taylor","1","0","H"
"4572","16-10-22 15:00","England","Premier League","2022/2023","Aston Villa","Chelsea","Robert Jones","0","2","A"
"4573","16-10-22 15:00","England","Premier League","2022/2023","Leeds","Arsenal","Chris Kavanagh","0","1","A"
"4574","16-10-22 15:00","England","Premier League","2022/2023","Manchester Utd","Newcastle","Craig Pawson","0","0","D"
"4575","16-10-22 15:00","England","Premier League","2022/2023","Southampton","West Ham","Peter Bankes","1","1","D"
"4576","15-10-22 18:30","England","Premier League","2022/2023","Tottenham","Everton","Paul Tierney","2","0","H"
"4577","15-10-22 16:00","England","Premier League","2022/2023","Fulham","Bournemouth","Graham Scott","2","2","D"
"4578","15-10-22 16:00","England","Premier League","2022/2023","Wolves","Nottingham","Thomas Bramall","1","0","H"
"4579","15-10-22 13:30","England","Premier League","2022/2023","Leicester","Crystal Palace","Andy Madley","0","0","D"
"4580","14-10-22 21:00","England","Premier League","2022/2023","Brentford","Brighton","Michael Salisbury","2","0","H"
"4581","10-10-22 21:00","England","Premier League","2022/2023","Nottingham","Aston Villa","Anthony Taylor","1","1","D"
"4582","09-10-22 20:00","England","Premier League","2022/2023","Everton","Manchester Utd","David Coote","1","2","A"
"4583","09-10-22 17:30","England","Premier League","2022/2023","Arsenal","Liverpool","Michael Oliver","3","2","H"
"4584","09-10-22 15:00","England","Premier League","2022/2023","Crystal Palace","Leeds","Paul Tierney","2","1","H"
"4585","09-10-22 15:00","England","Premier League","2022/2023","West Ham","Fulham","Chris Kavanagh","3","1","H"
"4586","08-10-22 18:30","England","Premier League","2022/2023","Brighton","Tottenham","Tony Harrington","0","1","A"
"4587","08-10-22 16:00","England","Premier League","2022/2023","Bournemouth","Leicester","Michael Salisbury","2","1","H"
"4588","08-10-22 16:00","England","Premier League","2022/2023","Chelsea","Wolves","Simon Hooper","3","0","H"
"4589","08-10-22 16:00","England","Premier League","2022/2023","Manchester City","Southampton","Andy Madley","4","0","H"
"4590","08-10-22 16:00","England","Premier League","2022/2023","Newcastle","Brentford","John Brooks","5","1","H"
"4591","03-10-22 21:00","England","Premier League","2022/2023","Leicester","Nottingham","Robert Jones","4","0","H"
"4592","02-10-22 17:30","England","Premier League","2022/2023","Leeds","Aston Villa","Stuart Attwell","0","0","D"
"4593","02-10-22 15:00","England","Premier League","2022/2023","Manchester City","Manchester Utd","Michael Oliver","6","3","H"
"4594","01-10-22 18:30","England","Premier League","2022/2023","West Ham","Wolves","Paul Tierney","2","0","H"
"4595","01-10-22 16:00","England","Premier League","2022/2023","Bournemouth","Brentford","Thomas Bramall","0","0","D"
"4596","01-10-22 16:00","England","Premier League","2022/2023","Crystal Palace","Chelsea","Chris Kavanagh","1","2","A"
"4597","01-10-22 16:00","England","Premier League","2022/2023","Fulham","Newcastle","Darren England","1","4","A"
"4598","01-10-22 16:00","England","Premier League","2022/2023","Liverpool","Brighton","Andy Madley","3","3","D"
"4599","01-10-22 16:00","England","Premier League","2022/2023","Southampton","Everton","Andre Marriner","1","2","A"
"4600","01-10-22 13:30","England","Premier League","2022/2023","Arsenal","Tottenham","Anthony Taylor","3","1","H"
"4601","18-09-22 15:15","England","Premier League","2022/2023","Everton","West Ham","Michael Oliver","1","0","H"
"4602","18-09-22 13:00","England","Premier League","2022/2023","Brentford","Arsenal","David Coote","0","3","A"
"4603","17-09-22 18:30","England","Premier League","2022/2023","Tottenham","Leicester","Simon Hooper","6","2","H"
"4604","17-09-22 16:00","England","Premier League","2022/2023","Newcastle","Bournemouth","Craig Pawson","1","1","D"
"4605","17-09-22 13:30","England","Premier League","2022/2023","Wolves","Manchester City","Anthony Taylor","0","3","A"
"4606","16-09-22 21:00","England","Premier League","2022/2023","Aston Villa","Southampton","Tony Harrington","1","0","H"
"4607","16-09-22 21:00","England","Premier League","2022/2023","Nottingham","Fulham","Jarred Gillett","2","3","A"
"4608","04-09-22 17:30","England","Premier League","2022/2023","Manchester Utd","Arsenal","Paul Tierney","3","1","H"
"4609","04-09-22 15:00","England","Premier League","2022/2023","Brighton","Leicester","Tony Harrington","5","2","H"
"4610","03-09-22 18:30","England","Premier League","2022/2023","Aston Villa","Manchester City","Simon Hooper","1","1","D"
"4611","03-09-22 16:00","England","Premier League","2022/2023","Brentford","Leeds","Robert Jones","5","2","H"
"4612","03-09-22 16:00","England","Premier League","2022/2023","Chelsea","West Ham","Andy Madley","2","1","H"
"4613","03-09-22 16:00","England","Premier League","2022/2023","Newcastle","Crystal Palace","Michael Salisbury","0","0","D"
"4614","03-09-22 16:00","England","Premier League","2022/2023","Nottingham","Bournemouth","Michael Oliver","2","3","A"
"4615","03-09-22 16:00","England","Premier League","2022/2023","Tottenham","Fulham","Stuart Attwell","2","1","H"
"4616","03-09-22 16:00","England","Premier League","2022/2023","Wolves","Southampton","John Brooks","1","0","H"
"4617","03-09-22 13:30","England","Premier League","2022/2023","Everton","Liverpool","Anthony Taylor","0","0","D"
"4618","01-09-22 21:00","England","Premier League","2022/2023","Leicester","Manchester Utd","Craig Pawson","0","1","A"
"4619","31-08-22 21:00","England","Premier League","2022/2023","Liverpool","Newcastle","Andre Marriner","2","1","H"
"4620","31-08-22 20:45","England","Premier League","2022/2023","West Ham","Tottenham","Peter Bankes","1","1","D"
"4621","31-08-22 20:30","England","Premier League","2022/2023","Arsenal","Aston Villa","Robert Jones","2","1","H"
"4622","31-08-22 20:30","England","Premier League","2022/2023","Bournemouth","Wolves","Anthony Taylor","0","0","D"
"4623","31-08-22 20:30","England","Premier League","2022/2023","Manchester City","Nottingham","Paul Tierney","6","0","H"
"4624","30-08-22 21:00","England","Premier League","2022/2023","Leeds","Everton","Darren England","1","1","D"
"4625","30-08-22 20:45","England","Premier League","2022/2023","Southampton","Chelsea","Michael Oliver","2","1","H"
"4626","30-08-22 20:30","England","Premier League","2022/2023","Crystal Palace","Brentford","Simon Hooper","1","1","D"
"4627","30-08-22 20:30","England","Premier League","2022/2023","Fulham","Brighton","Thomas Bramall","2","1","H"
"4628","28-08-22 17:30","England","Premier League","2022/2023","Nottingham","Tottenham","Craig Pawson","0","2","A"
"4629","28-08-22 15:00","England","Premier League","2022/2023","Aston Villa","West Ham","David Coote","0","1","A"
"4630","28-08-22 15:00","England","Premier League","2022/2023","Wolves","Newcastle","Peter Bankes","1","1","D"
"4631","27-08-22 18:30","England","Premier League","2022/2023","Arsenal","Fulham","Jarred Gillett","2","1","H"
"4632","27-08-22 16:00","England","Premier League","2022/2023","Brentford","Everton","John Brooks","1","1","D"
"4633","27-08-22 16:00","England","Premier League","2022/2023","Brighton","Leeds","Michael Salisbury","1","0","H"
"4634","27-08-22 16:00","England","Premier League","2022/2023","Chelsea","Leicester","Paul Tierney","2","1","H"
"4635","27-08-22 16:00","England","Premier League","2022/2023","Liverpool","Bournemouth","Stuart Attwell","9","0","H"
"4636","27-08-22 16:00","England","Premier League","2022/2023","Manchester City","Crystal Palace","Darren England","4","2","H"
"4637","27-08-22 13:30","England","Premier League","2022/2023","Southampton","Manchester Utd","Andy Madley","0","1","A"
"4638","22-08-22 21:00","England","Premier League","2022/2023","Manchester Utd","Liverpool","Michael Oliver","2","1","H"
"4639","21-08-22 17:30","England","Premier League","2022/2023","Newcastle","Manchester City","Jarred Gillett","3","3","D"
"4640","21-08-22 15:00","England","Premier League","2022/2023","Leeds","Chelsea","Stuart Attwell","3","0","H"
"4641","21-08-22 15:00","England","Premier League","2022/2023","West Ham","Brighton","Anthony Taylor","0","2","A"
"4642","20-08-22 18:30","England","Premier League","2022/2023","Bournemouth","Arsenal","Craig Pawson","0","3","A"
"4643","20-08-22 16:00","England","Premier League","2022/2023","Crystal Palace","Aston Villa","Andy Madley","3","1","H"
"4644","20-08-22 16:00","England","Premier League","2022/2023","Everton","Nottingham","Andre Marriner","1","1","D"
"4645","20-08-22 16:00","England","Premier League","2022/2023","Fulham","Brentford","Peter Bankes","3","2","H"
"4646","20-08-22 16:00","England","Premier League","2022/2023","Leicester","Southampton","Michael Salisbury","1","2","A"
"4647","20-08-22 13:30","England","Premier League","2022/2023","Tottenham","Wolves","Simon Hooper","1","0","H"
"4648","15-08-22 21:00","England","Premier League","2022/2023","Liverpool","Crystal Palace","Paul Tierney","1","1","D"
"4649","14-08-22 17:30","England","Premier League","2022/2023","Chelsea","Tottenham","Anthony Taylor","2","2","D"
"4650","14-08-22 15:00","England","Premier League","2022/2023","Nottingham","West Ham","Robert Jones","1","0","H"
"4651","13-08-22 18:30","England","Premier League","2022/2023","Brentford","Manchester Utd","Stuart Attwell","4","0","H"
"4652","13-08-22 16:00","England","Premier League","2022/2023","Arsenal","Leicester","Darren England","4","2","H"
"4653","13-08-22 16:00","England","Premier League","2022/2023","Brighton","Newcastle","Graham Scott","0","0","D"
"4654","13-08-22 16:00","England","Premier League","2022/2023","Manchester City","Bournemouth","David Coote","4","0","H"
"4655","13-08-22 16:00","England","Premier League","2022/2023","Southampton","Leeds","Tony Harrington","2","2","D"
"4656","13-08-22 16:00","England","Premier League","2022/2023","Wolves","Fulham","John Brooks","0","0","D"
"4657","13-08-22 13:30","England","Premier League","2022/2023","Aston Villa","Everton","Michael Oliver","2","1","H"
"4658","07-08-22 17:30","England","Premier League","2022/2023","West Ham","Manchester City","Michael Oliver","0","2","A"
"4659","07-08-22 15:00","England","Premier League","2022/2023","Leicester","Brentford","Jarred Gillett","2","2","D"
"4660","07-08-22 15:00","England","Premier League","2022/2023","Manchester Utd","Brighton","Paul Tierney","1","2","A"
"4661","06-08-22 18:30","England","Premier League","2022/2023","Everton","Chelsea","Craig Pawson","0","1","A"
"4662","06-08-22 16:00","England","Premier League","2022/2023","Bournemouth","Aston Villa","Peter Bankes","2","0","H"
"4663","06-08-22 16:00","England","Premier League","2022/2023","Leeds","Wolves","Robert Jones","2","1","H"
"4664","06-08-22 16:00","England","Premier League","2022/2023","Newcastle","Nottingham","Simon Hooper","2","0","H"
"4665","06-08-22 16:00","England","Premier League","2022/2023","Tottenham","Southampton","Andre Marriner","4","1","H"
"4666","06-08-22 13:30","England","Premier League","2022/2023","Fulham","Liverpool","Andy Madley","2","2","D"
"4667","05-08-22 21:00","England","Premier League","2022/2023","Crystal Palace","Arsenal","Anthony Taylor","0","2","A"
"4669","22-05-22 17:00","England","Premier League","2021/2022","Arsenal","Everton","Andre Marriner","5","1","H"
"4670","22-05-22 17:00","England","Premier League","2021/2022","Brentford","Leeds","Paul Tierney","1","2","A"
"4671","22-05-22 17:00","England","Premier League","2021/2022","Brighton","West Ham","Kevin Friend","3","1","H"
"4672","22-05-22 17:00","England","Premier League","2021/2022","Burnley","Newcastle","Craig Pawson","1","2","A"
"4673","22-05-22 17:00","England","Premier League","2021/2022","Chelsea","Watford","Mike Dean","2","1","H"
"4674","22-05-22 17:00","England","Premier League","2021/2022","Crystal Palace","Manchester Utd","Martin Atkinson","1","0","H"
"4675","22-05-22 17:00","England","Premier League","2021/2022","Leicester","Southampton","Jonathan Moss","4","1","H"
"4676","22-05-22 17:00","England","Premier League","2021/2022","Liverpool","Wolves","Anthony Taylor","3","1","H"
"4677","22-05-22 17:00","England","Premier League","2021/2022","Manchester City","Aston Villa","Michael Oliver","3","2","H"
"4678","22-05-22 17:00","England","Premier League","2021/2022","Norwich","Tottenham","Chris Kavanagh","0","5","A"
"4679","19-05-22 21:00","England","Premier League","2021/2022","Aston Villa","Burnley","Paul Tierney","1","1","D"
"4680","19-05-22 21:00","England","Premier League","2021/2022","Chelsea","Leicester","Stuart Attwell","1","1","D"
"4681","19-05-22 20:45","England","Premier League","2021/2022","Everton","Crystal Palace","Anthony Taylor","3","2","H"
"4682","17-05-22 20:45","England","Premier League","2021/2022","Southampton","Liverpool","Martin Atkinson","1","2","A"
"4683","16-05-22 21:00","England","Premier League","2021/2022","Newcastle","Arsenal","Darren England","2","0","H"
"4684","15-05-22 17:30","England","Premier League","2021/2022","Everton","Brentford","Michael Oliver","2","3","A"
"4685","15-05-22 15:00","England","Premier League","2021/2022","Aston Villa","Crystal Palace","Chris Kavanagh","1","1","D"
"4686","15-05-22 15:00","England","Premier League","2021/2022","Leeds","Brighton","Mike Dean","1","1","D"
"4687","15-05-22 15:00","England","Premier League","2021/2022","Watford","Leicester","Jarred Gillett","1","5","A"
"4688","15-05-22 15:00","England","Premier League","2021/2022","West Ham","Manchester City","Anthony Taylor","2","2","D"
"4689","15-05-22 15:00","England","Premier League","2021/2022","Wolves","Norwich","Tony Harrington","1","1","D"
"4690","15-05-22 13:00","England","Premier League","2021/2022","Tottenham","Burnley","Kevin Friend","1","0","H"
"4691","12-05-22 20:45","England","Premier League","2021/2022","Tottenham","Arsenal","Paul Tierney","3","0","H"
"4692","11-05-22 21:15","England","Premier League","2021/2022","Wolves","Manchester City","Martin Atkinson","1","5","A"
"4693","11-05-22 20:45","England","Premier League","2021/2022","Leicester","Norwich","Simon Hooper","3","0","H"
"4694","11-05-22 20:45","England","Premier League","2021/2022","Watford","Everton","Mike Dean","0","0","D"
"4695","11-05-22 20:30","England","Premier League","2021/2022","Leeds","Chelsea","Anthony Taylor","0","3","A"
"4696","10-05-22 21:00","England","Premier League","2021/2022","Aston Villa","Liverpool","Jonathan Moss","1","2","A"
"4697","08-05-22 17:30","England","Premier League","2021/2022","Manchester City","Newcastle","Stuart Attwell","5","0","H"
"4698","08-05-22 15:00","England","Premier League","2021/2022","Arsenal","Leeds","Chris Kavanagh","2","1","H"
"4699","08-05-22 15:00","England","Premier League","2021/2022","Leicester","Everton","Craig Pawson","1","2","A"
"4700","08-05-22 15:00","England","Premier League","2021/2022","Norwich","West Ham","Robert Jones","0","4","A"
"4701","07-05-22 20:45","England","Premier League","2021/2022","Liverpool","Tottenham","Michael Oliver","1","1","D"
"4702","07-05-22 18:30","England","Premier League","2021/2022","Brighton","Manchester Utd","Andy Madley","4","0","H"
"4703","07-05-22 16:00","England","Premier League","2021/2022","Brentford","Southampton","Michael Salisbury","3","0","H"
"4704","07-05-22 16:00","England","Premier League","2021/2022","Burnley","Aston Villa","David Coote","1","3","A"
"4705","07-05-22 16:00","England","Premier League","2021/2022","Chelsea","Wolves","Peter Bankes","2","2","D"
"4706","07-05-22 16:00","England","Premier League","2021/2022","Crystal Palace","Watford","Graham Scott","1","0","H"
"4707","02-05-22 21:00","England","Premier League","2021/2022","Manchester Utd","Brentford","Chris Kavanagh","3","0","H"
"4708","01-05-22 17:30","England","Premier League","2021/2022","West Ham","Arsenal","Mike Dean","1","2","A"
"4709","01-05-22 15:00","England","Premier League","2021/2022","Everton","Chelsea","Kevin Friend","1","0","H"
"4710","01-05-22 15:00","England","Premier League","2021/2022","Tottenham","Leicester","Jonathan Moss","3","1","H"
"4711","30-04-22 18:30","England","Premier League","2021/2022","Leeds","Manchester City","Paul Tierney","0","4","A"
"4712","30-04-22 16:00","England","Premier League","2021/2022","Aston Villa","Norwich","John Brooks","2","0","H"
"4713","30-04-22 16:00","England","Premier League","2021/2022","Southampton","Crystal Palace","Jarred Gillett","1","2","A"
"4714","30-04-22 16:00","England","Premier League","2021/2022","Watford","Burnley","Craig Pawson","1","2","A"
"4715","30-04-22 16:00","England","Premier League","2021/2022","Wolves","Brighton","Simon Hooper","0","3","A"
"4716","30-04-22 13:30","England","Premier League","2021/2022","Newcastle","Liverpool","Andre Marriner","0","1","A"
"4717","28-04-22 20:45","England","Premier League","2021/2022","Manchester Utd","Chelsea","Mike Dean","1","1","D"
"4718","25-04-22 21:00","England","Premier League","2021/2022","Crystal Palace","Leeds","Darren England","0","0","D"
"4719","24-04-22 17:30","England","Premier League","2021/2022","Liverpool","Everton","Stuart Attwell","2","0","H"
"4720","24-04-22 15:00","England","Premier League","2021/2022","Brighton","Southampton","Robert Jones","2","2","D"
"4721","24-04-22 15:00","England","Premier League","2021/2022","Burnley","Wolves","Anthony Taylor","1","0","H"
"4722","24-04-22 15:00","England","Premier League","2021/2022","Chelsea","West Ham","Michael Oliver","1","0","H"
"4723","23-04-22 18:30","England","Premier League","2021/2022","Brentford","Tottenham","Martin Atkinson","0","0","D"
"4724","23-04-22 16:00","England","Premier League","2021/2022","Leicester","Aston Villa","Andy Madley","0","0","D"
"4725","23-04-22 16:00","England","Premier League","2021/2022","Manchester City","Watford","Kevin Friend","5","1","H"
"4726","23-04-22 16:00","England","Premier League","2021/2022","Norwich","Newcastle","Chris Kavanagh","0","3","A"
"4727","23-04-22 13:30","England","Premier League","2021/2022","Arsenal","Manchester Utd","Craig Pawson","3","1","H"
"4728","21-04-22 20:45","England","Premier League","2021/2022","Burnley","Southampton","Stuart Attwell","2","0","H"
"4729","20-04-22 21:00","England","Premier League","2021/2022","Manchester City","Brighton","Mike Dean","3","0","H"
"4730","20-04-22 20:45","England","Premier League","2021/2022","Chelsea","Arsenal","Jonathan Moss","2","4","A"
"4731","20-04-22 20:45","England","Premier League","2021/2022","Everton","Leicester","David Coote","1","1","D"
"4732","20-04-22 20:45","England","Premier League","2021/2022","Newcastle","Crystal Palace","Tony Harrington","1","0","H"
"4733","19-04-22 21:00","England","Premier League","2021/2022","Liverpool","Manchester Utd","Martin Atkinson","4","0","H"
"4734","17-04-22 15:15","England","Premier League","2021/2022","Newcastle","Leicester","Jarred Gillett","2","1","H"
"4735","17-04-22 15:15","England","Premier League","2021/2022","West Ham","Burnley","Paul Tierney","1","1","D"
"4736","16-04-22 16:00","England","Premier League","2021/2022","Manchester Utd","Norwich","Andy Madley","3","2","H"
"4737","16-04-22 16:00","England","Premier League","2021/2022","Southampton","Arsenal","Peter Bankes","1","0","H"
"4738","16-04-22 16:00","England","Premier League","2021/2022","Watford","Brentford","Simon Hooper","1","2","A"
"4739","16-04-22 13:30","England","Premier League","2021/2022","Tottenham","Brighton","Craig Pawson","0","1","A"
"4740","10-04-22 17:30","England","Premier League","2021/2022","Manchester City","Liverpool","Anthony Taylor","2","2","D"
"4741","10-04-22 15:00","England","Premier League","2021/2022","Brentford","West Ham","Martin Atkinson","2","0","H"
"4742","10-04-22 15:00","England","Premier League","2021/2022","Leicester","Crystal Palace","Robert Jones","2","1","H"
"4743","10-04-22 15:00","England","Premier League","2021/2022","Norwich","Burnley","Michael Oliver","2","0","H"
"4744","09-04-22 18:30","England","Premier League","2021/2022","Aston Villa","Tottenham","Graham Scott","0","4","A"
"4745","09-04-22 16:00","England","Premier League","2021/2022","Arsenal","Brighton","David Coote","1","2","A"
"4746","09-04-22 16:00","England","Premier League","2021/2022","Southampton","Chelsea","Kevin Friend","0","6","A"
"4747","09-04-22 16:00","England","Premier League","2021/2022","Watford","Leeds","Andre Marriner","0","3","A"
"4748","09-04-22 13:30","England","Premier League","2021/2022","Everton","Manchester Utd","Jonathan Moss","1","0","H"
"4749","08-04-22 21:00","England","Premier League","2021/2022","Newcastle","Wolves","Peter Bankes","1","0","H"
"4750","06-04-22 20:30","England","Premier League","2021/2022","Burnley","Everton","Mike Dean","3","2","H"
"4751","04-04-22 21:00","England","Premier League","2021/2022","Crystal Palace","Arsenal","Paul Tierney","3","0","H"
"4752","03-04-22 17:30","England","Premier League","2021/2022","Tottenham","Newcastle","Martin Atkinson","5","1","H"
"4753","03-04-22 15:00","England","Premier League","2021/2022","West Ham","Everton","Michael Oliver","2","1","H"
"4754","02-04-22 18:30","England","Premier League","2021/2022","Manchester Utd","Leicester","Andre Marriner","1","1","D"
"4755","02-04-22 16:00","England","Premier League","2021/2022","Brighton","Norwich","Simon Hooper","0","0","D"
"4756","02-04-22 16:00","England","Premier League","2021/2022","Burnley","Manchester City","Craig Pawson","0","2","A"
"4757","02-04-22 16:00","England","Premier League","2021/2022","Chelsea","Brentford","Andy Madley","1","4","A"
"4758","02-04-22 16:00","England","Premier League","2021/2022","Leeds","Southampton","Anthony Taylor","1","1","D"
"4759","02-04-22 16:00","England","Premier League","2021/2022","Wolves","Aston Villa","Darren England","2","1","H"
"4760","02-04-22 13:30","England","Premier League","2021/2022","Liverpool","Watford","Stuart Attwell","2","0","H"
"4761","20-03-22 17:30","England","Premier League","2021/2022","Tottenham","West Ham","Anthony Taylor","3","1","H"
"4762","20-03-22 15:00","England","Premier League","2021/2022","Leicester","Brentford","Darren England","2","1","H"
"4763","19-03-22 13:30","England","Premier League","2021/2022","Aston Villa","Arsenal","Andy Madley","0","1","A"
"4764","18-03-22 21:00","England","Premier League","2021/2022","Wolves","Leeds","Kevin Friend","2","3","A"
"4765","17-03-22 20:45","England","Premier League","2021/2022","Everton","Newcastle","Craig Pawson","1","0","H"
"4766","16-03-22 21:15","England","Premier League","2021/2022","Arsenal","Liverpool","Andre Marriner","0","2","A"
"4767","16-03-22 20:30","England","Premier League","2021/2022","Brighton","Tottenham","Robert Jones","0","2","A"
"4768","14-03-22 21:00","England","Premier League","2021/2022","Crystal Palace","Manchester City","Martin Atkinson","0","0","D"
"4769","13-03-22 17:30","England","Premier League","2021/2022","Arsenal","Leicester","Anthony Taylor","2","0","H"
"4770","13-03-22 15:00","England","Premier League","2021/2022","Chelsea","Newcastle","David Coote","1","0","H"
"4771","13-03-22 15:00","England","Premier League","2021/2022","Everton","Wolves","Michael Oliver","0","1","A"
"4772","13-03-22 15:00","England","Premier League","2021/2022","Leeds","Norwich","Stuart Attwell","2","1","H"
"4773","13-03-22 15:00","England","Premier League","2021/2022","Southampton","Watford","Graham Scott","1","2","A"
"4774","13-03-22 15:00","England","Premier League","2021/2022","West Ham","Aston Villa","Jarred Gillett","2","1","H"
"4775","12-03-22 18:30","England","Premier League","2021/2022","Manchester Utd","Tottenham","Jonathan Moss","3","2","H"
"4776","12-03-22 16:00","England","Premier League","2021/2022","Brentford","Burnley","Paul Tierney","2","0","H"
"4777","12-03-22 13:30","England","Premier League","2021/2022","Brighton","Liverpool","Mike Dean","0","2","A"
"4778","10-03-22 20:45","England","Premier League","2021/2022","Leeds","Aston Villa","Simon Hooper","0","3","A"
"4779","10-03-22 20:30","England","Premier League","2021/2022","Norwich","Chelsea","Martin Atkinson","1","3","A"
"4780","10-03-22 20:30","England","Premier League","2021/2022","Southampton","Newcastle","Kevin Friend","1","2","A"
"4781","10-03-22 20:30","England","Premier League","2021/2022","Wolves","Watford","Darren England","4","0","H"
"4782","07-03-22 21:00","England","Premier League","2021/2022","Tottenham","Everton","Stuart Attwell","5","0","H"
"4783","06-03-22 17:30","England","Premier League","2021/2022","Manchester City","Manchester Utd","Michael Oliver","4","1","H"
"4784","06-03-22 15:00","England","Premier League","2021/2022","Watford","Arsenal","Craig Pawson","2","3","A"
"4785","05-03-22 18:30","England","Premier League","2021/2022","Liverpool","West Ham","Jonathan Moss","1","0","H"
"4786","05-03-22 16:00","England","Premier League","2021/2022","Aston Villa","Southampton","Peter Bankes","4","0","H"
"4787","05-03-22 16:00","England","Premier League","2021/2022","Burnley","Chelsea","Andre Marriner","0","4","A"
"4788","05-03-22 16:00","England","Premier League","2021/2022","Newcastle","Brighton","Martin Atkinson","2","1","H"
"4789","05-03-22 16:00","England","Premier League","2021/2022","Norwich","Brentford","Anthony Taylor","1","3","A"
"4790","05-03-22 16:00","England","Premier League","2021/2022","Wolves","Crystal Palace","Andy Madley","0","2","A"
"4791","05-03-22 13:30","England","Premier League","2021/2022","Leicester","Leeds","David Coote","1","0","H"
"4792","01-03-22 20:45","England","Premier League","2021/2022","Burnley","Leicester","Chris Kavanagh","0","2","A"
"4793","27-02-22 15:00","England","Premier League","2021/2022","West Ham","Wolves","Anthony Taylor","1","0","H"
"4794","26-02-22 18:30","England","Premier League","2021/2022","Everton","Manchester City","Paul Tierney","0","1","A"
"4795","26-02-22 16:30","England","Premier League","2021/2022","Brighton","Aston Villa","John Brooks","0","2","A"
"4796","26-02-22 16:00","England","Premier League","2021/2022","Brentford","Newcastle","Mike Dean","0","2","A"
"4797","26-02-22 16:00","England","Premier League","2021/2022","Crystal Palace","Burnley","Jonathan Moss","1","1","D"
"4798","26-02-22 16:00","England","Premier League","2021/2022","Manchester Utd","Watford","Kevin Friend","0","0","D"
"4799","26-02-22 13:30","England","Premier League","2021/2022","Leeds","Tottenham","Craig Pawson","0","4","A"
"4800","25-02-22 21:00","England","Premier League","2021/2022","Southampton","Norwich","Simon Hooper","2","0","H"
"4801","24-02-22 20:45","England","Premier League","2021/2022","Arsenal","Wolves","Martin Atkinson","2","1","H"
"4802","23-02-22 20:45","England","Premier League","2021/2022","Liverpool","Leeds","Michael Oliver","6","0","H"
"4803","23-02-22 20:30","England","Premier League","2021/2022","Burnley","Tottenham","Graham Scott","1","0","H"
"4804","23-02-22 20:30","England","Premier League","2021/2022","Watford","Crystal Palace","Andre Marriner","1","4","A"
"4805","20-02-22 17:30","England","Premier League","2021/2022","Wolves","Leicester","Craig Pawson","2","1","H"
"4806","20-02-22 15:00","England","Premier League","2021/2022","Leeds","Manchester Utd","Paul Tierney","2","4","A"
"4807","19-02-22 18:30","England","Premier League","2021/2022","Manchester City","Tottenham","Anthony Taylor","2","3","A"
"4808","19-02-22 16:00","England","Premier League","2021/2022","Arsenal","Brentford","Jonathan Moss","2","1","H"
"4809","19-02-22 16:00","England","Premier League","2021/2022","Aston Villa","Watford","Robert Jones","0","1","A"
"4810","19-02-22 16:00","England","Premier League","2021/2022","Brighton","Burnley","Kevin Friend","0","3","A"
"4811","19-02-22 16:00","England","Premier League","2021/2022","Crystal Palace","Chelsea","David Coote","0","1","A"
"4812","19-02-22 16:00","England","Premier League","2021/2022","Liverpool","Norwich","Mike Dean","3","1","H"
"4813","19-02-22 16:00","England","Premier League","2021/2022","Southampton","Everton","Andy Madley","2","0","H"
"4814","19-02-22 13:30","England","Premier League","2021/2022","West Ham","Newcastle","Chris Kavanagh","1","1","D"
"4815","15-02-22 21:15","England","Premier League","2021/2022","Manchester Utd","Brighton","Peter Bankes","2","0","H"
"4816","13-02-22 17:30","England","Premier League","2021/2022","Leicester","West Ham","Michael Oliver","2","2","D"
"4817","13-02-22 15:00","England","Premier League","2021/2022","Burnley","Liverpool","Martin Atkinson","0","1","A"
"4818","13-02-22 15:00","England","Premier League","2021/2022","Newcastle","Aston Villa","Craig Pawson","1","0","H"
"4819","13-02-22 15:00","England","Premier League","2021/2022","Tottenham","Wolves","Kevin Friend","0","2","A"
"4820","12-02-22 18:30","England","Premier League","2021/2022","Norwich","Manchester City","Andre Marriner","0","4","A"
"4821","12-02-22 16:00","England","Premier League","2021/2022","Brentford","Crystal Palace","Simon Hooper","0","0","D"
"4822","12-02-22 16:00","England","Premier League","2021/2022","Everton","Leeds","Graham Scott","3","0","H"
"4823","12-02-22 16:00","England","Premier League","2021/2022","Watford","Brighton","Jonathan Moss","0","2","A"
"4824","12-02-22 13:30","England","Premier League","2021/2022","Manchester Utd","Southampton","Stuart Attwell","1","1","D"
"4825","10-02-22 20:45","England","Premier League","2021/2022","Liverpool","Leicester","Chris Kavanagh","2","0","H"
"4826","10-02-22 20:45","England","Premier League","2021/2022","Wolves","Arsenal","Michael Oliver","0","1","A"
"4827","09-02-22 21:00","England","Premier League","2021/2022","Aston Villa","Leeds","Jarred Gillett","3","3","D"
"4828","09-02-22 20:45","England","Premier League","2021/2022","Manchester City","Brentford","Darren England","2","0","H"
"4829","09-02-22 20:45","England","Premier League","2021/2022","Norwich","Crystal Palace","Paul Tierney","1","1","D"
"4830","09-02-22 20:45","England","Premier League","2021/2022","Tottenham","Southampton","David Coote","2","3","A"
"4831","08-02-22 21:00","England","Premier League","2021/2022","Burnley","Manchester Utd","Mike Dean","1","1","D"
"4832","08-02-22 20:45","England","Premier League","2021/2022","Newcastle","Everton","Anthony Taylor","3","1","H"
"4833","08-02-22 20:45","England","Premier League","2021/2022","West Ham","Watford","Martin Atkinson","1","0","H"
"4834","05-02-22 19:00","England","Premier League","2021/2022","Burnley","Watford","Craig Pawson","0","0","D"
"4835","23-01-22 17:30","England","Premier League","2021/2022","Chelsea","Tottenham","Paul Tierney","2","0","H"
"4836","23-01-22 15:00","England","Premier League","2021/2022","Arsenal","Burnley","David Coote","0","0","D"
"4837","23-01-22 15:00","England","Premier League","2021/2022","Crystal Palace","Liverpool","Kevin Friend","1","3","A"
"4838","23-01-22 15:00","England","Premier League","2021/2022","Leicester","Brighton","Martin Atkinson","1","1","D"
"4839","22-01-22 18:30","England","Premier League","2021/2022","Southampton","Manchester City","Simon Hooper","1","1","D"
"4840","22-01-22 16:00","England","Premier League","2021/2022","Brentford","Wolves","Peter Bankes","1","2","A"
"4841","22-01-22 16:00","England","Premier League","2021/2022","Leeds","Newcastle","Chris Kavanagh","0","1","A"
"4842","22-01-22 16:00","England","Premier League","2021/2022","Manchester Utd","West Ham","Jonathan Moss","1","0","H"
"4843","22-01-22 13:30","England","Premier League","2021/2022","Everton","Aston Villa","Craig Pawson","0","1","A"
"4844","21-01-22 21:00","England","Premier League","2021/2022","Watford","Norwich","Mike Dean","0","3","A"
"4845","19-01-22 21:00","England","Premier League","2021/2022","Brentford","Manchester Utd","Andre Marriner","1","3","A"
"4846","19-01-22 20:30","England","Premier League","2021/2022","Leicester","Tottenham","Jonathan Moss","2","3","A"
"4847","18-01-22 21:00","England","Premier League","2021/2022","Brighton","Chelsea","Kevin Friend","1","1","D"
"4848","16-01-22 15:00","England","Premier League","2021/2022","Liverpool","Brentford","Jonathan Moss","3","0","H"
"4849","16-01-22 15:00","England","Premier League","2021/2022","West Ham","Leeds","Mike Dean","2","3","A"
"4850","15-01-22 18:30","England","Premier League","2021/2022","Aston Villa","Manchester Utd","David Coote","2","2","D"
"4851","15-01-22 16:00","England","Premier League","2021/2022","Newcastle","Watford","Paul Tierney","1","1","D"
"4852","15-01-22 16:00","England","Premier League","2021/2022","Norwich","Everton","Andy Madley","2","1","H"
"4853","15-01-22 16:00","England","Premier League","2021/2022","Wolves","Southampton","Michael Salisbury","3","1","H"
"4854","15-01-22 13:30","England","Premier League","2021/2022","Manchester City","Chelsea","Craig Pawson","1","0","H"
"4855","14-01-22 21:00","England","Premier League","2021/2022","Brighton","Crystal Palace","Robert Jones","1","1","D"
"4856","12-01-22 20:45","England","Premier League","2021/2022","West Ham","Norwich","Simon Hooper","2","0","H"
"4857","11-01-22 20:45","England","Premier League","2021/2022","Southampton","Brentford","Stuart Attwell","4","1","H"
"4858","03-01-22 18:30","England","Premier League","2021/2022","Manchester Utd","Wolves","Mike Dean","0","1","A"
"4859","02-01-22 17:30","England","Premier League","2021/2022","Chelsea","Liverpool","Anthony Taylor","2","2","D"
"4860","02-01-22 15:00","England","Premier League","2021/2022","Brentford","Aston Villa","Craig Pawson","2","1","H"
"4861","02-01-22 15:00","England","Premier League","2021/2022","Everton","Brighton","John Brooks","2","3","A"
"4862","02-01-22 15:00","England","Premier League","2021/2022","Leeds","Burnley","Paul Tierney","3","1","H"
"4863","01-01-22 18:30","England","Premier League","2021/2022","Crystal Palace","West Ham","Darren England","2","3","A"
"4864","01-01-22 16:00","England","Premier League","2021/2022","Watford","Tottenham","Robert Jones","0","1","A"
"4865","01-01-22 13:30","England","Premier League","2021/2022","Arsenal","Manchester City","Stuart Attwell","1","2","A"
"4866","30-12-21 21:15","England","Premier League","2021/2022","Manchester Utd","Burnley","Jonathan Moss","3","1","H"
"4867","29-12-21 21:15","England","Premier League","2021/2022","Brentford","Manchester City","David Coote","0","1","A"
"4868","29-12-21 20:30","England","Premier League","2021/2022","Chelsea","Brighton","Mike Dean","1","1","D"
"4869","28-12-21 21:00","England","Premier League","2021/2022","Leicester","Liverpool","Michael Oliver","1","0","H"
"4870","28-12-21 16:00","England","Premier League","2021/2022","Crystal Palace","Norwich","Paul Tierney","3","0","H"
"4871","28-12-21 16:00","England","Premier League","2021/2022","Southampton","Tottenham","Anthony Taylor","1","1","D"
"4872","28-12-21 16:00","England","Premier League","2021/2022","Watford","West Ham","Darren England","1","4","A"
"4873","27-12-21 21:00","England","Premier League","2021/2022","Newcastle","Manchester Utd","Craig Pawson","1","1","D"
"4874","26-12-21 21:00","England","Premier League","2021/2022","Brighton","Brentford","Darren England","2","0","H"
"4875","26-12-21 18:30","England","Premier League","2021/2022","Aston Villa","Chelsea","Martin Atkinson","1","3","A"
"4876","26-12-21 16:00","England","Premier League","2021/2022","Manchester City","Leicester","Chris Kavanagh","6","3","H"
"4877","26-12-21 16:00","England","Premier League","2021/2022","Norwich","Arsenal","Graham Scott","0","5","A"
"4878","26-12-21 16:00","England","Premier League","2021/2022","Tottenham","Crystal Palace","Jonathan Moss","3","0","H"
"4879","26-12-21 16:00","England","Premier League","2021/2022","West Ham","Southampton","Kevin Friend","2","3","A"
"4880","19-12-21 17:30","England","Premier League","2021/2022","Tottenham","Liverpool","Paul Tierney","2","2","D"
"4881","19-12-21 15:00","England","Premier League","2021/2022","Newcastle","Manchester City","Martin Atkinson","0","4","A"
"4882","19-12-21 15:00","England","Premier League","2021/2022","Wolves","Chelsea","David Coote","0","0","D"
"4883","18-12-21 18:30","England","Premier League","2021/2022","Leeds","Arsenal","Andre Marriner","1","4","A"
"4884","16-12-21 21:00","England","Premier League","2021/2022","Liverpool","Newcastle","Mike Dean","3","1","H"
"4885","16-12-21 20:45","England","Premier League","2021/2022","Chelsea","Everton","Michael Oliver","1","1","D"
"4886","15-12-21 21:00","England","Premier League","2021/2022","Arsenal","West Ham","Anthony Taylor","2","0","H"
"4887","15-12-21 20:30","England","Premier League","2021/2022","Brighton","Wolves","Tony Harrington","0","1","A"
"4888","15-12-21 20:30","England","Premier League","2021/2022","Crystal Palace","Southampton","Simon Hooper","2","2","D"
"4889","14-12-21 21:00","England","Premier League","2021/2022","Manchester City","Leeds","Paul Tierney","7","0","H"
"4890","14-12-21 20:45","England","Premier League","2021/2022","Norwich","Aston Villa","David Coote","0","2","A"
"4891","12-12-21 17:30","England","Premier League","2021/2022","Crystal Palace","Everton","Andy Madley","3","1","H"
"4892","12-12-21 15:00","England","Premier League","2021/2022","Burnley","West Ham","Graham Scott","0","0","D"
"4893","12-12-21 15:00","England","Premier League","2021/2022","Leicester","Newcastle","Peter Bankes","4","0","H"
"4894","11-12-21 18:30","England","Premier League","2021/2022","Norwich","Manchester Utd","Darren England","0","1","A"
"4895","11-12-21 16:00","England","Premier League","2021/2022","Arsenal","Southampton","Jarred Gillett","3","0","H"
"4896","11-12-21 16:00","England","Premier League","2021/2022","Chelsea","Leeds","Chris Kavanagh","3","2","H"
"4897","11-12-21 16:00","England","Premier League","2021/2022","Liverpool","Aston Villa","Stuart Attwell","1","0","H"
"4898","11-12-21 13:30","England","Premier League","2021/2022","Manchester City","Wolves","Jonathan Moss","1","0","H"
"4899","10-12-21 21:00","England","Premier League","2021/2022","Brentford","Watford","Michael Oliver","2","1","H"
"4900","06-12-21 21:00","England","Premier League","2021/2022","Everton","Arsenal","Mike Dean","2","1","H"
"4901","05-12-21 17:30","England","Premier League","2021/2022","Aston Villa","Leicester","Michael Oliver","2","1","H"
"4902","05-12-21 15:00","England","Premier League","2021/2022","Leeds","Brentford","David Coote","2","2","D"
"4903","05-12-21 15:00","England","Premier League","2021/2022","Manchester Utd","Crystal Palace","Craig Pawson","1","0","H"
"4904","05-12-21 15:00","England","Premier League","2021/2022","Tottenham","Norwich","Jarred Gillett","3","0","H"
"4905","04-12-21 18:30","England","Premier League","2021/2022","Watford","Manchester City","Simon Hooper","1","3","A"
"4906","04-12-21 16:00","England","Premier League","2021/2022","Newcastle","Burnley","Paul Tierney","1","0","H"
"4907","04-12-21 16:00","England","Premier League","2021/2022","Southampton","Brighton","Anthony Taylor","1","1","D"
"4908","04-12-21 16:00","England","Premier League","2021/2022","Wolves","Liverpool","Chris Kavanagh","0","1","A"
"4909","04-12-21 13:30","England","Premier League","2021/2022","West Ham","Chelsea","Andre Marriner","3","2","H"
"4910","02-12-21 21:15","England","Premier League","2021/2022","Manchester Utd","Arsenal","Martin Atkinson","3","2","H"
"4911","02-12-21 20:30","England","Premier League","2021/2022","Tottenham","Brentford","Jonathan Moss","2","0","H"
"4912","01-12-21 21:15","England","Premier League","2021/2022","Aston Villa","Manchester City","Mike Dean","1","2","A"
"4913","01-12-21 21:15","England","Premier League","2021/2022","Everton","Liverpool","Paul Tierney","1","4","A"
"4914","01-12-21 20:30","England","Premier League","2021/2022","Southampton","Leicester","Robert Jones","2","2","D"
"4915","01-12-21 20:30","England","Premier League","2021/2022","Watford","Chelsea","David Coote","1","2","A"
"4916","01-12-21 20:30","England","Premier League","2021/2022","West Ham","Brighton","Chris Kavanagh","1","1","D"
"4917","01-12-21 20:30","England","Premier League","2021/2022","Wolves","Burnley","John Brooks","0","0","D"
"4918","30-11-21 21:15","England","Premier League","2021/2022","Leeds","Crystal Palace","Kevin Friend","1","0","H"
"4919","30-11-21 20:30","England","Premier League","2021/2022","Newcastle","Norwich","Andy Madley","1","1","D"
"4920","28-11-21 17:30","England","Premier League","2021/2022","Chelsea","Manchester Utd","Anthony Taylor","1","1","D"
"4921","28-11-21 15:00","England","Premier League","2021/2022","Brentford","Everton","Darren England","1","0","H"
"4922","28-11-21 15:00","England","Premier League","2021/2022","Leicester","Watford","Andy Madley","4","2","H"
"4923","28-11-21 15:00","England","Premier League","2021/2022","Manchester City","West Ham","Michael Oliver","2","1","H"
"4924","27-11-21 18:30","England","Premier League","2021/2022","Brighton","Leeds","Craig Pawson","0","0","D"
"4925","27-11-21 16:00","England","Premier League","2021/2022","Crystal Palace","Aston Villa","Michael Salisbury","1","2","A"
"4926","27-11-21 16:00","England","Premier League","2021/2022","Liverpool","Southampton","Andre Marriner","4","0","H"
"4927","27-11-21 16:00","England","Premier League","2021/2022","Norwich","Wolves","Simon Hooper","0","0","D"
"4928","27-11-21 13:30","England","Premier League","2021/2022","Arsenal","Newcastle","Stuart Attwell","2","0","H"
"4929","21-11-21 17:30","England","Premier League","2021/2022","Tottenham","Leeds","Andre Marriner","2","1","H"
"4930","21-11-21 15:00","England","Premier League","2021/2022","Manchester City","Everton","Stuart Attwell","3","0","H"
"4931","20-11-21 18:30","England","Premier League","2021/2022","Liverpool","Arsenal","Michael Oliver","4","0","H"
"4932","20-11-21 16:00","England","Premier League","2021/2022","Aston Villa","Brighton","Anthony Taylor","2","0","H"
"4933","20-11-21 16:00","England","Premier League","2021/2022","Burnley","Crystal Palace","Simon Hooper","3","3","D"
"4934","20-11-21 16:00","England","Premier League","2021/2022","Newcastle","Brentford","Robert Jones","3","3","D"
"4935","20-11-21 16:00","England","Premier League","2021/2022","Norwich","Southampton","Martin Atkinson","2","1","H"
"4936","20-11-21 16:00","England","Premier League","2021/2022","Watford","Manchester Utd","Jonathan Moss","4","1","H"
"4937","20-11-21 16:00","England","Premier League","2021/2022","Wolves","West Ham","Mike Dean","1","0","H"
"4938","20-11-21 13:30","England","Premier League","2021/2022","Leicester","Chelsea","Paul Tierney","0","3","A"
"4939","07-11-21 17:30","England","Premier League","2021/2022","West Ham","Liverpool","Craig Pawson","3","2","H"
"4940","07-11-21 15:00","England","Premier League","2021/2022","Arsenal","Watford","Kevin Friend","1","0","H"
"4941","07-11-21 15:00","England","Premier League","2021/2022","Everton","Tottenham","Chris Kavanagh","0","0","D"
"4942","07-11-21 15:00","England","Premier League","2021/2022","Leeds","Leicester","Darren England","1","1","D"
"4943","06-11-21 18:30","England","Premier League","2021/2022","Brighton","Newcastle","David Coote","1","1","D"
"4944","06-11-21 16:00","England","Premier League","2021/2022","Brentford","Norwich","Jarred Gillett","1","2","A"
"4945","06-11-21 16:00","England","Premier League","2021/2022","Chelsea","Burnley","Andre Marriner","1","1","D"
"4946","06-11-21 16:00","England","Premier League","2021/2022","Crystal Palace","Wolves","Graham Scott","2","0","H"
"4947","06-11-21 13:30","England","Premier League","2021/2022","Manchester Utd","Manchester City","Michael Oliver","0","2","A"
"4948","05-11-21 21:00","England","Premier League","2021/2022","Southampton","Aston Villa","Andy Madley","1","0","H"
"4949","01-11-21 21:00","England","Premier League","2021/2022","Wolves","Everton","Martin Atkinson","2","1","H"
"4950","31-10-21 17:30","England","Premier League","2021/2022","Aston Villa","West Ham","Chris Kavanagh","1","4","A"
"4951","31-10-21 15:00","England","Premier League","2021/2022","Norwich","Leeds","Anthony Taylor","1","2","A"
"4952","30-10-21 18:30","England","Premier League","2021/2022","Tottenham","Manchester Utd","Stuart Attwell","0","3","A"
"4953","30-10-21 16:00","England","Premier League","2021/2022","Burnley","Brentford","Jonathan Moss","3","1","H"
"4954","30-10-21 16:00","England","Premier League","2021/2022","Liverpool","Brighton","Mike Dean","2","2","D"
"4955","30-10-21 16:00","England","Premier League","2021/2022","Manchester City","Crystal Palace","Andre Marriner","0","2","A"
"4956","30-10-21 16:00","England","Premier League","2021/2022","Newcastle","Chelsea","Paul Tierney","0","3","A"
"4957","30-10-21 16:00","England","Premier League","2021/2022","Watford","Southampton","Peter Bankes","0","1","A"
"4958","30-10-21 13:30","England","Premier League","2021/2022","Leicester","Arsenal","Michael Oliver","0","2","A"
"4959","24-10-21 17:30","England","Premier League","2021/2022","Manchester Utd","Liverpool","Anthony Taylor","0","5","A"
"4960","24-10-21 15:00","England","Premier League","2021/2022","Brentford","Leicester","Simon Hooper","1","2","A"
"4961","24-10-21 15:00","England","Premier League","2021/2022","West Ham","Tottenham","Paul Tierney","1","0","H"
"4962","23-10-21 18:30","England","Premier League","2021/2022","Brighton","Manchester City","Kevin Friend","1","4","A"
"4963","23-10-21 16:00","England","Premier League","2021/2022","Crystal Palace","Newcastle","Darren England","1","1","D"
"4964","23-10-21 16:00","England","Premier League","2021/2022","Everton","Watford","Graham Scott","2","5","A"
"4965","23-10-21 16:00","England","Premier League","2021/2022","Leeds","Wolves","Robert Jones","1","1","D"
"4966","23-10-21 16:00","England","Premier League","2021/2022","Southampton","Burnley","Chris Kavanagh","2","2","D"
"4967","23-10-21 13:30","England","Premier League","2021/2022","Chelsea","Norwich","Andy Madley","7","0","H"
"4968","22-10-21 21:00","England","Premier League","2021/2022","Arsenal","Aston Villa","Craig Pawson","3","1","H"
"4969","18-10-21 21:00","England","Premier League","2021/2022","Arsenal","Crystal Palace","Mike Dean","2","2","D"
"4970","17-10-21 17:30","England","Premier League","2021/2022","Newcastle","Tottenham","Andre Marriner","2","3","A"
"4971","17-10-21 15:00","England","Premier League","2021/2022","Everton","West Ham","Stuart Attwell","0","1","A"
"4972","16-10-21 18:30","England","Premier League","2021/2022","Brentford","Chelsea","Anthony Taylor","0","1","A"
"4973","16-10-21 16:00","England","Premier League","2021/2022","Aston Villa","Wolves","Michael Oliver","2","3","A"
"4974","16-10-21 16:00","England","Premier League","2021/2022","Leicester","Manchester Utd","Craig Pawson","4","2","H"
"4975","16-10-21 16:00","England","Premier League","2021/2022","Manchester City","Burnley","Martin Atkinson","2","0","H"
"4976","16-10-21 16:00","England","Premier League","2021/2022","Norwich","Brighton","Peter Bankes","0","0","D"
"4977","16-10-21 16:00","England","Premier League","2021/2022","Southampton","Leeds","David Coote","1","0","H"
"4978","16-10-21 13:30","England","Premier League","2021/2022","Watford","Liverpool","Jonathan Moss","0","5","A"
"4979","03-10-21 17:30","England","Premier League","2021/2022","Liverpool","Manchester City","Paul Tierney","2","2","D"
"4980","03-10-21 15:00","England","Premier League","2021/2022","Crystal Palace","Leicester","Anthony Taylor","2","2","D"
"4981","03-10-21 15:00","England","Premier League","2021/2022","Tottenham","Aston Villa","Chris Kavanagh","2","1","H"
"4982","03-10-21 15:00","England","Premier League","2021/2022","West Ham","Brentford","Peter Bankes","1","2","A"
"4983","02-10-21 18:30","England","Premier League","2021/2022","Brighton","Arsenal","Jonathan Moss","0","0","D"
"4984","02-10-21 16:00","England","Premier League","2021/2022","Burnley","Norwich","Kevin Friend","0","0","D"
"4985","02-10-21 16:00","England","Premier League","2021/2022","Chelsea","Southampton","Martin Atkinson","3","1","H"
"4986","02-10-21 16:00","England","Premier League","2021/2022","Leeds","Watford","Simon Hooper","1","0","H"
"4987","02-10-21 16:00","England","Premier League","2021/2022","Wolves","Newcastle","Graham Scott","2","1","H"
"4988","02-10-21 13:30","England","Premier League","2021/2022","Manchester Utd","Everton","Michael Oliver","1","1","D"
"4989","27-09-21 21:00","England","Premier League","2021/2022","Crystal Palace","Brighton","Andre Marriner","1","1","D"
"4990","26-09-21 17:30","England","Premier League","2021/2022","Arsenal","Tottenham","Craig Pawson","3","1","H"
"4991","26-09-21 15:00","England","Premier League","2021/2022","Southampton","Wolves","Andy Madley","0","1","A"
"4992","25-09-21 18:30","England","Premier League","2021/2022","Brentford","Liverpool","Stuart Attwell","3","3","D"
"4993","25-09-21 16:00","England","Premier League","2021/2022","Everton","Norwich","David Coote","2","0","H"
"4994","25-09-21 16:00","England","Premier League","2021/2022","Leeds","West Ham","Kevin Friend","1","2","A"
"4995","25-09-21 16:00","England","Premier League","2021/2022","Leicester","Burnley","Chris Kavanagh","2","2","D"
"4996","25-09-21 16:00","England","Premier League","2021/2022","Watford","Newcastle","Jarred Gillett","1","1","D"
"4997","25-09-21 13:30","England","Premier League","2021/2022","Chelsea","Manchester City","Michael Oliver","0","1","A"
"4998","25-09-21 13:30","England","Premier League","2021/2022","Manchester Utd","Aston Villa","Mike Dean","0","1","A"
"4999","19-09-21 17:30","England","Premier League","2021/2022","Tottenham","Chelsea","Paul Tierney","0","3","A"
"5000","19-09-21 15:00","England","Premier League","2021/2022","Brighton","Leicester","Stuart Attwell","2","1","H"
"5001","19-09-21 15:00","England","Premier League","2021/2022","West Ham","Manchester Utd","Martin Atkinson","1","2","A"
"5002","18-09-21 18:30","England","Premier League","2021/2022","Aston Villa","Everton","Craig Pawson","3","0","H"
"5003","18-09-21 16:00","England","Premier League","2021/2022","Burnley","Arsenal","Anthony Taylor","0","1","A"
"5004","18-09-21 16:00","England","Premier League","2021/2022","Liverpool","Crystal Palace","Andy Madley","3","0","H"
"5005","18-09-21 16:00","England","Premier League","2021/2022","Manchester City","Southampton","Jonathan Moss","0","0","D"
"5006","18-09-21 16:00","England","Premier League","2021/2022","Norwich","Watford","Robert Jones","1","3","A"
"5007","18-09-21 13:30","England","Premier League","2021/2022","Wolves","Brentford","Darren England","0","2","A"
"5008","17-09-21 21:00","England","Premier League","2021/2022","Newcastle","Leeds","Mike Dean","1","1","D"
"5009","13-09-21 21:00","England","Premier League","2021/2022","Everton","Burnley","Martin Atkinson","3","1","H"
"5010","12-09-21 17:30","England","Premier League","2021/2022","Leeds","Liverpool","Craig Pawson","0","3","A"
"5011","11-09-21 18:30","England","Premier League","2021/2022","Chelsea","Aston Villa","Stuart Attwell","3","0","H"
"5012","11-09-21 16:00","England","Premier League","2021/2022","Arsenal","Norwich","Michael Oliver","1","0","H"
"5013","11-09-21 16:00","England","Premier League","2021/2022","Brentford","Brighton","Graham Scott","0","1","A"
"5014","11-09-21 16:00","England","Premier League","2021/2022","Leicester","Manchester City","Paul Tierney","0","1","A"
"5015","11-09-21 16:00","England","Premier League","2021/2022","Manchester Utd","Newcastle","Anthony Taylor","4","1","H"
"5016","11-09-21 16:00","England","Premier League","2021/2022","Southampton","West Ham","David Coote","0","0","D"
"5017","11-09-21 16:00","England","Premier League","2021/2022","Watford","Wolves","Peter Bankes","0","2","A"
"5018","11-09-21 13:30","England","Premier League","2021/2022","Crystal Palace","Tottenham","Jonathan Moss","3","0","H"
"5019","29-08-21 17:30","England","Premier League","2021/2022","Wolves","Manchester Utd","Mike Dean","0","1","A"
"5020","29-08-21 15:00","England","Premier League","2021/2022","Burnley","Leeds","Michael Oliver","1","1","D"
"5021","29-08-21 15:00","England","Premier League","2021/2022","Tottenham","Watford","Andre Marriner","1","0","H"
"5022","28-08-21 18:30","England","Premier League","2021/2022","Liverpool","Chelsea","Anthony Taylor","1","1","D"
"5023","28-08-21 16:00","England","Premier League","2021/2022","Aston Villa","Brentford","Peter Bankes","1","1","D"
"5024","28-08-21 16:00","England","Premier League","2021/2022","Brighton","Everton","Jonathan Moss","0","2","A"
"5025","28-08-21 16:00","England","Premier League","2021/2022","Newcastle","Southampton","Paul Tierney","2","2","D"
"5026","28-08-21 16:00","England","Premier League","2021/2022","Norwich","Leicester","Robert Jones","1","2","A"
"5027","28-08-21 16:00","England","Premier League","2021/2022","West Ham","Crystal Palace","Stuart Attwell","2","2","D"
"5028","28-08-21 13:30","England","Premier League","2021/2022","Manchester City","Arsenal","Martin Atkinson","5","0","H"
"5029","23-08-21 21:00","England","Premier League","2021/2022","West Ham","Leicester","Michael Oliver","4","1","H"
"5030","22-08-21 17:30","England","Premier League","2021/2022","Arsenal","Chelsea","Paul Tierney","0","2","A"
"5031","22-08-21 15:00","England","Premier League","2021/2022","Southampton","Manchester Utd","Craig Pawson","1","1","D"
"5032","22-08-21 15:00","England","Premier League","2021/2022","Wolves","Tottenham","Stuart Attwell","0","1","A"
"5033","21-08-21 18:30","England","Premier League","2021/2022","Brighton","Watford","Anthony Taylor","2","0","H"
"5034","21-08-21 16:00","England","Premier League","2021/2022","Aston Villa","Newcastle","David Coote","2","0","H"
"5035","21-08-21 16:00","England","Premier League","2021/2022","Crystal Palace","Brentford","Martin Atkinson","0","0","D"
"5036","21-08-21 16:00","England","Premier League","2021/2022","Leeds","Everton","Darren England","2","2","D"
"5037","21-08-21 16:00","England","Premier League","2021/2022","Manchester City","Norwich","Graham Scott","5","0","H"
"5038","21-08-21 13:30","England","Premier League","2021/2022","Liverpool","Burnley","Mike Dean","2","0","H"
"5039","15-08-21 17:30","England","Premier League","2021/2022","Tottenham","Manchester City","Anthony Taylor","1","0","H"
"5040","15-08-21 15:00","England","Premier League","2021/2022","Newcastle","West Ham","Martin Atkinson","2","4","A"
"5041","14-08-21 18:30","England","Premier League","2021/2022","Norwich","Liverpool","Andre Marriner","0","3","A"
"5042","14-08-21 16:00","England","Premier League","2021/2022","Burnley","Brighton","David Coote","1","2","A"
"5043","14-08-21 16:00","England","Premier League","2021/2022","Chelsea","Crystal Palace","Jonathan Moss","3","0","H"
"5044","14-08-21 16:00","England","Premier League","2021/2022","Everton","Southampton","Andy Madley","3","1","H"
"5045","14-08-21 16:00","England","Premier League","2021/2022","Leicester","Wolves","Craig Pawson","1","0","H"
"5046","14-08-21 16:00","England","Premier League","2021/2022","Watford","Aston Villa","Mike Dean","3","2","H"
"5047","14-08-21 13:30","England","Premier League","2021/2022","Manchester Utd","Leeds","Paul Tierney","5","1","H"
"5048","13-08-21 21:00","England","Premier League","2021/2022","Brentford","Arsenal","Michael Oliver","2","0","H"
"5049","23-05-21 17:00","England","Premier League","2020/2021","Arsenal","Brighton","Jonathan Moss","2","0","H"
"5050","23-05-21 17:00","England","Premier League","2020/2021","Aston Villa","Chelsea","Stuart Attwell","2","1","H"
"5051","23-05-21 17:00","England","Premier League","2020/2021","Fulham","Newcastle","Chris Kavanagh","0","2","A"
"5052","23-05-21 17:00","England","Premier League","2020/2021","Leeds","West Brom","David Coote","3","1","H"
"5053","23-05-21 17:00","England","Premier League","2020/2021","Leicester","Tottenham","Anthony Taylor","2","4","A"
"5054","23-05-21 17:00","England","Premier League","2020/2021","Liverpool","Crystal Palace","Craig Pawson","2","0","H"
"5055","23-05-21 17:00","England","Premier League","2020/2021","Manchester City","Everton","Michael Oliver","5","0","H"
"5056","23-05-21 17:00","England","Premier League","2020/2021","Sheffield Utd","Burnley","Kevin Friend","1","0","H"
"5057","23-05-21 17:00","England","Premier League","2020/2021","West Ham","Southampton","Martin Atkinson","3","0","H"
"5058","23-05-21 17:00","England","Premier League","2020/2021","Wolves","Manchester Utd","Mike Dean","1","2","A"
"5059","19-05-21 21:15","England","Premier League","2020/2021","Burnley","Liverpool","Chris Kavanagh","0","3","A"
"5060","19-05-21 21:15","England","Premier League","2020/2021","West Brom","West Ham","Michael Oliver","1","3","A"
"5061","19-05-21 20:00","England","Premier League","2020/2021","Crystal Palace","Arsenal","Anthony Taylor","1","3","A"
"5062","19-05-21 19:00","England","Premier League","2020/2021","Everton","Wolves","Andy Madley","1","0","H"
"5063","19-05-21 19:00","England","Premier League","2020/2021","Newcastle","Sheffield Utd","Robert Jones","1","0","H"
"5064","19-05-21 19:00","England","Premier League","2020/2021","Tottenham","Aston Villa","Craig Pawson","1","2","A"
"5065","18-05-21 21:15","England","Premier League","2020/2021","Chelsea","Leicester","Mike Dean","2","1","H"
"5066","18-05-21 20:00","England","Premier League","2020/2021","Brighton","Manchester City","Stuart Attwell","3","2","H"
"5067","18-05-21 19:00","England","Premier League","2020/2021","Manchester Utd","Fulham","Lee Mason","1","1","D"
"5068","18-05-21 19:00","England","Premier League","2020/2021","Southampton","Leeds","Peter Bankes","0","2","A"
"5069","16-05-21 20:00","England","Premier League","2020/2021","Everton","Sheffield Utd","Jonathan Moss","0","1","A"
"5070","16-05-21 17:30","England","Premier League","2020/2021","West Brom","Liverpool","Mike Dean","1","2","A"
"5071","16-05-21 15:05","England","Premier League","2020/2021","Tottenham","Wolves","Martin Atkinson","2","0","H"
"5072","16-05-21 13:00","England","Premier League","2020/2021","Crystal Palace","Aston Villa","David Coote","3","2","H"
"5073","15-05-21 21:00","England","Premier League","2020/2021","Brighton","West Ham","Andre Marriner","1","1","D"
"5074","15-05-21 16:00","England","Premier League","2020/2021","Southampton","Fulham","Craig Pawson","3","1","H"
"5075","15-05-21 13:30","England","Premier League","2020/2021","Burnley","Leeds","Graham Scott","0","4","A"
"5076","14-05-21 21:00","England","Premier League","2020/2021","Newcastle","Manchester City","Kevin Friend","3","4","A"
"5077","13-05-21 21:15","England","Premier League","2020/2021","Manchester Utd","Liverpool","Anthony Taylor","2","4","A"
"5078","13-05-21 19:00","England","Premier League","2020/2021","Aston Villa","Everton","Martin Atkinson","0","0","D"
"5079","12-05-21 21:15","England","Premier League","2020/2021","Chelsea","Arsenal","Andre Marriner","0","1","A"
"5080","11-05-21 21:15","England","Premier League","2020/2021","Southampton","Crystal Palace","Andy Madley","3","1","H"
"5081","11-05-21 19:00","England","Premier League","2020/2021","Manchester Utd","Leicester","Craig Pawson","1","2","A"
"5082","10-05-21 21:00","England","Premier League","2020/2021","Fulham","Burnley","David Coote","0","2","A"
"5083","09-05-21 20:00","England","Premier League","2020/2021","Arsenal","West Brom","Peter Bankes","3","1","H"
"5084","09-05-21 17:30","England","Premier League","2020/2021","West Ham","Everton","Stuart Attwell","0","1","A"
"5085","09-05-21 15:05","England","Premier League","2020/2021","Aston Villa","Manchester Utd","Chris Kavanagh","1","3","A"
"5086","09-05-21 13:00","England","Premier League","2020/2021","Wolves","Brighton","Jonathan Moss","2","1","H"
"5087","08-05-21 21:15","England","Premier League","2020/2021","Liverpool","Southampton","Kevin Friend","2","0","H"
"5088","08-05-21 18:30","England","Premier League","2020/2021","Manchester City","Chelsea","Anthony Taylor","1","2","A"
"5089","08-05-21 16:00","England","Premier League","2020/2021","Sheffield Utd","Crystal Palace","Simon Hooper","0","2","A"
"5090","08-05-21 13:30","England","Premier League","2020/2021","Leeds","Tottenham","Michael Oliver","3","1","H"
"5091","07-05-21 21:00","England","Premier League","2020/2021","Leicester","Newcastle","Darren England","2","4","A"
"5092","03-05-21 21:15","England","Premier League","2020/2021","Burnley","West Ham","Anthony Taylor","1","2","A"
"5093","03-05-21 19:00","England","Premier League","2020/2021","West Brom","Wolves","Paul Tierney","1","1","D"
"5094","02-05-21 20:15","England","Premier League","2020/2021","Tottenham","Sheffield Utd","Andre Marriner","4","0","H"
"5095","02-05-21 15:00","England","Premier League","2020/2021","Newcastle","Arsenal","Mike Dean","0","2","A"
"5096","01-05-21 21:00","England","Premier League","2020/2021","Everton","Aston Villa","Simon Hooper","1","2","A"
"5097","01-05-21 18:30","England","Premier League","2020/2021","Chelsea","Fulham","Kevin Friend","2","0","H"
"5098","01-05-21 16:00","England","Premier League","2020/2021","Brighton","Leeds","Chris Kavanagh","2","0","H"
"5099","01-05-21 13:30","England","Premier League","2020/2021","Crystal Palace","Manchester City","David Coote","0","2","A"
"5100","30-04-21 21:00","England","Premier League","2020/2021","Southampton","Leicester","Robert Jones","1","1","D"
"5101","26-04-21 21:00","England","Premier League","2020/2021","Leicester","Crystal Palace","Graham Scott","2","1","H"
"5102","25-04-21 20:00","England","Premier League","2020/2021","Aston Villa","West Brom","Stuart Attwell","2","2","D"
"5103","25-04-21 15:00","England","Premier League","2020/2021","Leeds","Manchester Utd","Craig Pawson","0","0","D"
"5104","25-04-21 13:00","England","Premier League","2020/2021","Wolves","Burnley","Darren England","0","4","A"
"5105","24-04-21 21:00","England","Premier League","2020/2021","Sheffield Utd","Brighton","Kevin Friend","1","0","H"
"5106","24-04-21 18:30","England","Premier League","2020/2021","West Ham","Chelsea","Chris Kavanagh","0","1","A"
"5107","24-04-21 13:30","England","Premier League","2020/2021","Liverpool","Newcastle","Andre Marriner","1","1","D"
"5108","23-04-21 21:00","England","Premier League","2020/2021","Arsenal","Everton","Jonathan Moss","0","1","A"
"5109","22-04-21 21:00","England","Premier League","2020/2021","Leicester","West Brom","Andy Madley","3","0","H"
"5110","21-04-21 21:15","England","Premier League","2020/2021","Aston Villa","Manchester City","Peter Bankes","1","2","A"
"5111","21-04-21 19:00","England","Premier League","2020/2021","Tottenham","Southampton","David Coote","2","1","H"
"5112","20-04-21 21:15","England","Premier League","2020/2021","Chelsea","Brighton","Stuart Attwell","0","0","D"
"5113","19-04-21 21:00","England","Premier League","2020/2021","Leeds","Liverpool","Anthony Taylor","1","1","D"
"5114","18-04-21 17:00","England","Premier League","2020/2021","Manchester Utd","Burnley","Jonathan Moss","3","1","H"
"5115","18-04-21 14:30","England","Premier League","2020/2021","Arsenal","Fulham","Craig Pawson","1","1","D"
"5116","17-04-21 21:15","England","Premier League","2020/2021","Wolves","Sheffield Utd","Robert Jones","1","0","H"
"5117","17-04-21 13:30","England","Premier League","2020/2021","Newcastle","West Ham","Kevin Friend","3","2","H"
"5118","16-04-21 21:00","England","Premier League","2020/2021","Everton","Tottenham","Michael Oliver","2","2","D"
"5119","12-04-21 21:15","England","Premier League","2020/2021","Brighton","Everton","Darren England","0","0","D"
"5120","12-04-21 19:00","England","Premier League","2020/2021","West Brom","Southampton","Simon Hooper","3","0","H"
"5121","11-04-21 20:00","England","Premier League","2020/2021","Sheffield Utd","Arsenal","Peter Bankes","0","3","A"
"5122","11-04-21 17:30","England","Premier League","2020/2021","Tottenham","Manchester Utd","Chris Kavanagh","1","3","A"
"5123","11-04-21 15:05","England","Premier League","2020/2021","West Ham","Leicester","Mike Dean","3","2","H"
"5124","11-04-21 13:00","England","Premier League","2020/2021","Burnley","Newcastle","Anthony Taylor","1","2","A"
"5125","10-04-21 18:30","England","Premier League","2020/2021","Crystal Palace","Chelsea","Michael Oliver","1","4","A"
"5126","10-04-21 16:00","England","Premier League","2020/2021","Liverpool","Aston Villa","Paul Tierney","2","1","H"
"5127","10-04-21 13:30","England","Premier League","2020/2021","Manchester City","Leeds","Andre Marriner","1","2","A"
"5128","09-04-21 21:00","England","Premier League","2020/2021","Fulham","Wolves","Jonathan Moss","0","1","A"
"5129","05-04-21 21:15","England","Premier League","2020/2021","Wolves","West Ham","Michael Oliver","2","3","A"
"5130","05-04-21 19:00","England","Premier League","2020/2021","Everton","Crystal Palace","Kevin Friend","1","1","D"
"5131","04-04-21 20:30","England","Premier League","2020/2021","Manchester Utd","Brighton","Mike Dean","2","1","H"
"5132","04-04-21 17:30","England","Premier League","2020/2021","Aston Villa","Fulham","Andy Madley","3","1","H"
"5133","04-04-21 15:05","England","Premier League","2020/2021","Newcastle","Tottenham","Craig Pawson","2","2","D"
"5134","04-04-21 13:00","England","Premier League","2020/2021","Southampton","Burnley","Andre Marriner","3","2","H"
"5135","03-04-21 21:00","England","Premier League","2020/2021","Arsenal","Liverpool","Stuart Attwell","0","3","A"
"5136","03-04-21 18:30","England","Premier League","2020/2021","Leicester","Manchester City","Anthony Taylor","0","2","A"
"5137","03-04-21 16:00","England","Premier League","2020/2021","Leeds","Sheffield Utd","Graham Scott","2","1","H"
"5138","03-04-21 13:30","England","Premier League","2020/2021","Chelsea","West Brom","David Coote","2","5","A"
"5139","21-03-21 20:30","England","Premier League","2020/2021","Aston Villa","Tottenham","Mike Dean","0","2","A"
"5140","21-03-21 16:00","England","Premier League","2020/2021","West Ham","Arsenal","Jonathan Moss","3","3","D"
"5141","20-03-21 21:00","England","Premier League","2020/2021","Brighton","Newcastle","Anthony Taylor","3","0","H"
"5142","19-03-21 21:00","England","Premier League","2020/2021","Fulham","Leeds","David Coote","1","2","A"
"5143","15-03-21 21:00","England","Premier League","2020/2021","Wolves","Liverpool","Craig Pawson","0","1","A"
"6565","14-03-21 20:15","England","Premier League","2020/2021","Manchester Utd","West Ham","Martin Atkinson","1","0","H"
"6566","14-03-21 17:30","England","Premier League","2020/2021","Arsenal","Tottenham","Michael Oliver","2","1","H"
"6567","14-03-21 15:00","England","Premier League","2020/2021","Leicester","Sheffield Utd","Peter Bankes","5","0","H"
"6568","14-03-21 13:00","England","Premier League","2020/2021","Southampton","Brighton","Stuart Attwell","1","2","A"
"5144","13-03-21 21:00","England","Premier League","2020/2021","Fulham","Manchester City","Andre Marriner","0","3","A"
"5145","13-03-21 18:30","England","Premier League","2020/2021","Everton","Burnley","Jonathan Moss","1","2","A"
"5146","13-03-21 16:00","England","Premier League","2020/2021","Crystal Palace","West Brom","Simon Hooper","1","0","H"
"5147","13-03-21 13:30","England","Premier League","2020/2021","Leeds","Chelsea","Kevin Friend","0","0","D"
"5148","12-03-21 21:00","England","Premier League","2020/2021","Newcastle","Aston Villa","Paul Tierney","1","1","D"
"5149","10-03-21 19:00","England","Premier League","2020/2021","Manchester City","Southampton","Jonathan Moss","5","2","H"
"5150","08-03-21 21:00","England","Premier League","2020/2021","West Ham","Leeds","Mike Dean","2","0","H"
"5151","08-03-21 19:00","England","Premier League","2020/2021","Chelsea","Everton","David Coote","2","0","H"
"5152","07-03-21 20:15","England","Premier League","2020/2021","Tottenham","Crystal Palace","Stuart Attwell","4","1","H"
"5153","07-03-21 17:30","England","Premier League","2020/2021","Manchester City","Manchester Utd","Anthony Taylor","0","2","A"
"5154","07-03-21 15:00","England","Premier League","2020/2021","Liverpool","Fulham","Kevin Friend","0","1","A"
"5155","07-03-21 13:00","England","Premier League","2020/2021","West Brom","Newcastle","Martin Atkinson","0","0","D"
"5156","06-03-21 21:00","England","Premier League","2020/2021","Brighton","Leicester","Michael Oliver","1","2","A"
"5157","06-03-21 18:30","England","Premier League","2020/2021","Aston Villa","Wolves","Andy Madley","0","0","D"
"5158","06-03-21 16:00","England","Premier League","2020/2021","Sheffield Utd","Southampton","Paul Tierney","0","2","A"
"5159","06-03-21 13:30","England","Premier League","2020/2021","Burnley","Arsenal","Andre Marriner","1","1","D"
"5160","04-03-21 21:15","England","Premier League","2020/2021","Liverpool","Chelsea","Martin Atkinson","0","1","A"
"5161","04-03-21 19:00","England","Premier League","2020/2021","Fulham","Tottenham","David Coote","0","1","A"
"5162","04-03-21 19:00","England","Premier League","2020/2021","West Brom","Everton","Darren England","0","1","A"
"5163","03-03-21 21:15","England","Premier League","2020/2021","Crystal Palace","Manchester Utd","Andre Marriner","0","0","D"
"5164","03-03-21 19:00","England","Premier League","2020/2021","Burnley","Leicester","Andy Madley","1","1","D"
"5165","03-03-21 19:00","England","Premier League","2020/2021","Sheffield Utd","Aston Villa","Robert Jones","1","0","H"
"5166","02-03-21 21:00","England","Premier League","2020/2021","Manchester City","Wolves","Chris Kavanagh","4","1","H"
"5167","01-03-21 21:00","England","Premier League","2020/2021","Everton","Southampton","Martin Atkinson","1","0","H"
"5168","28-02-21 20:15","England","Premier League","2020/2021","Sheffield Utd","Liverpool","Jonathan Moss","0","2","A"
"5169","28-02-21 17:30","England","Premier League","2020/2021","Chelsea","Manchester Utd","Stuart Attwell","0","0","D"
"5170","28-02-21 15:00","England","Premier League","2020/2021","Tottenham","Burnley","Kevin Friend","4","0","H"
"5171","28-02-21 13:00","England","Premier League","2020/2021","Crystal Palace","Fulham","Anthony Taylor","0","0","D"
"5172","28-02-21 13:00","England","Premier League","2020/2021","Leicester","Arsenal","Paul Tierney","1","3","A"
"5173","27-02-21 21:00","England","Premier League","2020/2021","Newcastle","Wolves","Mike Dean","1","1","D"
"5174","27-02-21 18:30","England","Premier League","2020/2021","Leeds","Aston Villa","Peter Bankes","0","1","A"
"5175","27-02-21 16:00","England","Premier League","2020/2021","West Brom","Brighton","Lee Mason","1","0","H"
"5176","27-02-21 13:30","England","Premier League","2020/2021","Manchester City","West Ham","Michael Oliver","2","1","H"
"5177","23-02-21 19:00","England","Premier League","2020/2021","Leeds","Southampton","Andre Marriner","3","0","H"
"5178","22-02-21 21:00","England","Premier League","2020/2021","Brighton","Crystal Palace","Kevin Friend","1","2","A"
"5179","21-02-21 20:00","England","Premier League","2020/2021","Manchester Utd","Newcastle","Paul Tierney","3","1","H"
"5180","21-02-21 17:30","England","Premier League","2020/2021","Arsenal","Manchester City","Jonathan Moss","0","1","A"
"5181","21-02-21 15:05","England","Premier League","2020/2021","Aston Villa","Leicester","Michael Oliver","1","2","A"
"5182","21-02-21 13:00","England","Premier League","2020/2021","West Ham","Tottenham","Craig Pawson","2","1","H"
"5183","20-02-21 21:00","England","Premier League","2020/2021","Fulham","Sheffield Utd","Martin Atkinson","1","0","H"
"5184","20-02-21 18:30","England","Premier League","2020/2021","Liverpool","Everton","Chris Kavanagh","0","2","A"
"5185","20-02-21 16:00","England","Premier League","2020/2021","Burnley","West Brom","Mike Dean","0","0","D"
"5186","20-02-21 13:30","England","Premier League","2020/2021","Southampton","Chelsea","Anthony Taylor","1","1","D"
"5187","19-02-21 21:00","England","Premier League","2020/2021","Wolves","Leeds","David Coote","1","0","H"
"5188","17-02-21 21:15","England","Premier League","2020/2021","Everton","Manchester City","Andre Marriner","1","3","A"
"5189","17-02-21 19:00","England","Premier League","2020/2021","Burnley","Fulham","Jonathan Moss","1","1","D"
"5190","15-02-21 21:00","England","Premier League","2020/2021","Chelsea","Newcastle","Peter Bankes","2","0","H"
"5191","15-02-21 19:00","England","Premier League","2020/2021","West Ham","Sheffield Utd","Simon Hooper","3","0","H"
"5192","14-02-21 20:00","England","Premier League","2020/2021","Everton","Fulham","Andy Madley","0","2","A"
"5193","14-02-21 17:30","England","Premier League","2020/2021","Arsenal","Leeds","Stuart Attwell","4","2","H"
"5194","14-02-21 15:00","England","Premier League","2020/2021","West Brom","Manchester Utd","Craig Pawson","1","1","D"
"5195","14-02-21 13:00","England","Premier League","2020/2021","Southampton","Wolves","Graham Scott","1","2","A"
"5196","13-02-21 21:00","England","Premier League","2020/2021","Brighton","Aston Villa","Darren England","0","0","D"
"5197","13-02-21 18:30","England","Premier League","2020/2021","Manchester City","Tottenham","Paul Tierney","3","0","H"
"5198","13-02-21 16:00","England","Premier League","2020/2021","Crystal Palace","Burnley","Michael Oliver","0","3","A"
"5199","13-02-21 13:30","England","Premier League","2020/2021","Leicester","Liverpool","Anthony Taylor","3","1","H"
"5200","08-02-21 21:00","England","Premier League","2020/2021","Leeds","Crystal Palace","Andre Marriner","2","0","H"
"5201","07-02-21 20:15","England","Premier League","2020/2021","Sheffield Utd","Chelsea","Kevin Friend","1","2","A"
"5202","07-02-21 17:30","England","Premier League","2020/2021","Liverpool","Manchester City","Michael Oliver","1","4","A"
"5203","07-02-21 15:00","England","Premier League","2020/2021","Wolves","Leicester","Martin Atkinson","0","0","D"
"5204","07-02-21 13:00","England","Premier League","2020/2021","Tottenham","West Brom","Stuart Attwell","2","0","H"
"5205","06-02-21 21:00","England","Premier League","2020/2021","Manchester Utd","Everton","Jonathan Moss","3","3","D"
"5206","06-02-21 18:30","England","Premier League","2020/2021","Fulham","West Ham","Mike Dean","0","0","D"
"5207","06-02-21 16:00","England","Premier League","2020/2021","Burnley","Brighton","Anthony Taylor","1","1","D"
"5208","06-02-21 16:00","England","Premier League","2020/2021","Newcastle","Southampton","Craig Pawson","3","2","H"
"5209","06-02-21 13:30","England","Premier League","2020/2021","Aston Villa","Arsenal","Chris Kavanagh","1","0","H"
"5210","04-02-21 21:00","England","Premier League","2020/2021","Tottenham","Chelsea","Andre Marriner","0","1","A"
"5211","03-02-21 21:15","England","Premier League","2020/2021","Aston Villa","West Ham","Andy Madley","1","3","A"
"5212","03-02-21 21:15","England","Premier League","2020/2021","Liverpool","Brighton","Kevin Friend","0","1","A"
"5213","03-02-21 20:30","England","Premier League","2020/2021","Leeds","Everton","Michael Oliver","1","2","A"
"5214","03-02-21 19:00","England","Premier League","2020/2021","Burnley","Manchester City","Martin Atkinson","0","2","A"
"5215","03-02-21 19:00","England","Premier League","2020/2021","Fulham","Leicester","Robert Jones","0","2","A"
"5216","02-02-21 21:15","England","Premier League","2020/2021","Manchester Utd","Southampton","Mike Dean","9","0","H"
"5217","02-02-21 21:15","England","Premier League","2020/2021","Newcastle","Crystal Palace","Darren England","1","2","A"
"5218","02-02-21 19:00","England","Premier League","2020/2021","Sheffield Utd","West Brom","Paul Tierney","2","1","H"
"5219","02-02-21 19:00","England","Premier League","2020/2021","Wolves","Arsenal","Craig Pawson","2","1","H"
"5220","31-01-21 20:15","England","Premier League","2020/2021","Brighton","Tottenham","Peter Bankes","1","0","H"
"5221","31-01-21 17:30","England","Premier League","2020/2021","West Ham","Liverpool","Jonathan Moss","1","3","A"
"5222","31-01-21 15:00","England","Premier League","2020/2021","Leicester","Leeds","Chris Kavanagh","1","3","A"
"5223","31-01-21 13:00","England","Premier League","2020/2021","Chelsea","Burnley","Graham Scott","2","0","H"
"5224","30-01-21 21:00","England","Premier League","2020/2021","Southampton","Aston Villa","Lee Mason","0","1","A"
"5225","30-01-21 18:30","England","Premier League","2020/2021","Arsenal","Manchester Utd","Michael Oliver","0","0","D"
"5226","30-01-21 16:00","England","Premier League","2020/2021","Crystal Palace","Wolves","Simon Hooper","1","0","H"
"5227","30-01-21 16:00","England","Premier League","2020/2021","Manchester City","Sheffield Utd","David Coote","1","0","H"
"5228","30-01-21 16:00","England","Premier League","2020/2021","West Brom","Fulham","Anthony Taylor","2","2","D"
"5229","30-01-21 13:30","England","Premier League","2020/2021","Everton","Newcastle","Stuart Attwell","0","2","A"
"5230","28-01-21 21:00","England","Premier League","2020/2021","Tottenham","Liverpool","Martin Atkinson","1","3","A"
"5231","27-01-21 21:15","England","Premier League","2020/2021","Everton","Leicester","Mike Dean","1","1","D"
"5232","27-01-21 21:15","England","Premier League","2020/2021","Manchester Utd","Sheffield Utd","Peter Bankes","1","2","A"
"5233","27-01-21 20:30","England","Premier League","2020/2021","Brighton","Fulham","Craig Pawson","0","0","D"
"5234","27-01-21 19:00","England","Premier League","2020/2021","Burnley","Aston Villa","Paul Tierney","3","2","H"
"5235","27-01-21 19:00","England","Premier League","2020/2021","Chelsea","Wolves","Andy Madley","0","0","D"
"5236","26-01-21 21:15","England","Premier League","2020/2021","Southampton","Arsenal","Kevin Friend","1","3","A"
"5237","26-01-21 21:15","England","Premier League","2020/2021","West Brom","Manchester City","Chris Kavanagh","0","5","A"
"5238","26-01-21 19:00","England","Premier League","2020/2021","Crystal Palace","West Ham","Stuart Attwell","2","3","A"
"5239","26-01-21 19:00","England","Premier League","2020/2021","Newcastle","Leeds","Anthony Taylor","1","2","A"
"5240","23-01-21 21:00","England","Premier League","2020/2021","Aston Villa","Newcastle","Simon Hooper","2","0","H"
"5241","21-01-21 21:00","England","Premier League","2020/2021","Liverpool","Burnley","Mike Dean","0","1","A"
"5242","20-01-21 21:15","England","Premier League","2020/2021","Fulham","Manchester Utd","Martin Atkinson","1","2","A"
"5243","20-01-21 19:00","England","Premier League","2020/2021","Manchester City","Aston Villa","Jonathan Moss","2","0","H"
"5244","19-01-21 21:15","England","Premier League","2020/2021","Leicester","Chelsea","Craig Pawson","2","0","H"
"5245","19-01-21 19:00","England","Premier League","2020/2021","West Ham","West Brom","Graham Scott","2","1","H"
"5246","18-01-21 21:00","England","Premier League","2020/2021","Arsenal","Newcastle","David Coote","3","0","H"
"5247","17-01-21 20:15","England","Premier League","2020/2021","Manchester City","Crystal Palace","Lee Mason","4","0","H"
"5248","17-01-21 17:30","England","Premier League","2020/2021","Liverpool","Manchester Utd","Paul Tierney","0","0","D"
"5249","17-01-21 15:00","England","Premier League","2020/2021","Sheffield Utd","Tottenham","Andre Marriner","1","3","A"
"5250","16-01-21 21:00","England","Premier League","2020/2021","Leicester","Southampton","Stuart Attwell","2","0","H"
"5251","16-01-21 18:30","England","Premier League","2020/2021","Fulham","Chelsea","Peter Bankes","0","1","A"
"5252","16-01-21 16:00","England","Premier League","2020/2021","Leeds","Brighton","Kevin Friend","0","1","A"
"5253","16-01-21 16:00","England","Premier League","2020/2021","West Ham","Burnley","Chris Kavanagh","1","0","H"
"5254","16-01-21 13:30","England","Premier League","2020/2021","Wolves","West Brom","Michael Oliver","2","3","A"
"5255","14-01-21 21:00","England","Premier League","2020/2021","Arsenal","Crystal Palace","Andre Marriner","0","0","D"
"5256","13-01-21 21:15","England","Premier League","2020/2021","Tottenham","Fulham","Paul Tierney","1","1","D"
"5257","13-01-21 19:00","England","Premier League","2020/2021","Manchester City","Brighton","Darren England","1","0","H"
"5258","12-01-21 21:15","England","Premier League","2020/2021","Burnley","Manchester Utd","Kevin Friend","0","1","A"
"5259","12-01-21 21:15","England","Premier League","2020/2021","Wolves","Everton","Martin Atkinson","1","2","A"
"5260","12-01-21 19:00","England","Premier League","2020/2021","Sheffield Utd","Newcastle","Andy Madley","1","0","H"
"5261","04-01-21 21:00","England","Premier League","2020/2021","Southampton","Liverpool","Andre Marriner","1","0","H"
"5262","03-01-21 17:30","England","Premier League","2020/2021","Chelsea","Manchester City","Anthony Taylor","1","3","A"
"5263","03-01-21 15:15","England","Premier League","2020/2021","Newcastle","Leicester","Robert Jones","1","2","A"
"5264","02-01-21 21:00","England","Premier League","2020/2021","West Brom","Arsenal","Martin Atkinson","0","4","A"
"5265","02-01-21 18:30","England","Premier League","2020/2021","Brighton","Wolves","Andy Madley","3","3","D"
"5266","02-01-21 16:00","England","Premier League","2020/2021","Crystal Palace","Sheffield Utd","Stuart Attwell","2","0","H"
"5267","02-01-21 13:30","England","Premier League","2020/2021","Tottenham","Leeds","David Coote","3","0","H"
"5268","01-01-21 21:00","England","Premier League","2020/2021","Manchester Utd","Aston Villa","Michael Oliver","2","1","H"
"5269","01-01-21 18:30","England","Premier League","2020/2021","Everton","West Ham","Kevin Friend","0","1","A"
"5270","30-12-20 21:00","England","Premier League","2020/2021","Newcastle","Liverpool","Paul Tierney","0","0","D"
"5271","29-12-20 21:00","England","Premier League","2020/2021","Manchester Utd","Wolves","Jonathan Moss","1","0","H"
"5272","29-12-20 19:00","England","Premier League","2020/2021","Brighton","Arsenal","Martin Atkinson","0","1","A"
"5273","29-12-20 19:00","England","Premier League","2020/2021","Burnley","Sheffield Utd","Chris Kavanagh","1","0","H"
"5274","29-12-20 19:00","England","Premier League","2020/2021","Southampton","West Ham","Andy Madley","0","0","D"
"5275","29-12-20 19:00","England","Premier League","2020/2021","West Brom","Leeds","Lee Mason","0","5","A"
"5276","28-12-20 18:30","England","Premier League","2020/2021","Chelsea","Aston Villa","Stuart Attwell","1","1","D"
"5277","28-12-20 16:00","England","Premier League","2020/2021","Crystal Palace","Leicester","Graham Scott","1","1","D"
"5278","27-12-20 20:15","England","Premier League","2020/2021","Wolves","Tottenham","Paul Tierney","1","1","D"
"5279","27-12-20 17:30","England","Premier League","2020/2021","Liverpool","West Brom","Kevin Friend","1","1","D"
"5280","27-12-20 15:15","England","Premier League","2020/2021","West Ham","Brighton","Simon Hooper","2","2","D"
"5281","27-12-20 13:00","England","Premier League","2020/2021","Leeds","Burnley","Robert Jones","1","0","H"
"5282","26-12-20 21:00","England","Premier League","2020/2021","Manchester City","Newcastle","Andre Marriner","2","0","H"
"5283","26-12-20 21:00","England","Premier League","2020/2021","Sheffield Utd","Everton","David Coote","0","1","A"
"5284","26-12-20 18:30","England","Premier League","2020/2021","Arsenal","Chelsea","Michael Oliver","3","1","H"
"5285","26-12-20 16:00","England","Premier League","2020/2021","Aston Villa","Crystal Palace","Anthony Taylor","3","0","H"
"5286","26-12-20 16:00","England","Premier League","2020/2021","Fulham","Southampton","Darren England","0","0","D"
"5287","26-12-20 13:30","England","Premier League","2020/2021","Leicester","Manchester Utd","Mike Dean","2","2","D"
"5288","21-12-20 21:00","England","Premier League","2020/2021","Chelsea","West Ham","Chris Kavanagh","3","0","H"
"5289","21-12-20 18:30","England","Premier League","2020/2021","Burnley","Wolves","Lee Mason","2","1","H"
"5290","20-12-20 20:15","England","Premier League","2020/2021","West Brom","Aston Villa","Martin Atkinson","0","3","A"
"5291","20-12-20 17:30","England","Premier League","2020/2021","Manchester Utd","Leeds","Anthony Taylor","6","2","H"
"5292","20-12-20 15:15","England","Premier League","2020/2021","Tottenham","Leicester","Craig Pawson","0","2","A"
"5293","20-12-20 13:00","England","Premier League","2020/2021","Brighton","Sheffield Utd","Peter Bankes","1","1","D"
"5294","19-12-20 21:00","England","Premier League","2020/2021","Newcastle","Fulham","Graham Scott","1","1","D"
"5295","19-12-20 18:30","England","Premier League","2020/2021","Everton","Arsenal","Andre Marriner","2","1","H"
"5296","19-12-20 16:00","England","Premier League","2020/2021","Southampton","Manchester City","Mike Dean","0","1","A"
"5297","19-12-20 13:30","England","Premier League","2020/2021","Crystal Palace","Liverpool","Jonathan Moss","0","7","A"
"5298","17-12-20 21:00","England","Premier League","2020/2021","Sheffield Utd","Manchester Utd","Michael Oliver","2","3","A"
"5299","17-12-20 19:00","England","Premier League","2020/2021","Aston Villa","Burnley","Craig Pawson","0","0","D"
"5300","16-12-20 21:00","England","Premier League","2020/2021","Fulham","Brighton","Robert Jones","0","0","D"
"5301","16-12-20 21:00","England","Premier League","2020/2021","Liverpool","Tottenham","Anthony Taylor","2","1","H"
"5302","16-12-20 21:00","England","Premier League","2020/2021","West Ham","Crystal Palace","David Coote","1","1","D"
"5303","16-12-20 19:00","England","Premier League","2020/2021","Arsenal","Southampton","Paul Tierney","1","1","D"
"5304","16-12-20 19:00","England","Premier League","2020/2021","Leeds","Newcastle","Simon Hooper","5","2","H"
"5305","16-12-20 19:00","England","Premier League","2020/2021","Leicester","Everton","Lee Mason","0","2","A"
"5306","15-12-20 21:00","England","Premier League","2020/2021","Manchester City","West Brom","Peter Bankes","1","1","D"
"5307","15-12-20 19:00","England","Premier League","2020/2021","Wolves","Chelsea","Stuart Attwell","2","1","H"
"5308","13-12-20 20:15","England","Premier League","2020/2021","Arsenal","Burnley","Graham Scott","0","1","A"
"5309","13-12-20 20:15","England","Premier League","2020/2021","Leicester","Brighton","Martin Atkinson","3","0","H"
"5310","13-12-20 17:30","England","Premier League","2020/2021","Fulham","Liverpool","Andre Marriner","1","1","D"
"5311","13-12-20 15:15","England","Premier League","2020/2021","Crystal Palace","Tottenham","Kevin Friend","1","1","D"
"5312","13-12-20 13:00","England","Premier League","2020/2021","Southampton","Sheffield Utd","Andy Madley","3","0","H"
"5313","12-12-20 21:00","England","Premier League","2020/2021","Everton","Chelsea","Jonathan Moss","1","0","H"
"5314","12-12-20 18:30","England","Premier League","2020/2021","Manchester Utd","Manchester City","Chris Kavanagh","0","0","D"
"5315","12-12-20 16:00","England","Premier League","2020/2021","Newcastle","West Brom","Darren England","2","1","H"
"5316","12-12-20 13:30","England","Premier League","2020/2021","Wolves","Aston Villa","Mike Dean","0","1","A"
"5317","11-12-20 21:00","England","Premier League","2020/2021","Leeds","West Ham","Michael Oliver","1","2","A"
"5318","07-12-20 21:00","England","Premier League","2020/2021","Brighton","Southampton","David Coote","1","2","A"
"5319","06-12-20 20:15","England","Premier League","2020/2021","Liverpool","Wolves","Craig Pawson","4","0","H"
"5320","06-12-20 17:30","England","Premier League","2020/2021","Tottenham","Arsenal","Martin Atkinson","2","0","H"
"5321","06-12-20 15:15","England","Premier League","2020/2021","Sheffield Utd","Leicester","Stuart Attwell","1","2","A"
"5322","06-12-20 13:00","England","Premier League","2020/2021","West Brom","Crystal Palace","Paul Tierney","1","5","A"
"5323","05-12-20 21:00","England","Premier League","2020/2021","Chelsea","Leeds","Kevin Friend","3","1","H"
"5324","05-12-20 18:30","England","Premier League","2020/2021","West Ham","Manchester Utd","Andre Marriner","1","3","A"
"5325","05-12-20 16:00","England","Premier League","2020/2021","Manchester City","Fulham","Jonathan Moss","2","0","H"
"5326","05-12-20 13:30","England","Premier League","2020/2021","Burnley","Everton","Anthony Taylor","1","1","D"
"5327","30-11-20 21:00","England","Premier League","2020/2021","West Ham","Aston Villa","Peter Bankes","2","1","H"
"5328","30-11-20 18:30","England","Premier League","2020/2021","Leicester","Fulham","Simon Hooper","1","2","A"
"5329","29-11-20 20:15","England","Premier League","2020/2021","Arsenal","Wolves","Michael Oliver","1","2","A"
"5330","29-11-20 17:30","England","Premier League","2020/2021","Chelsea","Tottenham","Paul Tierney","0","0","D"
"5331","29-11-20 15:00","England","Premier League","2020/2021","Southampton","Manchester Utd","Jonathan Moss","2","3","A"
"5332","28-11-20 21:00","England","Premier League","2020/2021","West Brom","Sheffield Utd","Mike Dean","1","0","H"
"5333","28-11-20 18:30","England","Premier League","2020/2021","Everton","Leeds","Chris Kavanagh","0","1","A"
"5334","28-11-20 16:00","England","Premier League","2020/2021","Manchester City","Burnley","Lee Mason","5","0","H"
"5335","28-11-20 13:30","England","Premier League","2020/2021","Brighton","Liverpool","Stuart Attwell","1","1","D"
"5336","27-11-20 21:00","England","Premier League","2020/2021","Crystal Palace","Newcastle","Graham Scott","0","2","A"
"5337","23-11-20 21:00","England","Premier League","2020/2021","Wolves","Southampton","Andre Marriner","1","1","D"
"5338","23-11-20 18:30","England","Premier League","2020/2021","Burnley","Crystal Palace","Kevin Friend","1","0","H"
"5339","22-11-20 20:15","England","Premier League","2020/2021","Liverpool","Leicester","Chris Kavanagh","3","0","H"
"5340","22-11-20 17:30","England","Premier League","2020/2021","Leeds","Arsenal","Anthony Taylor","0","0","D"
"5341","22-11-20 15:00","England","Premier League","2020/2021","Sheffield Utd","West Ham","Martin Atkinson","0","1","A"
"5342","22-11-20 13:00","England","Premier League","2020/2021","Fulham","Everton","Andy Madley","2","3","A"
"5343","21-11-20 21:00","England","Premier League","2020/2021","Manchester Utd","West Brom","David Coote","1","0","H"
"5344","21-11-20 18:30","England","Premier League","2020/2021","Tottenham","Manchester City","Mike Dean","2","0","H"
"5345","21-11-20 16:00","England","Premier League","2020/2021","Aston Villa","Brighton","Michael Oliver","1","2","A"
"5346","21-11-20 13:30","England","Premier League","2020/2021","Newcastle","Chelsea","Craig Pawson","0","2","A"
"5347","08-11-20 20:15","England","Premier League","2020/2021","Arsenal","Aston Villa","Martin Atkinson","0","3","A"
"5348","08-11-20 17:30","England","Premier League","2020/2021","Manchester City","Liverpool","Craig Pawson","1","1","D"
"5349","08-11-20 15:00","England","Premier League","2020/2021","Leicester","Wolves","Anthony Taylor","1","0","H"
"5350","08-11-20 13:00","England","Premier League","2020/2021","West Brom","Tottenham","Andy Madley","0","1","A"
"5351","07-11-20 21:00","England","Premier League","2020/2021","West Ham","Fulham","Robert Jones","1","0","H"
"5352","07-11-20 18:30","England","Premier League","2020/2021","Chelsea","Sheffield Utd","Jonathan Moss","4","1","H"
"5353","07-11-20 16:00","England","Premier League","2020/2021","Crystal Palace","Leeds","Chris Kavanagh","4","1","H"
"5354","07-11-20 13:30","England","Premier League","2020/2021","Everton","Manchester Utd","Paul Tierney","1","3","A"
"5355","06-11-20 21:00","England","Premier League","2020/2021","Southampton","Newcastle","Peter Bankes","2","0","H"
"5356","06-11-20 18:30","England","Premier League","2020/2021","Brighton","Burnley","Mike Dean","0","0","D"
"5357","02-11-20 21:00","England","Premier League","2020/2021","Leeds","Leicester","Andre Marriner","1","4","A"
"5358","02-11-20 18:30","England","Premier League","2020/2021","Fulham","West Brom","Simon Hooper","2","0","H"
"5359","01-11-20 20:15","England","Premier League","2020/2021","Tottenham","Brighton","Graham Scott","2","1","H"
"5360","01-11-20 17:30","England","Premier League","2020/2021","Manchester Utd","Arsenal","Mike Dean","0","1","A"
"5361","01-11-20 15:00","England","Premier League","2020/2021","Newcastle","Everton","Stuart Attwell","2","1","H"
"5362","01-11-20 13:00","England","Premier League","2020/2021","Aston Villa","Southampton","Darren England","3","4","A"
"5363","31-10-20 18:30","England","Premier League","2020/2021","Liverpool","West Ham","Kevin Friend","2","1","H"
"5364","31-10-20 16:00","England","Premier League","2020/2021","Burnley","Chelsea","David Coote","0","3","A"
"5365","31-10-20 13:30","England","Premier League","2020/2021","Sheffield Utd","Manchester City","Michael Oliver","0","1","A"
"5366","30-10-20 21:00","England","Premier League","2020/2021","Wolves","Crystal Palace","Martin Atkinson","2","0","H"
"5367","26-10-20 21:00","England","Premier League","2020/2021","Burnley","Tottenham","Michael Oliver","0","1","A"
"5368","26-10-20 18:30","England","Premier League","2020/2021","Brighton","West Brom","Jonathan Moss","1","1","D"
"5369","25-10-20 20:15","England","Premier League","2020/2021","Arsenal","Leicester","Craig Pawson","0","1","A"
"5370","25-10-20 17:30","England","Premier League","2020/2021","Wolves","Newcastle","Lee Mason","1","1","D"
"5371","25-10-20 15:00","England","Premier League","2020/2021","Southampton","Everton","Kevin Friend","2","0","H"
"5372","24-10-20 21:00","England","Premier League","2020/2021","Liverpool","Sheffield Utd","Mike Dean","2","1","H"
"5373","24-10-20 18:30","England","Premier League","2020/2021","Manchester Utd","Chelsea","Martin Atkinson","0","0","D"
"5374","24-10-20 16:00","England","Premier League","2020/2021","Fulham","Crystal Palace","Graham Scott","1","2","A"
"5375","24-10-20 13:30","England","Premier League","2020/2021","West Ham","Manchester City","Anthony Taylor","1","1","D"
"5376","23-10-20 21:00","England","Premier League","2020/2021","Aston Villa","Leeds","Paul Tierney","0","3","A"
"5377","19-10-20 21:00","England","Premier League","2020/2021","Leeds","Wolves","David Coote","0","1","A"
"5378","19-10-20 18:30","England","Premier League","2020/2021","West Brom","Burnley","Anthony Taylor","0","0","D"
"5379","18-10-20 20:15","England","Premier League","2020/2021","Leicester","Aston Villa","Jonathan Moss","0","1","A"
"5380","18-10-20 17:30","England","Premier League","2020/2021","Tottenham","West Ham","Paul Tierney","3","3","D"
"5381","18-10-20 15:00","England","Premier League","2020/2021","Crystal Palace","Brighton","Stuart Attwell","1","1","D"
"5382","18-10-20 13:00","England","Premier League","2020/2021","Sheffield Utd","Fulham","Andre Marriner","1","1","D"
"5383","17-10-20 21:00","England","Premier League","2020/2021","Newcastle","Manchester Utd","Craig Pawson","1","4","A"
"5384","17-10-20 18:30","England","Premier League","2020/2021","Manchester City","Arsenal","Chris Kavanagh","1","0","H"
"5385","17-10-20 16:00","England","Premier League","2020/2021","Chelsea","Southampton","Peter Bankes","3","3","D"
"5386","17-10-20 13:30","England","Premier League","2020/2021","Everton","Liverpool","Michael Oliver","2","2","D"
"5387","04-10-20 20:15","England","Premier League","2020/2021","Aston Villa","Liverpool","Martin Atkinson","7","2","H"
"5388","04-10-20 17:30","England","Premier League","2020/2021","Manchester Utd","Tottenham","Anthony Taylor","1","6","A"
"5389","04-10-20 15:00","England","Premier League","2020/2021","Arsenal","Sheffield Utd","Lee Mason","2","1","H"
"5390","04-10-20 15:00","England","Premier League","2020/2021","Wolves","Fulham","Darren England","1","0","H"
"5391","04-10-20 13:00","England","Premier League","2020/2021","Leicester","West Ham","Andy Madley","0","3","A"
"5392","04-10-20 13:00","England","Premier League","2020/2021","Southampton","West Brom","Chris Kavanagh","2","0","H"
"5393","03-10-20 21:00","England","Premier League","2020/2021","Newcastle","Burnley","David Coote","3","1","H"
"5394","03-10-20 18:30","England","Premier League","2020/2021","Leeds","Manchester City","Mike Dean","1","1","D"
"5395","03-10-20 16:00","England","Premier League","2020/2021","Everton","Brighton","Simon Hooper","4","2","H"
"5396","03-10-20 13:30","England","Premier League","2020/2021","Chelsea","Crystal Palace","Michael Oliver","4","0","H"
"5397","28-09-20 21:00","England","Premier League","2020/2021","Liverpool","Arsenal","Craig Pawson","3","1","H"
"5398","28-09-20 18:45","England","Premier League","2020/2021","Fulham","Aston Villa","Stuart Attwell","0","3","A"
"5399","27-09-20 20:00","England","Premier League","2020/2021","West Ham","Wolves","Martin Atkinson","4","0","H"
"5400","27-09-20 17:30","England","Premier League","2020/2021","Manchester City","Leicester","Michael Oliver","2","5","A"
"5401","27-09-20 15:00","England","Premier League","2020/2021","Tottenham","Newcastle","Peter Bankes","1","1","D"
"5402","27-09-20 13:00","England","Premier League","2020/2021","Sheffield Utd","Leeds","Paul Tierney","0","1","A"
"5403","26-09-20 21:00","England","Premier League","2020/2021","Burnley","Southampton","Andre Marriner","0","1","A"
"5404","26-09-20 18:30","England","Premier League","2020/2021","West Brom","Chelsea","Jonathan Moss","3","3","D"
"5405","26-09-20 16:00","England","Premier League","2020/2021","Crystal Palace","Everton","Kevin Friend","1","2","A"
"5406","26-09-20 13:30","England","Premier League","2020/2021","Brighton","Manchester Utd","Chris Kavanagh","2","3","A"
"5407","21-09-20 21:15","England","Premier League","2020/2021","Wolves","Manchester City","Andre Marriner","1","3","A"
"5408","21-09-20 19:00","England","Premier League","2020/2021","Aston Villa","Sheffield Utd","Graham Scott","1","0","H"
"5409","20-09-20 20:00","England","Premier League","2020/2021","Leicester","Burnley","Lee Mason","4","2","H"
"5410","20-09-20 17:30","England","Premier League","2020/2021","Chelsea","Liverpool","Paul Tierney","0","2","A"
"5411","20-09-20 15:00","England","Premier League","2020/2021","Newcastle","Brighton","Kevin Friend","0","3","A"
"5412","20-09-20 13:00","England","Premier League","2020/2021","Southampton","Tottenham","David Coote","2","5","A"
"5413","19-09-20 21:00","England","Premier League","2020/2021","Arsenal","West Ham","Michael Oliver","2","1","H"
"5414","19-09-20 18:30","England","Premier League","2020/2021","Manchester Utd","Crystal Palace","Martin Atkinson","1","3","A"
"5415","19-09-20 16:00","England","Premier League","2020/2021","Leeds","Fulham","Anthony Taylor","4","3","H"
"5416","19-09-20 13:30","England","Premier League","2020/2021","Everton","West Brom","Mike Dean","5","2","H"
"5417","14-09-20 21:15","England","Premier League","2020/2021","Brighton","Chelsea","Craig Pawson","1","3","A"
"5418","14-09-20 19:00","England","Premier League","2020/2021","Sheffield Utd","Wolves","Mike Dean","0","2","A"
"5419","13-09-20 17:30","England","Premier League","2020/2021","Tottenham","Everton","Martin Atkinson","0","1","A"
"5420","13-09-20 15:00","England","Premier League","2020/2021","West Brom","Leicester","Anthony Taylor","0","3","A"
"5421","12-09-20 21:00","England","Premier League","2020/2021","West Ham","Newcastle","Stuart Attwell","0","2","A"
"5422","12-09-20 18:30","England","Premier League","2020/2021","Liverpool","Leeds","Michael Oliver","4","3","H"
"5423","12-09-20 16:00","England","Premier League","2020/2021","Crystal Palace","Southampton","Jonathan Moss","1","0","H"
"5424","12-09-20 13:30","England","Premier League","2020/2021","Fulham","Arsenal","Chris Kavanagh","0","3","A"
"5425","26-07-20 17:00","England","Premier League","2019/2020","Arsenal","Watford","Mike Dean","3","2","H"
"5426","26-07-20 17:00","England","Premier League","2019/2020","Burnley","Brighton","Jonathan Moss","1","2","A"
"5427","26-07-20 17:00","England","Premier League","2019/2020","Chelsea","Wolves","Stuart Attwell","2","0","H"
"5428","26-07-20 17:00","England","Premier League","2019/2020","Crystal Palace","Tottenham","Andre Marriner","1","1","D"
"5429","26-07-20 17:00","England","Premier League","2019/2020","Everton","Bournemouth","Chris Kavanagh","1","3","A"
"5430","26-07-20 17:00","England","Premier League","2019/2020","Leicester","Manchester Utd","Martin Atkinson","0","2","A"
"5431","26-07-20 17:00","England","Premier League","2019/2020","Manchester City","Norwich","Craig Pawson","5","0","H"
"5432","26-07-20 17:00","England","Premier League","2019/2020","Newcastle","Liverpool","Anthony Taylor","1","3","A"
"5433","26-07-20 17:00","England","Premier League","2019/2020","Southampton","Sheffield Utd","Peter Bankes","3","1","H"
"6530","26-07-20 17:00","England","Premier League","2019/2020","West Ham","Aston Villa","Michael Oliver","1","1","D"
"5434","22-07-20 21:15","England","Premier League","2019/2020","Liverpool","Chelsea","Andre Marriner","5","3","H"
"6529","22-07-20 19:00","England","Premier League","2019/2020","Manchester Utd","West Ham","Paul Tierney","1","1","D"
"5435","21-07-20 21:15","England","Premier League","2019/2020","Aston Villa","Arsenal","Chris Kavanagh","1","0","H"
"5436","21-07-20 19:00","England","Premier League","2019/2020","Watford","Manchester City","Michael Oliver","0","4","A"
"5437","20-07-20 21:15","England","Premier League","2019/2020","Wolves","Crystal Palace","Peter Bankes","2","0","H"
"5438","20-07-20 19:00","England","Premier League","2019/2020","Brighton","Newcastle","Simon Hooper","0","0","D"
"5439","20-07-20 19:00","England","Premier League","2019/2020","Sheffield Utd","Everton","Stuart Attwell","0","1","A"
"5440","19-07-20 17:00","England","Premier League","2019/2020","Tottenham","Leicester","Anthony Taylor","3","0","H"
"5441","19-07-20 15:00","England","Premier League","2019/2020","Bournemouth","Southampton","Craig Pawson","0","2","A"
"5442","18-07-20 18:30","England","Premier League","2019/2020","Norwich","Burnley","Kevin Friend","0","2","A"
"6528","17-07-20 21:00","England","Premier League","2019/2020","West Ham","Watford","Martin Atkinson","3","1","H"
"5443","16-07-20 21:15","England","Premier League","2019/2020","Crystal Palace","Manchester Utd","Graham Scott","0","2","A"
"5444","16-07-20 21:15","England","Premier League","2019/2020","Southampton","Brighton","Andre Marriner","1","1","D"
"5445","16-07-20 19:00","England","Premier League","2019/2020","Everton","Aston Villa","Anthony Taylor","1","1","D"
"5446","16-07-20 19:00","England","Premier League","2019/2020","Leicester","Sheffield Utd","Michael Oliver","2","0","H"
"5447","15-07-20 21:15","England","Premier League","2019/2020","Arsenal","Liverpool","Paul Tierney","2","1","H"
"5448","15-07-20 19:00","England","Premier League","2019/2020","Burnley","Wolves","Mike Dean","1","1","D"
"5449","15-07-20 19:00","England","Premier League","2019/2020","Manchester City","Bournemouth","Lee Mason","2","1","H"
"5450","15-07-20 19:00","England","Premier League","2019/2020","Newcastle","Tottenham","David Coote","1","3","A"
"5451","14-07-20 21:15","England","Premier League","2019/2020","Chelsea","Norwich","Jonathan Moss","1","0","H"
"5452","13-07-20 21:00","England","Premier League","2019/2020","Manchester Utd","Southampton","Chris Kavanagh","2","2","D"
"5453","12-07-20 20:00","England","Premier League","2019/2020","Bournemouth","Leicester","Stuart Attwell","4","1","H"
"5454","12-07-20 17:30","England","Premier League","2019/2020","Tottenham","Arsenal","Michael Oliver","2","1","H"
"5455","12-07-20 15:15","England","Premier League","2019/2020","Aston Villa","Crystal Palace","Martin Atkinson","2","0","H"
"5456","12-07-20 13:00","England","Premier League","2019/2020","Wolves","Everton","Anthony Taylor","3","0","H"
"5457","11-07-20 21:00","England","Premier League","2019/2020","Brighton","Manchester City","Graham Scott","0","5","A"
"5458","11-07-20 18:30","England","Premier League","2019/2020","Sheffield Utd","Chelsea","Andre Marriner","3","0","H"
"5459","11-07-20 16:00","England","Premier League","2019/2020","Liverpool","Burnley","David Coote","1","1","D"
"5460","11-07-20 13:30","England","Premier League","2019/2020","Watford","Newcastle","Craig Pawson","2","1","H"
"6527","11-07-20 13:30","England","Premier League","2019/2020","Norwich","West Ham","Kevin Friend","0","4","A"
"5461","09-07-20 21:15","England","Premier League","2019/2020","Aston Villa","Manchester Utd","Jonathan Moss","0","3","A"
"5462","09-07-20 19:00","England","Premier League","2019/2020","Bournemouth","Tottenham","Paul Tierney","0","0","D"
"5463","09-07-20 19:00","England","Premier League","2019/2020","Everton","Southampton","Lee Mason","1","1","D"
"5464","08-07-20 21:15","England","Premier League","2019/2020","Brighton","Liverpool","Craig Pawson","1","3","A"
"5465","08-07-20 19:00","England","Premier League","2019/2020","Manchester City","Newcastle","Andy Madley","5","0","H"
"5466","08-07-20 19:00","England","Premier League","2019/2020","Sheffield Utd","Wolves","Martin Atkinson","1","0","H"
"6531","08-07-20 19:00","England","Premier League","2019/2020","West Ham","Burnley","Michael Oliver","0","1","A"
"5467","07-07-20 21:15","England","Premier League","2019/2020","Arsenal","Leicester","Chris Kavanagh","1","1","D"
"5468","07-07-20 19:00","England","Premier League","2019/2020","Crystal Palace","Chelsea","David Coote","2","3","A"
"5469","07-07-20 19:00","England","Premier League","2019/2020","Watford","Norwich","Anthony Taylor","2","1","H"
"5470","06-07-20 21:00","England","Premier League","2019/2020","Tottenham","Everton","Graham Scott","1","0","H"
"5471","05-07-20 20:00","England","Premier League","2019/2020","Southampton","Manchester City","Andre Marriner","1","0","H"
"5472","05-07-20 17:30","England","Premier League","2019/2020","Liverpool","Aston Villa","Paul Tierney","2","0","H"
"6532","05-07-20 15:15","England","Premier League","2019/2020","Newcastle","West Ham","Craig Pawson","2","2","D"
"5473","05-07-20 13:00","England","Premier League","2019/2020","Burnley","Sheffield Utd","Peter Bankes","1","1","D"
"5474","04-07-20 21:00","England","Premier League","2019/2020","Chelsea","Watford","Kevin Friend","3","0","H"
"5475","04-07-20 18:30","England","Premier League","2019/2020","Wolves","Arsenal","Michael Oliver","0","2","A"
"5476","04-07-20 16:00","England","Premier League","2019/2020","Leicester","Crystal Palace","Jonathan Moss","3","0","H"
"5477","04-07-20 16:00","England","Premier League","2019/2020","Manchester Utd","Bournemouth","Mike Dean","5","2","H"
"5478","04-07-20 13:30","England","Premier League","2019/2020","Norwich","Brighton","Stuart Attwell","0","1","A"
"5479","02-07-20 21:15","England","Premier League","2019/2020","Manchester City","Liverpool","Anthony Taylor","4","0","H"
"5480","02-07-20 19:00","England","Premier League","2019/2020","Sheffield Utd","Tottenham","Chris Kavanagh","3","1","H"
"6533","01-07-20 21:15","England","Premier League","2019/2020","West Ham","Chelsea","Martin Atkinson","3","2","H"
"5481","01-07-20 19:00","England","Premier League","2019/2020","Arsenal","Norwich","Peter Bankes","4","0","H"
"5482","01-07-20 19:00","England","Premier League","2019/2020","Bournemouth","Newcastle","Kevin Friend","1","4","A"
"5483","01-07-20 19:00","England","Premier League","2019/2020","Everton","Leicester","David Coote","2","1","H"
"5484","30-06-20 21:15","England","Premier League","2019/2020","Brighton","Manchester Utd","Andre Marriner","0","3","A"
"5485","29-06-20 21:00","England","Premier League","2019/2020","Crystal Palace","Burnley","Simon Hooper","0","1","A"
"5486","28-06-20 17:30","England","Premier League","2019/2020","Watford","Southampton","Michael Oliver","1","3","A"
"5487","27-06-20 13:30","England","Premier League","2019/2020","Aston Villa","Wolves","Craig Pawson","0","1","A"
"5488","25-06-20 21:15","England","Premier League","2019/2020","Chelsea","Manchester City","Stuart Attwell","2","1","H"
"5489","25-06-20 19:00","England","Premier League","2019/2020","Burnley","Watford","Mike Dean","1","0","H"
"5490","25-06-20 19:00","England","Premier League","2019/2020","Southampton","Arsenal","Graham Scott","0","2","A"
"5491","24-06-20 21:15","England","Premier League","2019/2020","Liverpool","Crystal Palace","Martin Atkinson","4","0","H"
"5492","24-06-20 19:00","England","Premier League","2019/2020","Manchester Utd","Sheffield Utd","Anthony Taylor","3","0","H"
"5493","24-06-20 19:00","England","Premier League","2019/2020","Newcastle","Aston Villa","Chris Kavanagh","1","1","D"
"5494","24-06-20 19:00","England","Premier League","2019/2020","Norwich","Everton","Andy Madley","0","1","A"
"5495","24-06-20 19:00","England","Premier League","2019/2020","Wolves","Bournemouth","Michael Oliver","1","0","H"
"6534","23-06-20 21:15","England","Premier League","2019/2020","Tottenham","West Ham","Craig Pawson","2","0","H"
"5496","23-06-20 19:00","England","Premier League","2019/2020","Leicester","Brighton","Lee Mason","0","0","D"
"5497","22-06-20 21:00","England","Premier League","2019/2020","Manchester City","Burnley","Andre Marriner","5","0","H"
"5498","21-06-20 20:00","England","Premier League","2019/2020","Everton","Liverpool","Mike Dean","0","0","D"
"5499","21-06-20 17:15","England","Premier League","2019/2020","Aston Villa","Chelsea","Paul Tierney","1","2","A"
"5500","21-06-20 15:00","England","Premier League","2019/2020","Newcastle","Sheffield Utd","David Coote","3","0","H"
"5501","20-06-20 20:45","England","Premier League","2019/2020","Bournemouth","Crystal Palace","Stuart Attwell","0","2","A"
"6535","20-06-20 18:30","England","Premier League","2019/2020","West Ham","Wolves","Anthony Taylor","0","2","A"
"5502","20-06-20 16:00","England","Premier League","2019/2020","Brighton","Arsenal","Martin Atkinson","2","1","H"
"5503","20-06-20 13:30","England","Premier League","2019/2020","Watford","Leicester","Craig Pawson","1","1","D"
"5504","19-06-20 21:15","England","Premier League","2019/2020","Tottenham","Manchester Utd","Jonathan Moss","1","1","D"
"5505","19-06-20 19:00","England","Premier League","2019/2020","Norwich","Southampton","Kevin Friend","0","3","A"
"5506","17-06-20 21:15","England","Premier League","2019/2020","Manchester City","Arsenal","Anthony Taylor","3","0","H"
"5507","17-06-20 19:00","England","Premier League","2019/2020","Aston Villa","Sheffield Utd","Michael Oliver","0","0","D"
"5508","09-03-20 21:00","England","Premier League","2019/2020","Leicester","Aston Villa","Michael Oliver","4","0","H"
"5509","08-03-20 17:30","England","Premier League","2019/2020","Manchester Utd","Manchester City","Mike Dean","2","0","H"
"5510","08-03-20 15:00","England","Premier League","2019/2020","Chelsea","Everton","Kevin Friend","4","0","H"
"5511","07-03-20 18:30","England","Premier League","2019/2020","Burnley","Tottenham","Jonathan Moss","1","1","D"
"5512","07-03-20 16:00","England","Premier League","2019/2020","Crystal Palace","Watford","Anthony Taylor","1","0","H"
"5513","07-03-20 16:00","England","Premier League","2019/2020","Sheffield Utd","Norwich","Simon Hooper","1","0","H"
"5514","07-03-20 16:00","England","Premier League","2019/2020","Southampton","Newcastle","Graham Scott","0","1","A"
"5515","07-03-20 16:00","England","Premier League","2019/2020","Wolves","Brighton","Andre Marriner","0","0","D"
"6536","07-03-20 16:00","England","Premier League","2019/2020","Arsenal","West Ham","Martin Atkinson","1","0","H"
"5516","07-03-20 13:30","England","Premier League","2019/2020","Liverpool","Bournemouth","Paul Tierney","2","1","H"
"5517","01-03-20 15:00","England","Premier League","2019/2020","Everton","Manchester Utd","Chris Kavanagh","1","1","D"
"5518","01-03-20 15:00","England","Premier League","2019/2020","Tottenham","Wolves","Stuart Attwell","2","3","A"
"5519","29-02-20 18:30","England","Premier League","2019/2020","Watford","Liverpool","Michael Oliver","3","0","H"
"5520","29-02-20 16:00","England","Premier League","2019/2020","Bournemouth","Chelsea","Andre Marriner","2","2","D"
"5521","29-02-20 16:00","England","Premier League","2019/2020","Newcastle","Burnley","Andy Madley","0","0","D"
"6537","29-02-20 16:00","England","Premier League","2019/2020","West Ham","Southampton","Anthony Taylor","3","1","H"
"5522","29-02-20 13:30","England","Premier League","2019/2020","Brighton","Crystal Palace","Martin Atkinson","0","1","A"
"5523","28-02-20 21:00","England","Premier League","2019/2020","Norwich","Leicester","Craig Pawson","1","0","H"
"6538","24-02-20 21:00","England","Premier League","2019/2020","Liverpool","West Ham","Jonathan Moss","3","2","H"
"5524","23-02-20 17:30","England","Premier League","2019/2020","Arsenal","Everton","Stuart Attwell","3","2","H"
"5525","23-02-20 15:00","England","Premier League","2019/2020","Manchester Utd","Watford","Martin Atkinson","3","0","H"
"5526","23-02-20 15:00","England","Premier League","2019/2020","Wolves","Norwich","Chris Kavanagh","3","0","H"
"5527","22-02-20 18:30","England","Premier League","2019/2020","Leicester","Manchester City","Paul Tierney","0","1","A"
"5528","22-02-20 16:00","England","Premier League","2019/2020","Burnley","Bournemouth","Mike Dean","3","0","H"
"5529","22-02-20 16:00","England","Premier League","2019/2020","Crystal Palace","Newcastle","Peter Bankes","1","0","H"
"5530","22-02-20 16:00","England","Premier League","2019/2020","Sheffield Utd","Brighton","Graham Scott","1","1","D"
"5531","22-02-20 16:00","England","Premier League","2019/2020","Southampton","Aston Villa","Craig Pawson","2","0","H"
"5532","22-02-20 13:30","England","Premier League","2019/2020","Chelsea","Tottenham","Michael Oliver","2","1","H"
"6539","19-02-20 20:30","England","Premier League","2019/2020","Manchester City","West Ham","Kevin Friend","2","0","H"
"5533","17-02-20 21:00","England","Premier League","2019/2020","Chelsea","Manchester Utd","Anthony Taylor","0","2","A"
"5534","16-02-20 17:30","England","Premier League","2019/2020","Arsenal","Newcastle","Lee Mason","4","0","H"
"5535","16-02-20 15:00","England","Premier League","2019/2020","Aston Villa","Tottenham","Martin Atkinson","2","3","A"
"5536","15-02-20 18:30","England","Premier League","2019/2020","Norwich","Liverpool","Stuart Attwell","0","1","A"
"5537","15-02-20 13:30","England","Premier League","2019/2020","Southampton","Burnley","Simon Hooper","1","2","A"
"5538","14-02-20 21:00","England","Premier League","2019/2020","Wolves","Leicester","Mike Dean","0","0","D"
"5539","09-02-20 15:00","England","Premier League","2019/2020","Sheffield Utd","Bournemouth","Jonathan Moss","2","1","H"
"5540","08-02-20 18:30","England","Premier League","2019/2020","Brighton","Watford","Kevin Friend","1","1","D"
"5541","08-02-20 13:30","England","Premier League","2019/2020","Everton","Crystal Palace","David Coote","3","1","H"
"5542","02-02-20 17:30","England","Premier League","2019/2020","Tottenham","Manchester City","Mike Dean","2","0","H"
"5543","02-02-20 15:00","England","Premier League","2019/2020","Burnley","Arsenal","Chris Kavanagh","0","0","D"
"5544","01-02-20 18:30","England","Premier League","2019/2020","Manchester Utd","Wolves","Paul Tierney","0","0","D"
"5545","01-02-20 16:00","England","Premier League","2019/2020","Bournemouth","Aston Villa","Anthony Taylor","2","1","H"
"5546","01-02-20 16:00","England","Premier League","2019/2020","Crystal Palace","Sheffield Utd","Andy Madley","0","1","A"
"5547","01-02-20 16:00","England","Premier League","2019/2020","Liverpool","Southampton","Kevin Friend","4","0","H"
"5548","01-02-20 16:00","England","Premier League","2019/2020","Newcastle","Norwich","Martin Atkinson","0","0","D"
"5549","01-02-20 16:00","England","Premier League","2019/2020","Watford","Everton","Craig Pawson","2","3","A"
"6540","01-02-20 16:00","England","Premier League","2019/2020","West Ham","Brighton","Michael Oliver","3","3","D"
"5550","01-02-20 13:30","England","Premier League","2019/2020","Leicester","Chelsea","Lee Mason","2","2","D"
"6541","29-01-20 20:45","England","Premier League","2019/2020","West Ham","Liverpool","Jonathan Moss","0","2","A"
"5551","23-01-20 21:00","England","Premier League","2019/2020","Wolves","Liverpool","Michael Oliver","1","2","A"
"5552","22-01-20 21:15","England","Premier League","2019/2020","Manchester Utd","Burnley","Jonathan Moss","0","2","A"
"5553","22-01-20 20:30","England","Premier League","2019/2020","Tottenham","Norwich","Chris Kavanagh","2","1","H"
"6542","22-01-20 20:30","England","Premier League","2019/2020","Leicester","West Ham","David Coote","4","1","H"
"5554","21-01-20 21:15","England","Premier League","2019/2020","Chelsea","Arsenal","Stuart Attwell","2","2","D"
"5555","21-01-20 20:30","England","Premier League","2019/2020","Aston Villa","Watford","Martin Atkinson","2","1","H"
"5556","21-01-20 20:30","England","Premier League","2019/2020","Bournemouth","Brighton","Kevin Friend","3","1","H"
"5557","21-01-20 20:30","England","Premier League","2019/2020","Crystal Palace","Southampton","Andre Marriner","0","2","A"
"5558","21-01-20 20:30","England","Premier League","2019/2020","Everton","Newcastle","Simon Hooper","2","2","D"
"5559","21-01-20 20:30","England","Premier League","2019/2020","Sheffield Utd","Manchester City","Lee Mason","0","1","A"
"5560","19-01-20 17:30","England","Premier League","2019/2020","Liverpool","Manchester Utd","Craig Pawson","2","0","H"
"5561","19-01-20 15:00","England","Premier League","2019/2020","Burnley","Leicester","Anthony Taylor","2","1","H"
"5562","18-01-20 18:30","England","Premier League","2019/2020","Newcastle","Chelsea","Chris Kavanagh","1","0","H"
"5563","18-01-20 16:00","England","Premier League","2019/2020","Arsenal","Sheffield Utd","Mike Dean","1","1","D"
"5564","18-01-20 16:00","England","Premier League","2019/2020","Brighton","Aston Villa","Andy Madley","1","1","D"
"5565","18-01-20 16:00","England","Premier League","2019/2020","Manchester City","Crystal Palace","Graham Scott","2","2","D"
"5566","18-01-20 16:00","England","Premier League","2019/2020","Norwich","Bournemouth","Paul Tierney","1","0","H"
"5567","18-01-20 16:00","England","Premier League","2019/2020","Southampton","Wolves","Darren England","2","3","A"
"6543","18-01-20 16:00","England","Premier League","2019/2020","West Ham","Everton","Andre Marriner","1","1","D"
"5568","18-01-20 13:30","England","Premier League","2019/2020","Watford","Tottenham","Michael Oliver","0","0","D"
"5569","12-01-20 17:30","England","Premier League","2019/2020","Aston Villa","Manchester City","Jonathan Moss","1","6","A"
"5570","12-01-20 15:00","England","Premier League","2019/2020","Bournemouth","Watford","Mike Dean","0","3","A"
"5571","11-01-20 18:30","England","Premier League","2019/2020","Tottenham","Liverpool","Martin Atkinson","0","1","A"
"5572","11-01-20 16:00","England","Premier League","2019/2020","Chelsea","Burnley","Kevin Friend","3","0","H"
"5573","11-01-20 16:00","England","Premier League","2019/2020","Everton","Brighton","David Coote","1","0","H"
"5574","11-01-20 16:00","England","Premier League","2019/2020","Leicester","Southampton","Lee Mason","1","2","A"
"5575","11-01-20 16:00","England","Premier League","2019/2020","Manchester Utd","Norwich","Anthony Taylor","4","0","H"
"5576","11-01-20 16:00","England","Premier League","2019/2020","Wolves","Newcastle","Peter Bankes","1","1","D"
"5577","11-01-20 13:30","England","Premier League","2019/2020","Crystal Palace","Arsenal","Paul Tierney","1","1","D"
"6544","10-01-20 21:00","England","Premier League","2019/2020","Sheffield Utd","West Ham","Michael Oliver","1","0","H"
"5578","02-01-20 21:00","England","Premier League","2019/2020","Liverpool","Sheffield Utd","Paul Tierney","2","0","H"
"5579","01-01-20 21:00","England","Premier League","2019/2020","Arsenal","Manchester Utd","Chris Kavanagh","2","0","H"
"5580","01-01-20 18:30","England","Premier League","2019/2020","Manchester City","Everton","Andre Marriner","2","1","H"
"5581","01-01-20 18:30","England","Premier League","2019/2020","Norwich","Crystal Palace","Jonathan Moss","1","1","D"
"6545","01-01-20 18:30","England","Premier League","2019/2020","West Ham","Bournemouth","Graham Scott","4","0","H"
"5582","01-01-20 16:00","England","Premier League","2019/2020","Newcastle","Leicester","Martin Atkinson","0","3","A"
"5583","01-01-20 16:00","England","Premier League","2019/2020","Southampton","Tottenham","Mike Dean","1","0","H"
"5584","01-01-20 16:00","England","Premier League","2019/2020","Watford","Wolves","Andy Madley","2","1","H"
"5585","01-01-20 13:30","England","Premier League","2019/2020","Brighton","Chelsea","Stuart Attwell","1","1","D"
"5586","01-01-20 13:30","England","Premier League","2019/2020","Burnley","Aston Villa","Michael Oliver","1","2","A"
"5587","29-12-19 19:00","England","Premier League","2019/2020","Manchester City","Sheffield Utd","Chris Kavanagh","2","0","H"
"5588","29-12-19 17:30","England","Premier League","2019/2020","Liverpool","Wolves","Anthony Taylor","1","0","H"
"5589","29-12-19 15:00","England","Premier League","2019/2020","Arsenal","Chelsea","Craig Pawson","1","2","A"
"5590","28-12-19 20:45","England","Premier League","2019/2020","Burnley","Manchester Utd","Mike Dean","0","2","A"
"5591","28-12-19 18:30","England","Premier League","2019/2020","Norwich","Tottenham","Kevin Friend","2","2","D"
"6546","28-12-19 18:30","England","Premier League","2019/2020","West Ham","Leicester","David Coote","1","2","A"
"5592","28-12-19 16:00","England","Premier League","2019/2020","Newcastle","Everton","Lee Mason","1","2","A"
"5593","28-12-19 16:00","England","Premier League","2019/2020","Southampton","Crystal Palace","Andy Madley","1","1","D"
"5594","28-12-19 16:00","England","Premier League","2019/2020","Watford","Aston Villa","Simon Hooper","3","0","H"
"5595","28-12-19 13:30","England","Premier League","2019/2020","Brighton","Bournemouth","Paul Tierney","2","0","H"
"5596","27-12-19 20:45","England","Premier League","2019/2020","Wolves","Manchester City","Martin Atkinson","3","2","H"
"5597","26-12-19 21:00","England","Premier League","2019/2020","Leicester","Liverpool","Michael Oliver","0","4","A"
"5598","26-12-19 18:30","England","Premier League","2019/2020","Manchester Utd","Newcastle","Kevin Friend","4","1","H"
"5599","26-12-19 16:00","England","Premier League","2019/2020","Aston Villa","Norwich","Chris Kavanagh","1","0","H"
"5600","26-12-19 16:00","England","Premier League","2019/2020","Bournemouth","Arsenal","Stuart Attwell","1","1","D"
"5601","26-12-19 16:00","England","Premier League","2019/2020","Chelsea","Southampton","Jonathan Moss","0","2","A"
"5602","26-12-19 16:00","England","Premier League","2019/2020","Everton","Burnley","Anthony Taylor","1","0","H"
"5603","26-12-19 16:00","England","Premier League","2019/2020","Sheffield Utd","Watford","David Coote","1","1","D"
"6547","26-12-19 16:00","England","Premier League","2019/2020","Crystal Palace","West Ham","Andre Marriner","2","1","H"
"5604","26-12-19 13:30","England","Premier League","2019/2020","Tottenham","Brighton","Graham Scott","2","1","H"
"5605","22-12-19 17:30","England","Premier League","2019/2020","Tottenham","Chelsea","Anthony Taylor","0","2","A"
"5606","22-12-19 15:00","England","Premier League","2019/2020","Watford","Manchester Utd","Lee Mason","2","0","H"
"5607","21-12-19 18:30","England","Premier League","2019/2020","Manchester City","Leicester","Mike Dean","3","1","H"
"5608","21-12-19 16:00","England","Premier League","2019/2020","Aston Villa","Southampton","Craig Pawson","1","3","A"
"5609","21-12-19 16:00","England","Premier League","2019/2020","Bournemouth","Burnley","Martin Atkinson","0","1","A"
"5610","21-12-19 16:00","England","Premier League","2019/2020","Brighton","Sheffield Utd","Robert Jones","0","1","A"
"5611","21-12-19 16:00","England","Premier League","2019/2020","Newcastle","Crystal Palace","Simon Hooper","1","0","H"
"5612","21-12-19 16:00","England","Premier League","2019/2020","Norwich","Wolves","Peter Bankes","1","2","A"
"5613","21-12-19 13:30","England","Premier League","2019/2020","Everton","Arsenal","Kevin Friend","0","0","D"
"5614","16-12-19 20:45","England","Premier League","2019/2020","Crystal Palace","Brighton","Craig Pawson","1","1","D"
"5615","15-12-19 17:30","England","Premier League","2019/2020","Arsenal","Manchester City","Paul Tierney","0","3","A"
"5616","15-12-19 15:00","England","Premier League","2019/2020","Manchester Utd","Everton","Michael Oliver","1","1","D"
"5617","15-12-19 15:00","England","Premier League","2019/2020","Wolves","Tottenham","Stuart Attwell","1","2","A"
"6548","14-12-19 18:30","England","Premier League","2019/2020","Southampton","West Ham","Martin Atkinson","0","1","A"
"5618","14-12-19 16:00","England","Premier League","2019/2020","Burnley","Newcastle","Tim Robinson","1","0","H"
"5619","14-12-19 16:00","England","Premier League","2019/2020","Chelsea","Bournemouth","Graham Scott","0","1","A"
"5620","14-12-19 16:00","England","Premier League","2019/2020","Leicester","Norwich","Andy Madley","1","1","D"
"5621","14-12-19 16:00","England","Premier League","2019/2020","Sheffield Utd","Aston Villa","Peter Bankes","2","0","H"
"5622","14-12-19 13:30","England","Premier League","2019/2020","Liverpool","Watford","Andre Marriner","2","0","H"
"6549","09-12-19 21:00","England","Premier League","2019/2020","West Ham","Arsenal","Mike Dean","1","3","A"
"5623","08-12-19 17:30","England","Premier League","2019/2020","Brighton","Wolves","Jonathan Moss","2","2","D"
"5624","08-12-19 15:00","England","Premier League","2019/2020","Aston Villa","Leicester","Michael Oliver","1","4","A"
"5625","08-12-19 15:00","England","Premier League","2019/2020","Newcastle","Southampton","David Coote","2","1","H"
"5626","08-12-19 15:00","England","Premier League","2019/2020","Norwich","Sheffield Utd","Simon Hooper","1","2","A"
"5627","07-12-19 18:30","England","Premier League","2019/2020","Manchester City","Manchester Utd","Anthony Taylor","1","2","A"
"5628","07-12-19 16:00","England","Premier League","2019/2020","Bournemouth","Liverpool","Chris Kavanagh","0","3","A"
"5629","07-12-19 16:00","England","Premier League","2019/2020","Tottenham","Burnley","Kevin Friend","5","0","H"
"5630","07-12-19 16:00","England","Premier League","2019/2020","Watford","Crystal Palace","Martin Atkinson","0","0","D"
"5631","07-12-19 13:30","England","Premier League","2019/2020","Everton","Chelsea","Craig Pawson","3","1","H"
"5632","05-12-19 21:15","England","Premier League","2019/2020","Arsenal","Brighton","Graham Scott","1","2","A"
"5633","05-12-19 20:30","England","Premier League","2019/2020","Sheffield Utd","Newcastle","Stuart Attwell","0","2","A"
"5634","04-12-19 21:15","England","Premier League","2019/2020","Liverpool","Everton","Mike Dean","5","2","H"
"5635","04-12-19 20:30","England","Premier League","2019/2020","Chelsea","Aston Villa","Chris Kavanagh","2","1","H"
"5636","04-12-19 20:30","England","Premier League","2019/2020","Leicester","Watford","Craig Pawson","2","0","H"
"5637","04-12-19 20:30","England","Premier League","2019/2020","Manchester Utd","Tottenham","Paul Tierney","2","1","H"
"5638","04-12-19 20:30","England","Premier League","2019/2020","Southampton","Norwich","Kevin Friend","2","1","H"
"6550","04-12-19 20:30","England","Premier League","2019/2020","Wolves","West Ham","Andre Marriner","2","0","H"
"5639","03-12-19 21:15","England","Premier League","2019/2020","Burnley","Manchester City","Jonathan Moss","1","4","A"
"5640","03-12-19 20:30","England","Premier League","2019/2020","Crystal Palace","Bournemouth","Anthony Taylor","1","0","H"
"5641","01-12-19 17:30","England","Premier League","2019/2020","Leicester","Everton","Graham Scott","2","1","H"
"5642","01-12-19 17:30","England","Premier League","2019/2020","Manchester Utd","Aston Villa","Craig Pawson","2","2","D"
"5643","01-12-19 15:00","England","Premier League","2019/2020","Norwich","Arsenal","Paul Tierney","2","2","D"
"5644","01-12-19 15:00","England","Premier League","2019/2020","Wolves","Sheffield Utd","David Coote","1","1","D"
"5645","30-11-19 18:30","England","Premier League","2019/2020","Southampton","Watford","Michael Oliver","2","1","H"
"5646","30-11-19 16:00","England","Premier League","2019/2020","Burnley","Crystal Palace","Peter Bankes","0","2","A"
"5647","30-11-19 16:00","England","Premier League","2019/2020","Liverpool","Brighton","Martin Atkinson","2","1","H"
"5648","30-11-19 16:00","England","Premier League","2019/2020","Tottenham","Bournemouth","Lee Mason","3","2","H"
"6551","30-11-19 16:00","England","Premier League","2019/2020","Chelsea","West Ham","Jonathan Moss","0","1","A"
"5649","30-11-19 13:30","England","Premier League","2019/2020","Newcastle","Manchester City","Chris Kavanagh","2","2","D"
"5650","25-11-19 21:00","England","Premier League","2019/2020","Aston Villa","Newcastle","Lee Mason","2","0","H"
"5651","24-11-19 17:30","England","Premier League","2019/2020","Sheffield Utd","Manchester Utd","Andre Marriner","3","3","D"
"5652","23-11-19 18:30","England","Premier League","2019/2020","Manchester City","Chelsea","Martin Atkinson","2","1","H"
"5653","23-11-19 16:00","England","Premier League","2019/2020","Arsenal","Southampton","Stuart Attwell","2","2","D"
"5654","23-11-19 16:00","England","Premier League","2019/2020","Bournemouth","Wolves","Simon Hooper","1","2","A"
"5655","23-11-19 16:00","England","Premier League","2019/2020","Brighton","Leicester","Mike Dean","0","2","A"
"5656","23-11-19 16:00","England","Premier League","2019/2020","Crystal Palace","Liverpool","Kevin Friend","1","2","A"
"5657","23-11-19 16:00","England","Premier League","2019/2020","Everton","Norwich","Anthony Taylor","0","2","A"
"5658","23-11-19 16:00","England","Premier League","2019/2020","Watford","Burnley","Paul Tierney","0","3","A"
"6552","23-11-19 13:30","England","Premier League","2019/2020","West Ham","Tottenham","Michael Oliver","2","3","A"
"5659","10-11-19 17:30","England","Premier League","2019/2020","Liverpool","Manchester City","Michael Oliver","3","1","H"
"5660","10-11-19 15:00","England","Premier League","2019/2020","Manchester Utd","Brighton","Jonathan Moss","3","1","H"
"5661","10-11-19 15:00","England","Premier League","2019/2020","Wolves","Aston Villa","Anthony Taylor","2","1","H"
"5662","09-11-19 18:30","England","Premier League","2019/2020","Leicester","Arsenal","Chris Kavanagh","2","0","H"
"5663","09-11-19 16:00","England","Premier League","2019/2020","Newcastle","Bournemouth","Martin Atkinson","2","1","H"
"5664","09-11-19 16:00","England","Premier League","2019/2020","Southampton","Everton","Paul Tierney","1","2","A"
"5665","09-11-19 16:00","England","Premier League","2019/2020","Tottenham","Sheffield Utd","Graham Scott","1","1","D"
"6553","09-11-19 16:00","England","Premier League","2019/2020","Burnley","West Ham","Kevin Friend","3","0","H"
"5666","09-11-19 13:30","England","Premier League","2019/2020","Chelsea","Crystal Palace","Mike Dean","2","0","H"
"5667","08-11-19 21:00","England","Premier League","2019/2020","Norwich","Watford","Andre Marriner","0","2","A"
"5668","03-11-19 17:30","England","Premier League","2019/2020","Everton","Tottenham","Martin Atkinson","1","1","D"
"5669","03-11-19 15:00","England","Premier League","2019/2020","Crystal Palace","Leicester","Paul Tierney","0","2","A"
"5670","02-11-19 18:30","England","Premier League","2019/2020","Watford","Chelsea","Anthony Taylor","1","2","A"
"5671","02-11-19 16:00","England","Premier League","2019/2020","Arsenal","Wolves","Michael Oliver","1","1","D"
"5672","02-11-19 16:00","England","Premier League","2019/2020","Aston Villa","Liverpool","Jonathan Moss","1","2","A"
"5673","02-11-19 16:00","England","Premier League","2019/2020","Brighton","Norwich","Kevin Friend","2","0","H"
"5674","02-11-19 16:00","England","Premier League","2019/2020","Manchester City","Southampton","Lee Mason","2","1","H"
"5675","02-11-19 16:00","England","Premier League","2019/2020","Sheffield Utd","Burnley","Simon Hooper","3","0","H"
"6554","02-11-19 16:00","England","Premier League","2019/2020","West Ham","Newcastle","Stuart Attwell","2","3","A"
"5676","02-11-19 13:30","England","Premier League","2019/2020","Bournemouth","Manchester Utd","Chris Kavanagh","1","0","H"
"5677","27-10-19 17:30","England","Premier League","2019/2020","Arsenal","Crystal Palace","Martin Atkinson","2","2","D"
"5678","27-10-19 17:30","England","Premier League","2019/2020","Liverpool","Tottenham","Anthony Taylor","2","1","H"
"5679","27-10-19 17:30","England","Premier League","2019/2020","Norwich","Manchester Utd","Stuart Attwell","1","3","A"
"5680","27-10-19 15:00","England","Premier League","2019/2020","Newcastle","Wolves","Kevin Friend","1","1","D"
"5681","26-10-19 18:30","England","Premier League","2019/2020","Burnley","Chelsea","Michael Oliver","2","4","A"
"5682","26-10-19 16:00","England","Premier League","2019/2020","Brighton","Everton","Andy Madley","3","2","H"
"5683","26-10-19 16:00","England","Premier League","2019/2020","Watford","Bournemouth","Mike Dean","0","0","D"
"6555","26-10-19 16:00","England","Premier League","2019/2020","West Ham","Sheffield Utd","David Coote","1","1","D"
"5684","26-10-19 13:30","England","Premier League","2019/2020","Manchester City","Aston Villa","Graham Scott","3","0","H"
"5685","25-10-19 21:00","England","Premier League","2019/2020","Southampton","Leicester","Andre Marriner","0","9","A"
"5686","21-10-19 21:00","England","Premier League","2019/2020","Sheffield Utd","Arsenal","Mike Dean","1","0","H"
"5687","20-10-19 17:30","England","Premier League","2019/2020","Manchester Utd","Liverpool","Martin Atkinson","1","1","D"
"5688","19-10-19 18:30","England","Premier League","2019/2020","Crystal Palace","Manchester City","Anthony Taylor","0","2","A"
"5689","19-10-19 16:00","England","Premier League","2019/2020","Aston Villa","Brighton","David Coote","2","1","H"
"5690","19-10-19 16:00","England","Premier League","2019/2020","Bournemouth","Norwich","Lee Mason","0","0","D"
"5691","19-10-19 16:00","England","Premier League","2019/2020","Chelsea","Newcastle","Andre Marriner","1","0","H"
"5692","19-10-19 16:00","England","Premier League","2019/2020","Leicester","Burnley","Jonathan Moss","2","1","H"
"5693","19-10-19 16:00","England","Premier League","2019/2020","Tottenham","Watford","Chris Kavanagh","1","1","D"
"5694","19-10-19 16:00","England","Premier League","2019/2020","Wolves","Southampton","Peter Bankes","1","1","D"
"6556","19-10-19 13:30","England","Premier League","2019/2020","Everton","West Ham","Paul Tierney","2","0","H"
"5695","06-10-19 17:30","England","Premier League","2019/2020","Newcastle","Manchester Utd","Mike Dean","1","0","H"
"5696","06-10-19 15:00","England","Premier League","2019/2020","Arsenal","Bournemouth","Martin Atkinson","1","0","H"
"5697","06-10-19 15:00","England","Premier League","2019/2020","Manchester City","Wolves","Craig Pawson","0","2","A"
"5698","06-10-19 15:00","England","Premier League","2019/2020","Southampton","Chelsea","Paul Tierney","1","4","A"
"6557","05-10-19 18:30","England","Premier League","2019/2020","West Ham","Crystal Palace","Michael Oliver","1","2","A"
"5699","05-10-19 16:00","England","Premier League","2019/2020","Burnley","Everton","Graham Scott","1","0","H"
"5700","05-10-19 16:00","England","Premier League","2019/2020","Liverpool","Leicester","Chris Kavanagh","2","1","H"
"5701","05-10-19 16:00","England","Premier League","2019/2020","Norwich","Aston Villa","Andy Madley","1","5","A"
"5702","05-10-19 16:00","England","Premier League","2019/2020","Watford","Sheffield Utd","Andre Marriner","0","0","D"
"5703","05-10-19 13:30","England","Premier League","2019/2020","Brighton","Tottenham","Jonathan Moss","3","0","H"
"5704","30-09-19 21:00","England","Premier League","2019/2020","Manchester Utd","Arsenal","Kevin Friend","1","1","D"
"5705","29-09-19 17:30","England","Premier League","2019/2020","Leicester","Newcastle","Craig Pawson","5","0","H"
"5706","28-09-19 18:30","England","Premier League","2019/2020","Everton","Manchester City","Michael Oliver","1","3","A"
"5707","28-09-19 16:00","England","Premier League","2019/2020","Aston Villa","Burnley","Lee Mason","2","2","D"
"5708","28-09-19 16:00","England","Premier League","2019/2020","Chelsea","Brighton","Chris Kavanagh","2","0","H"
"5709","28-09-19 16:00","England","Premier League","2019/2020","Crystal Palace","Norwich","Jonathan Moss","2","0","H"
"5710","28-09-19 16:00","England","Premier League","2019/2020","Tottenham","Southampton","Graham Scott","2","1","H"
"5711","28-09-19 16:00","England","Premier League","2019/2020","Wolves","Watford","Paul Tierney","2","0","H"
"6558","28-09-19 16:00","England","Premier League","2019/2020","Bournemouth","West Ham","Stuart Attwell","2","2","D"
"5712","28-09-19 13:30","England","Premier League","2019/2020","Sheffield Utd","Liverpool","Anthony Taylor","0","1","A"
"5713","22-09-19 17:30","England","Premier League","2019/2020","Arsenal","Aston Villa","Jonathan Moss","3","2","H"
"5714","22-09-19 17:30","England","Premier League","2019/2020","Chelsea","Liverpool","Michael Oliver","1","2","A"
"5715","22-09-19 15:00","England","Premier League","2019/2020","Crystal Palace","Wolves","Stuart Attwell","1","1","D"
"6559","22-09-19 15:00","England","Premier League","2019/2020","West Ham","Manchester Utd","Anthony Taylor","2","0","H"
"5716","21-09-19 18:30","England","Premier League","2019/2020","Newcastle","Brighton","Martin Atkinson","0","0","D"
"5717","21-09-19 16:00","England","Premier League","2019/2020","Burnley","Norwich","David Coote","2","0","H"
"5718","21-09-19 16:00","England","Premier League","2019/2020","Everton","Sheffield Utd","Simon Hooper","0","2","A"
"5719","21-09-19 16:00","England","Premier League","2019/2020","Manchester City","Watford","Mike Dean","8","0","H"
"5720","21-09-19 13:30","England","Premier League","2019/2020","Leicester","Tottenham","Paul Tierney","2","1","H"
"5721","20-09-19 21:00","England","Premier League","2019/2020","Southampton","Bournemouth","Chris Kavanagh","1","3","A"
"6560","16-09-19 21:00","England","Premier League","2019/2020","Aston Villa","West Ham","Mike Dean","0","0","D"
"5722","15-09-19 17:30","England","Premier League","2019/2020","Watford","Arsenal","Anthony Taylor","2","2","D"
"5723","15-09-19 15:00","England","Premier League","2019/2020","Bournemouth","Everton","Paul Tierney","3","1","H"
"5724","14-09-19 18:30","England","Premier League","2019/2020","Norwich","Manchester City","Kevin Friend","3","2","H"
"5725","14-09-19 16:00","England","Premier League","2019/2020","Brighton","Burnley","Michael Oliver","1","1","D"
"5726","14-09-19 16:00","England","Premier League","2019/2020","Manchester Utd","Leicester","Martin Atkinson","1","0","H"
"5727","14-09-19 16:00","England","Premier League","2019/2020","Sheffield Utd","Southampton","Lee Mason","0","1","A"
"5728","14-09-19 16:00","England","Premier League","2019/2020","Tottenham","Crystal Palace","Craig Pawson","4","0","H"
"5729","14-09-19 16:00","England","Premier League","2019/2020","Wolves","Chelsea","Graham Scott","2","5","A"
"5730","14-09-19 13:30","England","Premier League","2019/2020","Liverpool","Newcastle","Andre Marriner","3","1","H"
"5731","01-09-19 17:30","England","Premier League","2019/2020","Arsenal","Tottenham","Martin Atkinson","2","2","D"
"5732","01-09-19 15:00","England","Premier League","2019/2020","Everton","Wolves","Anthony Taylor","3","2","H"
"5733","31-08-19 18:30","England","Premier League","2019/2020","Burnley","Liverpool","Chris Kavanagh","0","3","A"
"5734","31-08-19 16:00","England","Premier League","2019/2020","Chelsea","Sheffield Utd","Stuart Attwell","2","2","D"
"5735","31-08-19 16:00","England","Premier League","2019/2020","Crystal Palace","Aston Villa","Kevin Friend","1","0","H"
"5736","31-08-19 16:00","England","Premier League","2019/2020","Leicester","Bournemouth","Peter Bankes","3","1","H"
"5737","31-08-19 16:00","England","Premier League","2019/2020","Manchester City","Brighton","Jonathan Moss","4","0","H"
"5738","31-08-19 16:00","England","Premier League","2019/2020","Newcastle","Watford","Graham Scott","1","1","D"
"6561","31-08-19 16:00","England","Premier League","2019/2020","West Ham","Norwich","Paul Tierney","2","0","H"
"5739","31-08-19 13:30","England","Premier League","2019/2020","Southampton","Manchester Utd","Mike Dean","1","1","D"
"5740","25-08-19 17:30","England","Premier League","2019/2020","Tottenham","Newcastle","Mike Dean","0","1","A"
"5741","25-08-19 17:30","England","Premier League","2019/2020","Wolves","Burnley","Craig Pawson","1","1","D"
"5742","25-08-19 15:00","England","Premier League","2019/2020","Bournemouth","Manchester City","Andre Marriner","1","3","A"
"5743","24-08-19 18:30","England","Premier League","2019/2020","Liverpool","Arsenal","Anthony Taylor","3","1","H"
"5744","24-08-19 16:00","England","Premier League","2019/2020","Brighton","Southampton","Kevin Friend","0","2","A"
"5745","24-08-19 16:00","England","Premier League","2019/2020","Manchester Utd","Crystal Palace","Paul Tierney","1","2","A"
"5746","24-08-19 16:00","England","Premier League","2019/2020","Sheffield Utd","Leicester","Andy Madley","1","2","A"
"6562","24-08-19 16:00","England","Premier League","2019/2020","Watford","West Ham","Chris Kavanagh","1","3","A"
"5747","24-08-19 13:30","England","Premier League","2019/2020","Norwich","Chelsea","Martin Atkinson","2","3","A"
"5748","23-08-19 21:00","England","Premier League","2019/2020","Aston Villa","Everton","Michael Oliver","2","0","H"
"5749","19-08-19 21:00","England","Premier League","2019/2020","Wolves","Manchester Utd","Jonathan Moss","1","1","D"
"5750","18-08-19 17:30","England","Premier League","2019/2020","Chelsea","Leicester","Graham Scott","1","1","D"
"5751","18-08-19 15:00","England","Premier League","2019/2020","Sheffield Utd","Crystal Palace","David Coote","1","0","H"
"5752","17-08-19 18:30","England","Premier League","2019/2020","Manchester City","Tottenham","Michael Oliver","2","2","D"
"5753","17-08-19 16:00","England","Premier League","2019/2020","Aston Villa","Bournemouth","Martin Atkinson","1","2","A"
"5754","17-08-19 16:00","England","Premier League","2019/2020","Everton","Watford","Lee Mason","1","0","H"
"5755","17-08-19 16:00","England","Premier League","2019/2020","Norwich","Newcastle","Stuart Attwell","3","1","H"
"5756","17-08-19 16:00","England","Premier League","2019/2020","Southampton","Liverpool","Andre Marriner","1","2","A"
"6563","17-08-19 16:00","England","Premier League","2019/2020","Brighton","West Ham","Anthony Taylor","1","1","D"
"5757","17-08-19 13:30","England","Premier League","2019/2020","Arsenal","Burnley","Mike Dean","2","1","H"
"5758","11-08-19 17:30","England","Premier League","2019/2020","Manchester Utd","Chelsea","Anthony Taylor","4","0","H"
"5759","11-08-19 15:00","England","Premier League","2019/2020","Leicester","Wolves","Andre Marriner","0","0","D"
"5760","11-08-19 15:00","England","Premier League","2019/2020","Newcastle","Arsenal","Martin Atkinson","0","1","A"
"5761","10-08-19 18:30","England","Premier League","2019/2020","Tottenham","Aston Villa","Chris Kavanagh","3","1","H"
"5762","10-08-19 16:00","England","Premier League","2019/2020","Bournemouth","Sheffield Utd","Kevin Friend","1","1","D"
"5763","10-08-19 16:00","England","Premier League","2019/2020","Burnley","Southampton","Graham Scott","3","0","H"
"5764","10-08-19 16:00","England","Premier League","2019/2020","Crystal Palace","Everton","Jonathan Moss","0","0","D"
"5765","10-08-19 16:00","England","Premier League","2019/2020","Watford","Brighton","Craig Pawson","0","3","A"
"6564","10-08-19 13:30","England","Premier League","2019/2020","West Ham","Manchester City","Mike Dean","0","5","A"
"5766","09-08-19 21:00","England","Premier League","2019/2020","Liverpool","Norwich","Michael Oliver","4","1","H"
"5767","12-05-19 16:00","England","Premier League","2018/2019","Brighton","Manchester City","Michael Oliver","1","4","A"
"5768","12-05-19 16:00","England","Premier League","2018/2019","Burnley","Arsenal","Mike Dean","1","3","A"
"5769","12-05-19 16:00","England","Premier League","2018/2019","Crystal Palace","Bournemouth","Roger East","5","3","H"
"5770","12-05-19 16:00","England","Premier League","2018/2019","Fulham","Newcastle","Kevin Friend","0","4","A"
"5771","12-05-19 16:00","England","Premier League","2018/2019","Leicester","Chelsea","Anthony Taylor","0","0","D"
"5772","12-05-19 16:00","England","Premier League","2018/2019","Liverpool","Wolves","Martin Atkinson","2","0","H"
"5773","12-05-19 16:00","England","Premier League","2018/2019","Manchester Utd","Cardiff","Jonathan Moss","0","2","A"
"5774","12-05-19 16:00","England","Premier League","2018/2019","Southampton","Huddersfield","Lee Probert","1","1","D"
"5775","12-05-19 16:00","England","Premier League","2018/2019","Tottenham","Everton","Andre Marriner","2","2","D"
"5776","12-05-19 16:00","England","Premier League","2018/2019","Watford","West Ham","Chris Kavanagh","1","4","A"
"5777","06-05-19 21:00","England","Premier League","2018/2019","Manchester City","Leicester","Mike Dean","1","0","H"
"5778","05-05-19 17:30","England","Premier League","2018/2019","Arsenal","Brighton","Anthony Taylor","1","1","D"
"5779","05-05-19 15:00","England","Premier League","2018/2019","Chelsea","Watford","Paul Tierney","3","0","H"
"5780","05-05-19 15:00","England","Premier League","2018/2019","Huddersfield","Manchester Utd","Lee Mason","1","1","D"
"5781","04-05-19 20:45","England","Premier League","2018/2019","Newcastle","Liverpool","Andre Marriner","2","3","A"
"5782","04-05-19 18:30","England","Premier League","2018/2019","Cardiff","Crystal Palace","Michael Oliver","2","3","A"
"5783","04-05-19 16:00","England","Premier League","2018/2019","West Ham","Southampton","Stuart Attwell","3","0","H"
"5784","04-05-19 16:00","England","Premier League","2018/2019","Wolves","Fulham","Jonathan Moss","1","0","H"
"5785","04-05-19 13:30","England","Premier League","2018/2019","Bournemouth","Tottenham","Craig Pawson","1","0","H"
"5786","03-05-19 21:00","England","Premier League","2018/2019","Everton","Burnley","Chris Kavanagh","2","0","H"
"5787","28-04-19 17:30","England","Premier League","2018/2019","Manchester Utd","Chelsea","Martin Atkinson","1","1","D"
"5788","28-04-19 15:05","England","Premier League","2018/2019","Burnley","Manchester City","Paul Tierney","0","1","A"
"5789","28-04-19 13:00","England","Premier League","2018/2019","Leicester","Arsenal","Michael Oliver","3","0","H"
"5790","27-04-19 18:30","England","Premier League","2018/2019","Brighton","Newcastle","Mike Dean","1","1","D"
"5791","27-04-19 16:00","England","Premier League","2018/2019","Crystal Palace","Everton","Lee Mason","0","0","D"
"5792","27-04-19 16:00","England","Premier League","2018/2019","Fulham","Cardiff","Chris Kavanagh","1","0","H"
"5793","27-04-19 16:00","England","Premier League","2018/2019","Southampton","Bournemouth","Graham Scott","3","3","D"
"5794","27-04-19 16:00","England","Premier League","2018/2019","Watford","Wolves","Simon Hooper","1","2","A"
"5795","27-04-19 13:30","England","Premier League","2018/2019","Tottenham","West Ham","Anthony Taylor","0","1","A"
"5796","26-04-19 21:00","England","Premier League","2018/2019","Liverpool","Huddersfield","Kevin Friend","5","0","H"
"5797","24-04-19 21:00","England","Premier League","2018/2019","Manchester Utd","Manchester City","Andre Marriner","0","2","A"
"5798","24-04-19 20:45","England","Premier League","2018/2019","Wolves","Arsenal","Stuart Attwell","3","1","H"
"5799","23-04-19 20:45","England","Premier League","2018/2019","Tottenham","Brighton","Chris Kavanagh","1","0","H"
"5800","23-04-19 20:45","England","Premier League","2018/2019","Watford","Southampton","Mike Dean","1","1","D"
"5801","22-04-19 21:00","England","Premier League","2018/2019","Chelsea","Burnley","Kevin Friend","2","2","D"
"5802","21-04-19 17:00","England","Premier League","2018/2019","Arsenal","Crystal Palace","Jonathan Moss","2","3","A"
"5803","21-04-19 17:00","England","Premier League","2018/2019","Cardiff","Liverpool","Martin Atkinson","0","2","A"
"5804","21-04-19 14:30","England","Premier League","2018/2019","Everton","Manchester Utd","Paul Tierney","4","0","H"
"5805","20-04-19 18:30","England","Premier League","2018/2019","Newcastle","Southampton","Anthony Taylor","3","1","H"
"5806","20-04-19 16:00","England","Premier League","2018/2019","Bournemouth","Fulham","David Coote","0","1","A"
"5807","20-04-19 16:00","England","Premier League","2018/2019","Huddersfield","Watford","Roger East","1","2","A"
"5808","20-04-19 16:00","England","Premier League","2018/2019","West Ham","Leicester","Lee Probert","2","2","D"
"5809","20-04-19 16:00","England","Premier League","2018/2019","Wolves","Brighton","Craig Pawson","0","0","D"
"5810","20-04-19 13:30","England","Premier League","2018/2019","Manchester City","Tottenham","Michael Oliver","1","0","H"
"5811","16-04-19 20:45","England","Premier League","2018/2019","Brighton","Cardiff","Andre Marriner","0","2","A"
"5812","15-04-19 21:00","England","Premier League","2018/2019","Watford","Arsenal","Craig Pawson","0","1","A"
"5813","14-04-19 17:30","England","Premier League","2018/2019","Liverpool","Chelsea","Michael Oliver","2","0","H"
"5814","14-04-19 15:05","England","Premier League","2018/2019","Crystal Palace","Manchester City","Martin Atkinson","1","3","A"
"5815","13-04-19 18:30","England","Premier League","2018/2019","Manchester Utd","West Ham","Graham Scott","2","1","H"
"5816","13-04-19 16:00","England","Premier League","2018/2019","Brighton","Bournemouth","Kevin Friend","0","5","A"
"5817","13-04-19 16:00","England","Premier League","2018/2019","Burnley","Cardiff","Mike Dean","2","0","H"
"5818","13-04-19 16:00","England","Premier League","2018/2019","Fulham","Everton","Lee Probert","2","0","H"
"5819","13-04-19 16:00","England","Premier League","2018/2019","Southampton","Wolves","Jonathan Moss","3","1","H"
"5820","13-04-19 13:30","England","Premier League","2018/2019","Tottenham","Huddersfield","Lee Mason","4","0","H"
"5821","12-04-19 21:00","England","Premier League","2018/2019","Leicester","Newcastle","Chris Kavanagh","0","1","A"
"5822","08-04-19 21:00","England","Premier League","2018/2019","Chelsea","West Ham","Chris Kavanagh","2","0","H"
"5823","07-04-19 15:05","England","Premier League","2018/2019","Everton","Arsenal","Kevin Friend","1","0","H"
"5824","06-04-19 16:00","England","Premier League","2018/2019","Bournemouth","Burnley","Martin Atkinson","1","3","A"
"5825","06-04-19 16:00","England","Premier League","2018/2019","Huddersfield","Leicester","David Coote","1","4","A"
"5826","06-04-19 16:00","England","Premier League","2018/2019","Newcastle","Crystal Palace","Stuart Attwell","0","1","A"
"5827","05-04-19 21:00","England","Premier League","2018/2019","Southampton","Liverpool","Paul Tierney","1","3","A"
"5828","03-04-19 20:45","England","Premier League","2018/2019","Chelsea","Brighton","Graham Scott","3","0","H"
"5829","03-04-19 20:45","England","Premier League","2018/2019","Manchester City","Cardiff","Jonathan Moss","2","0","H"
"5830","03-04-19 20:45","England","Premier League","2018/2019","Tottenham","Crystal Palace","Andre Marriner","2","0","H"
"5831","02-04-19 20:45","England","Premier League","2018/2019","Watford","Fulham","Roger East","4","1","H"
"5832","02-04-19 20:45","England","Premier League","2018/2019","Wolves","Manchester Utd","Mike Dean","2","1","H"
"5833","01-04-19 21:00","England","Premier League","2018/2019","Arsenal","Newcastle","Anthony Taylor","2","0","H"
"5834","31-03-19 17:30","England","Premier League","2018/2019","Liverpool","Tottenham","Martin Atkinson","2","1","H"
"5835","31-03-19 15:05","England","Premier League","2018/2019","Cardiff","Chelsea","Craig Pawson","1","2","A"
"5836","30-03-19 18:30","England","Premier League","2018/2019","West Ham","Everton","Paul Tierney","0","2","A"
"5837","30-03-19 16:00","England","Premier League","2018/2019","Brighton","Southampton","Michael Oliver","0","1","A"
"5838","30-03-19 16:00","England","Premier League","2018/2019","Burnley","Wolves","Chris Kavanagh","2","0","H"
"5839","30-03-19 16:00","England","Premier League","2018/2019","Crystal Palace","Huddersfield","Lee Probert","2","0","H"
"5840","30-03-19 16:00","England","Premier League","2018/2019","Leicester","Bournemouth","Lee Mason","2","0","H"
"5841","30-03-19 16:00","England","Premier League","2018/2019","Manchester Utd","Watford","Stuart Attwell","2","1","H"
"5842","30-03-19 13:30","England","Premier League","2018/2019","Fulham","Manchester City","Kevin Friend","0","2","A"
"5843","17-03-19 17:30","England","Premier League","2018/2019","Everton","Chelsea","Anthony Taylor","2","0","H"
"5844","17-03-19 15:15","England","Premier League","2018/2019","Fulham","Liverpool","Craig Pawson","1","2","A"
"5845","16-03-19 16:00","England","Premier League","2018/2019","Bournemouth","Newcastle","Mike Dean","2","2","D"
"5846","16-03-19 16:00","England","Premier League","2018/2019","Burnley","Leicester","Michael Oliver","1","2","A"
"5847","16-03-19 16:00","England","Premier League","2018/2019","West Ham","Huddersfield","Jonathan Moss","4","3","H"
"5848","10-03-19 17:30","England","Premier League","2018/2019","Arsenal","Manchester Utd","Jonathan Moss","2","0","H"
"5849","10-03-19 15:05","England","Premier League","2018/2019","Chelsea","Wolves","Michael Oliver","1","1","D"
"5850","10-03-19 13:00","England","Premier League","2018/2019","Liverpool","Burnley","Andre Marriner","4","2","H"
"5851","09-03-19 18:30","England","Premier League","2018/2019","Manchester City","Watford","Paul Tierney","3","1","H"
"5852","09-03-19 16:00","England","Premier League","2018/2019","Cardiff","West Ham","Graham Scott","2","0","H"
"5853","09-03-19 16:00","England","Premier League","2018/2019","Huddersfield","Bournemouth","Anthony Taylor","0","2","A"
"5854","09-03-19 16:00","England","Premier League","2018/2019","Leicester","Fulham","David Coote","3","1","H"
"5855","09-03-19 16:00","England","Premier League","2018/2019","Newcastle","Everton","Lee Mason","3","2","H"
"5856","09-03-19 16:00","England","Premier League","2018/2019","Southampton","Tottenham","Kevin Friend","2","1","H"
"5857","09-03-19 13:30","England","Premier League","2018/2019","Crystal Palace","Brighton","Craig Pawson","1","2","A"
"5858","03-03-19 17:15","England","Premier League","2018/2019","Everton","Liverpool","Martin Atkinson","0","0","D"
"5859","03-03-19 15:05","England","Premier League","2018/2019","Fulham","Chelsea","Graham Scott","1","2","A"
"5860","03-03-19 13:00","England","Premier League","2018/2019","Watford","Leicester","Jonathan Moss","2","1","H"
"5861","02-03-19 18:30","England","Premier League","2018/2019","West Ham","Newcastle","Chris Kavanagh","2","0","H"
"5862","02-03-19 16:00","England","Premier League","2018/2019","Bournemouth","Manchester City","Kevin Friend","0","1","A"
"5863","02-03-19 16:00","England","Premier League","2018/2019","Brighton","Huddersfield","Mike Dean","1","0","H"
"5864","02-03-19 16:00","England","Premier League","2018/2019","Burnley","Crystal Palace","Lee Probert","1","3","A"
"5865","02-03-19 16:00","England","Premier League","2018/2019","Manchester Utd","Southampton","Stuart Attwell","3","2","H"
"5866","02-03-19 16:00","England","Premier League","2018/2019","Wolves","Cardiff","Andre Marriner","2","0","H"
"5867","02-03-19 13:30","England","Premier League","2018/2019","Tottenham","Arsenal","Anthony Taylor","1","1","D"
"5868","27-02-19 21:00","England","Premier League","2018/2019","Chelsea","Tottenham","Andre Marriner","2","0","H"
"5869","27-02-19 21:00","England","Premier League","2018/2019","Crystal Palace","Manchester Utd","Martin Atkinson","1","3","A"
"5870","27-02-19 21:00","England","Premier League","2018/2019","Liverpool","Watford","Graham Scott","5","0","H"
"5871","27-02-19 21:00","England","Premier League","2018/2019","Manchester City","West Ham","Stuart Attwell","1","0","H"
"5872","27-02-19 20:45","England","Premier League","2018/2019","Arsenal","Bournemouth","Chris Kavanagh","5","1","H"
"5873","27-02-19 20:45","England","Premier League","2018/2019","Southampton","Fulham","Anthony Taylor","2","0","H"
"5874","26-02-19 21:00","England","Premier League","2018/2019","Newcastle","Burnley","Craig Pawson","2","0","H"
"5875","26-02-19 20:45","England","Premier League","2018/2019","Cardiff","Everton","Kevin Friend","0","3","A"
"5876","26-02-19 20:45","England","Premier League","2018/2019","Huddersfield","Wolves","David Coote","1","0","H"
"5877","26-02-19 20:45","England","Premier League","2018/2019","Leicester","Brighton","Lee Probert","2","1","H"
"5878","24-02-19 15:05","England","Premier League","2018/2019","Arsenal","Southampton","Graham Scott","2","0","H"
"5879","24-02-19 15:05","England","Premier League","2018/2019","Manchester Utd","Liverpool","Michael Oliver","0","0","D"
"5880","23-02-19 18:30","England","Premier League","2018/2019","Leicester","Crystal Palace","Anthony Taylor","1","4","A"
"5881","23-02-19 16:00","England","Premier League","2018/2019","Bournemouth","Wolves","Roger East","1","1","D"
"5882","23-02-19 16:00","England","Premier League","2018/2019","Newcastle","Huddersfield","Kevin Friend","2","0","H"
"5883","23-02-19 13:30","England","Premier League","2018/2019","Burnley","Tottenham","Mike Dean","2","1","H"
"5884","22-02-19 20:45","England","Premier League","2018/2019","Cardiff","Watford","Roger East","1","5","A"
"5885","22-02-19 20:45","England","Premier League","2018/2019","West Ham","Fulham","Lee Mason","3","1","H"
"5886","11-02-19 21:00","England","Premier League","2018/2019","Wolves","Newcastle","Graham Scott","1","1","D"
"5887","10-02-19 17:00","England","Premier League","2018/2019","Manchester City","Chelsea","Mike Dean","6","0","H"
"5888","10-02-19 14:30","England","Premier League","2018/2019","Tottenham","Leicester","Michael Oliver","3","1","H"
"5889","09-02-19 18:30","England","Premier League","2018/2019","Brighton","Burnley","Stuart Attwell","1","3","A"
"5890","09-02-19 16:00","England","Premier League","2018/2019","Crystal Palace","West Ham","Craig Pawson","1","1","D"
"5891","09-02-19 16:00","England","Premier League","2018/2019","Huddersfield","Arsenal","Jonathan Moss","1","2","A"
"5892","09-02-19 16:00","England","Premier League","2018/2019","Liverpool","Bournemouth","Anthony Taylor","3","0","H"
"5893","09-02-19 16:00","England","Premier League","2018/2019","Southampton","Cardiff","Martin Atkinson","1","2","A"
"5894","09-02-19 16:00","England","Premier League","2018/2019","Watford","Everton","Lee Probert","1","0","H"
"5895","09-02-19 13:30","England","Premier League","2018/2019","Fulham","Manchester Utd","Paul Tierney","0","3","A"
"5896","06-02-19 20:45","England","Premier League","2018/2019","Everton","Manchester City","Craig Pawson","0","2","A"
"5897","04-02-19 21:00","England","Premier League","2018/2019","West Ham","Liverpool","Kevin Friend","1","1","D"
"5898","03-02-19 17:30","England","Premier League","2018/2019","Manchester City","Arsenal","Martin Atkinson","3","1","H"
"5899","03-02-19 15:05","England","Premier League","2018/2019","Leicester","Manchester Utd","Mike Dean","0","1","A"
"5900","02-02-19 18:30","England","Premier League","2018/2019","Cardiff","Bournemouth","Jonathan Moss","2","0","H"
"5901","02-02-19 16:00","England","Premier League","2018/2019","Brighton","Watford","Simon Hooper","0","0","D"
"5902","02-02-19 16:00","England","Premier League","2018/2019","Burnley","Southampton","Anthony Taylor","1","1","D"
"5903","02-02-19 16:00","England","Premier League","2018/2019","Chelsea","Huddersfield","Paul Tierney","5","0","H"
"5904","02-02-19 16:00","England","Premier League","2018/2019","Crystal Palace","Fulham","Michael Oliver","2","0","H"
"5905","02-02-19 16:00","England","Premier League","2018/2019","Everton","Wolves","Lee Mason","1","3","A"
"5906","02-02-19 13:30","England","Premier League","2018/2019","Tottenham","Newcastle","Andre Marriner","1","0","H"
"5907","30-01-19 21:00","England","Premier League","2018/2019","Liverpool","Leicester","Martin Atkinson","1","1","D"
"5908","30-01-19 21:00","England","Premier League","2018/2019","Tottenham","Watford","Graham Scott","2","1","H"
"5909","30-01-19 20:45","England","Premier League","2018/2019","Bournemouth","Chelsea","Roger East","4","0","H"
"5910","30-01-19 20:45","England","Premier League","2018/2019","Southampton","Crystal Palace","Andre Marriner","1","1","D"
"5911","29-01-19 21:00","England","Premier League","2018/2019","Manchester Utd","Burnley","Jonathan Moss","2","2","D"
"5912","29-01-19 21:00","England","Premier League","2018/2019","Newcastle","Manchester City","Paul Tierney","2","1","H"
"5913","29-01-19 20:45","England","Premier League","2018/2019","Arsenal","Cardiff","Mike Dean","2","1","H"
"5914","29-01-19 20:45","England","Premier League","2018/2019","Fulham","Brighton","Lee Probert","4","2","H"
"5915","29-01-19 20:45","England","Premier League","2018/2019","Huddersfield","Everton","Stuart Attwell","0","1","A"
"5916","29-01-19 20:45","England","Premier League","2018/2019","Wolves","West Ham","David Coote","3","0","H"
"5917","20-01-19 17:00","England","Premier League","2018/2019","Fulham","Tottenham","Craig Pawson","1","2","A"
"5918","20-01-19 14:30","England","Premier League","2018/2019","Huddersfield","Manchester City","Andre Marriner","0","3","A"
"5919","19-01-19 18:30","England","Premier League","2018/2019","Arsenal","Chelsea","Anthony Taylor","2","0","H"
"5920","19-01-19 16:00","England","Premier League","2018/2019","Bournemouth","West Ham","Simon Hooper","2","0","H"
"5921","19-01-19 16:00","England","Premier League","2018/2019","Liverpool","Crystal Palace","Jonathan Moss","4","3","H"
"5922","19-01-19 16:00","England","Premier League","2018/2019","Manchester Utd","Brighton","Paul Tierney","2","1","H"
"5923","19-01-19 16:00","England","Premier League","2018/2019","Newcastle","Cardiff","Stuart Attwell","3","0","H"
"5924","19-01-19 16:00","England","Premier League","2018/2019","Southampton","Everton","Graham Scott","2","1","H"
"5925","19-01-19 16:00","England","Premier League","2018/2019","Watford","Burnley","Michael Oliver","0","0","D"
"5926","19-01-19 13:30","England","Premier League","2018/2019","Wolves","Leicester","Chris Kavanagh","4","3","H"
"5927","14-01-19 21:00","England","Premier League","2018/2019","Manchester City","Wolves","Craig Pawson","3","0","H"
"5928","13-01-19 17:30","England","Premier League","2018/2019","Tottenham","Manchester Utd","Mike Dean","0","1","A"
"5929","13-01-19 15:15","England","Premier League","2018/2019","Everton","Bournemouth","Anthony Taylor","2","0","H"
"5930","12-01-19 18:30","England","Premier League","2018/2019","Chelsea","Newcastle","Chris Kavanagh","2","1","H"
"5931","12-01-19 16:00","England","Premier League","2018/2019","Brighton","Liverpool","Kevin Friend","0","1","A"
"5932","12-01-19 16:00","England","Premier League","2018/2019","Burnley","Fulham","Martin Atkinson","2","1","H"
"5933","12-01-19 16:00","England","Premier League","2018/2019","Cardiff","Huddersfield","Lee Mason","0","0","D"
"5934","12-01-19 16:00","England","Premier League","2018/2019","Crystal Palace","Watford","Paul Tierney","1","2","A"
"5935","12-01-19 16:00","England","Premier League","2018/2019","Leicester","Southampton","Michael Oliver","1","2","A"
"5936","12-01-19 13:30","England","Premier League","2018/2019","West Ham","Arsenal","Jonathan Moss","1","0","H"
"5937","03-01-19 21:00","England","Premier League","2018/2019","Manchester City","Liverpool","Anthony Taylor","2","1","H"
"5938","02-01-19 21:00","England","Premier League","2018/2019","Newcastle","Manchester Utd","Andre Marriner","0","2","A"
"5939","02-01-19 20:45","England","Premier League","2018/2019","Bournemouth","Watford","David Coote","3","3","D"
"5940","02-01-19 20:45","England","Premier League","2018/2019","Chelsea","Southampton","Jonathan Moss","0","0","D"
"5941","02-01-19 20:45","England","Premier League","2018/2019","Huddersfield","Burnley","Mike Dean","1","2","A"
"5942","02-01-19 20:45","England","Premier League","2018/2019","West Ham","Brighton","Chris Kavanagh","2","2","D"
"5943","02-01-19 20:45","England","Premier League","2018/2019","Wolves","Crystal Palace","Roger East","0","2","A"
"5944","01-01-19 18:30","England","Premier League","2018/2019","Cardiff","Tottenham","Kevin Friend","0","3","A"
"5945","01-01-19 16:00","England","Premier League","2018/2019","Arsenal","Fulham","Graham Scott","4","1","H"
"5946","01-01-19 13:30","England","Premier League","2018/2019","Everton","Leicester","Martin Atkinson","0","1","A"
"5947","30-12-18 17:30","England","Premier League","2018/2019","Manchester Utd","Bournemouth","Lee Mason","4","1","H"
"5948","30-12-18 15:15","England","Premier League","2018/2019","Burnley","West Ham","David Coote","2","0","H"
"5949","30-12-18 15:15","England","Premier League","2018/2019","Southampton","Manchester City","Paul Tierney","1","3","A"
"5950","30-12-18 13:00","England","Premier League","2018/2019","Crystal Palace","Chelsea","Craig Pawson","0","1","A"
"5951","29-12-18 18:30","England","Premier League","2018/2019","Liverpool","Arsenal","Michael Oliver","5","1","H"
"5952","29-12-18 16:00","England","Premier League","2018/2019","Brighton","Everton","Andy Madley","1","0","H"
"5953","29-12-18 16:00","England","Premier League","2018/2019","Fulham","Huddersfield","Kevin Friend","1","0","H"
"5954","29-12-18 16:00","England","Premier League","2018/2019","Leicester","Cardiff","Simon Hooper","0","1","A"
"5955","29-12-18 16:00","England","Premier League","2018/2019","Tottenham","Wolves","Stuart Attwell","1","3","A"
"5956","29-12-18 16:00","England","Premier League","2018/2019","Watford","Newcastle","Roger East","1","1","D"
"5957","27-12-18 20:45","England","Premier League","2018/2019","Southampton","West Ham","Craig Pawson","1","2","A"
"5958","26-12-18 20:30","England","Premier League","2018/2019","Watford","Chelsea","Martin Atkinson","1","2","A"
"5959","26-12-18 18:15","England","Premier League","2018/2019","Brighton","Arsenal","Anthony Taylor","1","1","D"
"5960","26-12-18 16:00","England","Premier League","2018/2019","Burnley","Everton","Michael Oliver","1","5","A"
"5961","26-12-18 16:00","England","Premier League","2018/2019","Crystal Palace","Cardiff","Lee Probert","0","0","D"
"5962","26-12-18 16:00","England","Premier League","2018/2019","Leicester","Manchester City","Mike Dean","2","1","H"
"5963","26-12-18 16:00","England","Premier League","2018/2019","Liverpool","Newcastle","Graham Scott","4","0","H"
"5964","26-12-18 16:00","England","Premier League","2018/2019","Manchester Utd","Huddersfield","Jonathan Moss","3","1","H"
"5965","26-12-18 16:00","England","Premier League","2018/2019","Tottenham","Bournemouth","Chris Kavanagh","5","0","H"
"5966","26-12-18 13:30","England","Premier League","2018/2019","Fulham","Wolves","Andre Marriner","1","1","D"
"5967","23-12-18 17:00","England","Premier League","2018/2019","Everton","Tottenham","Paul Tierney","2","6","A"
"5968","22-12-18 18:30","England","Premier League","2018/2019","Cardiff","Manchester Utd","Michael Oliver","1","5","A"
"5969","22-12-18 16:00","England","Premier League","2018/2019","Bournemouth","Brighton","Mike Dean","2","0","H"
"5970","22-12-18 16:00","England","Premier League","2018/2019","Chelsea","Leicester","Lee Probert","0","1","A"
"5971","22-12-18 16:00","England","Premier League","2018/2019","Huddersfield","Southampton","Stuart Attwell","1","3","A"
"5972","22-12-18 16:00","England","Premier League","2018/2019","Manchester City","Crystal Palace","Andre Marriner","2","3","A"
"5973","22-12-18 16:00","England","Premier League","2018/2019","Newcastle","Fulham","Martin Atkinson","0","0","D"
"5974","22-12-18 16:00","England","Premier League","2018/2019","West Ham","Watford","Lee Mason","0","2","A"
"5975","22-12-18 13:30","England","Premier League","2018/2019","Arsenal","Burnley","Kevin Friend","3","1","H"
"5976","21-12-18 21:00","England","Premier League","2018/2019","Wolves","Liverpool","Craig Pawson","0","2","A"
"5977","16-12-18 17:00","England","Premier League","2018/2019","Liverpool","Manchester Utd","Martin Atkinson","3","1","H"
"5978","16-12-18 14:30","England","Premier League","2018/2019","Brighton","Chelsea","Stuart Attwell","1","2","A"
"5979","16-12-18 14:30","England","Premier League","2018/2019","Southampton","Arsenal","Chris Kavanagh","3","2","H"
"5980","15-12-18 18:30","England","Premier League","2018/2019","Fulham","West Ham","Mike Dean","0","2","A"
"5981","15-12-18 16:00","England","Premier League","2018/2019","Crystal Palace","Leicester","Michael Oliver","1","0","H"
"5982","15-12-18 16:00","England","Premier League","2018/2019","Huddersfield","Newcastle","Anthony Taylor","0","1","A"
"5983","15-12-18 16:00","England","Premier League","2018/2019","Tottenham","Burnley","Graham Scott","1","0","H"
"5984","15-12-18 16:00","England","Premier League","2018/2019","Watford","Cardiff","Andy Madley","3","2","H"
"5985","15-12-18 16:00","England","Premier League","2018/2019","Wolves","Bournemouth","Simon Hooper","2","0","H"
"5986","15-12-18 13:30","England","Premier League","2018/2019","Manchester City","Everton","Craig Pawson","3","1","H"
"5987","10-12-18 21:00","England","Premier League","2018/2019","Everton","Watford","Kevin Friend","2","2","D"
"5988","09-12-18 17:00","England","Premier League","2018/2019","Newcastle","Wolves","Mike Dean","1","2","A"
"5989","08-12-18 20:45","England","Premier League","2018/2019","Leicester","Tottenham","Craig Pawson","0","2","A"
"5990","08-12-18 18:30","England","Premier League","2018/2019","Chelsea","Manchester City","Michael Oliver","2","0","H"
"5991","08-12-18 16:00","England","Premier League","2018/2019","Arsenal","Huddersfield","Paul Tierney","1","0","H"
"5992","08-12-18 16:00","England","Premier League","2018/2019","Burnley","Brighton","Martin Atkinson","1","0","H"
"5993","08-12-18 16:00","England","Premier League","2018/2019","Cardiff","Southampton","Jonathan Moss","1","0","H"
"5994","08-12-18 16:00","England","Premier League","2018/2019","Manchester Utd","Fulham","Lee Probert","4","1","H"
"5995","08-12-18 16:00","England","Premier League","2018/2019","West Ham","Crystal Palace","Anthony Taylor","3","2","H"
"5996","08-12-18 13:30","England","Premier League","2018/2019","Bournemouth","Liverpool","Lee Mason","0","4","A"
"5997","05-12-18 21:00","England","Premier League","2018/2019","Manchester Utd","Arsenal","Andre Marriner","2","2","D"
"5998","05-12-18 21:00","England","Premier League","2018/2019","Tottenham","Southampton","Anthony Taylor","3","1","H"
"5999","05-12-18 20:45","England","Premier League","2018/2019","Burnley","Liverpool","Stuart Attwell","1","3","A"
"6000","05-12-18 20:45","England","Premier League","2018/2019","Everton","Newcastle","Lee Mason","1","1","D"
"6001","05-12-18 20:45","England","Premier League","2018/2019","Fulham","Leicester","David Coote","1","1","D"
"6002","05-12-18 20:45","England","Premier League","2018/2019","Wolves","Chelsea","Jonathan Moss","2","1","H"
"6003","04-12-18 21:00","England","Premier League","2018/2019","Watford","Manchester City","Paul Tierney","1","2","A"
"6004","04-12-18 20:45","England","Premier League","2018/2019","Bournemouth","Huddersfield","Roger East","2","1","H"
"6005","04-12-18 20:45","England","Premier League","2018/2019","Brighton","Crystal Palace","Kevin Friend","3","1","H"
"6006","04-12-18 20:45","England","Premier League","2018/2019","West Ham","Cardiff","Graham Scott","3","1","H"
"6007","02-12-18 17:15","England","Premier League","2018/2019","Liverpool","Everton","Chris Kavanagh","1","0","H"
"6008","02-12-18 15:05","England","Premier League","2018/2019","Arsenal","Tottenham","Mike Dean","4","2","H"
"6009","02-12-18 13:00","England","Premier League","2018/2019","Chelsea","Fulham","Craig Pawson","2","0","H"
"6010","01-12-18 18:30","England","Premier League","2018/2019","Southampton","Manchester Utd","Kevin Friend","2","2","D"
"6011","01-12-18 16:00","England","Premier League","2018/2019","Crystal Palace","Burnley","Lee Probert","2","0","H"
"6012","01-12-18 16:00","England","Premier League","2018/2019","Huddersfield","Brighton","Michael Oliver","1","2","A"
"6013","01-12-18 16:00","England","Premier League","2018/2019","Leicester","Watford","Graham Scott","2","0","H"
"6014","01-12-18 16:00","England","Premier League","2018/2019","Manchester City","Bournemouth","Stuart Attwell","3","1","H"
"6015","01-12-18 16:00","England","Premier League","2018/2019","Newcastle","West Ham","Paul Tierney","0","3","A"
"6016","30-11-18 21:00","England","Premier League","2018/2019","Cardiff","Wolves","Andre Marriner","2","1","H"
"6017","26-11-18 21:30","England","Premier League","2018/2019","Burnley","Newcastle","Anthony Taylor","1","2","A"
"6018","25-11-18 17:00","England","Premier League","2018/2019","Wolves","Huddersfield","Kevin Friend","0","2","A"
"6019","25-11-18 14:30","England","Premier League","2018/2019","Bournemouth","Arsenal","Craig Pawson","1","2","A"
"6020","24-11-18 18:30","England","Premier League","2018/2019","Tottenham","Chelsea","Martin Atkinson","3","1","H"
"6021","24-11-18 16:00","England","Premier League","2018/2019","Brighton","Leicester","Chris Kavanagh","1","1","D"
"6022","24-11-18 16:00","England","Premier League","2018/2019","Everton","Cardiff","Paul Tierney","1","0","H"
"6023","24-11-18 16:00","England","Premier League","2018/2019","Fulham","Southampton","Michael Oliver","3","2","H"
"6024","24-11-18 16:00","England","Premier League","2018/2019","Manchester Utd","Crystal Palace","Lee Mason","0","0","D"
"6025","24-11-18 16:00","England","Premier League","2018/2019","Watford","Liverpool","Jonathan Moss","0","3","A"
"6026","24-11-18 16:00","England","Premier League","2018/2019","West Ham","Manchester City","Andre Marriner","0","4","A"
"6027","11-11-18 17:30","England","Premier League","2018/2019","Arsenal","Wolves","Stuart Attwell","1","1","D"
"6028","11-11-18 17:30","England","Premier League","2018/2019","Manchester City","Manchester Utd","Anthony Taylor","3","1","H"
"6029","11-11-18 15:15","England","Premier League","2018/2019","Chelsea","Everton","Kevin Friend","0","0","D"
"6030","11-11-18 13:00","England","Premier League","2018/2019","Liverpool","Fulham","Paul Tierney","2","0","H"
"6031","10-11-18 18:30","England","Premier League","2018/2019","Crystal Palace","Tottenham","Jonathan Moss","0","1","A"
"6032","10-11-18 16:00","England","Premier League","2018/2019","Huddersfield","West Ham","Chris Kavanagh","1","1","D"
"6033","10-11-18 16:00","England","Premier League","2018/2019","Leicester","Burnley","Mike Dean","0","0","D"
"6034","10-11-18 16:00","England","Premier League","2018/2019","Newcastle","Bournemouth","Lee Probert","2","1","H"
"6035","10-11-18 16:00","England","Premier League","2018/2019","Southampton","Watford","Simon Hooper","1","1","D"
"6036","10-11-18 13:30","England","Premier League","2018/2019","Cardiff","Brighton","Martin Atkinson","2","1","H"
"6037","05-11-18 21:00","England","Premier League","2018/2019","Huddersfield","Fulham","Anthony Taylor","1","0","H"
"6038","04-11-18 17:00","England","Premier League","2018/2019","Chelsea","Crystal Palace","Michael Oliver","3","1","H"
"6039","04-11-18 16:00","England","Premier League","2018/2019","Manchester City","Southampton","Lee Mason","6","1","H"
"6040","03-11-18 20:45","England","Premier League","2018/2019","Wolves","Tottenham","Mike Dean","2","3","A"
"6041","03-11-18 18:30","England","Premier League","2018/2019","Arsenal","Liverpool","Andre Marriner","1","1","D"
"6042","03-11-18 16:00","England","Premier League","2018/2019","Cardiff","Leicester","Lee Probert","0","1","A"
"6043","03-11-18 16:00","England","Premier League","2018/2019","Everton","Brighton","David Coote","3","1","H"
"6044","03-11-18 16:00","England","Premier League","2018/2019","Newcastle","Watford","Craig Pawson","1","0","H"
"6045","03-11-18 16:00","England","Premier League","2018/2019","West Ham","Burnley","Roger East","4","2","H"
"6046","03-11-18 13:30","England","Premier League","2018/2019","Bournemouth","Manchester Utd","Paul Tierney","1","2","A"
"6047","29-10-18 21:00","England","Premier League","2018/2019","Tottenham","Manchester City","Kevin Friend","0","1","A"
"6048","28-10-18 17:00","England","Premier League","2018/2019","Manchester Utd","Everton","Jonathan Moss","2","1","H"
"6049","28-10-18 14:30","England","Premier League","2018/2019","Burnley","Chelsea","Craig Pawson","0","4","A"
"6050","28-10-18 14:30","England","Premier League","2018/2019","Crystal Palace","Arsenal","Martin Atkinson","2","2","D"
"6051","27-10-18 18:30","England","Premier League","2018/2019","Leicester","West Ham","Michael Oliver","1","1","D"
"6052","27-10-18 16:00","England","Premier League","2018/2019","Brighton","Wolves","Anthony Taylor","1","0","H"
"6053","27-10-18 16:00","England","Premier League","2018/2019","Fulham","Bournemouth","Andre Marriner","0","3","A"
"6054","27-10-18 16:00","England","Premier League","2018/2019","Liverpool","Cardiff","Stuart Attwell","4","1","H"
"6055","27-10-18 16:00","England","Premier League","2018/2019","Southampton","Newcastle","Chris Kavanagh","0","0","D"
"6056","27-10-18 16:00","England","Premier League","2018/2019","Watford","Huddersfield","Mike Dean","3","0","H"
"6057","22-10-18 21:00","England","Premier League","2018/2019","Arsenal","Leicester","Chris Kavanagh","3","1","H"
"6058","21-10-18 17:00","England","Premier League","2018/2019","Everton","Crystal Palace","Anthony Taylor","2","0","H"
"6059","20-10-18 18:30","England","Premier League","2018/2019","Huddersfield","Liverpool","Michael Oliver","0","1","A"
"6060","20-10-18 16:00","England","Premier League","2018/2019","Bournemouth","Southampton","Lee Probert","0","0","D"
"6061","20-10-18 16:00","England","Premier League","2018/2019","Cardiff","Fulham","Kevin Friend","4","2","H"
"6062","20-10-18 16:00","England","Premier League","2018/2019","Manchester City","Burnley","Jonathan Moss","5","0","H"
"6063","20-10-18 16:00","England","Premier League","2018/2019","Newcastle","Brighton","Andre Marriner","0","1","A"
"6064","20-10-18 16:00","England","Premier League","2018/2019","West Ham","Tottenham","Martin Atkinson","0","1","A"
"6065","20-10-18 16:00","England","Premier League","2018/2019","Wolves","Watford","Lee Mason","0","2","A"
"6066","20-10-18 13:30","England","Premier League","2018/2019","Chelsea","Manchester Utd","Mike Dean","2","2","D"
"6067","07-10-18 17:30","England","Premier League","2018/2019","Liverpool","Manchester City","Martin Atkinson","0","0","D"
"6068","07-10-18 15:15","England","Premier League","2018/2019","Southampton","Chelsea","Craig Pawson","0","3","A"
"6069","07-10-18 13:00","England","Premier League","2018/2019","Fulham","Arsenal","Paul Tierney","1","5","A"
"6070","06-10-18 18:30","England","Premier League","2018/2019","Manchester Utd","Newcastle","Anthony Taylor","3","2","H"
"6071","06-10-18 16:00","England","Premier League","2018/2019","Burnley","Huddersfield","Chris Kavanagh","1","1","D"
"6072","06-10-18 16:00","England","Premier League","2018/2019","Crystal Palace","Wolves","Michael Oliver","0","1","A"
"6073","06-10-18 16:00","England","Premier League","2018/2019","Leicester","Everton","Andre Marriner","1","2","A"
"6074","06-10-18 16:00","England","Premier League","2018/2019","Tottenham","Cardiff","Mike Dean","1","0","H"
"6075","06-10-18 16:00","England","Premier League","2018/2019","Watford","Bournemouth","Jonathan Moss","0","4","A"
"6076","05-10-18 21:00","England","Premier League","2018/2019","Brighton","West Ham","Kevin Friend","1","0","H"
"6077","01-10-18 21:00","England","Premier League","2018/2019","Bournemouth","Crystal Palace","Mike Dean","2","1","H"
"6078","30-09-18 17:00","England","Premier League","2018/2019","Cardiff","Burnley","Martin Atkinson","1","2","A"
"6079","29-09-18 18:30","England","Premier League","2018/2019","Chelsea","Liverpool","Andre Marriner","1","1","D"
"6080","29-09-18 16:00","England","Premier League","2018/2019","Arsenal","Watford","Anthony Taylor","2","0","H"
"6081","29-09-18 16:00","England","Premier League","2018/2019","Everton","Fulham","Roger East","3","0","H"
"6082","29-09-18 16:00","England","Premier League","2018/2019","Huddersfield","Tottenham","Craig Pawson","0","2","A"
"6083","29-09-18 16:00","England","Premier League","2018/2019","Manchester City","Brighton","Lee Mason","2","0","H"
"6084","29-09-18 16:00","England","Premier League","2018/2019","Newcastle","Leicester","Simon Hooper","0","2","A"
"6085","29-09-18 16:00","England","Premier League","2018/2019","Wolves","Southampton","Stuart Attwell","2","0","H"
"6086","29-09-18 13:30","England","Premier League","2018/2019","West Ham","Manchester Utd","Michael Oliver","3","1","H"
"6087","23-09-18 17:00","England","Premier League","2018/2019","Arsenal","Everton","Jonathan Moss","2","0","H"
"6088","23-09-18 14:30","England","Premier League","2018/2019","West Ham","Chelsea","Mike Dean","0","0","D"
"6089","22-09-18 18:30","England","Premier League","2018/2019","Brighton","Tottenham","Chris Kavanagh","1","2","A"
"6090","22-09-18 16:00","England","Premier League","2018/2019","Burnley","Bournemouth","Anthony Taylor","4","0","H"
"6091","22-09-18 16:00","England","Premier League","2018/2019","Cardiff","Manchester City","Michael Oliver","0","5","A"
"6092","22-09-18 16:00","England","Premier League","2018/2019","Crystal Palace","Newcastle","Andre Marriner","0","0","D"
"6093","22-09-18 16:00","England","Premier League","2018/2019","Leicester","Huddersfield","David Coote","3","1","H"
"6094","22-09-18 16:00","England","Premier League","2018/2019","Liverpool","Southampton","Paul Tierney","3","0","H"
"6095","22-09-18 16:00","England","Premier League","2018/2019","Manchester Utd","Wolves","Kevin Friend","1","1","D"
"6096","22-09-18 13:30","England","Premier League","2018/2019","Fulham","Watford","Martin Atkinson","1","1","D"
"6097","17-09-18 21:00","England","Premier League","2018/2019","Southampton","Brighton","Anthony Taylor","2","2","D"
"6098","16-09-18 17:00","England","Premier League","2018/2019","Everton","West Ham","Martin Atkinson","1","3","A"
"6099","16-09-18 14:30","England","Premier League","2018/2019","Wolves","Burnley","Andre Marriner","1","0","H"
"6100","15-09-18 18:30","England","Premier League","2018/2019","Watford","Manchester Utd","Mike Dean","1","2","A"
"6101","15-09-18 16:00","England","Premier League","2018/2019","Bournemouth","Leicester","Craig Pawson","4","2","H"
"6102","15-09-18 16:00","England","Premier League","2018/2019","Chelsea","Cardiff","Jonathan Moss","4","1","H"
"6103","15-09-18 16:00","England","Premier League","2018/2019","Huddersfield","Crystal Palace","Graham Scott","0","1","A"
"6104","15-09-18 16:00","England","Premier League","2018/2019","Manchester City","Fulham","Stuart Attwell","3","0","H"
"6105","15-09-18 16:00","England","Premier League","2018/2019","Newcastle","Arsenal","Lee Probert","1","2","A"
"6106","15-09-18 13:30","England","Premier League","2018/2019","Tottenham","Liverpool","Michael Oliver","1","2","A"
"6107","02-09-18 17:00","England","Premier League","2018/2019","Burnley","Manchester Utd","Jonathan Moss","0","2","A"
"6108","02-09-18 17:00","England","Premier League","2018/2019","Watford","Tottenham","Andre Marriner","2","1","H"
"6109","02-09-18 14:30","England","Premier League","2018/2019","Cardiff","Arsenal","Anthony Taylor","2","3","A"
"6110","01-09-18 18:30","England","Premier League","2018/2019","Manchester City","Newcastle","Kevin Friend","2","1","H"
"6111","01-09-18 16:00","England","Premier League","2018/2019","Brighton","Fulham","Lee Probert","2","2","D"
"6112","01-09-18 16:00","England","Premier League","2018/2019","Chelsea","Bournemouth","Lee Mason","2","0","H"
"6113","01-09-18 16:00","England","Premier League","2018/2019","Crystal Palace","Southampton","Martin Atkinson","0","2","A"
"6114","01-09-18 16:00","England","Premier League","2018/2019","Everton","Huddersfield","Stuart Attwell","1","1","D"
"6115","01-09-18 16:00","England","Premier League","2018/2019","West Ham","Wolves","Chris Kavanagh","0","1","A"
"6116","01-09-18 13:30","England","Premier League","2018/2019","Leicester","Liverpool","Paul Tierney","1","2","A"
"6117","27-08-18 21:00","England","Premier League","2018/2019","Manchester Utd","Tottenham","Craig Pawson","0","3","A"
"6118","26-08-18 17:00","England","Premier League","2018/2019","Fulham","Burnley","David Coote","4","2","H"
"6119","26-08-18 17:00","England","Premier League","2018/2019","Newcastle","Chelsea","Paul Tierney","1","2","A"
"6120","26-08-18 14:30","England","Premier League","2018/2019","Watford","Crystal Palace","Anthony Taylor","2","1","H"
"6121","25-08-18 18:30","England","Premier League","2018/2019","Liverpool","Brighton","Chris Kavanagh","1","0","H"
"6122","25-08-18 16:00","England","Premier League","2018/2019","Arsenal","West Ham","Graham Scott","3","1","H"
"6123","25-08-18 16:00","England","Premier League","2018/2019","Bournemouth","Everton","Lee Probert","2","2","D"
"6124","25-08-18 16:00","England","Premier League","2018/2019","Huddersfield","Cardiff","Michael Oliver","0","0","D"
"6125","25-08-18 16:00","England","Premier League","2018/2019","Southampton","Leicester","Jonathan Moss","1","2","A"
"6126","25-08-18 13:30","England","Premier League","2018/2019","Wolves","Manchester City","Martin Atkinson","1","1","D"
"6127","20-08-18 21:00","England","Premier League","2018/2019","Crystal Palace","Liverpool","Michael Oliver","0","2","A"
"6128","19-08-18 17:00","England","Premier League","2018/2019","Brighton","Manchester Utd","Kevin Friend","3","2","H"
"6129","19-08-18 14:30","England","Premier League","2018/2019","Burnley","Watford","Paul Tierney","1","3","A"
"6130","19-08-18 14:30","England","Premier League","2018/2019","Manchester City","Huddersfield","Andre Marriner","6","1","H"
"6131","18-08-18 18:30","England","Premier League","2018/2019","Chelsea","Arsenal","Martin Atkinson","3","2","H"
"6132","18-08-18 16:00","England","Premier League","2018/2019","Everton","Southampton","Lee Mason","2","1","H"
"6133","18-08-18 16:00","England","Premier League","2018/2019","Leicester","Wolves","Mike Dean","2","0","H"
"6134","18-08-18 16:00","England","Premier League","2018/2019","Tottenham","Fulham","Anthony Taylor","3","1","H"
"6135","18-08-18 16:00","England","Premier League","2018/2019","West Ham","Bournemouth","Stuart Attwell","1","2","A"
"6136","18-08-18 13:30","England","Premier League","2018/2019","Cardiff","Newcastle","Craig Pawson","0","0","D"
"6137","12-08-18 17:00","England","Premier League","2018/2019","Arsenal","Manchester City","Michael Oliver","0","2","A"
"6138","12-08-18 14:30","England","Premier League","2018/2019","Liverpool","West Ham","Anthony Taylor","4","0","H"
"6139","12-08-18 14:30","England","Premier League","2018/2019","Southampton","Burnley","Graham Scott","0","0","D"
"6140","11-08-18 18:30","England","Premier League","2018/2019","Wolves","Everton","Craig Pawson","2","2","D"
"6141","11-08-18 16:00","England","Premier League","2018/2019","Bournemouth","Cardiff","Kevin Friend","2","0","H"
"6142","11-08-18 16:00","England","Premier League","2018/2019","Fulham","Crystal Palace","Mike Dean","0","2","A"
"6143","11-08-18 16:00","England","Premier League","2018/2019","Huddersfield","Chelsea","Chris Kavanagh","0","3","A"
"6144","11-08-18 16:00","England","Premier League","2018/2019","Watford","Brighton","Jonathan Moss","2","0","H"
"6145","11-08-18 13:30","England","Premier League","2018/2019","Newcastle","Tottenham","Martin Atkinson","1","2","A"
"6146","10-08-18 21:00","England","Premier League","2018/2019","Manchester Utd","Leicester","Andre Marriner","2","1","H"
"6147","13-05-18 16:00","England","Premier League","2017/2018","Burnley","Bournemouth","Paul Tierney","1","2","A"
"6148","13-05-18 16:00","England","Premier League","2017/2018","Crystal Palace","West Brom","Jonathan Moss","2","0","H"
"6149","13-05-18 16:00","England","Premier League","2017/2018","Huddersfield","Arsenal","Michael Oliver","0","1","A"
"6150","13-05-18 16:00","England","Premier League","2017/2018","Liverpool","Brighton","Kevin Friend","4","0","H"
"6151","13-05-18 16:00","England","Premier League","2017/2018","Manchester Utd","Watford","Lee Mason","1","0","H"
"6152","13-05-18 16:00","England","Premier League","2017/2018","Newcastle","Chelsea","Martin Atkinson","3","0","H"
"6153","13-05-18 16:00","England","Premier League","2017/2018","Southampton","Manchester City","Andre Marriner","0","1","A"
"6154","13-05-18 16:00","England","Premier League","2017/2018","Swansea","Stoke","Anthony Taylor","1","2","A"
"6155","13-05-18 16:00","England","Premier League","2017/2018","Tottenham","Leicester","Craig Pawson","5","4","H"
"6156","13-05-18 16:00","England","Premier League","2017/2018","West Ham","Everton","Graham Scott","3","1","H"
"6157","10-05-18 20:45","England","Premier League","2017/2018","West Ham","Manchester Utd","Jonathan Moss","0","0","D"
"6158","09-05-18 21:00","England","Premier League","2017/2018","Manchester City","Brighton","Paul Tierney","3","1","H"
"6159","09-05-18 21:00","England","Premier League","2017/2018","Tottenham","Newcastle","Neil Swarbrick","1","0","H"
"6160","09-05-18 20:45","England","Premier League","2017/2018","Chelsea","Huddersfield","Lee Mason","1","1","D"
"6161","09-05-18 20:45","England","Premier League","2017/2018","Leicester","Arsenal","Graham Scott","3","1","H"
"6162","08-05-18 20:45","England","Premier League","2017/2018","Swansea","Southampton","Michael Oliver","0","1","A"
"6163","06-05-18 17:30","England","Premier League","2017/2018","Arsenal","Burnley","Andre Marriner","5","0","H"
"6164","06-05-18 17:30","England","Premier League","2017/2018","Chelsea","Liverpool","Anthony Taylor","1","0","H"
"6165","06-05-18 14:30","England","Premier League","2017/2018","Manchester City","Huddersfield","Mike Dean","0","0","D"
"6166","05-05-18 18:30","England","Premier League","2017/2018","Everton","Southampton","Jonathan Moss","1","1","D"
"6167","05-05-18 16:00","England","Premier League","2017/2018","Bournemouth","Swansea","Kevin Friend","1","0","H"
"6168","05-05-18 16:00","England","Premier League","2017/2018","Leicester","West Ham","Chris Kavanagh","0","2","A"
"6169","05-05-18 16:00","England","Premier League","2017/2018","Watford","Newcastle","Roger East","2","1","H"
"6170","05-05-18 16:00","England","Premier League","2017/2018","West Brom","Tottenham","Mike Jones","1","0","H"
"6171","05-05-18 13:30","England","Premier League","2017/2018","Stoke","Crystal Palace","Martin Atkinson","1","2","A"
"6172","04-05-18 21:00","England","Premier League","2017/2018","Brighton","Manchester Utd","Craig Pawson","1","0","H"
"6173","30-04-18 21:00","England","Premier League","2017/2018","Tottenham","Watford","Michael Oliver","2","0","H"
"6174","29-04-18 17:30","England","Premier League","2017/2018","Manchester Utd","Arsenal","Kevin Friend","2","1","H"
"6175","29-04-18 15:15","England","Premier League","2017/2018","West Ham","Manchester City","Neil Swarbrick","1","4","A"
"6176","28-04-18 18:30","England","Premier League","2017/2018","Swansea","Chelsea","Jonathan Moss","0","1","A"
"6177","28-04-18 16:00","England","Premier League","2017/2018","Burnley","Brighton","Roger East","0","0","D"
"6178","28-04-18 16:00","England","Premier League","2017/2018","Crystal Palace","Leicester","Mike Dean","5","0","H"
"6179","28-04-18 16:00","England","Premier League","2017/2018","Huddersfield","Everton","Lee Probert","0","2","A"
"6180","28-04-18 16:00","England","Premier League","2017/2018","Newcastle","West Brom","David Coote","0","1","A"
"6181","28-04-18 16:00","England","Premier League","2017/2018","Southampton","Bournemouth","Anthony Taylor","2","1","H"
"6182","28-04-18 13:30","England","Premier League","2017/2018","Liverpool","Stoke","Andre Marriner","0","0","D"
"6183","23-04-18 21:00","England","Premier League","2017/2018","Everton","Newcastle","Robert Madley","1","0","H"
"6184","22-04-18 17:30","England","Premier League","2017/2018","Manchester City","Swansea","Craig Pawson","5","0","H"
"6185","22-04-18 14:30","England","Premier League","2017/2018","Arsenal","West Ham","Lee Mason","4","1","H"
"6186","22-04-18 14:30","England","Premier League","2017/2018","Stoke","Burnley","Mike Dean","1","1","D"
"6187","21-04-18 16:00","England","Premier League","2017/2018","Watford","Crystal Palace","Chris Kavanagh","0","0","D"
"6188","21-04-18 13:30","England","Premier League","2017/2018","West Brom","Liverpool","Stuart Attwell","2","2","D"
"6189","19-04-18 20:45","England","Premier League","2017/2018","Burnley","Chelsea","Robert Madley","1","2","A"
"6190","19-04-18 20:45","England","Premier League","2017/2018","Leicester","Southampton","Roger East","0","0","D"
"6191","18-04-18 20:45","England","Premier League","2017/2018","Bournemouth","Manchester Utd","Graham Scott","0","2","A"
"6192","17-04-18 20:45","England","Premier League","2017/2018","Brighton","Tottenham","Kevin Friend","1","1","D"
"6193","16-04-18 21:00","England","Premier League","2017/2018","West Ham","Stoke","Michael Oliver","1","1","D"
"6194","15-04-18 17:00","England","Premier League","2017/2018","Manchester Utd","West Brom","Paul Tierney","0","1","A"
"6195","15-04-18 14:30","England","Premier League","2017/2018","Newcastle","Arsenal","Anthony Taylor","2","1","H"
"6196","14-04-18 20:45","England","Premier League","2017/2018","Tottenham","Manchester City","Jonathan Moss","1","3","A"
"6197","14-04-18 18:30","England","Premier League","2017/2018","Liverpool","Bournemouth","Chris Kavanagh","3","0","H"
"6198","14-04-18 16:00","England","Premier League","2017/2018","Burnley","Leicester","Martin Atkinson","2","1","H"
"6199","14-04-18 16:00","England","Premier League","2017/2018","Crystal Palace","Brighton","Andre Marriner","3","2","H"
"6200","14-04-18 16:00","England","Premier League","2017/2018","Huddersfield","Watford","Craig Pawson","1","0","H"
"6201","14-04-18 16:00","England","Premier League","2017/2018","Swansea","Everton","Lee Mason","1","1","D"
"6202","14-04-18 13:30","England","Premier League","2017/2018","Southampton","Chelsea","Mike Dean","2","3","A"
"6203","08-04-18 17:30","England","Premier League","2017/2018","Chelsea","West Ham","Kevin Friend","1","1","D"
"6204","08-04-18 15:15","England","Premier League","2017/2018","Arsenal","Southampton","Andre Marriner","3","2","H"
"6205","07-04-18 18:30","England","Premier League","2017/2018","Manchester City","Manchester Utd","Martin Atkinson","2","3","A"
"6206","07-04-18 16:00","England","Premier League","2017/2018","Bournemouth","Crystal Palace","Jonathan Moss","2","2","D"
"6207","07-04-18 16:00","England","Premier League","2017/2018","Brighton","Huddersfield","Anthony Taylor","1","1","D"
"6208","07-04-18 16:00","England","Premier League","2017/2018","Leicester","Newcastle","Stuart Attwell","1","2","A"
"6209","07-04-18 16:00","England","Premier League","2017/2018","Stoke","Tottenham","Graham Scott","1","2","A"
"6210","07-04-18 16:00","England","Premier League","2017/2018","Watford","Burnley","Paul Tierney","1","2","A"
"6211","07-04-18 16:00","England","Premier League","2017/2018","West Brom","Swansea","Roger East","1","1","D"
"6212","07-04-18 13:30","England","Premier League","2017/2018","Everton","Liverpool","Michael Oliver","0","0","D"
"6213","01-04-18 17:00","England","Premier League","2017/2018","Chelsea","Tottenham","Andre Marriner","1","3","A"
"6214","01-04-18 14:30","England","Premier League","2017/2018","Arsenal","Stoke","Craig Pawson","3","0","H"
"6215","31-03-18 18:30","England","Premier League","2017/2018","Everton","Manchester City","Paul Tierney","1","3","A"
"6216","31-03-18 16:00","England","Premier League","2017/2018","Brighton","Leicester","Chris Kavanagh","0","2","A"
"6217","31-03-18 16:00","England","Premier League","2017/2018","Manchester Utd","Swansea","Robert Madley","2","0","H"
"6218","31-03-18 16:00","England","Premier League","2017/2018","Newcastle","Huddersfield","Martin Atkinson","1","0","H"
"6219","31-03-18 16:00","England","Premier League","2017/2018","Watford","Bournemouth","Andy Madley","2","2","D"
"6220","31-03-18 16:00","England","Premier League","2017/2018","West Brom","Burnley","Lee Probert","1","2","A"
"6221","31-03-18 16:00","England","Premier League","2017/2018","West Ham","Southampton","Jonathan Moss","3","0","H"
"6222","31-03-18 13:30","England","Premier League","2017/2018","Crystal Palace","Liverpool","Neil Swarbrick","1","2","A"
"6223","17-03-18 18:30","England","Premier League","2017/2018","Liverpool","Watford","Anthony Taylor","5","0","H"
"6224","17-03-18 16:00","England","Premier League","2017/2018","Bournemouth","West Brom","Graham Scott","2","1","H"
"6225","17-03-18 16:00","England","Premier League","2017/2018","Huddersfield","Crystal Palace","Mike Dean","0","2","A"
"6226","17-03-18 16:00","England","Premier League","2017/2018","Stoke","Everton","Martin Atkinson","1","2","A"
"6227","12-03-18 21:00","England","Premier League","2017/2018","Stoke","Manchester City","Jonathan Moss","0","2","A"
"6228","11-03-18 17:00","England","Premier League","2017/2018","Bournemouth","Tottenham","Mike Dean","1","4","A"
"6229","11-03-18 14:30","England","Premier League","2017/2018","Arsenal","Watford","Martin Atkinson","3","0","H"
"6230","10-03-18 18:30","England","Premier League","2017/2018","Chelsea","Crystal Palace","Anthony Taylor","2","1","H"
"6231","10-03-18 16:00","England","Premier League","2017/2018","Everton","Brighton","Roger East","2","0","H"
"6232","10-03-18 16:00","England","Premier League","2017/2018","Huddersfield","Swansea","Michael Oliver","0","0","D"
"6233","10-03-18 16:00","England","Premier League","2017/2018","Newcastle","Southampton","Andre Marriner","3","0","H"
"6234","10-03-18 16:00","England","Premier League","2017/2018","West Brom","Leicester","Robert Madley","1","4","A"
"6235","10-03-18 16:00","England","Premier League","2017/2018","West Ham","Burnley","Lee Mason","0","3","A"
"6236","10-03-18 13:30","England","Premier League","2017/2018","Manchester Utd","Liverpool","Craig Pawson","2","1","H"
"6237","05-03-18 21:00","England","Premier League","2017/2018","Crystal Palace","Manchester Utd","Neil Swarbrick","2","3","A"
"6238","04-03-18 17:00","England","Premier League","2017/2018","Manchester City","Chelsea","Michael Oliver","1","0","H"
"6239","04-03-18 14:30","England","Premier League","2017/2018","Brighton","Arsenal","Stuart Attwell","2","1","H"
"6240","03-03-18 18:30","England","Premier League","2017/2018","Liverpool","Newcastle","Graham Scott","2","0","H"
"6241","03-03-18 16:00","England","Premier League","2017/2018","Leicester","Bournemouth","Lee Probert","1","1","D"
"6242","03-03-18 16:00","England","Premier League","2017/2018","Southampton","Stoke","Anthony Taylor","0","0","D"
"6243","03-03-18 16:00","England","Premier League","2017/2018","Swansea","West Ham","Martin Atkinson","4","1","H"
"6244","03-03-18 16:00","England","Premier League","2017/2018","Tottenham","Huddersfield","Mike Jones","2","0","H"
"6245","03-03-18 16:00","England","Premier League","2017/2018","Watford","West Brom","Paul Tierney","1","0","H"
"6246","03-03-18 13:30","England","Premier League","2017/2018","Burnley","Everton","Chris Kavanagh","2","1","H"
"6247","01-03-18 20:45","England","Premier League","2017/2018","Arsenal","Manchester City","Andre Marriner","0","3","A"
"6248","25-02-18 15:05","England","Premier League","2017/2018","Manchester Utd","Chelsea","Martin Atkinson","2","1","H"
"6249","25-02-18 13:00","England","Premier League","2017/2018","Crystal Palace","Tottenham","Kevin Friend","0","1","A"
"6250","24-02-18 18:30","England","Premier League","2017/2018","Watford","Everton","Anthony Taylor","1","0","H"
"6251","24-02-18 16:00","England","Premier League","2017/2018","Bournemouth","Newcastle","Roger East","2","2","D"
"6252","24-02-18 16:00","England","Premier League","2017/2018","Brighton","Swansea","Mike Dean","4","1","H"
"6253","24-02-18 16:00","England","Premier League","2017/2018","Burnley","Southampton","Robert Madley","1","1","D"
"6254","24-02-18 16:00","England","Premier League","2017/2018","Liverpool","West Ham","Stuart Attwell","4","1","H"
"6255","24-02-18 16:00","England","Premier League","2017/2018","West Brom","Huddersfield","Jonathan Moss","1","2","A"
"6256","24-02-18 13:30","England","Premier League","2017/2018","Leicester","Stoke","Michael Oliver","1","1","D"
"6257","12-02-18 21:00","England","Premier League","2017/2018","Chelsea","West Brom","Lee Mason","3","0","H"
"6258","11-02-18 17:30","England","Premier League","2017/2018","Southampton","Liverpool","Martin Atkinson","0","2","A"
"6259","11-02-18 15:15","England","Premier League","2017/2018","Newcastle","Manchester Utd","Craig Pawson","1","0","H"
"6260","11-02-18 13:00","England","Premier League","2017/2018","Huddersfield","Bournemouth","Michael Oliver","4","1","H"
"6261","10-02-18 18:30","England","Premier League","2017/2018","Manchester City","Leicester","Mike Jones","5","1","H"
"6262","10-02-18 16:00","England","Premier League","2017/2018","Everton","Crystal Palace","Jonathan Moss","3","1","H"
"6263","10-02-18 16:00","England","Premier League","2017/2018","Stoke","Brighton","Robert Madley","1","1","D"
"6264","10-02-18 16:00","England","Premier League","2017/2018","Swansea","Burnley","Andre Marriner","1","0","H"
"6265","10-02-18 16:00","England","Premier League","2017/2018","West Ham","Watford","Graham Scott","2","0","H"
"6266","10-02-18 13:30","England","Premier League","2017/2018","Tottenham","Arsenal","Anthony Taylor","1","0","H"
"6267","05-02-18 21:00","England","Premier League","2017/2018","Watford","Chelsea","Mike Dean","4","1","H"
"6268","04-02-18 17:30","England","Premier League","2017/2018","Liverpool","Tottenham","Jonathan Moss","2","2","D"
"6269","04-02-18 15:15","England","Premier League","2017/2018","Crystal Palace","Newcastle","Andre Marriner","1","1","D"
"6270","03-02-18 18:30","England","Premier League","2017/2018","Arsenal","Everton","Neil Swarbrick","5","1","H"
"6271","03-02-18 16:00","England","Premier League","2017/2018","Bournemouth","Stoke","Paul Tierney","2","1","H"
"6272","03-02-18 16:00","England","Premier League","2017/2018","Brighton","West Ham","Roger East","3","1","H"
"6273","03-02-18 16:00","England","Premier League","2017/2018","Leicester","Swansea","Anthony Taylor","1","1","D"
"6274","03-02-18 16:00","England","Premier League","2017/2018","Manchester Utd","Huddersfield","Stuart Attwell","2","0","H"
"6275","03-02-18 16:00","England","Premier League","2017/2018","West Brom","Southampton","Michael Oliver","2","3","A"
"6276","03-02-18 13:30","England","Premier League","2017/2018","Burnley","Manchester City","Martin Atkinson","1","1","D"
"6277","31-01-18 21:00","England","Premier League","2017/2018","Manchester City","West Brom","Robert Madley","3","0","H"
"6278","31-01-18 21:00","England","Premier League","2017/2018","Stoke","Watford","Jonathan Moss","0","0","D"
"6279","31-01-18 21:00","England","Premier League","2017/2018","Tottenham","Manchester Utd","Andre Marriner","2","0","H"
"6280","31-01-18 20:45","England","Premier League","2017/2018","Chelsea","Bournemouth","Lee Probert","0","3","A"
"6281","31-01-18 20:45","England","Premier League","2017/2018","Everton","Leicester","Chris Kavanagh","2","1","H"
"6282","31-01-18 20:45","England","Premier League","2017/2018","Newcastle","Burnley","Simon Hooper","1","1","D"
"6283","31-01-18 20:45","England","Premier League","2017/2018","Southampton","Brighton","Mike Dean","1","1","D"
"6284","30-01-18 21:00","England","Premier League","2017/2018","Huddersfield","Liverpool","Kevin Friend","0","3","A"
"6285","30-01-18 20:45","England","Premier League","2017/2018","Swansea","Arsenal","Lee Mason","3","1","H"
"6286","30-01-18 20:45","England","Premier League","2017/2018","West Ham","Crystal Palace","Neil Swarbrick","1","1","D"
"6287","22-01-18 21:00","England","Premier League","2017/2018","Swansea","Liverpool","Neil Swarbrick","1","0","H"
"6288","21-01-18 17:00","England","Premier League","2017/2018","Southampton","Tottenham","Kevin Friend","1","1","D"
"6289","20-01-18 18:30","England","Premier League","2017/2018","Manchester City","Newcastle","Paul Tierney","3","1","H"
"6290","20-01-18 16:00","England","Premier League","2017/2018","Arsenal","Crystal Palace","Chris Kavanagh","4","1","H"
"6291","20-01-18 16:00","England","Premier League","2017/2018","Burnley","Manchester Utd","Mike Dean","0","1","A"
"6292","20-01-18 16:00","England","Premier League","2017/2018","Everton","West Brom","Stuart Attwell","1","1","D"
"6293","20-01-18 16:00","England","Premier League","2017/2018","Leicester","Watford","Lee Probert","2","0","H"
"6294","20-01-18 16:00","England","Premier League","2017/2018","Stoke","Huddersfield","Michael Oliver","2","0","H"
"6295","20-01-18 16:00","England","Premier League","2017/2018","West Ham","Bournemouth","Martin Atkinson","1","1","D"
"6296","20-01-18 13:30","England","Premier League","2017/2018","Brighton","Chelsea","Jonathan Moss","0","4","A"
"6297","15-01-18 21:00","England","Premier League","2017/2018","Manchester Utd","Stoke","Anthony Taylor","3","0","H"
"6298","14-01-18 17:00","England","Premier League","2017/2018","Liverpool","Manchester City","Andre Marriner","4","3","H"
"6299","14-01-18 14:30","England","Premier League","2017/2018","Bournemouth","Arsenal","Kevin Friend","2","1","H"
"6300","13-01-18 18:30","England","Premier League","2017/2018","Tottenham","Everton","Craig Pawson","4","0","H"
"6301","13-01-18 16:00","England","Premier League","2017/2018","Chelsea","Leicester","Mike Jones","0","0","D"
"6302","13-01-18 16:00","England","Premier League","2017/2018","Crystal Palace","Burnley","Michael Oliver","1","0","H"
"6303","13-01-18 16:00","England","Premier League","2017/2018","Huddersfield","West Ham","Jonathan Moss","1","4","A"
"6304","13-01-18 16:00","England","Premier League","2017/2018","Newcastle","Swansea","Graham Scott","1","1","D"
"6305","13-01-18 16:00","England","Premier League","2017/2018","Watford","Southampton","Roger East","2","2","D"
"6306","13-01-18 16:00","England","Premier League","2017/2018","West Brom","Brighton","Martin Atkinson","2","0","H"
"6307","04-01-18 21:00","England","Premier League","2017/2018","Tottenham","West Ham","Mike Dean","1","1","D"
"6308","03-01-18 20:45","England","Premier League","2017/2018","Arsenal","Chelsea","Anthony Taylor","2","2","D"
"6309","02-01-18 21:00","England","Premier League","2017/2018","Manchester City","Watford","Lee Mason","3","1","H"
"6310","02-01-18 20:45","England","Premier League","2017/2018","Southampton","Crystal Palace","Stuart Attwell","1","2","A"
"6311","02-01-18 20:45","England","Premier League","2017/2018","Swansea","Tottenham","Robert Madley","0","2","A"
"6312","02-01-18 20:45","England","Premier League","2017/2018","West Ham","West Brom","Mike Jones","2","1","H"
"6313","01-01-18 18:30","England","Premier League","2017/2018","Everton","Manchester Utd","Andre Marriner","0","2","A"
"6314","01-01-18 16:00","England","Premier League","2017/2018","Burnley","Liverpool","Roger East","1","2","A"
"6315","01-01-18 16:00","England","Premier League","2017/2018","Leicester","Huddersfield","Graham Scott","3","0","H"
"6316","01-01-18 16:00","England","Premier League","2017/2018","Stoke","Newcastle","Chris Kavanagh","0","1","A"
"6317","01-01-18 13:30","England","Premier League","2017/2018","Brighton","Bournemouth","Michael Oliver","2","2","D"
"6318","31-12-17 17:30","England","Premier League","2017/2018","West Brom","Arsenal","Mike Dean","1","1","D"
"6319","31-12-17 13:00","England","Premier League","2017/2018","Crystal Palace","Manchester City","Jonathan Moss","0","0","D"
"6320","30-12-17 18:30","England","Premier League","2017/2018","Manchester Utd","Southampton","Craig Pawson","0","0","D"
"6321","30-12-17 16:00","England","Premier League","2017/2018","Bournemouth","Everton","Lee Probert","2","1","H"
"6322","30-12-17 16:00","England","Premier League","2017/2018","Chelsea","Stoke","Kevin Friend","5","0","H"
"6323","30-12-17 16:00","England","Premier League","2017/2018","Huddersfield","Burnley","Paul Tierney","0","0","D"
"6324","30-12-17 16:00","England","Premier League","2017/2018","Liverpool","Leicester","Neil Swarbrick","2","1","H"
"6325","30-12-17 16:00","England","Premier League","2017/2018","Newcastle","Brighton","Anthony Taylor","0","0","D"
"6326","30-12-17 16:00","England","Premier League","2017/2018","Watford","Swansea","Martin Atkinson","1","2","A"
"6327","28-12-17 21:00","England","Premier League","2017/2018","Crystal Palace","Arsenal","Michael Oliver","2","3","A"
"6328","27-12-17 20:45","England","Premier League","2017/2018","Newcastle","Manchester City","Andre Marriner","0","1","A"
"6329","26-12-17 18:30","England","Premier League","2017/2018","Liverpool","Swansea","Kevin Friend","5","0","H"
"6330","26-12-17 16:00","England","Premier League","2017/2018","Bournemouth","West Ham","Stuart Attwell","3","3","D"
"6331","26-12-17 16:00","England","Premier League","2017/2018","Chelsea","Brighton","Mike Dean","2","0","H"
"6332","26-12-17 16:00","England","Premier League","2017/2018","Huddersfield","Stoke","Anthony Taylor","1","1","D"
"6333","26-12-17 16:00","England","Premier League","2017/2018","Manchester Utd","Burnley","Martin Atkinson","2","2","D"
"6334","26-12-17 16:00","England","Premier League","2017/2018","Watford","Leicester","Chris Kavanagh","2","1","H"
"6335","26-12-17 16:00","England","Premier League","2017/2018","West Brom","Everton","Roger East","0","0","D"
"6336","26-12-17 13:30","England","Premier League","2017/2018","Tottenham","Southampton","Graham Scott","5","2","H"
"6337","23-12-17 20:45","England","Premier League","2017/2018","Leicester","Manchester Utd","Jonathan Moss","2","2","D"
"6338","23-12-17 18:30","England","Premier League","2017/2018","Burnley","Tottenham","Michael Oliver","0","3","A"
"6339","23-12-17 16:00","England","Premier League","2017/2018","Brighton","Watford","Paul Tierney","1","0","H"
"6340","23-12-17 16:00","England","Premier League","2017/2018","Manchester City","Bournemouth","Mike Jones","4","0","H"
"6341","23-12-17 16:00","England","Premier League","2017/2018","Southampton","Huddersfield","Lee Probert","1","1","D"
"6342","23-12-17 16:00","England","Premier League","2017/2018","Stoke","West Brom","Neil Swarbrick","3","1","H"
"6343","23-12-17 16:00","England","Premier League","2017/2018","Swansea","Crystal Palace","Craig Pawson","1","1","D"
"6344","23-12-17 16:00","England","Premier League","2017/2018","West Ham","Newcastle","Lee Mason","2","3","A"
"6345","23-12-17 13:30","England","Premier League","2017/2018","Everton","Chelsea","Robert Madley","0","0","D"
"6346","22-12-17 20:45","England","Premier League","2017/2018","Arsenal","Liverpool","Martin Atkinson","3","3","D"
"6347","18-12-17 21:00","England","Premier League","2017/2018","Everton","Swansea","Jonathan Moss","3","1","H"
"6348","17-12-17 17:30","England","Premier League","2017/2018","Bournemouth","Liverpool","Andre Marriner","0","4","A"
"6349","17-12-17 15:15","England","Premier League","2017/2018","West Brom","Manchester Utd","Anthony Taylor","1","2","A"
"6350","16-12-17 18:30","England","Premier League","2017/2018","Manchester City","Tottenham","Craig Pawson","4","1","H"
"6351","16-12-17 17:00","England","Premier League","2017/2018","Stoke","West Ham","Graham Scott","0","3","A"
"6352","16-12-17 16:00","England","Premier League","2017/2018","Arsenal","Newcastle","Stuart Attwell","1","0","H"
"6353","16-12-17 16:00","England","Premier League","2017/2018","Brighton","Burnley","Chris Kavanagh","0","0","D"
"6354","16-12-17 16:00","England","Premier League","2017/2018","Chelsea","Southampton","Roger East","1","0","H"
"6355","16-12-17 16:00","England","Premier League","2017/2018","Watford","Huddersfield","Michael Oliver","1","4","A"
"6356","16-12-17 13:30","England","Premier League","2017/2018","Leicester","Crystal Palace","Martin Atkinson","0","3","A"
"6357","13-12-17 21:00","England","Premier League","2017/2018","Liverpool","West Brom","Paul Tierney","0","0","D"
"6358","13-12-17 21:00","England","Premier League","2017/2018","Manchester Utd","Bournemouth","Graham Scott","1","0","H"
"6359","13-12-17 21:00","England","Premier League","2017/2018","Tottenham","Brighton","Robert Madley","2","0","H"
"6360","13-12-17 21:00","England","Premier League","2017/2018","West Ham","Arsenal","Jonathan Moss","0","0","D"
"6361","13-12-17 20:45","England","Premier League","2017/2018","Newcastle","Everton","Martin Atkinson","0","1","A"
"6362","13-12-17 20:45","England","Premier League","2017/2018","Southampton","Leicester","Chris Kavanagh","1","4","A"
"6363","13-12-17 20:45","England","Premier League","2017/2018","Swansea","Manchester City","Anthony Taylor","0","4","A"
"6364","12-12-17 21:00","England","Premier League","2017/2018","Crystal Palace","Watford","Lee Mason","2","1","H"
"6365","12-12-17 21:00","England","Premier League","2017/2018","Huddersfield","Chelsea","Andre Marriner","1","3","A"
"6366","12-12-17 20:45","England","Premier League","2017/2018","Burnley","Stoke","Mike Jones","1","0","H"
"6367","10-12-17 17:30","England","Premier League","2017/2018","Manchester Utd","Manchester City","Michael Oliver","1","2","A"
"6368","10-12-17 15:15","England","Premier League","2017/2018","Liverpool","Everton","Craig Pawson","1","1","D"
"6369","10-12-17 13:00","England","Premier League","2017/2018","Southampton","Arsenal","Robert Madley","1","1","D"
"6370","09-12-17 18:30","England","Premier League","2017/2018","Newcastle","Leicester","Neil Swarbrick","2","3","A"
"6371","09-12-17 16:00","England","Premier League","2017/2018","Burnley","Watford","Lee Probert","1","0","H"
"6372","09-12-17 16:00","England","Premier League","2017/2018","Crystal Palace","Bournemouth","Kevin Friend","2","2","D"
"6373","09-12-17 16:00","England","Premier League","2017/2018","Huddersfield","Brighton","Stuart Attwell","2","0","H"
"6374","09-12-17 16:00","England","Premier League","2017/2018","Swansea","West Brom","Mike Dean","1","0","H"
"6375","09-12-17 16:00","England","Premier League","2017/2018","Tottenham","Stoke","Roger East","5","1","H"
"6376","09-12-17 13:30","England","Premier League","2017/2018","West Ham","Chelsea","Anthony Taylor","1","0","H"
"6377","03-12-17 17:00","England","Premier League","2017/2018","Manchester City","West Ham","Mike Dean","2","1","H"
"6378","03-12-17 14:30","England","Premier League","2017/2018","Bournemouth","Southampton","Jonathan Moss","1","1","D"
"6379","02-12-17 18:30","England","Premier League","2017/2018","Arsenal","Manchester Utd","Andre Marriner","1","3","A"
"6380","02-12-17 16:00","England","Premier League","2017/2018","Brighton","Liverpool","Graham Scott","1","5","A"
"6381","02-12-17 16:00","England","Premier League","2017/2018","Everton","Huddersfield","Chris Kavanagh","2","0","H"
"6382","02-12-17 16:00","England","Premier League","2017/2018","Leicester","Burnley","Paul Tierney","1","0","H"
"6383","02-12-17 16:00","England","Premier League","2017/2018","Stoke","Swansea","Craig Pawson","2","1","H"
"6384","02-12-17 16:00","England","Premier League","2017/2018","Watford","Tottenham","Martin Atkinson","1","1","D"
"6385","02-12-17 16:00","England","Premier League","2017/2018","West Brom","Crystal Palace","Michael Oliver","0","0","D"
"6386","02-12-17 13:30","England","Premier League","2017/2018","Chelsea","Newcastle","Kevin Friend","3","1","H"
"6387","29-11-17 21:00","England","Premier League","2017/2018","Everton","West Ham","Michael Oliver","4","0","H"
"6388","29-11-17 21:00","England","Premier League","2017/2018","Manchester City","Southampton","Paul Tierney","2","1","H"
"6389","29-11-17 21:00","England","Premier League","2017/2018","Stoke","Liverpool","Martin Atkinson","0","3","A"
"6390","29-11-17 20:45","England","Premier League","2017/2018","Arsenal","Huddersfield","Graham Scott","5","0","H"
"6391","29-11-17 20:45","England","Premier League","2017/2018","Bournemouth","Burnley","Roger East","1","2","A"
"6392","29-11-17 20:45","England","Premier League","2017/2018","Chelsea","Swansea","Neil Swarbrick","1","0","H"
"6393","28-11-17 21:00","England","Premier League","2017/2018","Watford","Manchester Utd","Jonathan Moss","2","4","A"
"6394","28-11-17 21:00","England","Premier League","2017/2018","West Brom","Newcastle","Lee Probert","2","2","D"
"6395","28-11-17 20:45","England","Premier League","2017/2018","Brighton","Crystal Palace","Andre Marriner","0","0","D"
"6396","28-11-17 20:45","England","Premier League","2017/2018","Leicester","Tottenham","Anthony Taylor","2","1","H"
"6397","26-11-17 17:00","England","Premier League","2017/2018","Huddersfield","Manchester City","Craig Pawson","1","2","A"
"6398","26-11-17 15:00","England","Premier League","2017/2018","Burnley","Arsenal","Lee Mason","0","1","A"
"6399","26-11-17 14:30","England","Premier League","2017/2018","Southampton","Everton","Kevin Friend","4","1","H"
"6400","25-11-17 18:30","England","Premier League","2017/2018","Liverpool","Chelsea","Michael Oliver","1","1","D"
"6401","25-11-17 16:00","England","Premier League","2017/2018","Crystal Palace","Stoke","Mike Dean","2","1","H"
"6402","25-11-17 16:00","England","Premier League","2017/2018","Manchester Utd","Brighton","Neil Swarbrick","1","0","H"
"6403","25-11-17 16:00","England","Premier League","2017/2018","Newcastle","Watford","Chris Kavanagh","0","3","A"
"6404","25-11-17 16:00","England","Premier League","2017/2018","Swansea","Bournemouth","Stuart Attwell","0","0","D"
"6405","25-11-17 16:00","England","Premier League","2017/2018","Tottenham","West Brom","Mike Jones","1","1","D"
"6406","24-11-17 21:00","England","Premier League","2017/2018","West Ham","Leicester","Martin Atkinson","1","1","D"
"6407","20-11-17 21:00","England","Premier League","2017/2018","Brighton","Stoke","Lee Mason","2","2","D"
"6408","19-11-17 17:00","England","Premier League","2017/2018","Watford","West Ham","Andre Marriner","2","0","H"
"6409","18-11-17 18:30","England","Premier League","2017/2018","Manchester Utd","Newcastle","Craig Pawson","4","1","H"
"6410","18-11-17 16:00","England","Premier League","2017/2018","Bournemouth","Huddersfield","Lee Probert","4","0","H"
"6411","18-11-17 16:00","England","Premier League","2017/2018","Burnley","Swansea","Martin Atkinson","2","0","H"
"6412","18-11-17 16:00","England","Premier League","2017/2018","Crystal Palace","Everton","Anthony Taylor","2","2","D"
"6413","18-11-17 16:00","England","Premier League","2017/2018","Leicester","Manchester City","Graham Scott","0","2","A"
"6414","18-11-17 16:00","England","Premier League","2017/2018","Liverpool","Southampton","Mike Jones","3","0","H"
"6415","18-11-17 16:00","England","Premier League","2017/2018","West Brom","Chelsea","Jonathan Moss","0","4","A"
"6416","18-11-17 13:30","England","Premier League","2017/2018","Arsenal","Tottenham","Mike Dean","2","0","H"
"6417","05-11-17 17:30","England","Premier League","2017/2018","Chelsea","Manchester Utd","Anthony Taylor","1","0","H"
"6418","05-11-17 17:30","England","Premier League","2017/2018","Everton","Watford","Graham Scott","3","2","H"
"6419","05-11-17 15:15","England","Premier League","2017/2018","Manchester City","Arsenal","Michael Oliver","3","1","H"
"6420","05-11-17 13:00","England","Premier League","2017/2018","Tottenham","Crystal Palace","Kevin Friend","1","0","H"
"6421","04-11-17 18:30","England","Premier League","2017/2018","West Ham","Liverpool","Neil Swarbrick","1","4","A"
"6422","04-11-17 16:00","England","Premier League","2017/2018","Huddersfield","West Brom","Roger East","1","0","H"
"6423","04-11-17 16:00","England","Premier League","2017/2018","Newcastle","Bournemouth","Paul Tierney","0","1","A"
"6424","04-11-17 16:00","England","Premier League","2017/2018","Southampton","Burnley","Lee Probert","0","1","A"
"6425","04-11-17 16:00","England","Premier League","2017/2018","Swansea","Brighton","Mike Dean","0","1","A"
"6426","04-11-17 13:30","England","Premier League","2017/2018","Stoke","Leicester","Robert Madley","2","2","D"
"6427","30-10-17 21:00","England","Premier League","2017/2018","Burnley","Newcastle","Mike Dean","1","0","H"
"6428","29-10-17 17:00","England","Premier League","2017/2018","Leicester","Everton","Andre Marriner","2","0","H"
"6429","29-10-17 14:30","England","Premier League","2017/2018","Brighton","Southampton","Neil Swarbrick","1","1","D"
"6430","28-10-17 18:30","England","Premier League","2017/2018","Bournemouth","Chelsea","Craig Pawson","0","1","A"
"6431","28-10-17 16:00","England","Premier League","2017/2018","Arsenal","Swansea","Lee Mason","2","1","H"
"6432","28-10-17 16:00","England","Premier League","2017/2018","Crystal Palace","West Ham","Robert Madley","2","2","D"
"6433","28-10-17 16:00","England","Premier League","2017/2018","Liverpool","Huddersfield","Kevin Friend","3","0","H"
"6434","28-10-17 16:00","England","Premier League","2017/2018","Watford","Stoke","Michael Oliver","0","1","A"
"6435","28-10-17 16:00","England","Premier League","2017/2018","West Brom","Manchester City","Mike Jones","2","3","A"
"6436","28-10-17 13:30","England","Premier League","2017/2018","Manchester Utd","Tottenham","Jonathan Moss","1","0","H"
"6437","22-10-17 17:00","England","Premier League","2017/2018","Tottenham","Liverpool","Andre Marriner","4","1","H"
"6438","22-10-17 14:30","England","Premier League","2017/2018","Everton","Arsenal","Craig Pawson","2","5","A"
"6439","21-10-17 18:30","England","Premier League","2017/2018","Southampton","West Brom","Graham Scott","1","0","H"
"6440","21-10-17 16:00","England","Premier League","2017/2018","Huddersfield","Manchester Utd","Lee Mason","2","1","H"
"6441","21-10-17 16:00","England","Premier League","2017/2018","Manchester City","Burnley","Roger East","3","0","H"
"6442","21-10-17 16:00","England","Premier League","2017/2018","Newcastle","Crystal Palace","Stuart Attwell","1","0","H"
"6443","21-10-17 16:00","England","Premier League","2017/2018","Stoke","Bournemouth","Lee Probert","1","2","A"
"6444","21-10-17 16:00","England","Premier League","2017/2018","Swansea","Leicester","Michael Oliver","1","2","A"
"6445","21-10-17 13:30","England","Premier League","2017/2018","Chelsea","Watford","Jonathan Moss","4","2","H"
"6446","20-10-17 21:00","England","Premier League","2017/2018","West Ham","Brighton","Martin Atkinson","0","3","A"
"6447","16-10-17 21:00","England","Premier League","2017/2018","Leicester","West Brom","Mike Dean","1","1","D"
"6448","15-10-17 17:00","England","Premier League","2017/2018","Southampton","Newcastle","Kevin Friend","2","2","D"
"6449","15-10-17 14:30","England","Premier League","2017/2018","Brighton","Everton","Michael Oliver","1","1","D"
"6450","14-10-17 18:30","England","Premier League","2017/2018","Watford","Arsenal","Neil Swarbrick","2","1","H"
"6451","14-10-17 16:00","England","Premier League","2017/2018","Burnley","West Ham","Stuart Attwell","1","1","D"
"6452","14-10-17 16:00","England","Premier League","2017/2018","Crystal Palace","Chelsea","Andre Marriner","2","1","H"
"6453","14-10-17 16:00","England","Premier League","2017/2018","Manchester City","Stoke","Craig Pawson","7","2","H"
"6454","14-10-17 16:00","England","Premier League","2017/2018","Swansea","Huddersfield","Paul Tierney","2","0","H"
"6455","14-10-17 16:00","England","Premier League","2017/2018","Tottenham","Bournemouth","Robert Madley","1","0","H"
"6456","14-10-17 13:30","England","Premier League","2017/2018","Liverpool","Manchester Utd","Martin Atkinson","0","0","D"
"6457","01-10-17 17:30","England","Premier League","2017/2018","Newcastle","Liverpool","Craig Pawson","1","1","D"
"6458","01-10-17 15:15","England","Premier League","2017/2018","Everton","Burnley","Jonathan Moss","0","1","A"
"6459","01-10-17 13:00","England","Premier League","2017/2018","Arsenal","Brighton","Kevin Friend","2","0","H"
"6460","30-09-17 18:30","England","Premier League","2017/2018","Chelsea","Manchester City","Martin Atkinson","0","1","A"
"6461","30-09-17 16:00","England","Premier League","2017/2018","Bournemouth","Leicester","Graham Scott","0","0","D"
"6462","30-09-17 16:00","England","Premier League","2017/2018","Manchester Utd","Crystal Palace","Mike Dean","4","0","H"
"6463","30-09-17 16:00","England","Premier League","2017/2018","Stoke","Southampton","Mike Jones","2","1","H"
"6464","30-09-17 16:00","England","Premier League","2017/2018","West Brom","Watford","Michael Oliver","2","2","D"
"6465","30-09-17 16:00","England","Premier League","2017/2018","West Ham","Swansea","Roger East","1","0","H"
"6466","30-09-17 13:30","England","Premier League","2017/2018","Huddersfield","Tottenham","Neil Swarbrick","0","4","A"
"6467","25-09-17 21:00","England","Premier League","2017/2018","Arsenal","West Brom","Robert Madley","2","0","H"
"6468","24-09-17 17:00","England","Premier League","2017/2018","Brighton","Newcastle","Andre Marriner","1","0","H"
"6469","23-09-17 18:30","England","Premier League","2017/2018","Leicester","Liverpool","Anthony Taylor","2","3","A"
"6470","23-09-17 16:00","England","Premier League","2017/2018","Burnley","Huddersfield","Chris Kavanagh","0","0","D"
"6471","23-09-17 16:00","England","Premier League","2017/2018","Everton","Bournemouth","Martin Atkinson","2","1","H"
"6472","23-09-17 16:00","England","Premier League","2017/2018","Manchester City","Crystal Palace","Neil Swarbrick","5","0","H"
"6473","23-09-17 16:00","England","Premier League","2017/2018","Southampton","Manchester Utd","Craig Pawson","0","1","A"
"6474","23-09-17 16:00","England","Premier League","2017/2018","Stoke","Chelsea","Mike Dean","0","4","A"
"6475","23-09-17 16:00","England","Premier League","2017/2018","Swansea","Watford","Lee Mason","1","2","A"
"6476","23-09-17 13:30","England","Premier League","2017/2018","West Ham","Tottenham","Michael Oliver","2","3","A"
"6477","17-09-17 17:00","England","Premier League","2017/2018","Manchester Utd","Everton","Andre Marriner","4","0","H"
"6478","17-09-17 14:30","England","Premier League","2017/2018","Chelsea","Arsenal","Michael Oliver","0","0","D"
"6479","16-09-17 18:30","England","Premier League","2017/2018","Tottenham","Swansea","Mike Dean","0","0","D"
"6480","16-09-17 16:00","England","Premier League","2017/2018","Huddersfield","Leicester","Jonathan Moss","1","1","D"
"6481","16-09-17 16:00","England","Premier League","2017/2018","Liverpool","Burnley","Roger East","1","1","D"
"6482","16-09-17 16:00","England","Premier League","2017/2018","Newcastle","Stoke","Stuart Attwell","2","1","H"
"6483","16-09-17 16:00","England","Premier League","2017/2018","Watford","Manchester City","Anthony Taylor","0","6","A"
"6484","16-09-17 16:00","England","Premier League","2017/2018","West Brom","West Ham","Paul Tierney","0","0","D"
"6485","16-09-17 13:30","England","Premier League","2017/2018","Crystal Palace","Southampton","Robert Madley","0","1","A"
"6486","15-09-17 21:00","England","Premier League","2017/2018","Bournemouth","Brighton","Craig Pawson","2","1","H"
"6487","11-09-17 21:00","England","Premier League","2017/2018","West Ham","Huddersfield","Kevin Friend","2","0","H"
"6488","10-09-17 17:00","England","Premier League","2017/2018","Swansea","Newcastle","Mike Jones","0","1","A"
"6489","10-09-17 14:30","England","Premier League","2017/2018","Burnley","Crystal Palace","Michael Oliver","1","0","H"
"6490","09-09-17 18:30","England","Premier League","2017/2018","Stoke","Manchester Utd","Neil Swarbrick","2","2","D"
"6491","09-09-17 16:00","England","Premier League","2017/2018","Arsenal","Bournemouth","Anthony Taylor","3","0","H"
"6492","09-09-17 16:00","England","Premier League","2017/2018","Brighton","West Brom","Chris Kavanagh","3","1","H"
"6493","09-09-17 16:00","England","Premier League","2017/2018","Everton","Tottenham","Graham Scott","0","3","A"
"6494","09-09-17 16:00","England","Premier League","2017/2018","Leicester","Chelsea","Lee Mason","1","2","A"
"6495","09-09-17 16:00","England","Premier League","2017/2018","Southampton","Watford","Lee Probert","0","2","A"
"6496","09-09-17 13:30","England","Premier League","2017/2018","Manchester City","Liverpool","Jonathan Moss","5","0","H"
"6497","27-08-17 17:00","England","Premier League","2017/2018","Liverpool","Arsenal","Craig Pawson","4","0","H"
"6498","27-08-17 17:00","England","Premier League","2017/2018","Tottenham","Burnley","Lee Mason","1","1","D"
"6499","27-08-17 14:30","England","Premier League","2017/2018","Chelsea","Everton","Jonathan Moss","2","0","H"
"6500","27-08-17 14:30","England","Premier League","2017/2018","West Brom","Stoke","Anthony Taylor","1","1","D"
"6501","26-08-17 18:30","England","Premier League","2017/2018","Manchester Utd","Leicester","Michael Oliver","2","0","H"
"6502","26-08-17 16:00","England","Premier League","2017/2018","Crystal Palace","Swansea","Andre Marriner","0","2","A"
"6503","26-08-17 16:00","England","Premier League","2017/2018","Huddersfield","Southampton","Stuart Attwell","0","0","D"
"6504","26-08-17 16:00","England","Premier League","2017/2018","Newcastle","West Ham","Neil Swarbrick","3","0","H"
"6505","26-08-17 16:00","England","Premier League","2017/2018","Watford","Brighton","Graham Scott","0","0","D"
"6506","26-08-17 13:30","England","Premier League","2017/2018","Bournemouth","Manchester City","Mike Dean","1","2","A"
"6507","21-08-17 21:00","England","Premier League","2017/2018","Manchester City","Everton","Robert Madley","1","1","D"
"6508","20-08-17 17:00","England","Premier League","2017/2018","Tottenham","Chelsea","Anthony Taylor","1","2","A"
"6509","20-08-17 14:30","England","Premier League","2017/2018","Huddersfield","Newcastle","Craig Pawson","1","0","H"
"6510","19-08-17 18:30","England","Premier League","2017/2018","Stoke","Arsenal","Andre Marriner","1","0","H"
"6511","19-08-17 16:00","England","Premier League","2017/2018","Bournemouth","Watford","Roger East","0","2","A"
"6512","19-08-17 16:00","England","Premier League","2017/2018","Burnley","West Brom","Martin Atkinson","0","1","A"
"6513","19-08-17 16:00","England","Premier League","2017/2018","Leicester","Brighton","Lee Probert","2","0","H"
"6514","19-08-17 16:00","England","Premier League","2017/2018","Liverpool","Crystal Palace","Kevin Friend","1","0","H"
"6515","19-08-17 16:00","England","Premier League","2017/2018","Southampton","West Ham","Lee Mason","3","2","H"
"6516","19-08-17 13:30","England","Premier League","2017/2018","Swansea","Manchester Utd","Jonathan Moss","0","4","A"
"6517","13-08-17 17:00","England","Premier League","2017/2018","Manchester Utd","West Ham","Martin Atkinson","4","0","H"
"6518","13-08-17 14:30","England","Premier League","2017/2018","Newcastle","Tottenham","Andre Marriner","0","2","A"
"6519","12-08-17 18:30","England","Premier League","2017/2018","Brighton","Manchester City","Michael Oliver","0","2","A"
"6520","12-08-17 16:00","England","Premier League","2017/2018","Chelsea","Burnley","Craig Pawson","2","3","A"
"6521","12-08-17 16:00","England","Premier League","2017/2018","Crystal Palace","Huddersfield","Jonathan Moss","0","3","A"
"6522","12-08-17 16:00","England","Premier League","2017/2018","Everton","Stoke","Neil Swarbrick","1","0","H"
"6523","12-08-17 16:00","England","Premier League","2017/2018","Southampton","Swansea","Mike Jones","0","0","D"
"6524","12-08-17 16:00","England","Premier League","2017/2018","West Brom","Bournemouth","Robert Madley","1","0","H"
"6525","12-08-17 13:30","England","Premier League","2017/2018","Watford","Liverpool","Anthony Taylor","3","3","D"
"6526","11-08-17 20:45","England","Premier League","2017/2018","Arsenal","Leicester","Mike Dean","4","3","H"
"6569","21-05-17 16:00","England","Premier League","2016/2017","Arsenal","Everton","Michael Oliver","3","1","H"
"6570","21-05-17 16:00","England","Premier League","2016/2017","Burnley","West Ham","Robert Madley","1","2","A"
"6571","21-05-17 16:00","England","Premier League","2016/2017","Chelsea","Sunderland","Neil Swarbrick","5","1","H"
"6572","21-05-17 16:00","England","Premier League","2016/2017","Hull","Tottenham","Andre Marriner","1","7","A"
"6573","21-05-17 16:00","England","Premier League","2016/2017","Leicester","Bournemouth","Lee Mason","1","1","D"
"6574","21-05-17 16:00","England","Premier League","2016/2017","Liverpool","Middlesbrough","Martin Atkinson","3","0","H"
"6575","21-05-17 16:00","England","Premier League","2016/2017","Manchester Utd","Crystal Palace","Anthony Taylor","2","0","H"
"6576","21-05-17 16:00","England","Premier League","2016/2017","Southampton","Stoke","Lee Probert","0","1","A"
"6577","21-05-17 16:00","England","Premier League","2016/2017","Swansea","West Brom","Mike Dean","2","1","H"
"6578","21-05-17 16:00","England","Premier League","2016/2017","Watford","Manchester City","Jonathan Moss","0","5","A"
"6579","18-05-17 20:45","England","Premier League","2016/2017","Leicester","Tottenham","Michael Oliver","1","6","A"
"6580","17-05-17 20:45","England","Premier League","2016/2017","Southampton","Manchester Utd","Mike Dean","0","0","D"
"6581","16-05-17 21:00","England","Premier League","2016/2017","Manchester City","West Brom","Craig Pawson","3","1","H"
"6582","16-05-17 20:45","England","Premier League","2016/2017","Arsenal","Sunderland","Roger East","2","0","H"
"6583","15-05-17 21:00","England","Premier League","2016/2017","Chelsea","Watford","Lee Mason","4","3","H"
"6584","14-05-17 17:30","England","Premier League","2016/2017","Tottenham","Manchester Utd","Jonathan Moss","2","1","H"
"6585","14-05-17 15:15","England","Premier League","2016/2017","West Ham","Liverpool","Neil Swarbrick","0","4","A"
"6586","14-05-17 13:00","England","Premier League","2016/2017","Crystal Palace","Hull","Martin Atkinson","4","0","H"
"6587","13-05-17 18:30","England","Premier League","2016/2017","Stoke","Arsenal","Mike Dean","1","4","A"
"6588","13-05-17 16:00","England","Premier League","2016/2017","Bournemouth","Burnley","Lee Probert","2","1","H"
"6589","13-05-17 16:00","England","Premier League","2016/2017","Middlesbrough","Southampton","Anthony Taylor","1","2","A"
"6590","13-05-17 16:00","England","Premier League","2016/2017","Sunderland","Swansea","Andre Marriner","0","2","A"
"6591","13-05-17 13:30","England","Premier League","2016/2017","Manchester City","Leicester","Robert Madley","2","1","H"
"6592","12-05-17 21:00","England","Premier League","2016/2017","West Brom","Chelsea","Michael Oliver","0","1","A"
"6593","12-05-17 20:45","England","Premier League","2016/2017","Everton","Watford","Kevin Friend","1","0","H"
"6594","10-05-17 20:45","England","Premier League","2016/2017","Southampton","Arsenal","Jonathan Moss","0","2","A"
"6595","08-05-17 21:00","England","Premier League","2016/2017","Chelsea","Middlesbrough","Craig Pawson","3","0","H"
"6596","07-05-17 17:00","England","Premier League","2016/2017","Arsenal","Manchester Utd","Andre Marriner","2","0","H"
"6597","07-05-17 14:30","England","Premier League","2016/2017","Liverpool","Southampton","Robert Madley","0","0","D"
"6598","06-05-17 18:30","England","Premier League","2016/2017","Swansea","Everton","Martin Atkinson","1","0","H"
"6599","06-05-17 16:00","England","Premier League","2016/2017","Bournemouth","Stoke","Paul Tierney","2","2","D"
"6600","06-05-17 16:00","England","Premier League","2016/2017","Burnley","West Brom","Mike Jones","2","2","D"
"6601","06-05-17 16:00","England","Premier League","2016/2017","Hull","Sunderland","Neil Swarbrick","0","2","A"
"6602","06-05-17 16:00","England","Premier League","2016/2017","Leicester","Watford","Roger East","3","0","H"
"6603","06-05-17 13:30","England","Premier League","2016/2017","Manchester City","Crystal Palace","Michael Oliver","5","0","H"
"6604","05-05-17 21:00","England","Premier League","2016/2017","West Ham","Tottenham","Anthony Taylor","1","0","H"
"6605","01-05-17 21:00","England","Premier League","2016/2017","Watford","Liverpool","Craig Pawson","0","1","A"
"6606","30-04-17 17:30","England","Premier League","2016/2017","Tottenham","Arsenal","Michael Oliver","2","0","H"
"6607","30-04-17 15:05","England","Premier League","2016/2017","Everton","Chelsea","Jonathan Moss","0","3","A"
"6608","30-04-17 15:05","England","Premier League","2016/2017","Middlesbrough","Manchester City","Kevin Friend","2","2","D"
"6609","30-04-17 13:00","England","Premier League","2016/2017","Manchester Utd","Swansea","Neil Swarbrick","1","1","D"
"6610","29-04-17 18:30","England","Premier League","2016/2017","Crystal Palace","Burnley","Robert Madley","0","2","A"
"6611","29-04-17 16:00","England","Premier League","2016/2017","Southampton","Hull","Mike Dean","0","0","D"
"6612","29-04-17 16:00","England","Premier League","2016/2017","Stoke","West Ham","Lee Probert","0","0","D"
"6613","29-04-17 16:00","England","Premier League","2016/2017","Sunderland","Bournemouth","Stuart Attwell","0","1","A"
"6614","29-04-17 16:00","England","Premier League","2016/2017","West Brom","Leicester","Mark Clattenburg","0","1","A"
"6615","27-04-17 21:00","England","Premier League","2016/2017","Manchester City","Manchester Utd","Martin Atkinson","0","0","D"
"6616","26-04-17 21:00","England","Premier League","2016/2017","Crystal Palace","Tottenham","Jonathan Moss","0","1","A"
"6617","26-04-17 20:45","England","Premier League","2016/2017","Arsenal","Leicester","Mike Jones","1","0","H"
"6618","26-04-17 20:45","England","Premier League","2016/2017","Middlesbrough","Sunderland","Mike Dean","1","0","H"
"6619","25-04-17 20:45","England","Premier League","2016/2017","Chelsea","Southampton","Lee Mason","4","2","H"
"6620","23-04-17 17:30","England","Premier League","2016/2017","Liverpool","Crystal Palace","Andre Marriner","1","2","A"
"6621","23-04-17 15:15","England","Premier League","2016/2017","Burnley","Manchester Utd","Anthony Taylor","0","2","A"
"6622","22-04-17 16:00","England","Premier League","2016/2017","Bournemouth","Middlesbrough","Graham Scott","4","0","H"
"6623","22-04-17 16:00","England","Premier League","2016/2017","Hull","Watford","Robert Madley","2","0","H"
"6624","22-04-17 16:00","England","Premier League","2016/2017","Swansea","Stoke","Michael Oliver","2","0","H"
"6625","22-04-17 16:00","England","Premier League","2016/2017","West Ham","Everton","Roger East","0","0","D"
"6626","17-04-17 21:00","England","Premier League","2016/2017","Middlesbrough","Arsenal","Anthony Taylor","1","2","A"
"6627","16-04-17 17:00","England","Premier League","2016/2017","Manchester Utd","Chelsea","Robert Madley","2","0","H"
"6628","16-04-17 14:30","England","Premier League","2016/2017","West Brom","Liverpool","Jonathan Moss","0","1","A"
"6629","15-04-17 18:30","England","Premier League","2016/2017","Southampton","Manchester City","Neil Swarbrick","0","3","A"
"6630","15-04-17 16:00","England","Premier League","2016/2017","Crystal Palace","Leicester","Mike Dean","2","2","D"
"6631","15-04-17 16:00","England","Premier League","2016/2017","Everton","Burnley","Mark Clattenburg","3","1","H"
"6632","15-04-17 16:00","England","Premier League","2016/2017","Stoke","Hull","Stuart Attwell","3","1","H"
"6633","15-04-17 16:00","England","Premier League","2016/2017","Sunderland","West Ham","Andre Marriner","2","2","D"
"6634","15-04-17 16:00","England","Premier League","2016/2017","Watford","Swansea","Lee Mason","1","0","H"
"6635","15-04-17 13:30","England","Premier League","2016/2017","Tottenham","Bournemouth","Michael Oliver","4","0","H"
"6636","10-04-17 21:00","England","Premier League","2016/2017","Crystal Palace","Arsenal","Michael Oliver","3","0","H"
"6637","09-04-17 17:00","England","Premier League","2016/2017","Everton","Leicester","Robert Madley","4","2","H"
"6638","09-04-17 14:30","England","Premier League","2016/2017","Sunderland","Manchester Utd","Craig Pawson","0","3","A"
"6639","08-04-17 18:30","England","Premier League","2016/2017","Bournemouth","Chelsea","Andre Marriner","1","3","A"
"6640","08-04-17 16:00","England","Premier League","2016/2017","Manchester City","Hull","Jonathan Moss","3","1","H"
"6641","08-04-17 16:00","England","Premier League","2016/2017","Middlesbrough","Burnley","Martin Atkinson","0","0","D"
"6642","08-04-17 16:00","England","Premier League","2016/2017","Stoke","Liverpool","Mike Dean","1","2","A"
"6643","08-04-17 16:00","England","Premier League","2016/2017","West Brom","Southampton","Chris Kavanagh","0","1","A"
"6644","08-04-17 16:00","England","Premier League","2016/2017","West Ham","Swansea","Kevin Friend","1","0","H"
"6645","08-04-17 13:30","England","Premier League","2016/2017","Tottenham","Watford","Anthony Taylor","4","0","H"
"6646","05-04-17 21:00","England","Premier League","2016/2017","Chelsea","Manchester City","Mike Dean","2","1","H"
"6647","05-04-17 21:00","England","Premier League","2016/2017","Liverpool","Bournemouth","Lee Mason","2","2","D"
"6648","05-04-17 20:45","England","Premier League","2016/2017","Arsenal","West Ham","Martin Atkinson","3","0","H"
"6649","05-04-17 20:45","England","Premier League","2016/2017","Hull","Middlesbrough","Michael Oliver","4","2","H"
"6650","05-04-17 20:45","England","Premier League","2016/2017","Southampton","Crystal Palace","Roger East","3","1","H"
"6651","05-04-17 20:45","England","Premier League","2016/2017","Swansea","Tottenham","Jonathan Moss","1","3","A"
"6652","04-04-17 21:00","England","Premier League","2016/2017","Manchester Utd","Everton","Neil Swarbrick","1","1","D"
"6653","04-04-17 20:45","England","Premier League","2016/2017","Burnley","Stoke","Kevin Friend","1","0","H"
"6654","04-04-17 20:45","England","Premier League","2016/2017","Leicester","Sunderland","Graham Scott","2","0","H"
"6655","04-04-17 20:45","England","Premier League","2016/2017","Watford","West Brom","Paul Tierney","2","0","H"
"6656","02-04-17 17:00","England","Premier League","2016/2017","Arsenal","Manchester City","Andre Marriner","2","2","D"
"6657","02-04-17 14:30","England","Premier League","2016/2017","Swansea","Middlesbrough","Robert Madley","0","0","D"
"6658","01-04-17 18:30","England","Premier League","2016/2017","Southampton","Bournemouth","Jonathan Moss","0","0","D"
"6659","01-04-17 16:00","England","Premier League","2016/2017","Burnley","Tottenham","Stuart Attwell","0","2","A"
"6660","01-04-17 16:00","England","Premier League","2016/2017","Chelsea","Crystal Palace","Craig Pawson","1","2","A"
"6661","01-04-17 16:00","England","Premier League","2016/2017","Hull","West Ham","Mike Jones","2","1","H"
"6662","01-04-17 16:00","England","Premier League","2016/2017","Leicester","Stoke","Lee Mason","2","0","H"
"6663","01-04-17 16:00","England","Premier League","2016/2017","Manchester Utd","West Brom","Mike Dean","0","0","D"
"6664","01-04-17 16:00","England","Premier League","2016/2017","Watford","Sunderland","Lee Probert","1","0","H"
"6665","01-04-17 13:30","England","Premier League","2016/2017","Liverpool","Everton","Anthony Taylor","3","1","H"
"6666","19-03-17 17:30","England","Premier League","2016/2017","Manchester City","Liverpool","Michael Oliver","1","1","D"
"6667","19-03-17 15:15","England","Premier League","2016/2017","Tottenham","Southampton","Andre Marriner","2","1","H"
"6668","19-03-17 13:00","England","Premier League","2016/2017","Middlesbrough","Manchester Utd","Jonathan Moss","1","3","A"
"6669","18-03-17 18:30","England","Premier League","2016/2017","Bournemouth","Swansea","Mike Dean","2","0","H"
"6670","18-03-17 16:00","England","Premier League","2016/2017","Crystal Palace","Watford","Martin Atkinson","1","0","H"
"6671","18-03-17 16:00","England","Premier League","2016/2017","Everton","Hull","Paul Tierney","4","0","H"
"6672","18-03-17 16:00","England","Premier League","2016/2017","Stoke","Chelsea","Anthony Taylor","1","2","A"
"6673","18-03-17 16:00","England","Premier League","2016/2017","Sunderland","Burnley","Robert Madley","0","0","D"
"6674","18-03-17 16:00","England","Premier League","2016/2017","West Ham","Leicester","Roger East","2","3","A"
"6675","18-03-17 13:30","England","Premier League","2016/2017","West Brom","Arsenal","Neil Swarbrick","3","1","H"
"6676","12-03-17 17:00","England","Premier League","2016/2017","Liverpool","Burnley","Craig Pawson","2","1","H"
"6677","11-03-17 16:00","England","Premier League","2016/2017","Bournemouth","West Ham","Robert Madley","3","2","H"
"6678","11-03-17 16:00","England","Premier League","2016/2017","Everton","West Brom","Graham Scott","3","0","H"
"6679","11-03-17 16:00","England","Premier League","2016/2017","Hull","Swansea","Andre Marriner","2","1","H"
"6680","08-03-17 21:00","England","Premier League","2016/2017","Manchester City","Stoke","Neil Swarbrick","0","0","D"
"6681","06-03-17 21:00","England","Premier League","2016/2017","West Ham","Chelsea","Andre Marriner","1","2","A"
"6682","05-03-17 17:00","England","Premier League","2016/2017","Sunderland","Manchester City","Martin Atkinson","0","2","A"
"6683","05-03-17 14:30","England","Premier League","2016/2017","Tottenham","Everton","Michael Oliver","3","2","H"
"6684","04-03-17 18:30","England","Premier League","2016/2017","Liverpool","Arsenal","Robert Madley","3","1","H"
"6685","04-03-17 16:00","England","Premier League","2016/2017","Leicester","Hull","Mike Dean","3","1","H"
"6686","04-03-17 16:00","England","Premier League","2016/2017","Stoke","Middlesbrough","Craig Pawson","2","0","H"
"6687","04-03-17 16:00","England","Premier League","2016/2017","Swansea","Burnley","Anthony Taylor","3","2","H"
"6688","04-03-17 16:00","England","Premier League","2016/2017","Watford","Southampton","Jonathan Moss","3","4","A"
"6689","04-03-17 16:00","England","Premier League","2016/2017","West Brom","Crystal Palace","Mike Jones","0","2","A"
"6690","04-03-17 13:30","England","Premier League","2016/2017","Manchester Utd","Bournemouth","Kevin Friend","1","1","D"
"6691","27-02-17 21:00","England","Premier League","2016/2017","Leicester","Liverpool","Michael Oliver","3","1","H"
"6692","26-02-17 14:30","England","Premier League","2016/2017","Tottenham","Stoke","Jonathan Moss","4","0","H"
"6693","25-02-17 18:30","England","Premier League","2016/2017","Watford","West Ham","Craig Pawson","1","1","D"
"6694","25-02-17 16:00","England","Premier League","2016/2017","Chelsea","Swansea","Neil Swarbrick","3","1","H"
"6695","25-02-17 16:00","England","Premier League","2016/2017","Crystal Palace","Middlesbrough","Robert Madley","1","0","H"
"6696","25-02-17 16:00","England","Premier League","2016/2017","Everton","Sunderland","Stuart Attwell","2","0","H"
"6697","25-02-17 16:00","England","Premier League","2016/2017","Hull","Burnley","Martin Atkinson","1","1","D"
"6698","25-02-17 16:00","England","Premier League","2016/2017","West Brom","Bournemouth","Mark Clattenburg","2","1","H"
"6699","13-02-17 21:00","England","Premier League","2016/2017","Bournemouth","Manchester City","Neil Swarbrick","0","2","A"
"6700","12-02-17 17:00","England","Premier League","2016/2017","Swansea","Leicester","Jonathan Moss","2","0","H"
"6701","12-02-17 14:30","England","Premier League","2016/2017","Burnley","Chelsea","Kevin Friend","1","1","D"
"6702","11-02-17 18:30","England","Premier League","2016/2017","Liverpool","Tottenham","Anthony Taylor","2","0","H"
"6703","11-02-17 16:00","England","Premier League","2016/2017","Manchester Utd","Watford","Robert Madley","2","0","H"
"6704","11-02-17 16:00","England","Premier League","2016/2017","Middlesbrough","Everton","Mike Dean","0","0","D"
"6705","11-02-17 16:00","England","Premier League","2016/2017","Stoke","Crystal Palace","Martin Atkinson","1","0","H"
"6706","11-02-17 16:00","England","Premier League","2016/2017","Sunderland","Southampton","Paul Tierney","0","4","A"
"6707","11-02-17 16:00","England","Premier League","2016/2017","West Ham","West Brom","Michael Oliver","2","2","D"
"6708","11-02-17 13:30","England","Premier League","2016/2017","Arsenal","Hull","Mark Clattenburg","2","0","H"
"6709","05-02-17 17:00","England","Premier League","2016/2017","Leicester","Manchester Utd","Anthony Taylor","0","3","A"
"6710","05-02-17 14:30","England","Premier League","2016/2017","Manchester City","Swansea","Mike Dean","2","1","H"
"6711","04-02-17 18:30","England","Premier League","2016/2017","Tottenham","Middlesbrough","Mark Clattenburg","1","0","H"
"6712","04-02-17 16:00","England","Premier League","2016/2017","Crystal Palace","Sunderland","Andre Marriner","0","4","A"
"6713","04-02-17 16:00","England","Premier League","2016/2017","Everton","Bournemouth","Mike Jones","6","3","H"
"6714","04-02-17 16:00","England","Premier League","2016/2017","Hull","Liverpool","Lee Mason","2","0","H"
"6715","04-02-17 16:00","England","Premier League","2016/2017","Southampton","West Ham","Graham Scott","1","3","A"
"6716","04-02-17 16:00","England","Premier League","2016/2017","Watford","Burnley","Michael Oliver","2","1","H"
"6717","04-02-17 16:00","England","Premier League","2016/2017","West Brom","Stoke","Kevin Friend","1","0","H"
"6718","04-02-17 13:30","England","Premier League","2016/2017","Chelsea","Arsenal","Martin Atkinson","3","1","H"
"6719","01-02-17 21:00","England","Premier League","2016/2017","Manchester Utd","Hull","Mike Jones","0","0","D"
"6720","01-02-17 21:00","England","Premier League","2016/2017","Stoke","Everton","Craig Pawson","1","1","D"
"6721","01-02-17 20:45","England","Premier League","2016/2017","West Ham","Manchester City","Kevin Friend","0","4","A"
"6722","31-01-17 21:00","England","Premier League","2016/2017","Liverpool","Chelsea","Mark Clattenburg","1","1","D"
"6723","31-01-17 20:45","England","Premier League","2016/2017","Arsenal","Watford","Andre Marriner","1","2","A"
"6724","31-01-17 20:45","England","Premier League","2016/2017","Bournemouth","Crystal Palace","Jonathan Moss","0","2","A"
"6725","31-01-17 20:45","England","Premier League","2016/2017","Burnley","Leicester","Mike Dean","1","0","H"
"6726","31-01-17 20:45","England","Premier League","2016/2017","Middlesbrough","West Brom","Stuart Attwell","1","1","D"
"6727","31-01-17 20:45","England","Premier League","2016/2017","Sunderland","Tottenham","Lee Mason","0","0","D"
"6728","31-01-17 20:45","England","Premier League","2016/2017","Swansea","Southampton","Roger East","2","1","H"
"6729","22-01-17 17:30","England","Premier League","2016/2017","Chelsea","Hull","Neil Swarbrick","2","0","H"
"6730","22-01-17 15:15","England","Premier League","2016/2017","Arsenal","Burnley","Jonathan Moss","2","1","H"
"6731","22-01-17 13:00","England","Premier League","2016/2017","Southampton","Leicester","Michael Oliver","3","0","H"
"6732","21-01-17 18:30","England","Premier League","2016/2017","Manchester City","Tottenham","Andre Marriner","2","2","D"
"6733","21-01-17 16:00","England","Premier League","2016/2017","Bournemouth","Watford","Lee Mason","2","2","D"
"6734","21-01-17 16:00","England","Premier League","2016/2017","Crystal Palace","Everton","Anthony Taylor","0","1","A"
"6735","21-01-17 16:00","England","Premier League","2016/2017","Middlesbrough","West Ham","Martin Atkinson","1","3","A"
"6736","21-01-17 16:00","England","Premier League","2016/2017","Stoke","Manchester Utd","Mark Clattenburg","1","1","D"
"6737","21-01-17 16:00","England","Premier League","2016/2017","West Brom","Sunderland","Craig Pawson","2","0","H"
"6738","21-01-17 13:30","England","Premier League","2016/2017","Liverpool","Swansea","Kevin Friend","2","3","A"
"6739","15-01-17 17:00","England","Premier League","2016/2017","Manchester Utd","Liverpool","Michael Oliver","1","1","D"
"6740","15-01-17 14:30","England","Premier League","2016/2017","Everton","Manchester City","Mark Clattenburg","4","0","H"
"6741","14-01-17 18:30","England","Premier League","2016/2017","Leicester","Chelsea","Andre Marriner","0","3","A"
"6742","14-01-17 16:00","England","Premier League","2016/2017","Burnley","Southampton","Paul Tierney","1","0","H"
"6743","14-01-17 16:00","England","Premier League","2016/2017","Hull","Bournemouth","Martin Atkinson","3","1","H"
"6744","14-01-17 16:00","England","Premier League","2016/2017","Sunderland","Stoke","Mike Dean","1","3","A"
"6745","14-01-17 16:00","England","Premier League","2016/2017","Swansea","Arsenal","Mike Jones","0","4","A"
"6746","14-01-17 16:00","England","Premier League","2016/2017","Watford","Middlesbrough","Jonathan Moss","0","0","D"
"6747","14-01-17 16:00","England","Premier League","2016/2017","West Ham","Crystal Palace","Neil Swarbrick","3","0","H"
"6748","14-01-17 13:30","England","Premier League","2016/2017","Tottenham","West Brom","Anthony Taylor","4","0","H"
"6749","04-01-17 21:00","England","Premier League","2016/2017","Tottenham","Chelsea","Martin Atkinson","2","0","H"
"6750","03-01-17 21:00","England","Premier League","2016/2017","Crystal Palace","Swansea","Paul Tierney","1","2","A"
"6751","03-01-17 21:00","England","Premier League","2016/2017","Stoke","Watford","Neil Swarbrick","2","0","H"
"6752","03-01-17 20:45","England","Premier League","2016/2017","Bournemouth","Arsenal","Michael Oliver","3","3","D"
"6753","02-01-17 18:15","England","Premier League","2016/2017","West Ham","Manchester Utd","Mike Dean","0","2","A"
"6754","02-01-17 16:00","England","Premier League","2016/2017","Everton","Southampton","Kevin Friend","3","0","H"
"6755","02-01-17 16:00","England","Premier League","2016/2017","Manchester City","Burnley","Lee Mason","2","1","H"
"6756","02-01-17 16:00","England","Premier League","2016/2017","Sunderland","Liverpool","Anthony Taylor","2","2","D"
"6757","02-01-17 16:00","England","Premier League","2016/2017","West Brom","Hull","Mark Clattenburg","3","1","H"
"6758","02-01-17 13:30","England","Premier League","2016/2017","Middlesbrough","Leicester","Robert Madley","0","0","D"
"6759","01-01-17 17:00","England","Premier League","2016/2017","Arsenal","Crystal Palace","Andre Marriner","2","0","H"
"6760","01-01-17 14:30","England","Premier League","2016/2017","Watford","Tottenham","Michael Oliver","1","4","A"
"6761","31-12-16 18:30","England","Premier League","2016/2017","Liverpool","Manchester City","Craig Pawson","1","0","H"
"6762","31-12-16 16:00","England","Premier League","2016/2017","Burnley","Sunderland","Graham Scott","4","1","H"
"6763","31-12-16 16:00","England","Premier League","2016/2017","Chelsea","Stoke","Robert Madley","4","2","H"
"6764","31-12-16 16:00","England","Premier League","2016/2017","Leicester","West Ham","Anthony Taylor","1","0","H"
"6765","31-12-16 16:00","England","Premier League","2016/2017","Manchester Utd","Middlesbrough","Lee Mason","2","1","H"
"6766","31-12-16 16:00","England","Premier League","2016/2017","Southampton","West Brom","Mike Jones","1","2","A"
"6767","31-12-16 16:00","England","Premier League","2016/2017","Swansea","Bournemouth","Kevin Friend","0","3","A"
"6768","30-12-16 21:00","England","Premier League","2016/2017","Hull","Everton","Jonathan Moss","2","2","D"
"6769","28-12-16 20:45","England","Premier League","2016/2017","Southampton","Tottenham","Mike Dean","1","4","A"
"6770","27-12-16 18:15","England","Premier League","2016/2017","Liverpool","Stoke","Michael Oliver","4","1","H"
"6771","26-12-16 18:15","England","Premier League","2016/2017","Hull","Manchester City","Robert Madley","0","3","A"
"6772","26-12-16 16:00","England","Premier League","2016/2017","Arsenal","West Brom","Neil Swarbrick","1","0","H"
"6773","26-12-16 16:00","England","Premier League","2016/2017","Burnley","Middlesbrough","Craig Pawson","1","0","H"
"6774","26-12-16 16:00","England","Premier League","2016/2017","Chelsea","Bournemouth","Mike Jones","3","0","H"
"6775","26-12-16 16:00","England","Premier League","2016/2017","Leicester","Everton","Stuart Attwell","0","2","A"
"6776","26-12-16 16:00","England","Premier League","2016/2017","Manchester Utd","Sunderland","Martin Atkinson","3","1","H"
"6777","26-12-16 16:00","England","Premier League","2016/2017","Swansea","West Ham","Andre Marriner","1","4","A"
"6778","26-12-16 13:30","England","Premier League","2016/2017","Watford","Crystal Palace","Mark Clattenburg","1","1","D"
"6779","19-12-16 21:00","England","Premier League","2016/2017","Everton","Liverpool","Mike Dean","0","1","A"
"6780","18-12-16 17:00","England","Premier League","2016/2017","Manchester City","Arsenal","Martin Atkinson","2","1","H"
"6781","18-12-16 17:00","England","Premier League","2016/2017","Tottenham","Burnley","Kevin Friend","2","1","H"
"6782","18-12-16 14:30","England","Premier League","2016/2017","Bournemouth","Southampton","Mark Clattenburg","1","3","A"
"6783","17-12-16 18:30","England","Premier League","2016/2017","West Brom","Manchester Utd","Anthony Taylor","0","2","A"
"6784","17-12-16 16:00","England","Premier League","2016/2017","Middlesbrough","Swansea","Neil Swarbrick","3","0","H"
"6785","17-12-16 16:00","England","Premier League","2016/2017","Stoke","Leicester","Craig Pawson","2","2","D"
"6786","17-12-16 16:00","England","Premier League","2016/2017","Sunderland","Watford","Robert Madley","1","0","H"
"6787","17-12-16 16:00","England","Premier League","2016/2017","West Ham","Hull","Lee Mason","1","0","H"
"6788","17-12-16 13:30","England","Premier League","2016/2017","Crystal Palace","Chelsea","Jonathan Moss","0","1","A"
"6789","14-12-16 21:00","England","Premier League","2016/2017","Crystal Palace","Manchester Utd","Craig Pawson","1","2","A"
"6790","14-12-16 21:00","England","Premier League","2016/2017","Manchester City","Watford","Kevin Friend","2","0","H"
"6791","14-12-16 21:00","England","Premier League","2016/2017","Stoke","Southampton","Anthony Taylor","0","0","D"
"6792","14-12-16 21:00","England","Premier League","2016/2017","Tottenham","Hull","Andre Marriner","3","0","H"
"6793","14-12-16 21:00","England","Premier League","2016/2017","West Brom","Swansea","Michael Oliver","3","1","H"
"6794","14-12-16 20:45","England","Premier League","2016/2017","Middlesbrough","Liverpool","Jonathan Moss","0","3","A"
"6795","14-12-16 20:45","England","Premier League","2016/2017","Sunderland","Chelsea","Neil Swarbrick","0","1","A"
"6796","14-12-16 20:45","England","Premier League","2016/2017","West Ham","Burnley","Robert Madley","1","0","H"
"6797","13-12-16 20:45","England","Premier League","2016/2017","Bournemouth","Leicester","Paul Tierney","1","0","H"
"6798","13-12-16 20:45","England","Premier League","2016/2017","Everton","Arsenal","Mark Clattenburg","2","1","H"
"6799","11-12-16 17:30","England","Premier League","2016/2017","Liverpool","West Ham","Mark Clattenburg","2","2","D"
"6800","11-12-16 15:15","England","Premier League","2016/2017","Manchester Utd","Tottenham","Robert Madley","1","0","H"
"6801","11-12-16 15:15","England","Premier League","2016/2017","Southampton","Middlesbrough","Stuart Attwell","1","0","H"
"6802","11-12-16 13:00","England","Premier League","2016/2017","Chelsea","West Brom","Mike Dean","1","0","H"
"6803","10-12-16 18:30","England","Premier League","2016/2017","Leicester","Manchester City","Michael Oliver","4","2","H"
"6804","10-12-16 16:00","England","Premier League","2016/2017","Arsenal","Stoke","Lee Mason","3","1","H"
"6805","10-12-16 16:00","England","Premier League","2016/2017","Burnley","Bournemouth","Martin Atkinson","3","2","H"
"6806","10-12-16 16:00","England","Premier League","2016/2017","Hull","Crystal Palace","Mike Jones","3","3","D"
"6807","10-12-16 16:00","England","Premier League","2016/2017","Swansea","Sunderland","Craig Pawson","3","0","H"
"6808","10-12-16 13:30","England","Premier League","2016/2017","Watford","Everton","Anthony Taylor","3","2","H"
"6809","05-12-16 21:00","England","Premier League","2016/2017","Middlesbrough","Hull","Mike Dean","1","0","H"
"6810","04-12-16 17:00","England","Premier League","2016/2017","Everton","Manchester Utd","Michael Oliver","1","1","D"
"6811","04-12-16 14:30","England","Premier League","2016/2017","Bournemouth","Liverpool","Robert Madley","4","3","H"
"6812","03-12-16 18:30","England","Premier League","2016/2017","West Ham","Arsenal","Craig Pawson","1","5","A"
"6813","03-12-16 16:00","England","Premier League","2016/2017","Crystal Palace","Southampton","Neil Swarbrick","3","0","H"
"6814","03-12-16 16:00","England","Premier League","2016/2017","Stoke","Burnley","Mark Clattenburg","2","0","H"
"6815","03-12-16 16:00","England","Premier League","2016/2017","Sunderland","Leicester","Andre Marriner","2","1","H"
"6816","03-12-16 16:00","England","Premier League","2016/2017","Tottenham","Swansea","Jonathan Moss","5","0","H"
"6817","03-12-16 16:00","England","Premier League","2016/2017","West Brom","Watford","Graham Scott","3","1","H"
"6818","03-12-16 13:30","England","Premier League","2016/2017","Manchester City","Chelsea","Anthony Taylor","1","3","A"
"6819","27-11-16 17:30","England","Premier League","2016/2017","Manchester Utd","West Ham","Jonathan Moss","1","1","D"
"6820","27-11-16 17:30","England","Premier League","2016/2017","Southampton","Everton","Craig Pawson","1","0","H"
"6821","27-11-16 15:15","England","Premier League","2016/2017","Arsenal","Bournemouth","Mike Jones","3","1","H"
"6822","27-11-16 13:00","England","Premier League","2016/2017","Watford","Stoke","Robert Madley","0","1","A"
"6823","26-11-16 18:30","England","Premier League","2016/2017","Chelsea","Tottenham","Michael Oliver","2","1","H"
"6824","26-11-16 16:00","England","Premier League","2016/2017","Hull","West Brom","Paul Tierney","1","1","D"
"6825","26-11-16 16:00","England","Premier League","2016/2017","Leicester","Middlesbrough","Lee Mason","2","2","D"
"6826","26-11-16 16:00","England","Premier League","2016/2017","Liverpool","Sunderland","Anthony Taylor","2","0","H"
"6827","26-11-16 16:00","England","Premier League","2016/2017","Swansea","Crystal Palace","Kevin Friend","5","4","H"
"6828","26-11-16 13:30","England","Premier League","2016/2017","Burnley","Manchester City","Andre Marriner","1","2","A"
"6829","21-11-16 21:00","England","Premier League","2016/2017","West Brom","Burnley","Mike Jones","4","0","H"
"6830","20-11-16 17:00","England","Premier League","2016/2017","Middlesbrough","Chelsea","Jonathan Moss","0","1","A"
"6831","19-11-16 18:30","England","Premier League","2016/2017","Tottenham","West Ham","Mike Dean","3","2","H"
"6832","19-11-16 16:00","England","Premier League","2016/2017","Crystal Palace","Manchester City","Robert Madley","1","2","A"
"6833","19-11-16 16:00","England","Premier League","2016/2017","Everton","Swansea","Martin Atkinson","1","1","D"
"6834","19-11-16 16:00","England","Premier League","2016/2017","Southampton","Liverpool","Mark Clattenburg","0","0","D"
"6835","19-11-16 16:00","England","Premier League","2016/2017","Stoke","Bournemouth","Roger East","0","1","A"
"6836","19-11-16 16:00","England","Premier League","2016/2017","Sunderland","Hull","Lee Mason","3","0","H"
"6837","19-11-16 16:00","England","Premier League","2016/2017","Watford","Leicester","Neil Swarbrick","2","1","H"
"6838","19-11-16 13:30","England","Premier League","2016/2017","Manchester Utd","Arsenal","Andre Marriner","1","1","D"
"6839","06-11-16 17:30","England","Premier League","2016/2017","Leicester","West Brom","Craig Pawson","1","2","A"
"6840","06-11-16 16:00","England","Premier League","2016/2017","Swansea","Manchester Utd","Neil Swarbrick","1","3","A"
"6841","06-11-16 15:15","England","Premier League","2016/2017","Hull","Southampton","Graham Scott","2","1","H"
"6842","06-11-16 15:15","England","Premier League","2016/2017","Liverpool","Watford","Michael Oliver","6","1","H"
"6843","06-11-16 13:00","England","Premier League","2016/2017","Arsenal","Tottenham","Mark Clattenburg","1","1","D"
"6844","05-11-16 18:30","England","Premier League","2016/2017","Chelsea","Everton","Robert Madley","5","0","H"
"6845","05-11-16 16:00","England","Premier League","2016/2017","Bournemouth","Sunderland","Mike Dean","1","2","A"
"6846","05-11-16 16:00","England","Premier League","2016/2017","Burnley","Crystal Palace","Anthony Taylor","3","2","H"
"6847","05-11-16 16:00","England","Premier League","2016/2017","Manchester City","Middlesbrough","Kevin Friend","1","1","D"
"6848","05-11-16 16:00","England","Premier League","2016/2017","West Ham","Stoke","Andre Marriner","1","1","D"
"6849","31-10-16 21:00","England","Premier League","2016/2017","Stoke","Swansea","Michael Oliver","3","1","H"
"6850","30-10-16 17:00","England","Premier League","2016/2017","Southampton","Chelsea","Mike Jones","0","2","A"
"6851","30-10-16 14:30","England","Premier League","2016/2017","Everton","West Ham","Anthony Taylor","2","0","H"
"6852","29-10-16 18:30","England","Premier League","2016/2017","Crystal Palace","Liverpool","Andre Marriner","2","4","A"
"6853","29-10-16 16:00","England","Premier League","2016/2017","Manchester Utd","Burnley","Mark Clattenburg","0","0","D"
"6854","29-10-16 16:00","England","Premier League","2016/2017","Middlesbrough","Bournemouth","Stuart Attwell","2","0","H"
"6855","29-10-16 16:00","England","Premier League","2016/2017","Tottenham","Leicester","Robert Madley","1","1","D"
"6856","29-10-16 16:00","England","Premier League","2016/2017","Watford","Hull","Jonathan Moss","1","0","H"
"6857","29-10-16 16:00","England","Premier League","2016/2017","West Brom","Manchester City","Lee Mason","0","4","A"
"6858","29-10-16 13:30","England","Premier League","2016/2017","Sunderland","Arsenal","Martin Atkinson","1","4","A"
"6859","23-10-16 17:00","England","Premier League","2016/2017","Chelsea","Manchester Utd","Martin Atkinson","4","0","H"
"6860","23-10-16 14:30","England","Premier League","2016/2017","Manchester City","Southampton","Mark Clattenburg","1","1","D"
"6861","22-10-16 18:30","England","Premier League","2016/2017","Liverpool","West Brom","Neil Swarbrick","2","1","H"
"6862","22-10-16 16:00","England","Premier League","2016/2017","Arsenal","Middlesbrough","Mike Dean","0","0","D"
"6863","22-10-16 16:00","England","Premier League","2016/2017","Burnley","Everton","Mike Jones","2","1","H"
"6864","22-10-16 16:00","England","Premier League","2016/2017","Hull","Stoke","Kevin Friend","0","2","A"
"6865","22-10-16 16:00","England","Premier League","2016/2017","Leicester","Crystal Palace","Michael Oliver","3","1","H"
"6866","22-10-16 16:00","England","Premier League","2016/2017","Swansea","Watford","Paul Tierney","0","0","D"
"6867","22-10-16 16:00","England","Premier League","2016/2017","West Ham","Sunderland","Robert Madley","1","0","H"
"6868","22-10-16 13:30","England","Premier League","2016/2017","Bournemouth","Tottenham","Craig Pawson","0","0","D"
"6869","17-10-16 21:00","England","Premier League","2016/2017","Liverpool","Manchester Utd","Anthony Taylor","0","0","D"
"6870","16-10-16 17:00","England","Premier League","2016/2017","Southampton","Burnley","Mike Dean","3","1","H"
"6871","16-10-16 14:30","England","Premier League","2016/2017","Middlesbrough","Watford","Roger East","0","1","A"
"6872","15-10-16 18:30","England","Premier League","2016/2017","Crystal Palace","West Ham","Martin Atkinson","0","1","A"
"6873","15-10-16 16:00","England","Premier League","2016/2017","Arsenal","Swansea","Jonathan Moss","3","2","H"
"6874","15-10-16 16:00","England","Premier League","2016/2017","Bournemouth","Hull","Lee Mason","6","1","H"
"6875","15-10-16 16:00","England","Premier League","2016/2017","Manchester City","Everton","Michael Oliver","1","1","D"
"6876","15-10-16 16:00","England","Premier League","2016/2017","Stoke","Sunderland","Mike Jones","2","0","H"
"6877","15-10-16 16:00","England","Premier League","2016/2017","West Brom","Tottenham","Kevin Friend","1","1","D"
"6878","15-10-16 13:30","England","Premier League","2016/2017","Chelsea","Leicester","Andre Marriner","3","0","H"
"6879","02-10-16 17:30","England","Premier League","2016/2017","Burnley","Arsenal","Craig Pawson","0","1","A"
"6880","02-10-16 15:15","England","Premier League","2016/2017","Leicester","Southampton","Martin Atkinson","0","0","D"
"6881","02-10-16 15:15","England","Premier League","2016/2017","Tottenham","Manchester City","Andre Marriner","2","0","H"
"6882","02-10-16 13:00","England","Premier League","2016/2017","Manchester Utd","Stoke","Robert Madley","1","1","D"
"6883","01-10-16 16:00","England","Premier League","2016/2017","Hull","Chelsea","Anthony Taylor","0","2","A"
"6884","01-10-16 16:00","England","Premier League","2016/2017","Sunderland","West Brom","Stuart Attwell","1","1","D"
"6885","01-10-16 16:00","England","Premier League","2016/2017","Watford","Bournemouth","Mike Dean","2","2","D"
"6886","01-10-16 16:00","England","Premier League","2016/2017","West Ham","Middlesbrough","Neil Swarbrick","1","1","D"
"6887","01-10-16 13:30","England","Premier League","2016/2017","Swansea","Liverpool","Michael Oliver","1","2","A"
"6888","30-09-16 21:00","England","Premier League","2016/2017","Everton","Crystal Palace","Jonathan Moss","1","1","D"
"6889","26-09-16 21:00","England","Premier League","2016/2017","Burnley","Watford","Mike Jones","2","0","H"
"6890","25-09-16 17:00","England","Premier League","2016/2017","West Ham","Southampton","Jonathan Moss","0","3","A"
"6891","24-09-16 18:30","England","Premier League","2016/2017","Arsenal","Chelsea","Michael Oliver","3","0","H"
"6892","24-09-16 16:00","England","Premier League","2016/2017","Bournemouth","Everton","Robert Madley","1","0","H"
"6893","24-09-16 16:00","England","Premier League","2016/2017","Liverpool","Hull","Andre Marriner","5","1","H"
"6894","24-09-16 16:00","England","Premier League","2016/2017","Middlesbrough","Tottenham","Graham Scott","1","2","A"
"6895","24-09-16 16:00","England","Premier League","2016/2017","Stoke","West Brom","Martin Atkinson","1","1","D"
"6896","24-09-16 16:00","England","Premier League","2016/2017","Sunderland","Crystal Palace","Anthony Taylor","2","3","A"
"6897","24-09-16 16:00","England","Premier League","2016/2017","Swansea","Manchester City","Neil Swarbrick","1","3","A"
"6898","24-09-16 13:30","England","Premier League","2016/2017","Manchester Utd","Leicester","Mike Dean","4","1","H"
"6899","18-09-16 17:30","England","Premier League","2016/2017","Tottenham","Sunderland","Mike Dean","1","0","H"
"6900","18-09-16 15:15","England","Premier League","2016/2017","Crystal Palace","Stoke","Craig Pawson","4","1","H"
"6901","18-09-16 15:15","England","Premier League","2016/2017","Southampton","Swansea","Mike Jones","1","0","H"
"6902","18-09-16 13:00","England","Premier League","2016/2017","Watford","Manchester Utd","Michael Oliver","3","1","H"
"6903","17-09-16 18:30","England","Premier League","2016/2017","Everton","Middlesbrough","Lee Mason","3","1","H"
"6904","17-09-16 16:00","England","Premier League","2016/2017","Hull","Arsenal","Roger East","1","4","A"
"6905","17-09-16 16:00","England","Premier League","2016/2017","Leicester","Burnley","Anthony Taylor","3","0","H"
"6906","17-09-16 16:00","England","Premier League","2016/2017","Manchester City","Bournemouth","Jonathan Moss","4","0","H"
"6907","17-09-16 16:00","England","Premier League","2016/2017","West Brom","West Ham","Mark Clattenburg","4","2","H"
"6908","16-09-16 21:00","England","Premier League","2016/2017","Chelsea","Liverpool","Martin Atkinson","1","2","A"
"6909","12-09-16 21:00","England","Premier League","2016/2017","Sunderland","Everton","Mike Jones","0","3","A"
"6910","11-09-16 17:00","England","Premier League","2016/2017","Swansea","Chelsea","Andre Marriner","2","2","D"
"6911","10-09-16 18:30","England","Premier League","2016/2017","Liverpool","Leicester","Craig Pawson","4","1","H"
"6912","10-09-16 16:00","England","Premier League","2016/2017","Arsenal","Southampton","Robert Madley","2","1","H"
"6913","10-09-16 16:00","England","Premier League","2016/2017","Bournemouth","West Brom","Kevin Friend","1","0","H"
"6914","10-09-16 16:00","England","Premier League","2016/2017","Burnley","Hull","Paul Tierney","1","1","D"
"6915","10-09-16 16:00","England","Premier League","2016/2017","Middlesbrough","Crystal Palace","Neil Swarbrick","1","2","A"
"6916","10-09-16 16:00","England","Premier League","2016/2017","Stoke","Tottenham","Anthony Taylor","0","4","A"
"6917","10-09-16 16:00","England","Premier League","2016/2017","West Ham","Watford","Martin Atkinson","2","4","A"
"6918","10-09-16 13:30","England","Premier League","2016/2017","Manchester Utd","Manchester City","Mark Clattenburg","1","2","A"
"6919","28-08-16 17:00","England","Premier League","2016/2017","Manchester City","West Ham","Andre Marriner","3","1","H"
"6920","28-08-16 14:30","England","Premier League","2016/2017","West Brom","Middlesbrough","Anthony Taylor","0","0","D"
"6921","27-08-16 18:30","England","Premier League","2016/2017","Hull","Manchester Utd","Jonathan Moss","0","1","A"
"6922","27-08-16 16:00","England","Premier League","2016/2017","Chelsea","Burnley","Mark Clattenburg","3","0","H"
"6923","27-08-16 16:00","England","Premier League","2016/2017","Crystal Palace","Bournemouth","Mike Dean","1","1","D"
"6924","27-08-16 16:00","England","Premier League","2016/2017","Everton","Stoke","Michael Oliver","1","0","H"
"6925","27-08-16 16:00","England","Premier League","2016/2017","Leicester","Swansea","Roger East","2","1","H"
"6926","27-08-16 16:00","England","Premier League","2016/2017","Southampton","Sunderland","Lee Mason","1","1","D"
"6927","27-08-16 16:00","England","Premier League","2016/2017","Watford","Arsenal","Kevin Friend","1","3","A"
"6928","27-08-16 13:30","England","Premier League","2016/2017","Tottenham","Liverpool","Robert Madley","1","1","D"
"6929","21-08-16 17:00","England","Premier League","2016/2017","West Ham","Bournemouth","Craig Pawson","1","0","H"
"6930","21-08-16 14:30","England","Premier League","2016/2017","Sunderland","Middlesbrough","Martin Atkinson","1","2","A"
"6931","20-08-16 18:30","England","Premier League","2016/2017","Leicester","Arsenal","Mark Clattenburg","0","0","D"
"6932","20-08-16 16:00","England","Premier League","2016/2017","Burnley","Liverpool","Lee Mason","2","0","H"
"6933","20-08-16 16:00","England","Premier League","2016/2017","Swansea","Hull","Stuart Attwell","0","2","A"
"6934","20-08-16 16:00","England","Premier League","2016/2017","Tottenham","Crystal Palace","Michael Oliver","1","0","H"
"6935","20-08-16 16:00","England","Premier League","2016/2017","Watford","Chelsea","Jonathan Moss","1","2","A"
"6936","20-08-16 16:00","England","Premier League","2016/2017","West Brom","Everton","Neil Swarbrick","1","2","A"
"6937","20-08-16 13:30","England","Premier League","2016/2017","Stoke","Manchester City","Mike Dean","1","4","A"
"6938","19-08-16 21:00","England","Premier League","2016/2017","Manchester Utd","Southampton","Anthony Taylor","2","0","H"
"6939","15-08-16 21:00","England","Premier League","2016/2017","Chelsea","West Ham","Anthony Taylor","2","1","H"
"6940","14-08-16 17:00","England","Premier League","2016/2017","Arsenal","Liverpool","Michael Oliver","3","4","A"
"6941","14-08-16 14:30","England","Premier League","2016/2017","Bournemouth","Manchester Utd","Andre Marriner","1","3","A"
"6942","13-08-16 18:30","England","Premier League","2016/2017","Manchester City","Sunderland","Robert Madley","2","1","H"
"6943","13-08-16 16:00","England","Premier League","2016/2017","Burnley","Swansea","Jonathan Moss","0","1","A"
"6944","13-08-16 16:00","England","Premier League","2016/2017","Crystal Palace","West Brom","Craig Pawson","0","1","A"
"6945","13-08-16 16:00","England","Premier League","2016/2017","Everton","Tottenham","Martin Atkinson","1","1","D"
"6946","13-08-16 16:00","England","Premier League","2016/2017","Middlesbrough","Stoke","Kevin Friend","1","1","D"
"6947","13-08-16 16:00","England","Premier League","2016/2017","Southampton","Watford","Roger East","1","1","D"
"6948","13-08-16 13:30","England","Premier League","2016/2017","Hull","Leicester","Mike Dean","2","1","H"
"6949","17-05-16 21:00","England","Premier League","2015/2016","Manchester Utd","Bournemouth","Jonathan Moss","3","1","H"
"6950","15-05-16 16:00","England","Premier League","2015/2016","Arsenal","Aston Villa","Mark Clattenburg","4","0","H"
"6951","15-05-16 16:00","England","Premier League","2015/2016","Chelsea","Leicester","Craig Pawson","1","1","D"
"6952","15-05-16 16:00","England","Premier League","2015/2016","Everton","Norwich","Lee Mason","3","0","H"
"6953","15-05-16 16:00","England","Premier League","2015/2016","Newcastle","Tottenham","Anthony Taylor","5","1","H"
"6954","15-05-16 16:00","England","Premier League","2015/2016","Southampton","Crystal Palace","Michael Oliver","4","1","H"
"6955","15-05-16 16:00","England","Premier League","2015/2016","Stoke","West Ham","Mike Jones","2","1","H"
"6956","15-05-16 16:00","England","Premier League","2015/2016","Swansea","Manchester City","Mike Dean","1","1","D"
"6957","15-05-16 16:00","England","Premier League","2015/2016","Watford","Sunderland","Kevin Friend","2","2","D"
"6958","15-05-16 16:00","England","Premier League","2015/2016","West Brom","Liverpool","Robert Madley","1","1","D"
"6959","11-05-16 21:00","England","Premier League","2015/2016","Liverpool","Chelsea","Michael Oliver","1","1","D"
"6960","11-05-16 20:45","England","Premier League","2015/2016","Norwich","Watford","Roger East","4","2","H"
"6961","11-05-16 20:45","England","Premier League","2015/2016","Sunderland","Everton","Anthony Taylor","3","0","H"
"6962","10-05-16 20:45","England","Premier League","2015/2016","West Ham","Manchester Utd","Mike Dean","3","2","H"
"6963","08-05-16 17:00","England","Premier League","2015/2016","Liverpool","Watford","Lee Mason","2","0","H"
"6964","08-05-16 17:00","England","Premier League","2015/2016","Manchester City","Arsenal","Anthony Taylor","2","2","D"
"6965","08-05-16 14:30","England","Premier League","2015/2016","Tottenham","Southampton","Jonathan Moss","1","2","A"
"6966","07-05-16 18:30","England","Premier League","2015/2016","Leicester","Everton","Andre Marriner","3","1","H"
"6967","07-05-16 16:00","England","Premier League","2015/2016","Aston Villa","Newcastle","Robert Madley","0","0","D"
"6968","07-05-16 16:00","England","Premier League","2015/2016","Bournemouth","West Brom","Mark Clattenburg","1","1","D"
"6969","07-05-16 16:00","England","Premier League","2015/2016","Crystal Palace","Stoke","Kevin Friend","2","1","H"
"6970","07-05-16 16:00","England","Premier League","2015/2016","Sunderland","Chelsea","Mike Jones","3","2","H"
"6971","07-05-16 16:00","England","Premier League","2015/2016","West Ham","Swansea","Michael Oliver","1","4","A"
"6972","07-05-16 13:45","England","Premier League","2015/2016","Norwich","Manchester Utd","Craig Pawson","0","1","A"
"6973","02-05-16 21:00","England","Premier League","2015/2016","Chelsea","Tottenham","Mark Clattenburg","2","2","D"
"6974","01-05-16 17:30","England","Premier League","2015/2016","Southampton","Manchester City","Andre Marriner","4","2","H"
"6975","01-05-16 15:05","England","Premier League","2015/2016","Manchester Utd","Leicester","Michael Oliver","1","1","D"
"6976","01-05-16 13:00","England","Premier League","2015/2016","Swansea","Liverpool","Roger East","3","1","H"
"6977","30-04-16 18:30","England","Premier League","2015/2016","Arsenal","Norwich","Mike Jones","1","0","H"
"6978","30-04-16 16:00","England","Premier League","2015/2016","Everton","Bournemouth","Neil Swarbrick","2","1","H"
"6979","30-04-16 16:00","England","Premier League","2015/2016","Newcastle","Crystal Palace","Mike Dean","1","0","H"
"6980","30-04-16 16:00","England","Premier League","2015/2016","Stoke","Sunderland","Craig Pawson","1","1","D"
"6981","30-04-16 16:00","England","Premier League","2015/2016","Watford","Aston Villa","Anthony Taylor","3","2","H"
"6982","30-04-16 16:00","England","Premier League","2015/2016","West Brom","West Ham","Lee Mason","0","3","A"
"6983","25-04-16 21:00","England","Premier League","2015/2016","Tottenham","West Brom","Mike Jones","1","1","D"
"6984","24-04-16 17:15","England","Premier League","2015/2016","Leicester","Swansea","Mark Clattenburg","4","0","H"
"6985","24-04-16 15:05","England","Premier League","2015/2016","Sunderland","Arsenal","Mike Dean","0","0","D"
"6986","23-04-16 16:00","England","Premier League","2015/2016","Aston Villa","Southampton","Neil Swarbrick","2","4","A"
"6987","23-04-16 16:00","England","Premier League","2015/2016","Bournemouth","Chelsea","Roger East","1","4","A"
"6988","23-04-16 16:00","England","Premier League","2015/2016","Liverpool","Newcastle","Andre Marriner","2","2","D"
"6989","23-04-16 13:45","England","Premier League","2015/2016","Manchester City","Stoke","Robert Madley","4","0","H"
"6990","21-04-16 20:45","England","Premier League","2015/2016","Arsenal","West Brom","Jonathan Moss","2","0","H"
"6991","20-04-16 21:00","England","Premier League","2015/2016","Liverpool","Everton","Robert Madley","4","0","H"
"6992","20-04-16 21:00","England","Premier League","2015/2016","Manchester Utd","Crystal Palace","Lee Mason","2","0","H"
"6993","20-04-16 20:45","England","Premier League","2015/2016","West Ham","Watford","Mike Dean","3","1","H"
"6994","19-04-16 20:45","England","Premier League","2015/2016","Newcastle","Manchester City","Kevin Friend","1","1","D"
"6995","18-04-16 21:00","England","Premier League","2015/2016","Stoke","Tottenham","Neil Swarbrick","0","4","A"
"6996","17-04-16 17:00","England","Premier League","2015/2016","Arsenal","Crystal Palace","Roger East","1","1","D"
"6997","17-04-16 14:30","England","Premier League","2015/2016","Bournemouth","Liverpool","Mike Jones","1","2","A"
"6998","17-04-16 14:30","England","Premier League","2015/2016","Leicester","West Ham","Jonathan Moss","2","2","D"
"6999","16-04-16 18:30","England","Premier League","2015/2016","Chelsea","Manchester City","Mike Dean","0","3","A"
"7000","16-04-16 16:00","England","Premier League","2015/2016","Everton","Southampton","Craig Pawson","1","1","D"
"7001","16-04-16 16:00","England","Premier League","2015/2016","Manchester Utd","Aston Villa","Kevin Friend","1","0","H"
"7002","16-04-16 16:00","England","Premier League","2015/2016","Newcastle","Swansea","Lee Mason","3","0","H"
"7003","16-04-16 16:00","England","Premier League","2015/2016","West Brom","Watford","Michael Oliver","0","1","A"
"7004","16-04-16 13:45","England","Premier League","2015/2016","Norwich","Sunderland","Andre Marriner","0","3","A"
"7005","13-04-16 21:00","England","Premier League","2015/2016","Crystal Palace","Everton","Mike Jones","0","0","D"
"7006","10-04-16 17:00","England","Premier League","2015/2016","Liverpool","Stoke","Mark Clattenburg","4","1","H"
"7007","10-04-16 17:00","England","Premier League","2015/2016","Tottenham","Manchester Utd","Mike Dean","3","0","H"
"7008","10-04-16 14:30","England","Premier League","2015/2016","Sunderland","Leicester","Anthony Taylor","0","2","A"
"7009","09-04-16 18:30","England","Premier League","2015/2016","Manchester City","West Brom","Mike Jones","2","1","H"
"7010","09-04-16 16:00","England","Premier League","2015/2016","Aston Villa","Bournemouth","Martin Atkinson","1","2","A"
"7011","09-04-16 16:00","England","Premier League","2015/2016","Crystal Palace","Norwich","Michael Oliver","1","0","H"
"7012","09-04-16 16:00","England","Premier League","2015/2016","Southampton","Newcastle","Robert Madley","3","1","H"
"7013","09-04-16 16:00","England","Premier League","2015/2016","Swansea","Chelsea","Andre Marriner","1","0","H"
"7014","09-04-16 16:00","England","Premier League","2015/2016","Watford","Everton","Kevin Friend","1","1","D"
"7015","09-04-16 13:45","England","Premier League","2015/2016","West Ham","Arsenal","Craig Pawson","3","3","D"
"7016","03-04-16 17:00","England","Premier League","2015/2016","Manchester Utd","Everton","Andre Marriner","1","0","H"
"7017","03-04-16 14:30","England","Premier League","2015/2016","Leicester","Southampton","Michael Oliver","1","0","H"
"7018","02-04-16 18:30","England","Premier League","2015/2016","Liverpool","Tottenham","Jonathan Moss","1","1","D"
"7019","02-04-16 16:00","England","Premier League","2015/2016","Arsenal","Watford","Anthony Taylor","4","0","H"
"7020","02-04-16 16:00","England","Premier League","2015/2016","Bournemouth","Manchester City","Robert Madley","0","4","A"
"7021","02-04-16 16:00","England","Premier League","2015/2016","Norwich","Newcastle","Mike Dean","3","2","H"
"7022","02-04-16 16:00","England","Premier League","2015/2016","Stoke","Swansea","Martin Atkinson","2","2","D"
"7023","02-04-16 16:00","England","Premier League","2015/2016","Sunderland","West Brom","Roger East","0","0","D"
"7024","02-04-16 16:00","England","Premier League","2015/2016","West Ham","Crystal Palace","Mark Clattenburg","2","2","D"
"7025","02-04-16 13:45","England","Premier League","2015/2016","Aston Villa","Chelsea","Neil Swarbrick","0","4","A"
"7026","20-03-16 17:00","England","Premier League","2015/2016","Manchester City","Manchester Utd","Michael Oliver","0","1","A"
"7027","20-03-16 17:00","England","Premier League","2015/2016","Tottenham","Bournemouth","Neil Swarbrick","3","0","H"
"7028","20-03-16 14:30","England","Premier League","2015/2016","Newcastle","Sunderland","Martin Atkinson","1","1","D"
"7029","20-03-16 14:30","England","Premier League","2015/2016","Southampton","Liverpool","Roger East","3","2","H"
"7030","19-03-16 18:30","England","Premier League","2015/2016","Swansea","Aston Villa","Mike Dean","1","0","H"
"7031","19-03-16 16:00","England","Premier League","2015/2016","Chelsea","West Ham","Robert Madley","2","2","D"
"7032","19-03-16 16:00","England","Premier League","2015/2016","Crystal Palace","Leicester","Mike Jones","0","1","A"
"7033","19-03-16 16:00","England","Premier League","2015/2016","Watford","Stoke","Craig Pawson","1","2","A"
"7034","19-03-16 16:00","England","Premier League","2015/2016","West Brom","Norwich","Anthony Taylor","0","1","A"
"7035","19-03-16 13:45","England","Premier League","2015/2016","Everton","Arsenal","Mark Clattenburg","0","2","A"
"7036","14-03-16 21:00","England","Premier League","2015/2016","Leicester","Newcastle","Craig Pawson","1","0","H"
"7037","13-03-16 17:00","England","Premier League","2015/2016","Aston Villa","Tottenham","Anthony Taylor","0","2","A"
"7038","12-03-16 16:00","England","Premier League","2015/2016","Bournemouth","Swansea","Roger East","3","2","H"
"7039","12-03-16 16:00","England","Premier League","2015/2016","Stoke","Southampton","Lee Mason","1","2","A"
"7040","12-03-16 13:45","England","Premier League","2015/2016","Norwich","Manchester City","Jonathan Moss","0","0","D"
"7041","06-03-16 17:00","England","Premier League","2015/2016","West Brom","Manchester Utd","Mike Dean","1","0","H"
"7042","06-03-16 14:30","England","Premier League","2015/2016","Crystal Palace","Liverpool","Andre Marriner","1","2","A"
"7043","05-03-16 18:30","England","Premier League","2015/2016","Watford","Leicester","Jonathan Moss","0","1","A"
"7044","05-03-16 16:00","England","Premier League","2015/2016","Chelsea","Stoke","Mark Clattenburg","1","1","D"
"7045","05-03-16 16:00","England","Premier League","2015/2016","Everton","West Ham","Anthony Taylor","2","3","A"
"7046","05-03-16 16:00","England","Premier League","2015/2016","Manchester City","Aston Villa","Lee Mason","4","0","H"
"7047","05-03-16 16:00","England","Premier League","2015/2016","Newcastle","Bournemouth","Paul Tierney","1","3","A"
"7048","05-03-16 16:00","England","Premier League","2015/2016","Southampton","Sunderland","Neil Swarbrick","1","1","D"
"7049","05-03-16 16:00","England","Premier League","2015/2016","Swansea","Norwich","Craig Pawson","1","0","H"
"7050","05-03-16 13:45","England","Premier League","2015/2016","Tottenham","Arsenal","Michael Oliver","2","2","D"
"7051","02-03-16 21:00","England","Premier League","2015/2016","Liverpool","Manchester City","Martin Atkinson","3","0","H"
"7052","02-03-16 21:00","England","Premier League","2015/2016","Manchester Utd","Watford","Mike Jones","1","0","H"
"7053","02-03-16 20:45","England","Premier League","2015/2016","Arsenal","Swansea","Robert Madley","1","2","A"
"7054","02-03-16 20:45","England","Premier League","2015/2016","Stoke","Newcastle","Neil Swarbrick","1","0","H"
"7055","02-03-16 20:45","England","Premier League","2015/2016","West Ham","Tottenham","Andre Marriner","1","0","H"
"7056","01-03-16 20:45","England","Premier League","2015/2016","Aston Villa","Everton","Roger East","1","3","A"
"7057","01-03-16 20:45","England","Premier League","2015/2016","Bournemouth","Southampton","Mike Dean","2","0","H"
"7058","01-03-16 20:45","England","Premier League","2015/2016","Leicester","West Brom","Mark Clattenburg","2","2","D"
"7059","01-03-16 20:45","England","Premier League","2015/2016","Norwich","Chelsea","Lee Mason","1","2","A"
"7060","01-03-16 20:45","England","Premier League","2015/2016","Sunderland","Crystal Palace","Anthony Taylor","2","2","D"
"7061","28-02-16 15:05","England","Premier League","2015/2016","Manchester Utd","Arsenal","Craig Pawson","3","2","H"
"7062","28-02-16 15:05","England","Premier League","2015/2016","Tottenham","Swansea","Mike Jones","2","1","H"
"7063","27-02-16 18:30","England","Premier League","2015/2016","West Brom","Crystal Palace","Jonathan Moss","3","2","H"
"7064","27-02-16 16:00","England","Premier League","2015/2016","Leicester","Norwich","Neil Swarbrick","1","0","H"
"7065","27-02-16 16:00","England","Premier League","2015/2016","Southampton","Chelsea","Martin Atkinson","1","2","A"
"7066","27-02-16 16:00","England","Premier League","2015/2016","Stoke","Aston Villa","Kevin Friend","2","1","H"
"7067","27-02-16 16:00","England","Premier League","2015/2016","Watford","Bournemouth","Anthony Taylor","0","0","D"
"7068","27-02-16 13:45","England","Premier League","2015/2016","West Ham","Sunderland","Mike Dean","1","0","H"
"7069","14-02-16 17:15","England","Premier League","2015/2016","Manchester City","Tottenham","Mark Clattenburg","1","2","A"
"7070","14-02-16 15:05","England","Premier League","2015/2016","Aston Villa","Liverpool","Neil Swarbrick","0","6","A"
"7071","14-02-16 13:00","England","Premier League","2015/2016","Arsenal","Leicester","Martin Atkinson","2","1","H"
"7072","13-02-16 18:30","England","Premier League","2015/2016","Chelsea","Newcastle","Roger East","5","1","H"
"7073","13-02-16 16:00","England","Premier League","2015/2016","Bournemouth","Stoke","Graham Scott","1","3","A"
"7074","13-02-16 16:00","England","Premier League","2015/2016","Crystal Palace","Watford","Robert Madley","1","2","A"
"7075","13-02-16 16:00","England","Premier League","2015/2016","Everton","West Brom","Michael Oliver","0","1","A"
"7076","13-02-16 16:00","England","Premier League","2015/2016","Norwich","West Ham","Mike Jones","2","2","D"
"7077","13-02-16 16:00","England","Premier League","2015/2016","Swansea","Southampton","Jonathan Moss","0","1","A"
"7078","13-02-16 13:45","England","Premier League","2015/2016","Sunderland","Manchester Utd","Andre Marriner","2","1","H"
"7079","07-02-16 17:00","England","Premier League","2015/2016","Chelsea","Manchester Utd","Michael Oliver","1","1","D"
"7080","07-02-16 14:30","England","Premier League","2015/2016","Bournemouth","Arsenal","Kevin Friend","0","2","A"
"7081","06-02-16 18:30","England","Premier League","2015/2016","Southampton","West Ham","Mark Clattenburg","1","0","H"
"7082","06-02-16 16:00","England","Premier League","2015/2016","Aston Villa","Norwich","Martin Atkinson","2","0","H"
"7083","06-02-16 16:00","England","Premier League","2015/2016","Liverpool","Sunderland","Robert Madley","2","2","D"
"7084","06-02-16 16:00","England","Premier League","2015/2016","Newcastle","West Brom","Lee Mason","1","0","H"
"7085","06-02-16 16:00","England","Premier League","2015/2016","Stoke","Everton","Andre Marriner","0","3","A"
"7086","06-02-16 16:00","England","Premier League","2015/2016","Swansea","Crystal Palace","Mike Dean","1","1","D"
"7087","06-02-16 16:00","England","Premier League","2015/2016","Tottenham","Watford","Roger East","1","0","H"
"7088","06-02-16 13:45","England","Premier League","2015/2016","Manchester City","Leicester","Anthony Taylor","1","3","A"
"7089","03-02-16 20:45","England","Premier League","2015/2016","Everton","Newcastle","Craig Pawson","3","0","H"
"7090","03-02-16 20:45","England","Premier League","2015/2016","Watford","Chelsea","Mike Dean","0","0","D"
"7091","02-02-16 21:00","England","Premier League","2015/2016","Crystal Palace","Bournemouth","Mike Jones","1","2","A"
"7092","02-02-16 21:00","England","Premier League","2015/2016","Manchester Utd","Stoke","Roger East","3","0","H"
"7093","02-02-16 21:00","England","Premier League","2015/2016","West Brom","Swansea","Neil Swarbrick","1","1","D"
"7094","02-02-16 20:45","England","Premier League","2015/2016","Arsenal","Southampton","Lee Mason","0","0","D"
"7095","02-02-16 20:45","England","Premier League","2015/2016","Leicester","Liverpool","Andre Marriner","2","0","H"
"7096","02-02-16 20:45","England","Premier League","2015/2016","Norwich","Tottenham","Kevin Friend","0","3","A"
"7097","02-02-16 20:45","England","Premier League","2015/2016","Sunderland","Manchester City","Stuart Attwell","0","1","A"
"7098","02-02-16 20:45","England","Premier League","2015/2016","West Ham","Aston Villa","Jonathan Moss","2","0","H"
"7099","24-01-16 17:00","England","Premier League","2015/2016","Arsenal","Chelsea","Mark Clattenburg","0","1","A"
"7100","24-01-16 14:30","England","Premier League","2015/2016","Everton","Swansea","Anthony Taylor","1","2","A"
"7101","23-01-16 18:30","England","Premier League","2015/2016","West Ham","Manchester City","Craig Pawson","2","2","D"
"7102","23-01-16 16:00","England","Premier League","2015/2016","Crystal Palace","Tottenham","Martin Atkinson","1","3","A"
"7103","23-01-16 16:00","England","Premier League","2015/2016","Leicester","Stoke","Mike Dean","3","0","H"
"7104","23-01-16 16:00","England","Premier League","2015/2016","Manchester Utd","Southampton","Mike Jones","0","1","A"
"7105","23-01-16 16:00","England","Premier League","2015/2016","Sunderland","Bournemouth","Roger East","1","1","D"
"7106","23-01-16 16:00","England","Premier League","2015/2016","Watford","Newcastle","Andre Marriner","2","1","H"
"7107","23-01-16 16:00","England","Premier League","2015/2016","West Brom","Aston Villa","Robert Madley","0","0","D"
"7108","23-01-16 13:45","England","Premier League","2015/2016","Norwich","Liverpool","Lee Mason","4","5","A"
"7109","18-01-16 21:00","England","Premier League","2015/2016","Swansea","Watford","Michael Oliver","1","0","H"
"7110","17-01-16 17:15","England","Premier League","2015/2016","Stoke","Arsenal","Craig Pawson","0","0","D"
"7111","17-01-16 15:05","England","Premier League","2015/2016","Liverpool","Manchester Utd","Mark Clattenburg","0","1","A"
"7112","16-01-16 18:30","England","Premier League","2015/2016","Aston Villa","Leicester","Roger East","1","1","D"
"7113","16-01-16 16:00","England","Premier League","2015/2016","Bournemouth","Norwich","Robert Madley","3","0","H"
"7114","16-01-16 16:00","England","Premier League","2015/2016","Chelsea","Everton","Mike Jones","3","3","D"
"7115","16-01-16 16:00","England","Premier League","2015/2016","Manchester City","Crystal Palace","Jonathan Moss","4","0","H"
"7116","16-01-16 16:00","England","Premier League","2015/2016","Newcastle","West Ham","Neil Swarbrick","2","1","H"
"7117","16-01-16 16:00","England","Premier League","2015/2016","Southampton","West Brom","Martin Atkinson","3","0","H"
"7118","16-01-16 13:45","England","Premier League","2015/2016","Tottenham","Sunderland","Mike Dean","4","1","H"
"7119","13-01-16 21:00","England","Premier League","2015/2016","Liverpool","Arsenal","Mike Jones","3","3","D"
"7120","13-01-16 21:00","England","Premier League","2015/2016","Tottenham","Leicester","Lee Mason","0","1","A"
"7121","13-01-16 20:45","England","Premier League","2015/2016","Chelsea","West Brom","Anthony Taylor","2","2","D"
"7122","13-01-16 20:45","England","Premier League","2015/2016","Manchester City","Everton","Roger East","0","0","D"
"7123","13-01-16 20:45","England","Premier League","2015/2016","Southampton","Watford","Craig Pawson","2","0","H"
"7124","13-01-16 20:45","England","Premier League","2015/2016","Stoke","Norwich","Neil Swarbrick","3","1","H"
"7125","13-01-16 20:45","England","Premier League","2015/2016","Swansea","Sunderland","Graham Scott","2","4","A"
"7126","12-01-16 20:45","England","Premier League","2015/2016","Aston Villa","Crystal Palace","Mark Clattenburg","1","0","H"
"7127","12-01-16 20:45","England","Premier League","2015/2016","Bournemouth","West Ham","Martin Atkinson","1","3","A"
"7128","12-01-16 20:45","England","Premier League","2015/2016","Newcastle","Manchester Utd","Mike Dean","3","3","D"
"7129","03-01-16 17:00","England","Premier League","2015/2016","Everton","Tottenham","Michael Oliver","1","1","D"
"7130","03-01-16 14:30","England","Premier League","2015/2016","Crystal Palace","Chelsea","Kevin Friend","0","3","A"
"7131","02-01-16 18:30","England","Premier League","2015/2016","Watford","Manchester City","Martin Atkinson","1","2","A"
"7132","02-01-16 16:00","England","Premier League","2015/2016","Arsenal","Newcastle","Anthony Taylor","1","0","H"
"7133","02-01-16 16:00","England","Premier League","2015/2016","Leicester","Bournemouth","Andre Marriner","0","0","D"
"7134","02-01-16 16:00","England","Premier League","2015/2016","Manchester Utd","Swansea","Jonathan Moss","2","1","H"
"7135","02-01-16 16:00","England","Premier League","2015/2016","Norwich","Southampton","Mark Clattenburg","1","0","H"
"7136","02-01-16 16:00","England","Premier League","2015/2016","Sunderland","Aston Villa","Craig Pawson","3","1","H"
"7137","02-01-16 16:00","England","Premier League","2015/2016","West Brom","Stoke","Lee Mason","2","1","H"
"7138","02-01-16 13:45","England","Premier League","2015/2016","West Ham","Liverpool","Robert Madley","2","0","H"
"7139","30-12-15 20:45","England","Premier League","2015/2016","Sunderland","Liverpool","Kevin Friend","0","1","A"
"7140","29-12-15 20:45","England","Premier League","2015/2016","Leicester","Manchester City","Craig Pawson","0","0","D"
"7141","28-12-15 18:30","England","Premier League","2015/2016","Arsenal","Bournemouth","Roger East","2","0","H"
"7142","28-12-15 18:30","England","Premier League","2015/2016","Manchester Utd","Chelsea","Martin Atkinson","0","0","D"
"7143","28-12-15 18:30","England","Premier League","2015/2016","West Ham","Southampton","Michael Oliver","2","1","H"
"7144","28-12-15 16:00","England","Premier League","2015/2016","Crystal Palace","Swansea","Neil Swarbrick","0","0","D"
"7145","28-12-15 16:00","England","Premier League","2015/2016","Everton","Stoke","Mark Clattenburg","3","4","A"
"7146","28-12-15 16:00","England","Premier League","2015/2016","Norwich","Aston Villa","Graham Scott","2","0","H"
"7147","28-12-15 16:00","England","Premier League","2015/2016","Watford","Tottenham","Anthony Taylor","1","2","A"
"7148","28-12-15 16:00","England","Premier League","2015/2016","West Brom","Newcastle","Mike Jones","1","0","H"
"7149","26-12-15 20:45","England","Premier League","2015/2016","Southampton","Arsenal","Jonathan Moss","4","0","H"
"7150","26-12-15 18:30","England","Premier League","2015/2016","Newcastle","Everton","Lee Mason","0","1","A"
"7151","26-12-15 16:00","England","Premier League","2015/2016","Aston Villa","West Ham","Mike Dean","1","1","D"
"7152","26-12-15 16:00","England","Premier League","2015/2016","Bournemouth","Crystal Palace","Michael Oliver","0","0","D"
"7153","26-12-15 16:00","England","Premier League","2015/2016","Chelsea","Watford","Andre Marriner","2","2","D"
"7154","26-12-15 16:00","England","Premier League","2015/2016","Liverpool","Leicester","Martin Atkinson","1","0","H"
"7155","26-12-15 16:00","England","Premier League","2015/2016","Manchester City","Sunderland","Anthony Taylor","4","1","H"
"7156","26-12-15 16:00","England","Premier League","2015/2016","Swansea","West Brom","Roger East","1","0","H"
"7157","26-12-15 16:00","England","Premier League","2015/2016","Tottenham","Norwich","Mike Jones","3","0","H"
"7158","26-12-15 13:45","England","Premier League","2015/2016","Stoke","Manchester Utd","Kevin Friend","2","0","H"
"7159","21-12-15 21:00","England","Premier League","2015/2016","Arsenal","Manchester City","Andre Marriner","2","1","H"
"7160","20-12-15 17:00","England","Premier League","2015/2016","Swansea","West Ham","Lee Mason","0","0","D"
"7161","20-12-15 14:30","England","Premier League","2015/2016","Watford","Liverpool","Mark Clattenburg","3","0","H"
"7162","19-12-15 18:30","England","Premier League","2015/2016","Newcastle","Aston Villa","Martin Atkinson","1","1","D"
"7163","19-12-15 16:00","England","Premier League","2015/2016","Chelsea","Sunderland","Roger East","3","1","H"
"7164","19-12-15 16:00","England","Premier League","2015/2016","Everton","Leicester","Jonathan Moss","2","3","A"
"7165","19-12-15 16:00","England","Premier League","2015/2016","Manchester Utd","Norwich","Michael Oliver","1","2","A"
"7166","19-12-15 16:00","England","Premier League","2015/2016","Southampton","Tottenham","Kevin Friend","0","2","A"
"7167","19-12-15 16:00","England","Premier League","2015/2016","Stoke","Crystal Palace","Robert Madley","1","2","A"
"7168","19-12-15 16:00","England","Premier League","2015/2016","West Brom","Bournemouth","Mike Dean","1","2","A"
"7169","14-12-15 21:00","England","Premier League","2015/2016","Leicester","Chelsea","Mark Clattenburg","2","1","H"
"7170","13-12-15 17:00","England","Premier League","2015/2016","Liverpool","West Brom","Craig Pawson","2","2","D"
"7171","13-12-15 17:00","England","Premier League","2015/2016","Tottenham","Newcastle","Roger East","1","2","A"
"7172","13-12-15 14:30","England","Premier League","2015/2016","Aston Villa","Arsenal","Kevin Friend","0","2","A"
"7173","12-12-15 18:30","England","Premier League","2015/2016","Bournemouth","Manchester Utd","Anthony Taylor","2","1","H"
"7174","12-12-15 16:00","England","Premier League","2015/2016","Crystal Palace","Southampton","Mike Dean","1","0","H"
"7175","12-12-15 16:00","England","Premier League","2015/2016","Manchester City","Swansea","Robert Madley","2","1","H"
"7176","12-12-15 16:00","England","Premier League","2015/2016","Sunderland","Watford","Graham Scott","0","1","A"
"7177","12-12-15 16:00","England","Premier League","2015/2016","West Ham","Stoke","Andre Marriner","0","0","D"
"7178","12-12-15 13:45","England","Premier League","2015/2016","Norwich","Everton","Martin Atkinson","1","1","D"
"7179","07-12-15 21:00","England","Premier League","2015/2016","Everton","Crystal Palace","Craig Pawson","1","1","D"
"7180","06-12-15 17:00","England","Premier League","2015/2016","Newcastle","Liverpool","Andre Marriner","2","0","H"
"7181","05-12-15 18:30","England","Premier League","2015/2016","Chelsea","Bournemouth","Mike Jones","0","1","A"
"7182","05-12-15 16:00","England","Premier League","2015/2016","Arsenal","Sunderland","Robert Madley","3","1","H"
"7183","05-12-15 16:00","England","Premier League","2015/2016","Manchester Utd","West Ham","Mark Clattenburg","0","0","D"
"7184","05-12-15 16:00","England","Premier League","2015/2016","Southampton","Aston Villa","Anthony Taylor","1","1","D"
"7185","05-12-15 16:00","England","Premier League","2015/2016","Swansea","Leicester","Michael Oliver","0","3","A"
"7186","05-12-15 16:00","England","Premier League","2015/2016","Watford","Norwich","Mike Dean","2","0","H"
"7187","05-12-15 16:00","England","Premier League","2015/2016","West Brom","Tottenham","Jonathan Moss","1","1","D"
"7188","05-12-15 13:45","England","Premier League","2015/2016","Stoke","Manchester City","Martin Atkinson","2","0","H"
"7189","29-11-15 17:15","England","Premier League","2015/2016","Liverpool","Swansea","Anthony Taylor","1","0","H"
"7190","29-11-15 17:15","England","Premier League","2015/2016","Norwich","Arsenal","Jonathan Moss","1","1","D"
"7191","29-11-15 15:05","England","Premier League","2015/2016","West Ham","West Brom","Martin Atkinson","1","1","D"
"7192","29-11-15 13:00","England","Premier League","2015/2016","Tottenham","Chelsea","Michael Oliver","0","0","D"
"7193","28-11-15 18:30","England","Premier League","2015/2016","Leicester","Manchester Utd","Craig Pawson","1","1","D"
"7194","28-11-15 16:00","England","Premier League","2015/2016","Aston Villa","Watford","Lee Mason","2","3","A"
"7195","28-11-15 16:00","England","Premier League","2015/2016","Bournemouth","Everton","Kevin Friend","3","3","D"
"7196","28-11-15 16:00","England","Premier League","2015/2016","Crystal Palace","Newcastle","Stuart Attwell","5","1","H"
"7197","28-11-15 16:00","England","Premier League","2015/2016","Manchester City","Southampton","Roger East","3","1","H"
"7198","28-11-15 16:00","England","Premier League","2015/2016","Sunderland","Stoke","Mike Dean","2","0","H"
"7199","23-11-15 21:00","England","Premier League","2015/2016","Crystal Palace","Sunderland","Martin Atkinson","0","1","A"
"7200","22-11-15 17:00","England","Premier League","2015/2016","Tottenham","West Ham","Anthony Taylor","4","1","H"
"7201","21-11-15 18:30","England","Premier League","2015/2016","Manchester City","Liverpool","Jonathan Moss","1","4","A"
"7202","21-11-15 16:00","England","Premier League","2015/2016","Chelsea","Norwich","Craig Pawson","1","0","H"
"7203","21-11-15 16:00","England","Premier League","2015/2016","Everton","Aston Villa","Michael Oliver","4","0","H"
"7204","21-11-15 16:00","England","Premier League","2015/2016","Newcastle","Leicester","Mike Jones","0","3","A"
"7205","21-11-15 16:00","England","Premier League","2015/2016","Southampton","Stoke","Lee Mason","0","1","A"
"7206","21-11-15 16:00","England","Premier League","2015/2016","Swansea","Bournemouth","Andre Marriner","2","2","D"
"7207","21-11-15 16:00","England","Premier League","2015/2016","West Brom","Arsenal","Mark Clattenburg","2","1","H"
"7208","21-11-15 13:45","England","Premier League","2015/2016","Watford","Manchester Utd","Robert Madley","1","2","A"
"7209","08-11-15 17:00","England","Premier League","2015/2016","Arsenal","Tottenham","Martin Atkinson","1","1","D"
"7210","08-11-15 17:00","England","Premier League","2015/2016","Liverpool","Crystal Palace","Neil Swarbrick","1","2","A"
"7211","08-11-15 14:30","England","Premier League","2015/2016","Aston Villa","Manchester City","Craig Pawson","0","0","D"
"7212","07-11-15 18:30","England","Premier League","2015/2016","Stoke","Chelsea","Anthony Taylor","1","0","H"
"7213","07-11-15 16:00","England","Premier League","2015/2016","Leicester","Watford","Roger East","2","1","H"
"7214","07-11-15 16:00","England","Premier League","2015/2016","Manchester Utd","West Brom","Mike Dean","2","0","H"
"7215","07-11-15 16:00","England","Premier League","2015/2016","Norwich","Swansea","Mark Clattenburg","1","0","H"
"7216","07-11-15 16:00","England","Premier League","2015/2016","Sunderland","Southampton","Mike Jones","0","1","A"
"7217","07-11-15 16:00","England","Premier League","2015/2016","West Ham","Everton","Paul Tierney","1","1","D"
"7218","07-11-15 13:45","England","Premier League","2015/2016","Bournemouth","Newcastle","Lee Mason","0","1","A"
"7219","02-11-15 21:00","England","Premier League","2015/2016","Tottenham","Aston Villa","Mike Dean","3","1","H"
"7220","01-11-15 17:00","England","Premier League","2015/2016","Southampton","Bournemouth","Craig Pawson","2","0","H"
"7221","01-11-15 14:30","England","Premier League","2015/2016","Everton","Sunderland","Andre Marriner","6","2","H"
"7222","31-10-15 16:00","England","Premier League","2015/2016","Crystal Palace","Manchester Utd","Mike Jones","0","0","D"
"7223","31-10-15 16:00","England","Premier League","2015/2016","Manchester City","Norwich","Robert Madley","2","1","H"
"7224","31-10-15 16:00","England","Premier League","2015/2016","Newcastle","Stoke","Roger East","0","0","D"
"7225","31-10-15 16:00","England","Premier League","2015/2016","Swansea","Arsenal","Kevin Friend","0","3","A"
"7226","31-10-15 16:00","England","Premier League","2015/2016","Watford","West Ham","Keith Stroud","2","0","H"
"7227","31-10-15 16:00","England","Premier League","2015/2016","West Brom","Leicester","Anthony Taylor","2","3","A"
"7228","31-10-15 13:45","England","Premier League","2015/2016","Chelsea","Liverpool","Mark Clattenburg","1","3","A"
"7229","25-10-15 17:15","England","Premier League","2015/2016","Liverpool","Southampton","Andre Marriner","1","1","D"
"7230","25-10-15 15:05","England","Premier League","2015/2016","Bournemouth","Tottenham","Roger East","1","5","A"
"7231","25-10-15 15:05","England","Premier League","2015/2016","Manchester Utd","Manchester City","Mark Clattenburg","0","0","D"
"7232","25-10-15 13:00","England","Premier League","2015/2016","Sunderland","Newcastle","Robert Madley","3","0","H"
"7233","24-10-15 18:30","England","Premier League","2015/2016","Arsenal","Everton","Lee Mason","2","1","H"
"7234","24-10-15 16:00","England","Premier League","2015/2016","Aston Villa","Swansea","Neil Swarbrick","1","2","A"
"7235","24-10-15 16:00","England","Premier League","2015/2016","Leicester","Crystal Palace","Mike Dean","1","0","H"
"7236","24-10-15 16:00","England","Premier League","2015/2016","Norwich","West Brom","Kevin Friend","0","1","A"
"7237","24-10-15 16:00","England","Premier League","2015/2016","Stoke","Watford","Martin Atkinson","0","2","A"
"7238","24-10-15 16:00","England","Premier League","2015/2016","West Ham","Chelsea","Jonathan Moss","2","1","H"
"7239","19-10-15 21:00","England","Premier League","2015/2016","Swansea","Stoke","Robert Madley","0","1","A"
"7240","18-10-15 17:00","England","Premier League","2015/2016","Newcastle","Norwich","Anthony Taylor","6","2","H"
"7241","17-10-15 18:30","England","Premier League","2015/2016","Watford","Arsenal","Mike Jones","0","3","A"
"7242","17-10-15 16:00","England","Premier League","2015/2016","Chelsea","Aston Villa","Roger East","2","0","H"
"7243","17-10-15 16:00","England","Premier League","2015/2016","Crystal Palace","West Ham","Mark Clattenburg","1","3","A"
"7244","17-10-15 16:00","England","Premier League","2015/2016","Everton","Manchester Utd","Jonathan Moss","0","3","A"
"7245","17-10-15 16:00","England","Premier League","2015/2016","Manchester City","Bournemouth","Mike Dean","5","1","H"
"7246","17-10-15 16:00","England","Premier League","2015/2016","Southampton","Leicester","Paul Tierney","2","2","D"
"7247","17-10-15 16:00","England","Premier League","2015/2016","West Brom","Sunderland","Martin Atkinson","1","0","H"
"7248","17-10-15 13:45","England","Premier League","2015/2016","Tottenham","Liverpool","Craig Pawson","0","0","D"
"7249","04-10-15 17:00","England","Premier League","2015/2016","Arsenal","Manchester Utd","Anthony Taylor","3","0","H"
"7250","04-10-15 17:00","England","Premier League","2015/2016","Swansea","Tottenham","Mike Dean","2","2","D"
"7251","04-10-15 14:30","England","Premier League","2015/2016","Everton","Liverpool","Martin Atkinson","1","1","D"
"7252","03-10-15 18:30","England","Premier League","2015/2016","Chelsea","Southampton","Robert Madley","1","3","A"
"7253","03-10-15 16:00","England","Premier League","2015/2016","Aston Villa","Stoke","Mike Jones","0","1","A"
"7254","03-10-15 16:00","England","Premier League","2015/2016","Bournemouth","Watford","Michael Oliver","1","1","D"
"7255","03-10-15 16:00","England","Premier League","2015/2016","Manchester City","Newcastle","Kevin Friend","6","1","H"
"7256","03-10-15 16:00","England","Premier League","2015/2016","Norwich","Leicester","Mark Clattenburg","1","2","A"
"7257","03-10-15 16:00","England","Premier League","2015/2016","Sunderland","West Ham","Neil Swarbrick","2","2","D"
"7258","03-10-15 13:45","England","Premier League","2015/2016","Crystal Palace","West Brom","Jonathan Moss","2","0","H"
"7259","28-09-15 21:00","England","Premier League","2015/2016","West Brom","Everton","Robert Madley","2","3","A"
"7260","27-09-15 17:00","England","Premier League","2015/2016","Watford","Crystal Palace","Anthony Taylor","0","1","A"
"7261","26-09-15 18:30","England","Premier League","2015/2016","Newcastle","Chelsea","Martin Atkinson","2","2","D"
"7262","26-09-15 16:00","England","Premier League","2015/2016","Leicester","Arsenal","Craig Pawson","2","5","A"
"7263","26-09-15 16:00","England","Premier League","2015/2016","Liverpool","Aston Villa","Jonathan Moss","3","2","H"
"7264","26-09-15 16:00","England","Premier League","2015/2016","Manchester Utd","Sunderland","Mike Jones","3","0","H"
"7265","26-09-15 16:00","England","Premier League","2015/2016","Southampton","Swansea","Roger East","3","1","H"
"7266","26-09-15 16:00","England","Premier League","2015/2016","Stoke","Bournemouth","Lee Mason","2","1","H"
"7267","26-09-15 16:00","England","Premier League","2015/2016","West Ham","Norwich","Mike Dean","2","2","D"
"7268","26-09-15 13:45","England","Premier League","2015/2016","Tottenham","Manchester City","Mark Clattenburg","4","1","H"
"7269","20-09-15 17:00","England","Premier League","2015/2016","Liverpool","Norwich","Anthony Taylor","1","1","D"
"7270","20-09-15 17:00","England","Premier League","2015/2016","Southampton","Manchester Utd","Mark Clattenburg","2","3","A"
"7271","20-09-15 14:30","England","Premier League","2015/2016","Tottenham","Crystal Palace","Michael Oliver","1","0","H"
"7272","19-09-15 18:30","England","Premier League","2015/2016","Manchester City","West Ham","Robert Madley","1","2","A"
"7273","19-09-15 16:00","England","Premier League","2015/2016","Aston Villa","West Brom","Martin Atkinson","0","1","A"
"7274","19-09-15 16:00","England","Premier League","2015/2016","Bournemouth","Sunderland","Kevin Friend","2","0","H"
"7275","19-09-15 16:00","England","Premier League","2015/2016","Newcastle","Watford","Roger East","1","2","A"
"7276","19-09-15 16:00","England","Premier League","2015/2016","Stoke","Leicester","Andre Marriner","2","2","D"
"7277","19-09-15 16:00","England","Premier League","2015/2016","Swansea","Everton","Stuart Attwell","0","0","D"
"7278","19-09-15 13:45","England","Premier League","2015/2016","Chelsea","Arsenal","Mike Dean","2","0","H"
"7279","14-09-15 21:00","England","Premier League","2015/2016","West Ham","Newcastle","Anthony Taylor","2","0","H"
"7280","13-09-15 17:00","England","Premier League","2015/2016","Leicester","Aston Villa","Mike Dean","3","2","H"
"7281","13-09-15 14:30","England","Premier League","2015/2016","Sunderland","Tottenham","Craig Pawson","0","1","A"
"7282","12-09-15 18:30","England","Premier League","2015/2016","Manchester Utd","Liverpool","Michael Oliver","3","1","H"
"7283","12-09-15 16:00","England","Premier League","2015/2016","Arsenal","Stoke","Jonathan Moss","2","0","H"
"7284","12-09-15 16:00","England","Premier League","2015/2016","Crystal Palace","Manchester City","Mike Jones","0","1","A"
"7285","12-09-15 16:00","England","Premier League","2015/2016","Norwich","Bournemouth","Martin Atkinson","3","1","H"
"7286","12-09-15 16:00","England","Premier League","2015/2016","Watford","Swansea","Robert Madley","1","0","H"
"7287","12-09-15 16:00","England","Premier League","2015/2016","West Brom","Southampton","Stuart Attwell","0","0","D"
"7288","12-09-15 13:45","England","Premier League","2015/2016","Everton","Chelsea","Andre Marriner","3","1","H"
"7289","30-08-15 17:00","England","Premier League","2015/2016","Swansea","Manchester Utd","Martin Atkinson","2","1","H"
"7290","30-08-15 14:30","England","Premier League","2015/2016","Southampton","Norwich","Jonathan Moss","3","0","H"
"7291","29-08-15 18:30","England","Premier League","2015/2016","Tottenham","Everton","Mike Jones","0","0","D"
"7292","29-08-15 16:00","England","Premier League","2015/2016","Aston Villa","Sunderland","Robert Madley","2","2","D"
"7293","29-08-15 16:00","England","Premier League","2015/2016","Bournemouth","Leicester","Neil Swarbrick","1","1","D"
"7294","29-08-15 16:00","England","Premier League","2015/2016","Chelsea","Crystal Palace","Craig Pawson","1","2","A"
"7295","29-08-15 16:00","England","Premier League","2015/2016","Liverpool","West Ham","Kevin Friend","0","3","A"
"7296","29-08-15 16:00","England","Premier League","2015/2016","Manchester City","Watford","Mark Clattenburg","2","0","H"
"7297","29-08-15 16:00","England","Premier League","2015/2016","Stoke","West Brom","Michael Oliver","0","1","A"
"7298","29-08-15 13:45","England","Premier League","2015/2016","Newcastle","Arsenal","Andre Marriner","0","1","A"
"7299","24-08-15 21:00","England","Premier League","2015/2016","Arsenal","Liverpool","Michael Oliver","0","0","D"
"7300","23-08-15 17:00","England","Premier League","2015/2016","Everton","Manchester City","Anthony Taylor","0","2","A"
"7301","23-08-15 17:00","England","Premier League","2015/2016","Watford","Southampton","Andre Marriner","0","0","D"
"7302","23-08-15 14:30","England","Premier League","2015/2016","West Brom","Chelsea","Mark Clattenburg","2","3","A"
"7303","22-08-15 16:00","England","Premier League","2015/2016","Crystal Palace","Aston Villa","Keith Stroud","2","1","H"
"7304","22-08-15 16:00","England","Premier League","2015/2016","Leicester","Tottenham","Martin Atkinson","1","1","D"
"7305","22-08-15 16:00","England","Premier League","2015/2016","Norwich","Stoke","Mike Dean","1","1","D"
"7306","22-08-15 16:00","England","Premier League","2015/2016","Sunderland","Swansea","Neil Swarbrick","1","1","D"
"7307","22-08-15 16:00","England","Premier League","2015/2016","West Ham","Bournemouth","Jonathan Moss","3","4","A"
"7308","22-08-15 13:45","England","Premier League","2015/2016","Manchester Utd","Newcastle","Craig Pawson","0","0","D"
"7309","17-08-15 21:00","England","Premier League","2015/2016","Liverpool","Bournemouth","Craig Pawson","1","0","H"
"7310","16-08-15 17:00","England","Premier League","2015/2016","Manchester City","Chelsea","Martin Atkinson","3","0","H"
"7311","16-08-15 14:30","England","Premier League","2015/2016","Crystal Palace","Arsenal","Lee Mason","1","2","A"
"7312","15-08-15 16:00","England","Premier League","2015/2016","Sunderland","Norwich","Kevin Friend","1","3","A"
"7313","15-08-15 16:00","England","Premier League","2015/2016","Swansea","Newcastle","Mike Jones","2","0","H"
"7314","15-08-15 16:00","England","Premier League","2015/2016","Tottenham","Stoke","Robert Madley","2","2","D"
"7315","15-08-15 16:00","England","Premier League","2015/2016","Watford","West Brom","Paul Tierney","0","0","D"
"7316","15-08-15 16:00","England","Premier League","2015/2016","West Ham","Leicester","Anthony Taylor","1","2","A"
"7317","15-08-15 13:45","England","Premier League","2015/2016","Southampton","Everton","Michael Oliver","0","3","A"
"7318","14-08-15 20:45","England","Premier League","2015/2016","Aston Villa","Manchester Utd","Mike Dean","0","1","A"
"7319","10-08-15 21:00","England","Premier League","2015/2016","West Brom","Manchester City","Mike Dean","0","3","A"
"7320","09-08-15 17:00","England","Premier League","2015/2016","Stoke","Liverpool","Anthony Taylor","0","1","A"
"7321","09-08-15 14:30","England","Premier League","2015/2016","Arsenal","West Ham","Martin Atkinson","0","2","A"
"7322","09-08-15 14:30","England","Premier League","2015/2016","Newcastle","Southampton","Craig Pawson","2","2","D"
"7323","08-08-15 18:30","England","Premier League","2015/2016","Chelsea","Swansea","Michael Oliver","2","2","D"
"7324","08-08-15 16:00","England","Premier League","2015/2016","Bournemouth","Aston Villa","Mark Clattenburg","0","1","A"
"7325","08-08-15 16:00","England","Premier League","2015/2016","Everton","Watford","Mike Jones","2","2","D"
"7326","08-08-15 16:00","England","Premier League","2015/2016","Leicester","Sunderland","Lee Mason","4","2","H"
"7327","08-08-15 16:00","England","Premier League","2015/2016","Norwich","Crystal Palace","Simon Hooper","1","3","A"
"7328","08-08-15 13:45","England","Premier League","2015/2016","Manchester Utd","Tottenham","Jonathan Moss","1","0","H"