"id","matchDate","Country","League","Season","homeTeam","awayTeam","HCFT","ACFT","HC1H","AC1H","HC2H","AC2H","HYCFT","AYCFT","HYC1H","AYC1H","HYC2H","AYC2H"
"14540","25-05-25 17:00","England","Premier League","2024/2025","Bournemouth","Leicester","6","1","3","1","3","0","0","2","0","2","0","0"
"14541","25-05-25 17:00","England","Premier League","2024/2025","Fulham","Manchester City","1","6","0","4","1","2","0","0","0","0","0","0"
"14542","25-05-25 17:00","England","Premier League","2024/2025","Ipswich","West Ham","4","0","0","0","4","0","1","1","0","1","1","0"
"14543","25-05-25 17:00","England","Premier League","2024/2025","Liverpool","Crystal Palace","11","0","4","0","7","0","2","0","0","0","2","0"
"14544","25-05-25 17:00","England","Premier League","2024/2025","Manchester Utd","Aston Villa","4","3","1","2","3","1","2","2","1","0","1","2"
"14545","25-05-25 17:00","England","Premier League","2024/2025","Newcastle","Everton","12","3","8","2","4","1","1","4","1","1","0","3"
"14546","25-05-25 17:00","England","Premier League","2024/2025","Nottingham","Chelsea","7","4","3","1","4","3","2","2","1","0","1","2"
"14547","25-05-25 17:00","England","Premier League","2024/2025","Southampton","Arsenal","5","8","3","5","2","3","0","0","0","0","0","0"
"14548","25-05-25 17:00","England","Premier League","2024/2025","Tottenham","Brighton","2","11","1","4","1","7","3","1","1","0","2","1"
"14549","25-05-25 17:00","England","Premier League","2024/2025","Wolves","Brentford","8","3","3","0","5","3","2","1","1","0","1","1"
"14550","20-05-25 21:00","England","Premier League","2024/2025","Crystal Palace","Wolves","0","9","0","4","0","5","1","2","0","1","1","1"
"14551","20-05-25 21:00","England","Premier League","2024/2025","Manchester City","Bournemouth","3","1","0","0","3","1","1","3","0","2","1","1"
"14552","19-05-25 21:00","England","Premier League","2024/2025","Brighton","Liverpool","3","3","1","1","2","2","1","0","0","0","1","0"
"14553","18-05-25 17:30","England","Premier League","2024/2025","Arsenal","Newcastle","10","7","7","4","3","3","3","3","0","0","3","3"
"14554","18-05-25 16:00","England","Premier League","2024/2025","Brentford","Fulham","5","3","1","3","4","0","0","0","0","0","0","0"
"14555","18-05-25 16:00","England","Premier League","2024/2025","Leicester","Ipswich","2","2","1","2","1","0","1","0","0","0","1","0"
"14556","18-05-25 15:15","England","Premier League","2024/2025","West Ham","Nottingham","8","7","4","4","4","3","6","3","1","0","5","3"
"14557","18-05-25 13:00","England","Premier League","2024/2025","Everton","Southampton","4","5","2","0","2","5","1","1","0","0","1","1"
"14558","16-05-25 21:15","England","Premier League","2024/2025","Chelsea","Manchester Utd","7","2","4","1","3","1","1","6","0","1","1","5"
"14559","16-05-25 20:30","England","Premier League","2024/2025","Aston Villa","Tottenham","9","1","2","1","7","0","1","2","1","1","0","1"
"14560","11-05-25 17:30","England","Premier League","2024/2025","Liverpool","Arsenal","3","1","2","0","1","1","1","3","0","2","1","1"
"14561","11-05-25 15:15","England","Premier League","2024/2025","Manchester Utd","West Ham","8","5","0","5","8","0","0","1","0","0","0","1"
"14562","11-05-25 15:15","England","Premier League","2024/2025","Nottingham","Leicester","4","4","1","1","3","3","0","0","0","0","0","0"
"14563","11-05-25 15:15","England","Premier League","2024/2025","Tottenham","Crystal Palace","4","8","2","6","2","2","1","1","1","0","0","1"
"14564","11-05-25 13:00","England","Premier League","2024/2025","Newcastle","Chelsea","2","8","1","5","1","3","4","2","0","1","4","1"
"14565","10-05-25 18:30","England","Premier League","2024/2025","Bournemouth","Aston Villa","10","0","2","0","8","0","4","5","2","3","2","2"
"14566","10-05-25 16:00","England","Premier League","2024/2025","Fulham","Everton","5","5","2","2","3","3","0","0","0","0","0","0"
"14567","10-05-25 16:00","England","Premier League","2024/2025","Ipswich","Brentford","5","6","2","3","3","3","2","4","1","1","1","3"
"14568","10-05-25 16:00","England","Premier League","2024/2025","Southampton","Manchester City","1","15","0","6","1","9","2","0","1","0","1","0"
"14569","10-05-25 16:00","England","Premier League","2024/2025","Wolves","Brighton","7","4","4","2","3","2","1","1","1","1","0","0"
"14570","05-05-25 21:00","England","Premier League","2024/2025","Crystal Palace","Nottingham","7","4","3","1","4","3","3","8","0","1","3","7"
"14571","04-05-25 17:30","England","Premier League","2024/2025","Chelsea","Liverpool","3","6","2","1","1","5","2","2","0","0","2","2"
"14572","04-05-25 15:00","England","Premier League","2024/2025","Brentford","Manchester Utd","7","3","6","0","1","3","0","2","0","1","0","1"
"14573","04-05-25 15:00","England","Premier League","2024/2025","Brighton","Newcastle","1","4","0","2","1","2","2","1","1","0","1","1"
"14574","04-05-25 15:00","England","Premier League","2024/2025","West Ham","Tottenham","1","3","1","0","0","3","2","2","1","1","1","1"
"14575","03-05-25 18:30","England","Premier League","2024/2025","Arsenal","Bournemouth","2","3","1","2","1","1","0","2","0","0","0","2"
"14576","03-05-25 16:00","England","Premier League","2024/2025","Everton","Ipswich","2","3","2","1","0","2","4","4","1","2","3","2"
"14577","03-05-25 16:00","England","Premier League","2024/2025","Leicester","Southampton","6","7","3","3","3","4","1","3","0","0","1","3"
"14578","03-05-25 13:30","England","Premier League","2024/2025","Aston Villa","Fulham","5","3","3","2","2","1","0","0","0","0","0","0"
"26896","02-05-25 21:00","England","Premier League","2024/2025","Manchester City","Wolves","4","5","3","2","1","3","0","0","0","0","0","0"
"14580","01-05-25 20:30","England","Premier League","2024/2025","Nottingham","Brentford","4","5","1","2","3","3","3","5","2","3","1","2"
"14581","27-04-25 17:30","England","Premier League","2024/2025","Liverpool","Tottenham","8","2","2","2","6","0","2","1","1","0","1","1"
"14582","27-04-25 15:00","England","Premier League","2024/2025","Bournemouth","Manchester Utd","5","10","1","3","4","7","4","2","1","0","3","2"
"14583","26-04-25 16:00","England","Premier League","2024/2025","Brighton","West Ham","8","1","1","0","7","1","2","1","0","1","2","0"
"14584","26-04-25 16:00","England","Premier League","2024/2025","Newcastle","Ipswich","11","2","7","2","4","0","1","4","1","3","0","1"
"14585","26-04-25 16:00","England","Premier League","2024/2025","Southampton","Fulham","0","13","0","7","0","6","1","1","0","0","1","1"
"14586","26-04-25 16:00","England","Premier League","2024/2025","Wolves","Leicester","4","2","3","1","1","1","0","0","0","0","0","0"
"14587","26-04-25 13:30","England","Premier League","2024/2025","Chelsea","Everton","10","2","4","0","6","2","0","0","0","0","0","0"
"14588","23-04-25 21:00","England","Premier League","2024/2025","Arsenal","Crystal Palace","3","6","1","4","2","2","1","1","1","0","0","1"
"14589","22-04-25 21:00","England","Premier League","2024/2025","Manchester City","Aston Villa","10","2","2","1","8","1","3","3","0","1","3","2"
"14590","21-04-25 21:00","England","Premier League","2024/2025","Tottenham","Nottingham","7","1","3","1","4","0","1","4","1","0","0","4"
"14591","20-04-25 17:30","England","Premier League","2024/2025","Leicester","Liverpool","1","13","0","7","1","6","1","2","0","0","1","2"
"14592","20-04-25 15:00","England","Premier League","2024/2025","Fulham","Chelsea","5","4","3","1","2","3","1","3","1","1","0","2"
"14593","20-04-25 15:00","England","Premier League","2024/2025","Ipswich","Arsenal","0","12","0","3","0","9","0","0","0","0","0","0"
"14594","20-04-25 15:00","England","Premier League","2024/2025","Manchester Utd","Wolves","9","2","4","0","5","2","2","3","0","1","2","2"
"14595","19-04-25 18:30","England","Premier League","2024/2025","Aston Villa","Newcastle","7","7","5","4","2","3","0","0","0","0","0","0"
"14596","19-04-25 16:00","England","Premier League","2024/2025","Brentford","Brighton","4","7","0","4","4","3","3","3","1","1","2","2"
"14597","19-04-25 16:00","England","Premier League","2024/2025","Crystal Palace","Bournemouth","5","4","1","3","4","1","5","4","2","2","3","2"
"14598","19-04-25 16:00","England","Premier League","2024/2025","Everton","Manchester City","2","5","1","3","1","2","4","0","0","0","4","0"
"14599","19-04-25 16:00","England","Premier League","2024/2025","West Ham","Southampton","2","5","0","2","2","3","2","1","1","1","1","0"
"14600","16-04-25 20:30","England","Premier League","2024/2025","Newcastle","Crystal Palace","5","4","3","2","2","2","2","3","0","0","2","3"
"14601","14-04-25 21:00","England","Premier League","2024/2025","Bournemouth","Fulham","6","9","5","3","1","6","3","2","1","0","2","2"
"14602","13-04-25 17:30","England","Premier League","2024/2025","Newcastle","Manchester Utd","7","2","5","1","2","1","0","2","0","2","0","0"
"14603","13-04-25 15:00","England","Premier League","2024/2025","Chelsea","Ipswich","15","4","6","0","9","4","2","2","0","1","2","1"
"14604","13-04-25 15:00","England","Premier League","2024/2025","Liverpool","West Ham","10","3","4","1","6","2","0","2","0","0","0","2"
"14605","13-04-25 15:00","England","Premier League","2024/2025","Wolves","Tottenham","1","4","0","1","1","3","1","2","0","1","1","1"
"14606","12-04-25 18:30","England","Premier League","2024/2025","Arsenal","Brentford","13","5","10","2","3","3","1","3","0","2","1","1"
"14607","12-04-25 16:00","England","Premier League","2024/2025","Brighton","Leicester","3","6","2","2","1","4","2","5","1","3","1","2"
"14608","12-04-25 16:00","England","Premier League","2024/2025","Nottingham","Everton","1","7","0","2","1","5","0","3","0","2","0","1"
"14609","12-04-25 16:00","England","Premier League","2024/2025","Southampton","Aston Villa","2","13","1","5","1","8","3","1","1","0","2","1"
"14610","12-04-25 13:30","England","Premier League","2024/2025","Manchester City","Crystal Palace","1","4","1","1","0","3","2","3","1","1","1","2"
"14611","07-04-25 21:00","England","Premier League","2024/2025","Leicester","Newcastle","12","2","5","1","7","1","2","0","1","0","1","0"
"14612","06-04-25 17:30","England","Premier League","2024/2025","Manchester Utd","Manchester City","5","3","1","2","4","1","3","2","0","1","3","1"
"14613","06-04-25 15:00","England","Premier League","2024/2025","Brentford","Chelsea","3","6","2","1","1","5","1","3","0","2","1","1"
"14614","06-04-25 15:00","England","Premier League","2024/2025","Fulham","Liverpool","4","4","3","1","1","3","3","0","0","0","3","0"
"14615","06-04-25 15:00","England","Premier League","2024/2025","Tottenham","Southampton","4","1","4","0","0","1","1","1","0","1","1","0"
"14616","05-04-25 18:30","England","Premier League","2024/2025","Aston Villa","Nottingham","4","4","0","1","4","3","2","2","0","0","2","2"
"14617","05-04-25 16:00","England","Premier League","2024/2025","Crystal Palace","Brighton","2","4","1","1","1","3","4","3","0","1","4","2"
"14618","05-04-25 16:00","England","Premier League","2024/2025","Ipswich","Wolves","4","8","2","6","2","2","2","2","1","0","1","2"
"14619","05-04-25 16:00","England","Premier League","2024/2025","West Ham","Bournemouth","4","7","2","3","2","4","2","2","0","1","2","1"
"14620","05-04-25 13:30","England","Premier League","2024/2025","Everton","Arsenal","3","8","2","4","1","4","3","1","1","0","2","1"
"14621","03-04-25 21:00","England","Premier League","2024/2025","Chelsea","Tottenham","4","6","4","2","0","4","5","5","1","1","4","4"
"14622","02-04-25 21:00","England","Premier League","2024/2025","Liverpool","Everton","11","5","5","2","6","3","2","2","0","2","2","0"
"14623","02-04-25 20:45","England","Premier League","2024/2025","Bournemouth","Ipswich","8","3","6","0","2","3","0","0","0","0","0","0"
"14624","02-04-25 20:45","England","Premier League","2024/2025","Brighton","Aston Villa","4","0","3","0","1","0","2","3","1","0","1","3"
"14625","02-04-25 20:45","England","Premier League","2024/2025","Manchester City","Leicester","5","0","4","0","1","0","0","0","0","0","0","0"
"14626","02-04-25 20:45","England","Premier League","2024/2025","Newcastle","Brentford","4","5","1","4","3","1","0","0","0","0","0","0"
"14627","02-04-25 20:45","England","Premier League","2024/2025","Southampton","Crystal Palace","2","2","1","1","1","1","2","1","0","1","2","0"
"14628","01-04-25 21:00","England","Premier League","2024/2025","Nottingham","Manchester Utd","3","10","1","5","2","5","0","0","0","0","0","0"
"14629","01-04-25 20:45","England","Premier League","2024/2025","Arsenal","Fulham","5","4","0","2","5","2","1","3","0","0","1","3"
"14630","01-04-25 20:45","England","Premier League","2024/2025","Wolves","West Ham","1","2","0","1","1","1","4","2","2","1","2","1"
"14631","16-03-25 20:00","England","Premier League","2024/2025","Leicester","Manchester Utd","6","4","3","2","3","2","2","0","1","0","1","0"
"14632","16-03-25 14:30","England","Premier League","2024/2025","Arsenal","Chelsea","5","4","2","2","3","2","3","3","0","1","3","2"
"14633","16-03-25 14:30","England","Premier League","2024/2025","Fulham","Tottenham","6","5","4","2","2","3","0","0","0","0","0","0"
"14634","15-03-25 18:30","England","Premier League","2024/2025","Bournemouth","Brentford","4","3","2","2","2","1","3","0","0","0","3","0"
"14635","15-03-25 16:00","England","Premier League","2024/2025","Everton","West Ham","6","5","1","3","5","2","1","2","0","1","1","1"
"14636","15-03-25 16:00","England","Premier League","2024/2025","Ipswich","Nottingham","6","3","2","2","4","1","1","1","0","0","1","1"
"14637","15-03-25 16:00","England","Premier League","2024/2025","Manchester City","Brighton","4","5","1","3","3","2","2","5","1","3","1","2"
"14638","15-03-25 16:00","England","Premier League","2024/2025","Southampton","Wolves","5","1","2","0","3","1","0","0","0","0","0","0"
"14639","10-03-25 21:00","England","Premier League","2024/2025","West Ham","Newcastle","3","4","0","2","3","2","0","1","0","0","0","1"
"14640","09-03-25 17:30","England","Premier League","2024/2025","Manchester Utd","Arsenal","2","9","0","3","2","6","0","1","0","1","0","0"
"14641","09-03-25 15:00","England","Premier League","2024/2025","Chelsea","Leicester","12","2","4","1","8","1","1","0","0","0","1","0"
"14642","09-03-25 15:00","England","Premier League","2024/2025","Tottenham","Bournemouth","3","6","2","2","1","4","3","3","2","1","1","2"
"14643","08-03-25 21:00","England","Premier League","2024/2025","Wolves","Everton","5","5","3","2","2","3","2","2","0","0","2","2"
"14644","08-03-25 18:30","England","Premier League","2024/2025","Brentford","Aston Villa","6","5","1","4","5","1","2","2","0","1","2","1"
"14645","08-03-25 16:00","England","Premier League","2024/2025","Brighton","Fulham","3","7","2","4","1","3","0","2","0","0","0","2"
"14646","08-03-25 16:00","England","Premier League","2024/2025","Crystal Palace","Ipswich","5","4","2","2","3","2","4","3","0","1","4","2"
"14647","08-03-25 16:00","England","Premier League","2024/2025","Liverpool","Southampton","6","4","2","4","4","0","2","1","2","0","0","1"
"14648","08-03-25 13:30","England","Premier League","2024/2025","Nottingham","Manchester City","3","2","1","0","2","2","3","2","1","1","2","1"
"14649","27-02-25 21:00","England","Premier League","2024/2025","West Ham","Leicester","3","3","2","1","1","2","0","0","0","0","0","0"
"14650","26-02-25 21:15","England","Premier League","2024/2025","Liverpool","Newcastle","4","2","0","0","4","2","0","1","0","0","0","1"
"14651","26-02-25 20:30","England","Premier League","2024/2025","Brentford","Everton","2","5","2","1","0","4","2","1","0","0","2","1"
"14652","26-02-25 20:30","England","Premier League","2024/2025","Manchester Utd","Ipswich","5","6","3","0","2","6","4","4","1","2","3","2"
"14653","26-02-25 20:30","England","Premier League","2024/2025","Nottingham","Arsenal","3","11","0","4","3","7","1","1","1","1","0","0"
"14654","26-02-25 20:30","England","Premier League","2024/2025","Tottenham","Manchester City","8","3","3","1","5","2","3","0","1","0","2","0"
"14655","25-02-25 21:15","England","Premier League","2024/2025","Chelsea","Southampton","4","2","1","0","3","2","1","2","0","1","1","1"
"14656","25-02-25 20:30","England","Premier League","2024/2025","Brighton","Bournemouth","1","9","1","2","0","7","2","1","0","0","2","1"
"14657","25-02-25 20:30","England","Premier League","2024/2025","Crystal Palace","Aston Villa","3","8","1","3","2","5","3","1","2","0","1","1"
"14658","25-02-25 20:30","England","Premier League","2024/2025","Wolves","Fulham","7","4","2","2","5","2","1","3","1","1","0","2"
"14659","23-02-25 17:30","England","Premier League","2024/2025","Manchester City","Liverpool","7","5","4","2","3","3","0","0","0","0","0","0"
"14660","23-02-25 15:00","England","Premier League","2024/2025","Newcastle","Nottingham","7","6","5","2","2","4","1","4","0","1","1","3"
"14661","22-02-25 18:30","England","Premier League","2024/2025","Aston Villa","Chelsea","2","3","0","2","2","1","1","3","0","0","1","3"
"14662","22-02-25 16:00","England","Premier League","2024/2025","Arsenal","West Ham","2","0","1","0","1","0","1","3","0","0","1","3"
"14663","22-02-25 16:00","England","Premier League","2024/2025","Bournemouth","Wolves","6","7","3","0","3","7","3","3","1","2","2","1"
"14664","22-02-25 16:00","England","Premier League","2024/2025","Fulham","Crystal Palace","7","7","4","4","3","3","1","3","1","1","0","2"
"14665","22-02-25 16:00","England","Premier League","2024/2025","Ipswich","Tottenham","4","4","1","2","3","2","2","1","2","1","0","0"
"14666","22-02-25 16:00","England","Premier League","2024/2025","Southampton","Brighton","5","6","3","2","2","4","2","0","1","0","1","0"
"14667","22-02-25 13:30","England","Premier League","2024/2025","Everton","Manchester Utd","7","8","3","3","4","5","4","1","1","0","3","1"
"14668","21-02-25 21:00","England","Premier League","2024/2025","Leicester","Brentford","5","6","4","1","1","5","4","0","3","0","1","0"
"14669","19-02-25 20:30","England","Premier League","2024/2025","Aston Villa","Liverpool","6","8","2","2","4","6","1","0","1","0","0","0"
"14670","16-02-25 17:30","England","Premier League","2024/2025","Tottenham","Manchester Utd","10","5","2","1","8","4","1","2","0","1","1","1"
"14671","16-02-25 15:00","England","Premier League","2024/2025","Liverpool","Wolves","4","3","4","1","0","2","2","2","1","2","1","0"
"14672","15-02-25 18:30","England","Premier League","2024/2025","Crystal Palace","Everton","6","2","1","0","5","2","0","1","0","0","0","1"
"14673","15-02-25 16:00","England","Premier League","2024/2025","Aston Villa","Ipswich","16","1","4","0","12","1","0","5","0","2","0","3"
"14674","15-02-25 16:00","England","Premier League","2024/2025","Fulham","Nottingham","8","4","2","1","6","3","0","0","0","0","0","0"
"14675","15-02-25 16:00","England","Premier League","2024/2025","Manchester City","Newcastle","7","4","4","2","3","2","0","1","0","0","0","1"
"14676","15-02-25 16:00","England","Premier League","2024/2025","Southampton","Bournemouth","4","6","0","4","4","2","1","3","1","2","0","1"
"14677","15-02-25 16:00","England","Premier League","2024/2025","West Ham","Brentford","9","2","2","1","7","1","1","1","1","1","0","0"
"14678","15-02-25 13:30","England","Premier League","2024/2025","Leicester","Arsenal","3","7","0","2","3","5","2","1","0","0","2","1"
"14679","14-02-25 21:00","England","Premier League","2024/2025","Brighton","Chelsea","2","9","2","3","0","6","1","2","0","1","1","1"
"14680","12-02-25 20:30","England","Premier League","2024/2025","Everton","Liverpool","2","3","1","1","1","2","4","4","3","2","1","2"
"14681","03-02-25 21:00","England","Premier League","2024/2025","Chelsea","West Ham","4","3","3","2","1","1","3","1","0","0","3","1"
"14682","02-02-25 17:30","England","Premier League","2024/2025","Arsenal","Manchester City","5","2","1","2","4","0","2","0","1","0","1","0"
"14683","02-02-25 15:00","England","Premier League","2024/2025","Brentford","Tottenham","10","3","5","2","5","1","0","1","0","1","0","0"
"14684","02-02-25 15:00","England","Premier League","2024/2025","Manchester Utd","Crystal Palace","11","0","6","0","5","0","3","1","0","0","3","1"
"14685","01-02-25 18:30","England","Premier League","2024/2025","Wolves","Aston Villa","5","8","5","6","0","2","2","3","1","3","1","0"
"14686","01-02-25 16:00","England","Premier League","2024/2025","Bournemouth","Liverpool","3","3","2","1","1","2","2","3","0","0","2","3"
"14687","01-02-25 16:00","England","Premier League","2024/2025","Everton","Leicester","5","6","3","2","2","4","0","0","0","0","0","0"
"14688","01-02-25 16:00","England","Premier League","2024/2025","Ipswich","Southampton","1","2","1","0","0","2","0","3","0","1","0","2"
"14689","01-02-25 16:00","England","Premier League","2024/2025","Newcastle","Fulham","3","7","1","2","2","5","4","4","2","2","2","2"
"14690","01-02-25 13:30","England","Premier League","2024/2025","Nottingham","Brighton","4","6","2","2","2","4","1","3","1","2","0","1"
"14691","26-01-25 20:00","England","Premier League","2024/2025","Fulham","Manchester Utd","3","0","0","0","3","0","0","1","0","0","0","1"
"14692","26-01-25 17:30","England","Premier League","2024/2025","Aston Villa","West Ham","4","3","2","2","2","1","2","3","1","1","1","2"
"14693","26-01-25 15:00","England","Premier League","2024/2025","Crystal Palace","Brentford","4","7","3","4","1","3","2","2","1","0","1","2"
"14694","26-01-25 15:00","England","Premier League","2024/2025","Tottenham","Leicester","6","4","1","4","5","0","1","5","0","0","1","5"
"14695","25-01-25 18:30","England","Premier League","2024/2025","Manchester City","Chelsea","2","3","1","0","1","3","3","2","1","1","2","1"
"14696","25-01-25 16:00","England","Premier League","2024/2025","Bournemouth","Nottingham","3","9","2","5","1","4","2","3","1","0","1","3"
"14697","25-01-25 16:00","England","Premier League","2024/2025","Brighton","Everton","9","1","0","1","9","0","4","4","2","2","2","2"
"14698","25-01-25 16:00","England","Premier League","2024/2025","Liverpool","Ipswich","3","4","0","1","3","3","0","2","0","0","0","2"
"14699","25-01-25 16:00","England","Premier League","2024/2025","Southampton","Newcastle","3","8","0","5","3","3","1","0","1","0","0","0"
"14700","25-01-25 16:00","England","Premier League","2024/2025","Wolves","Arsenal","1","5","0","1","1","4","2","1","1","1","1","0"
"14701","20-01-25 21:00","England","Premier League","2024/2025","Chelsea","Wolves","3","6","3","4","0","2","4","2","1","1","3","1"
"14702","19-01-25 17:30","England","Premier League","2024/2025","Ipswich","Manchester City","4","7","3","3","1","4","0","1","0","0","0","1"
"14703","19-01-25 15:00","England","Premier League","2024/2025","Everton","Tottenham","3","8","3","3","0","5","2","1","1","1","1","0"
"14704","19-01-25 15:00","England","Premier League","2024/2025","Manchester Utd","Brighton","4","2","0","0","4","2","3","3","0","2","3","1"
"14705","19-01-25 15:00","England","Premier League","2024/2025","Nottingham","Southampton","2","8","0","4","2","4","0","4","0","1","0","3"
"14706","18-01-25 18:30","England","Premier League","2024/2025","Arsenal","Aston Villa","10","1","5","0","5","1","2","3","0","1","2","2"
"14707","18-01-25 16:00","England","Premier League","2024/2025","Brentford","Liverpool","2","15","0","9","2","6","2","3","0","2","2","1"
"14708","18-01-25 16:00","England","Premier League","2024/2025","Leicester","Fulham","5","2","2","1","3","1","3","1","1","0","2","1"
"14709","18-01-25 16:00","England","Premier League","2024/2025","West Ham","Crystal Palace","2","4","1","4","1","0","3","0","1","0","2","0"
"14710","18-01-25 13:30","England","Premier League","2024/2025","Newcastle","Bournemouth","7","6","5","2","2","4","1","6","1","2","0","4"
"14711","16-01-25 21:00","England","Premier League","2024/2025","Manchester Utd","Southampton","4","4","3","1","1","3","1","3","0","2","1","1"
"14712","16-01-25 20:30","England","Premier League","2024/2025","Ipswich","Brighton","1","9","1","4","0","5","2","2","0","0","2","2"
"14713","15-01-25 21:00","England","Premier League","2024/2025","Arsenal","Tottenham","10","4","7","3","3","1","3","1","1","1","2","0"
"14714","15-01-25 20:30","England","Premier League","2024/2025","Everton","Aston Villa","8","5","4","4","4","1","2","1","0","1","2","0"
"14715","15-01-25 20:30","England","Premier League","2024/2025","Leicester","Crystal Palace","4","3","1","0","3","3","0","0","0","0","0","0"
"14716","15-01-25 20:30","England","Premier League","2024/2025","Newcastle","Wolves","4","2","1","0","3","2","0","2","0","1","0","1"
"14717","14-01-25 21:00","England","Premier League","2024/2025","Nottingham","Liverpool","0","9","0","2","0","7","2","1","1","0","1","1"
"14718","14-01-25 20:30","England","Premier League","2024/2025","Brentford","Manchester City","4","5","3","2","1","3","0","0","0","0","0","0"
"14719","14-01-25 20:30","England","Premier League","2024/2025","Chelsea","Bournemouth","9","3","5","1","4","2","2","3","1","1","1","2"
"14720","14-01-25 20:30","England","Premier League","2024/2025","West Ham","Fulham","0","3","0","1","0","2","3","3","0","1","3","2"
"14721","06-01-25 21:00","England","Premier League","2024/2025","Wolves","Nottingham","5","3","2","1","3","2","1","2","0","2","1","0"
"14722","05-01-25 17:30","England","Premier League","2024/2025","Liverpool","Manchester Utd","5","9","2","2","3","7","2","4","0","1","2","3"
"14723","05-01-25 15:00","England","Premier League","2024/2025","Fulham","Ipswich","9","2","4","1","5","1","1","5","0","2","1","3"
"14724","04-01-25 18:30","England","Premier League","2024/2025","Brighton","Arsenal","2","5","2","3","0","2","2","3","0","1","2","2"
"14725","04-01-25 16:00","England","Premier League","2024/2025","Aston Villa","Leicester","6","2","3","1","3","1","0","1","0","0","0","1"
"14726","04-01-25 16:00","England","Premier League","2024/2025","Bournemouth","Everton","9","3","5","3","4","0","2","2","0","1","2","1"
"14727","04-01-25 16:00","England","Premier League","2024/2025","Crystal Palace","Chelsea","6","6","2","4","4","2","0","2","0","0","0","2"
"14728","04-01-25 16:00","England","Premier League","2024/2025","Manchester City","West Ham","7","1","6","0","1","1","2","1","1","1","1","0"
"14729","04-01-25 16:00","England","Premier League","2024/2025","Southampton","Brentford","2","2","0","0","2","2","2","0","1","0","1","0"
"14730","04-01-25 13:30","England","Premier League","2024/2025","Tottenham","Newcastle","9","10","3","7","6","3","1","4","0","1","1","3"
"14731","01-01-25 18:30","England","Premier League","2024/2025","Brentford","Arsenal","4","3","2","1","2","2","1","2","1","1","0","1"
"14732","30-12-24 21:00","England","Premier League","2024/2025","Manchester Utd","Newcastle","2","3","0","3","2","0","1","1","0","0","1","1"
"14733","30-12-24 20:45","England","Premier League","2024/2025","Aston Villa","Brighton","12","3","5","1","7","2","2","3","2","1","0","2"
"14734","30-12-24 20:45","England","Premier League","2024/2025","Ipswich","Chelsea","4","7","1","1","3","6","4","4","1","0","3","4"
"14735","29-12-24 18:15","England","Premier League","2024/2025","West Ham","Liverpool","2","6","1","4","1","2","0","0","0","0","0","0"
"14736","29-12-24 16:00","England","Premier League","2024/2025","Crystal Palace","Southampton","8","7","4","3","4","4","2","3","0","0","2","3"
"14737","29-12-24 16:00","England","Premier League","2024/2025","Everton","Nottingham","5","4","2","0","3","4","4","1","1","0","3","1"
"14738","29-12-24 16:00","England","Premier League","2024/2025","Fulham","Bournemouth","1","7","1","6","0","1","1","3","0","2","1","1"
"14739","29-12-24 16:00","England","Premier League","2024/2025","Tottenham","Wolves","5","5","4","1","1","4","1","2","0","2","1","0"
"14740","29-12-24 15:30","England","Premier League","2024/2025","Leicester","Manchester City","4","4","3","1","1","3","2","1","0","0","2","1"
"14741","27-12-24 21:15","England","Premier League","2024/2025","Arsenal","Ipswich","5","1","2","0","3","1","1","1","0","0","1","1"
"14742","27-12-24 20:30","England","Premier League","2024/2025","Brighton","Brentford","5","3","2","0","3","3","0","2","0","0","0","2"
"14743","26-12-24 21:00","England","Premier League","2024/2025","Liverpool","Leicester","14","1","8","1","6","0","3","2","1","1","2","1"
"14744","26-12-24 18:30","England","Premier League","2024/2025","Wolves","Manchester Utd","4","4","3","2","1","2","2","4","1","2","1","2"
"14745","26-12-24 16:00","England","Premier League","2024/2025","Bournemouth","Crystal Palace","5","2","3","0","2","2","2","2","1","1","1","1"
"14746","26-12-24 16:00","England","Premier League","2024/2025","Chelsea","Fulham","3","1","0","1","3","0","1","3","0","2","1","1"
"14747","26-12-24 16:00","England","Premier League","2024/2025","Newcastle","Aston Villa","9","6","3","2","6","4","2","1","2","1","0","0"
"14748","26-12-24 16:00","England","Premier League","2024/2025","Nottingham","Tottenham","2","7","0","2","2","5","3","4","2","0","1","4"
"14749","26-12-24 16:00","England","Premier League","2024/2025","Southampton","West Ham","2","2","2","1","0","1","1","2","1","0","0","2"
"14750","26-12-24 13:30","England","Premier League","2024/2025","Manchester City","Everton","8","5","4","2","4","3","1","4","0","1","1","3"
"14751","22-12-24 17:30","England","Premier League","2024/2025","Tottenham","Liverpool","7","5","1","2","6","3","1","2","0","1","1","1"
"14752","22-12-24 15:00","England","Premier League","2024/2025","Everton","Chelsea","2","5","0","2","2","3","4","1","2","0","2","1"
"14753","22-12-24 15:00","England","Premier League","2024/2025","Fulham","Southampton","6","5","1","1","5","4","1","3","0","1","1","2"
"14754","22-12-24 15:00","England","Premier League","2024/2025","Leicester","Wolves","6","1","2","0","4","1","2","0","2","0","0","0"
"14755","22-12-24 15:00","England","Premier League","2024/2025","Manchester Utd","Bournemouth","13","1","5","0","8","1","1","3","1","1","0","2"
"14756","21-12-24 18:30","England","Premier League","2024/2025","Crystal Palace","Arsenal","3","3","1","2","2","1","2","2","0","2","2","0"
"14757","21-12-24 16:00","England","Premier League","2024/2025","Brentford","Nottingham","9","5","4","4","5","1","3","4","1","1","2","3"
"14758","21-12-24 16:00","England","Premier League","2024/2025","Ipswich","Newcastle","2","1","1","0","1","1","2","0","0","0","2","0"
"14759","21-12-24 16:00","England","Premier League","2024/2025","West Ham","Brighton","8","4","6","0","2","4","2","2","2","1","0","1"
"14760","21-12-24 13:30","England","Premier League","2024/2025","Aston Villa","Manchester City","5","4","4","3","1","1","3","3","2","0","1","3"
"14761","16-12-24 21:00","England","Premier League","2024/2025","Bournemouth","West Ham","12","6","3","4","9","2","0","2","0","1","0","1"
"14762","15-12-24 20:00","England","Premier League","2024/2025","Chelsea","Brentford","8","5","6","2","2","3","2","2","0","0","2","2"
"14763","15-12-24 20:00","England","Premier League","2024/2025","Southampton","Tottenham","2","5","0","3","2","2","0","0","0","0","0","0"
"14764","15-12-24 17:30","England","Premier League","2024/2025","Manchester City","Manchester Utd","8","2","4","1","4","1","1","1","1","1","0","0"
"14765","15-12-24 15:00","England","Premier League","2024/2025","Brighton","Crystal Palace","8","5","1","4","7","1","1","4","1","1","0","3"
"14766","14-12-24 18:30","England","Premier League","2024/2025","Nottingham","Aston Villa","4","3","1","0","3","3","0","1","0","0","0","1"
"14767","14-12-24 16:00","England","Premier League","2024/2025","Arsenal","Everton","8","2","5","1","3","1","0","3","0","0","0","3"
"14768","14-12-24 16:00","England","Premier League","2024/2025","Liverpool","Fulham","5","4","2","2","3","2","3","4","1","3","2","1"
"14769","14-12-24 16:00","England","Premier League","2024/2025","Newcastle","Leicester","5","2","3","2","2","0","3","3","2","1","1","2"
"14770","14-12-24 16:00","England","Premier League","2024/2025","Wolves","Ipswich","7","3","1","1","6","2","2","3","1","0","1","3"
"14771","09-12-24 21:00","England","Premier League","2024/2025","West Ham","Wolves","11","0","9","0","2","0","5","4","1","1","4","3"
"14772","08-12-24 17:30","England","Premier League","2024/2025","Tottenham","Chelsea","5","10","3","4","2","6","2","3","1","1","1","2"
"14773","08-12-24 15:00","England","Premier League","2024/2025","Fulham","Arsenal","0","6","0","4","0","2","4","2","0","0","4","2"
"14774","08-12-24 15:00","England","Premier League","2024/2025","Ipswich","Bournemouth","6","13","5","6","1","7","2","1","2","0","0","1"
"14775","08-12-24 15:00","England","Premier League","2024/2025","Leicester","Brighton","4","5","2","4","2","1","1","2","0","1","1","1"
"14776","07-12-24 18:30","England","Premier League","2024/2025","Manchester Utd","Nottingham","5","3","2","3","3","0","0","2","0","1","0","1"
"14777","07-12-24 16:00","England","Premier League","2024/2025","Aston Villa","Southampton","14","1","5","0","9","1","1","3","0","0","1","3"
"14778","07-12-24 16:00","England","Premier League","2024/2025","Brentford","Newcastle","3","4","1","2","2","2","3","0","1","0","2","0"
"14779","07-12-24 16:00","England","Premier League","2024/2025","Crystal Palace","Manchester City","6","8","2","1","4","7","1","2","0","0","1","2"
"14780","05-12-24 21:15","England","Premier League","2024/2025","Bournemouth","Tottenham","5","9","1","5","4","4","2","2","0","2","2","0"
"14781","05-12-24 20:30","England","Premier League","2024/2025","Fulham","Brighton","5","6","2","4","3","2","2","2","1","0","1","2"
"14782","04-12-24 21:15","England","Premier League","2024/2025","Arsenal","Manchester Utd","13","0","4","0","9","0","1","3","0","2","1","1"
"14783","04-12-24 21:15","England","Premier League","2024/2025","Aston Villa","Brentford","10","5","2","2","8","3","0","0","0","0","0","0"
"14784","04-12-24 20:30","England","Premier League","2024/2025","Everton","Wolves","3","4","1","1","2","3","2","0","1","0","1","0"
"14785","04-12-24 20:30","England","Premier League","2024/2025","Manchester City","Nottingham","8","2","3","2","5","0","2","4","0","1","2","3"
"14786","04-12-24 20:30","England","Premier League","2024/2025","Newcastle","Liverpool","5","6","5","4","0","2","2","5","0","3","2","2"
"14787","04-12-24 20:30","England","Premier League","2024/2025","Southampton","Chelsea","5","7","4","3","1","4","1","0","0","0","1","0"
"14788","03-12-24 21:15","England","Premier League","2024/2025","Leicester","West Ham","3","9","1","3","2","6","2","2","2","1","0","1"
"14789","03-12-24 20:30","England","Premier League","2024/2025","Ipswich","Crystal Palace","4","7","3","4","1","3","2","4","1","1","1","3"
"14790","01-12-24 17:00","England","Premier League","2024/2025","Liverpool","Manchester City","7","4","5","0","2","4","1","3","1","3","0","0"
"14791","01-12-24 14:30","England","Premier League","2024/2025","Chelsea","Aston Villa","3","4","2","0","1","4","2","2","0","0","2","2"
"14792","01-12-24 14:30","England","Premier League","2024/2025","Manchester Utd","Everton","2","2","2","1","0","1","2","3","0","1","2","2"
"14793","01-12-24 14:30","England","Premier League","2024/2025","Tottenham","Fulham","7","11","4","8","3","3","0","1","0","0","0","1"
"14794","30-11-24 18:30","England","Premier League","2024/2025","West Ham","Arsenal","2","10","1","6","1","4","4","1","3","1","1","0"
"14795","30-11-24 16:00","England","Premier League","2024/2025","Brentford","Leicester","5","4","4","1","1","3","1","1","0","0","1","1"
"14796","30-11-24 16:00","England","Premier League","2024/2025","Crystal Palace","Newcastle","8","9","3","3","5","6","3","3","0","0","3","3"
"14797","30-11-24 16:00","England","Premier League","2024/2025","Nottingham","Ipswich","8","7","2","5","6","2","1","3","1","2","0","1"
"14798","30-11-24 16:00","England","Premier League","2024/2025","Wolves","Bournemouth","3","4","2","2","1","2","5","1","1","1","4","0"
"14799","29-11-24 21:00","England","Premier League","2024/2025","Brighton","Southampton","7","6","1","5","6","1","2","4","1","2","1","2"
"14800","25-11-24 21:00","England","Premier League","2024/2025","Newcastle","West Ham","8","3","3","2","5","1","1","0","0","0","1","0"
"14801","24-11-24 17:30","England","Premier League","2024/2025","Ipswich","Manchester Utd","4","3","3","0","1","3","0","0","0","0","0","0"
"14802","24-11-24 15:00","England","Premier League","2024/2025","Southampton","Liverpool","3","10","3","2","0","8","3","4","1","2","2","2"
"14803","23-11-24 18:30","England","Premier League","2024/2025","Manchester City","Tottenham","9","3","3","3","6","0","4","2","0","1","4","1"
"14804","23-11-24 16:00","England","Premier League","2024/2025","Arsenal","Nottingham","8","1","5","0","3","1","3","2","3","1","0","1"
"14805","23-11-24 16:00","England","Premier League","2024/2025","Aston Villa","Crystal Palace","10","1","4","0","6","1","3","2","0","0","3","2"
"14806","23-11-24 16:00","England","Premier League","2024/2025","Bournemouth","Brighton","7","0","3","0","4","0","2","4","1","2","1","2"
"14807","23-11-24 16:00","England","Premier League","2024/2025","Everton","Brentford","10","4","5","4","5","0","0","0","0","0","0","0"
"14808","23-11-24 16:00","England","Premier League","2024/2025","Fulham","Wolves","7","2","5","0","2","2","3","0","1","0","2","0"
"14809","23-11-24 13:30","England","Premier League","2024/2025","Leicester","Chelsea","2","9","1","5","1","4","4","3","3","1","1","2"
"14810","10-11-24 17:30","England","Premier League","2024/2025","Chelsea","Arsenal","4","3","2","1","2","2","4","2","3","1","1","1"
"14811","10-11-24 15:00","England","Premier League","2024/2025","Manchester Utd","Leicester","1","5","1","1","0","4","0","1","0","0","0","1"
"14812","10-11-24 15:00","England","Premier League","2024/2025","Nottingham","Newcastle","4","5","2","4","2","1","1","1","0","1","1","0"
"14813","10-11-24 15:00","England","Premier League","2024/2025","Tottenham","Ipswich","12","2","3","2","9","0","1","5","0","1","1","4"
"14814","09-11-24 21:00","England","Premier League","2024/2025","Liverpool","Aston Villa","2","9","2","4","0","5","0","3","0","2","0","1"
"14815","09-11-24 18:30","England","Premier League","2024/2025","Brighton","Manchester City","0","4","0","3","0","1","3","3","2","1","1","2"
"14817","09-11-24 16:00","England","Premier League","2024/2025","Crystal Palace","Fulham","1","8","1","5","0","3","1","1","0","0","1","1"
"14818","09-11-24 16:00","England","Premier League","2024/2025","West Ham","Everton","7","6","3","1","4","5","1","2","0","0","1","2"
"14819","09-11-24 16:00","England","Premier League","2024/2025","Wolves","Southampton","1","9","1","5","0","4","1","4","0","1","1","3"
"14816","09-11-24 16:00","England","Premier League","2024/2025","Brentford","Bournemouth","6","4","2","2","4","2","2","4","0","1","2","3"
"14820","04-11-24 21:00","England","Premier League","2024/2025","Fulham","Brentford","11","3","3","1","8","2","0","0","0","0","0","0"
"14821","03-11-24 17:30","England","Premier League","2024/2025","Manchester Utd","Chelsea","4","8","1","4","3","4","6","2","2","1","4","1"
"14822","03-11-24 15:00","England","Premier League","2024/2025","Tottenham","Aston Villa","6","4","5","2","1","2","2","0","0","0","2","0"
"14823","02-11-24 18:30","England","Premier League","2024/2025","Wolves","Crystal Palace","3","6","2","4","1","2","1","2","0","0","1","2"
"14824","02-11-24 16:00","England","Premier League","2024/2025","Bournemouth","Manchester City","3","10","1","4","2","6","2","1","1","0","1","1"
"14825","02-11-24 16:00","England","Premier League","2024/2025","Ipswich","Leicester","4","6","4","2","0","4","6","2","1","1","5","1"
"14826","02-11-24 16:00","England","Premier League","2024/2025","Liverpool","Brighton","9","7","6","3","3","4","1","2","1","0","0","2"
"14827","02-11-24 16:00","England","Premier League","2024/2025","Nottingham","West Ham","10","5","2","3","8","2","1","4","0","3","1","1"
"14828","02-11-24 16:00","England","Premier League","2024/2025","Southampton","Everton","3","6","2","2","1","4","4","2","0","1","4","1"
"14829","02-11-24 13:30","England","Premier League","2024/2025","Newcastle","Arsenal","4","6","2","3","2","3","4","4","1","0","3","4"
"14830","27-10-24 17:30","England","Premier League","2024/2025","Arsenal","Liverpool","1","3","0","1","1","2","2","2","0","1","2","1"
"14831","27-10-24 15:00","England","Premier League","2024/2025","Chelsea","Newcastle","7","4","7","2","0","2","6","3","1","1","5","2"
"14832","27-10-24 15:00","England","Premier League","2024/2025","Crystal Palace","Tottenham","8","8","5","5","3","3","4","4","2","1","2","3"
"14833","27-10-24 15:00","England","Premier League","2024/2025","West Ham","Manchester Utd","6","5","3","1","3","4","5","1","2","0","3","1"
"14834","26-10-24 18:30","England","Premier League","2024/2025","Everton","Fulham","4","2","3","1","1","1","1","0","0","0","1","0"
"14835","26-10-24 16:00","England","Premier League","2024/2025","Aston Villa","Bournemouth","9","7","3","4","6","3","7","6","3","4","4","2"
"14836","26-10-24 16:00","England","Premier League","2024/2025","Brentford","Ipswich","4","5","2","4","2","1","0","3","0","1","0","2"
"14837","26-10-24 16:00","England","Premier League","2024/2025","Brighton","Wolves","9","6","7","1","2","5","3","3","0","2","3","1"
"14838","26-10-24 16:00","England","Premier League","2024/2025","Manchester City","Southampton","12","1","8","0","4","1","1","3","0","1","1","2"
"14839","25-10-24 21:00","England","Premier League","2024/2025","Leicester","Nottingham","6","7","3","5","3","2","5","3","1","1","4","2"
"14840","21-10-24 21:00","England","Premier League","2024/2025","Nottingham","Crystal Palace","6","6","3","1","3","5","2","3","0","2","2","1"
"14841","20-10-24 17:30","England","Premier League","2024/2025","Liverpool","Chelsea","1","5","1","3","0","2","4","3","1","2","3","1"
"14842","20-10-24 15:00","England","Premier League","2024/2025","Wolves","Manchester City","1","18","1","7","0","11","4","1","2","1","2","0"
"14843","19-10-24 18:30","England","Premier League","2024/2025","Bournemouth","Arsenal","7","4","5","1","2","3","1","1","0","0","1","1"
"14844","19-10-24 16:00","England","Premier League","2024/2025","Fulham","Aston Villa","6","11","2","7","4","4","3","5","0","1","3","4"
"14845","19-10-24 16:00","England","Premier League","2024/2025","Ipswich","Everton","5","7","2","6","3","1","1","1","0","1","1","0"
"14846","19-10-24 16:00","England","Premier League","2024/2025","Manchester Utd","Brentford","9","2","6","2","3","0","2","2","1","0","1","2"
"14847","19-10-24 16:00","England","Premier League","2024/2025","Newcastle","Brighton","9","4","4","1","5","3","2","2","2","1","0","1"
"14848","19-10-24 16:00","England","Premier League","2024/2025","Southampton","Leicester","10","6","2","3","8","3","5","3","4","0","1","3"
"14849","19-10-24 13:30","England","Premier League","2024/2025","Tottenham","West Ham","13","5","12","2","1","3","1","3","0","1","1","2"
"14850","06-10-24 17:30","England","Premier League","2024/2025","Brighton","Tottenham","4","7","1","2","3","5","2","2","1","0","1","2"
"14851","06-10-24 15:00","England","Premier League","2024/2025","Aston Villa","Manchester Utd","6","3","1","0","5","3","1","5","0","3","1","2"
"14852","06-10-24 15:00","England","Premier League","2024/2025","Chelsea","Nottingham","11","3","1","0","10","3","6","4","1","1","5","3"
"14853","05-10-24 18:30","England","Premier League","2024/2025","Everton","Newcastle","0","10","0","6","0","4","1","2","1","0","0","2"
"14854","05-10-24 16:00","England","Premier League","2024/2025","Arsenal","Southampton","13","1","8","0","5","1","0","3","0","3","0","0"
"14855","05-10-24 16:00","England","Premier League","2024/2025","Brentford","Wolves","10","3","5","0","5","3","2","3","0","1","2","2"
"14856","05-10-24 16:00","England","Premier League","2024/2025","Leicester","Bournemouth","0","9","0","4","0","5","4","1","1","0","3","1"
"14857","05-10-24 16:00","England","Premier League","2024/2025","Manchester City","Fulham","8","3","8","2","0","1","2","1","0","0","2","1"
"14858","05-10-24 16:00","England","Premier League","2024/2025","West Ham","Ipswich","5","5","4","2","1","3","0","1","0","1","0","0"
"14859","05-10-24 13:30","England","Premier League","2024/2025","Crystal Palace","Liverpool","3","8","2","7","1","1","4","2","0","2","4","0"
"14860","30-09-24 21:00","England","Premier League","2024/2025","Bournemouth","Southampton","6","4","2","2","4","2","2","5","1","1","1","4"
"14861","29-09-24 17:30","England","Premier League","2024/2025","Manchester Utd","Tottenham","5","3","0","2","5","1","5","3","3","1","2","2"
"14862","29-09-24 15:00","England","Premier League","2024/2025","Ipswich","Aston Villa","10","0","3","0","7","0","4","1","2","0","2","1"
"14863","28-09-24 18:30","England","Premier League","2024/2025","Wolves","Liverpool","2","10","0","6","2","4","2","3","1","2","1","1"
"14864","28-09-24 16:00","England","Premier League","2024/2025","Arsenal","Leicester","17","0","6","0","11","0","2","4","0","2","2","2"
"14865","28-09-24 16:00","England","Premier League","2024/2025","Brentford","West Ham","7","6","1","3","6","3","2","3","0","1","2","2"
"14866","28-09-24 16:00","England","Premier League","2024/2025","Chelsea","Brighton","8","2","0","2","8","0","3","2","2","2","1","0"
"14867","28-09-24 16:00","England","Premier League","2024/2025","Everton","Crystal Palace","5","8","3","3","2","5","2","0","0","0","2","0"
"14868","28-09-24 16:00","England","Premier League","2024/2025","Nottingham","Fulham","6","5","3","4","3","1","2","4","1","0","1","4"
"14869","28-09-24 13:30","England","Premier League","2024/2025","Newcastle","Manchester City","5","6","5","3","0","3","4","4","2","0","2","4"
"14870","22-09-24 17:30","England","Premier League","2024/2025","Manchester City","Arsenal","8","2","2","2","6","0","3","6","2","3","1","3"
"14871","22-09-24 15:00","England","Premier League","2024/2025","Brighton","Nottingham","9","1","3","0","6","1","3","6","2","1","1","5"
"14872","21-09-24 18:30","England","Premier League","2024/2025","Crystal Palace","Manchester Utd","4","11","1","7","3","4","3","2","0","1","3","1"
"14873","21-09-24 16:00","England","Premier League","2024/2025","Aston Villa","Wolves","6","5","2","4","4","1","3","6","1","3","2","3"
"14874","21-09-24 16:00","England","Premier League","2024/2025","Fulham","Newcastle","6","0","3","0","3","0","6","0","4","0","2","0"
"14875","21-09-24 16:00","England","Premier League","2024/2025","Leicester","Everton","6","1","2","1","4","0","1","2","0","0","1","2"
"14876","21-09-24 16:00","England","Premier League","2024/2025","Liverpool","Bournemouth","3","9","2","3","1","6","1","4","0","3","1","1"
"14877","21-09-24 16:00","England","Premier League","2024/2025","Southampton","Ipswich","2","10","0","8","2","2","4","4","1","0","3","4"
"14878","21-09-24 16:00","England","Premier League","2024/2025","Tottenham","Brentford","9","4","4","2","5","2","3","1","1","0","2","1"
"14879","21-09-24 13:30","England","Premier League","2024/2025","West Ham","Chelsea","6","5","4","0","2","5","5","2","0","1","5","1"
"14880","15-09-24 17:30","England","Premier League","2024/2025","Wolves","Newcastle","4","7","2","2","2","5","3","3","0","1","3","2"
"14881","15-09-24 15:00","England","Premier League","2024/2025","Tottenham","Arsenal","7","6","3","5","4","1","5","3","5","2","0","1"
"14882","14-09-24 21:00","England","Premier League","2024/2025","Bournemouth","Chelsea","6","3","3","2","3","1","6","8","3","3","3","5"
"14883","14-09-24 18:30","England","Premier League","2024/2025","Aston Villa","Everton","6","2","3","1","3","1","1","4","0","2","1","2"
"14884","14-09-24 16:00","England","Premier League","2024/2025","Brighton","Ipswich","9","2","4","0","5","2","4","3","0","1","4","2"
"14885","14-09-24 16:00","England","Premier League","2024/2025","Crystal Palace","Leicester","5","2","3","2","2","0","0","3","0","0","0","3"
"14886","14-09-24 16:00","England","Premier League","2024/2025","Fulham","West Ham","3","2","3","0","0","2","2","3","0","0","2","3"
"14887","14-09-24 16:00","England","Premier League","2024/2025","Liverpool","Nottingham","7","2","4","2","3","0","4","4","0","2","4","2"
"14888","14-09-24 16:00","England","Premier League","2024/2025","Manchester City","Brentford","12","3","5","3","7","0","3","1","1","0","2","1"
"14889","14-09-24 13:30","England","Premier League","2024/2025","Southampton","Manchester Utd","0","7","0","4","0","3","1","4","0","1","1","3"
"14890","01-09-24 17:00","England","Premier League","2024/2025","Manchester Utd","Liverpool","5","2","2","1","3","1","4","1","3","0","1","1"
"14891","01-09-24 14:30","England","Premier League","2024/2025","Chelsea","Crystal Palace","4","4","2","0","2","4","4","2","2","1","2","1"
"14892","01-09-24 14:30","England","Premier League","2024/2025","Newcastle","Tottenham","7","12","4","4","3","8","4","4","3","1","1","3"
"14893","31-08-24 18:30","England","Premier League","2024/2025","West Ham","Manchester City","3","11","0","7","3","4","3","2","0","1","3","1"
"14894","31-08-24 16:00","England","Premier League","2024/2025","Brentford","Southampton","2","8","2","4","0","4","2","1","1","1","1","0"
"14895","31-08-24 16:00","England","Premier League","2024/2025","Everton","Bournemouth","8","4","4","2","4","2","2","1","0","0","2","1"
"14896","31-08-24 16:00","England","Premier League","2024/2025","Ipswich","Fulham","8","6","3","3","5","3","2","3","1","0","1","3"
"14897","31-08-24 16:00","England","Premier League","2024/2025","Leicester","Aston Villa","1","4","1","2","0","2","4","5","1","2","3","3"
"14898","31-08-24 16:00","England","Premier League","2024/2025","Nottingham","Wolves","7","3","2","1","5","2","3","4","1","3","2","1"
"14899","31-08-24 13:30","England","Premier League","2024/2025","Arsenal","Brighton","3","7","2","1","1","6","5","2","2","0","3","2"
"14900","25-08-24 17:30","England","Premier League","2024/2025","Liverpool","Brentford","9","4","4","2","5","2","2","3","2","2","0","1"
"14901","25-08-24 15:00","England","Premier League","2024/2025","Bournemouth","Newcastle","8","9","1","3","7","6","2","2","1","0","1","2"
"14902","25-08-24 15:00","England","Premier League","2024/2025","Wolves","Chelsea","5","5","4","4","1","1","2","3","1","2","1","1"
"14903","24-08-24 18:30","England","Premier League","2024/2025","Aston Villa","Arsenal","4","1","0","1","4","0","1","3","0","1","1","2"
"14904","24-08-24 16:00","England","Premier League","2024/2025","Crystal Palace","West Ham","3","3","3","2","0","1","1","1","0","0","1","1"
"14905","24-08-24 16:00","England","Premier League","2024/2025","Fulham","Leicester","7","5","2","3","5","2","2","2","0","0","2","2"
"14906","24-08-24 16:00","England","Premier League","2024/2025","Manchester City","Ipswich","10","1","3","0","7","1","2","3","0","1","2","2"
"14907","24-08-24 16:00","England","Premier League","2024/2025","Southampton","Nottingham","4","10","1","7","3","3","3","3","2","0","1","3"
"14908","24-08-24 16:00","England","Premier League","2024/2025","Tottenham","Everton","12","5","8","4","4","1","0","0","0","0","0","0"
"14909","24-08-24 13:30","England","Premier League","2024/2025","Brighton","Manchester Utd","4","4","0","3","4","1","1","2","0","0","1","2"
"14910","19-08-24 21:00","England","Premier League","2024/2025","Leicester","Tottenham","2","13","0","9","2","4","1","1","0","0","1","1"
"14911","18-08-24 17:30","England","Premier League","2024/2025","Chelsea","Manchester City","4","3","2","2","2","1","1","1","0","0","1","1"
"14912","18-08-24 15:00","England","Premier League","2024/2025","Brentford","Crystal Palace","4","7","2","1","2","6","1","5","1","2","0","3"
"14913","17-08-24 18:30","England","Premier League","2024/2025","West Ham","Aston Villa","5","3","2","1","3","2","1","2","1","1","0","1"
"14914","17-08-24 16:00","England","Premier League","2024/2025","Arsenal","Wolves","8","2","4","0","4","2","2","2","0","2","2","0"
"14915","17-08-24 16:00","England","Premier League","2024/2025","Everton","Brighton","1","5","1","1","0","4","1","1","0","1","1","0"
"14916","17-08-24 16:00","England","Premier League","2024/2025","Newcastle","Southampton","3","12","3","1","0","11","2","4","1","2","1","2"
"14917","17-08-24 16:00","England","Premier League","2024/2025","Nottingham","Bournemouth","2","6","0","3","2","3","1","3","0","1","1","2"
"14918","17-08-24 13:30","England","Premier League","2024/2025","Ipswich","Liverpool","2","10","1","6","1","4","3","1","3","0","0","1"
"14919","16-08-24 21:00","England","Premier League","2024/2025","Manchester Utd","Fulham","7","8","2","1","5","7","2","3","2","1","0","2"
"3909","19-05-24 17:00","England","Premier League","2023/2024","Arsenal","Everton","8","1","3","1","5","0","4","3","1","0","3","3"
"3910","19-05-24 17:00","England","Premier League","2023/2024","Brentford","Newcastle","3","0","1","0","2","0","4","4","2","1","2","3"
"3911","19-05-24 17:00","England","Premier League","2023/2024","Brighton","Manchester Utd","7","5","4","1","3","4","1","3","0","2","1","1"
"3912","19-05-24 17:00","England","Premier League","2023/2024","Burnley","Nottingham","4","3","3","0","1","3","1","0","0","0","1","0"
"3913","19-05-24 17:00","England","Premier League","2023/2024","Chelsea","Bournemouth","6","5","3","1","3","4","2","3","1","2","1","1"
"3914","19-05-24 17:00","England","Premier League","2023/2024","Crystal Palace","Aston Villa","2","4","0","4","2","0","1","4","1","1","0","3"
"3915","19-05-24 17:00","England","Premier League","2023/2024","Liverpool","Wolves","10","2","7","2","3","0","1","1","0","1","1","0"
"3916","19-05-24 17:00","England","Premier League","2023/2024","Luton","Fulham","4","4","3","1","1","3","5","4","1","1","4","3"
"3917","19-05-24 17:00","England","Premier League","2023/2024","Manchester City","West Ham","11","2","3","1","8","1","0","1","0","0","0","1"
"3918","19-05-24 17:00","England","Premier League","2023/2024","Sheffield Utd","Tottenham","2","6","2","3","0","3","2","0","1","0","1","0"
"3919","15-05-24 21:00","England","Premier League","2023/2024","Manchester Utd","Newcastle","9","9","4","6","5","3","3","3","0","1","3","2"
"3920","15-05-24 20:45","England","Premier League","2023/2024","Brighton","Chelsea","4","6","2","5","2","1","2","2","1","0","1","2"
"3921","14-05-24 21:00","England","Premier League","2023/2024","Tottenham","Manchester City","7","4","4","2","3","2","3","3","1","0","2","3"
"3922","13-05-24 21:00","England","Premier League","2023/2024","Aston Villa","Liverpool","5","4","2","1","3","3","1","1","0","1","1","0"
"3923","12-05-24 17:30","England","Premier League","2023/2024","Manchester Utd","Arsenal","4","7","3","2","1","5","0","2","0","0","0","2"
"3924","11-05-24 18:30","England","Premier League","2023/2024","Nottingham","Chelsea","5","6","2","4","3","2","2","3","0","2","2","1"
"3925","11-05-24 16:00","England","Premier League","2023/2024","Bournemouth","Brentford","3","8","0","6","3","2","2","2","1","0","1","2"
"3926","11-05-24 16:00","England","Premier League","2023/2024","Everton","Sheffield Utd","3","6","2","2","1","4","1","2","1","1","0","1"
"3927","11-05-24 16:00","England","Premier League","2023/2024","Newcastle","Brighton","8","4","6","3","2","1","3","4","0","1","3","3"
"3928","11-05-24 16:00","England","Premier League","2023/2024","Tottenham","Burnley","9","3","3","2","6","1","3","5","0","1","3","4"
"3929","11-05-24 16:00","England","Premier League","2023/2024","West Ham","Luton","7","6","1","2","6","4","1","3","0","1","1","2"
"3930","11-05-24 16:00","England","Premier League","2023/2024","Wolves","Crystal Palace","8","3","3","2","5","1","3","4","1","1","2","3"
"3931","11-05-24 13:30","England","Premier League","2023/2024","Fulham","Manchester City","1","7","1","3","0","4","3","0","0","0","3","0"
"3932","06-05-24 21:00","England","Premier League","2023/2024","Crystal Palace","Manchester Utd","6","2","1","1","5","1","1","1","0","0","1","1"
"3933","05-05-24 17:30","England","Premier League","2023/2024","Liverpool","Tottenham","8","3","5","1","3","2","1","4","0","1","1","3"
"3934","05-05-24 15:00","England","Premier League","2023/2024","Brighton","Aston Villa","7","3","3","0","4","3","2","1","0","0","2","1"
"3935","05-05-24 15:00","England","Premier League","2023/2024","Chelsea","West Ham","8","6","5","2","3","4","1","3","1","3","0","0"
"3936","04-05-24 18:30","England","Premier League","2023/2024","Manchester City","Wolves","6","0","2","0","4","0","0","4","0","2","0","2"
"3937","04-05-24 16:00","England","Premier League","2023/2024","Brentford","Fulham","7","6","2","3","5","3","1","1","0","0","1","1"
"3938","04-05-24 16:00","England","Premier League","2023/2024","Burnley","Newcastle","4","11","3","5","1","6","2","2","1","1","1","1"
"3939","04-05-24 16:00","England","Premier League","2023/2024","Sheffield Utd","Nottingham","5","3","5","2","0","1","2","1","0","1","2","0"
"3940","04-05-24 13:30","England","Premier League","2023/2024","Arsenal","Bournemouth","6","1","4","0","2","1","2","3","0","1","2","2"
"3941","03-05-24 21:00","England","Premier League","2023/2024","Luton","Everton","7","7","1","3","6","4","1","3","1","1","0","2"
"3942","02-05-24 20:30","England","Premier League","2023/2024","Chelsea","Tottenham","4","9","3","2","1","7","0","1","0","0","0","1"
"3943","28-04-24 17:30","England","Premier League","2023/2024","Nottingham","Manchester City","4","5","3","4","1","1","0","0","0","0","0","0"
"3944","28-04-24 15:00","England","Premier League","2023/2024","Bournemouth","Brighton","8","2","3","1","5","1","2","2","1","0","1","2"
"3945","28-04-24 15:00","England","Premier League","2023/2024","Tottenham","Arsenal","8","6","5","2","3","4","2","1","0","0","2","1"
"3946","27-04-24 21:00","England","Premier League","2023/2024","Aston Villa","Chelsea","2","4","0","0","2","4","3","5","0","0","3","5"
"3947","27-04-24 18:30","England","Premier League","2023/2024","Everton","Brentford","6","6","3","3","3","3","1","2","0","1","1","1"
"3948","27-04-24 16:00","England","Premier League","2023/2024","Fulham","Crystal Palace","5","9","2","5","3","4","0","2","0","0","0","2"
"3949","27-04-24 16:00","England","Premier League","2023/2024","Manchester Utd","Burnley","6","5","2","4","4","1","1","3","1","1","0","2"
"3950","27-04-24 16:00","England","Premier League","2023/2024","Newcastle","Sheffield Utd","4","5","1","4","3","1","0","0","0","0","0","0"
"3951","27-04-24 16:00","England","Premier League","2023/2024","Wolves","Luton","4","4","1","1","3","3","3","1","1","0","2","1"
"3952","27-04-24 13:30","England","Premier League","2023/2024","West Ham","Liverpool","4","8","3","1","1","7","0","2","0","1","0","1"
"3953","25-04-24 21:00","England","Premier League","2023/2024","Brighton","Manchester City","4","4","2","2","2","2","2","0","1","0","1","0"
"3954","24-04-24 21:00","England","Premier League","2023/2024","Crystal Palace","Newcastle","7","2","4","0","3","2","3","3","2","0","1","3"
"3955","24-04-24 21:00","England","Premier League","2023/2024","Everton","Liverpool","4","13","0","5","4","8","0","3","0","1","0","2"
"3956","24-04-24 21:00","England","Premier League","2023/2024","Manchester Utd","Sheffield Utd","8","4","6","0","2","4","0","1","0","1","0","0"
"3957","24-04-24 20:45","England","Premier League","2023/2024","Wolves","Bournemouth","8","12","4","6","4","6","4","1","2","0","2","1"
"3958","23-04-24 21:00","England","Premier League","2023/2024","Arsenal","Chelsea","4","2","3","2","1","0","2","2","1","2","1","0"
"3959","21-04-24 17:30","England","Premier League","2023/2024","Fulham","Liverpool","1","4","1","3","0","1","3","0","2","0","1","0"
"3960","21-04-24 16:00","England","Premier League","2023/2024","Aston Villa","Bournemouth","8","4","2","3","6","1","1","3","0","2","1","1"
"3961","21-04-24 16:00","England","Premier League","2023/2024","Crystal Palace","West Ham","4","0","3","0","1","0","3","2","2","2","1","0"
"3962","21-04-24 14:30","England","Premier League","2023/2024","Everton","Nottingham","6","4","4","4","2","0","4","2","0","0","4","2"
"3963","20-04-24 20:30","England","Premier League","2023/2024","Wolves","Arsenal","1","2","0","0","1","2","3","2","2","2","1","0"
"3964","20-04-24 16:00","England","Premier League","2023/2024","Luton","Brentford","4","9","2","5","2","4","1","2","0","1","1","1"
"3965","20-04-24 16:00","England","Premier League","2023/2024","Sheffield Utd","Burnley","11","2","4","1","7","1","1","0","0","0","1","0"
"3966","15-04-24 21:00","England","Premier League","2023/2024","Chelsea","Everton","4","8","1","5","3","3","1","4","1","2","0","2"
"3967","14-04-24 17:30","England","Premier League","2023/2024","Arsenal","Aston Villa","4","6","2","0","2","6","3","1","2","1","1","0"
"3968","14-04-24 15:00","England","Premier League","2023/2024","West Ham","Fulham","8","3","4","1","4","2","1","2","0","0","1","2"
"4668","14-04-24 15:00","England","Premier League","2023/2024","Liverpool","Crystal Palace","11","1","3","0","8","1","1","1","0","0","1","1"
"3969","13-04-24 18:30","England","Premier League","2023/2024","Bournemouth","Manchester Utd","7","2","1","1","6","1","4","0","1","0","3","0"
"3970","13-04-24 16:00","England","Premier League","2023/2024","Brentford","Sheffield Utd","3","6","1","2","2","4","3","1","2","1","1","0"
"3971","13-04-24 16:00","England","Premier League","2023/2024","Burnley","Brighton","4","5","2","2","2","3","1","2","1","0","0","2"
"3972","13-04-24 16:00","England","Premier League","2023/2024","Manchester City","Luton","12","1","10","1","2","0","1","0","1","0","0","0"
"3973","13-04-24 16:00","England","Premier League","2023/2024","Nottingham","Wolves","10","1","5","0","5","1","2","3","0","2","2","1"
"3974","13-04-24 13:30","England","Premier League","2023/2024","Newcastle","Tottenham","16","3","10","1","6","2","0","4","0","1","0","3"
"3975","07-04-24 19:00","England","Premier League","2023/2024","Tottenham","Nottingham","12","2","5","2","7","0","2","4","1","1","1","3"
"3976","07-04-24 18:30","England","Premier League","2023/2024","Sheffield Utd","Chelsea","7","6","2","1","5","5","4","2","0","1","4","1"
"3977","07-04-24 16:30","England","Premier League","2023/2024","Manchester Utd","Liverpool","6","11","3","8","3","3","5","2","0","1","5","1"
"3978","06-04-24 18:30","England","Premier League","2023/2024","Brighton","Arsenal","8","7","2","3","6","4","1","2","0","0","1","2"
"3979","06-04-24 16:00","England","Premier League","2023/2024","Aston Villa","Brentford","11","3","7","0","4","3","2","2","0","1","2","1"
"3980","06-04-24 16:00","England","Premier League","2023/2024","Everton","Burnley","3","5","2","2","1","3","2","1","2","0","0","1"
"3981","06-04-24 16:00","England","Premier League","2023/2024","Fulham","Newcastle","14","3","6","0","8","3","1","2","0","1","1","1"
"3982","06-04-24 16:00","England","Premier League","2023/2024","Luton","Bournemouth","7","2","5","1","2","1","0","0","0","0","0","0"
"3983","06-04-24 16:00","England","Premier League","2023/2024","Wolves","West Ham","4","4","3","1","1","3","5","2","1","1","4","1"
"3984","06-04-24 13:30","England","Premier League","2023/2024","Crystal Palace","Manchester City","2","9","1","7","1","2","1","1","0","1","1","0"
"3985","04-04-24 21:15","England","Premier League","2023/2024","Chelsea","Manchester Utd","12","3","5","1","7","2","3","1","2","0","1","1"
"3986","04-04-24 20:30","England","Premier League","2023/2024","Liverpool","Sheffield Utd","13","1","3","1","10","0","0","1","0","0","0","1"
"3987","03-04-24 21:15","England","Premier League","2023/2024","Manchester City","Aston Villa","2","3","1","1","1","2","1","2","1","1","0","1"
"3988","03-04-24 20:30","England","Premier League","2023/2024","Arsenal","Luton","3","1","2","0","1","1","1","1","0","0","1","1"
"3989","03-04-24 20:30","England","Premier League","2023/2024","Brentford","Brighton","1","5","0","4","1","1","1","1","0","0","1","1"
"3990","02-04-24 21:15","England","Premier League","2023/2024","West Ham","Tottenham","9","5","6","3","3","2","1","4","0","1","1","3"
"3991","02-04-24 20:45","England","Premier League","2023/2024","Bournemouth","Crystal Palace","9","2","5","0","4","2","3","2","0","1","3","1"
"3992","02-04-24 20:45","England","Premier League","2023/2024","Burnley","Wolves","7","4","1","3","6","1","0","2","0","0","0","2"
"3993","02-04-24 20:30","England","Premier League","2023/2024","Newcastle","Everton","7","3","4","0","3","3","0","3","0","0","0","3"
"3994","02-04-24 20:30","England","Premier League","2023/2024","Nottingham","Fulham","3","8","3","1","0","7","1","0","0","0","1","0"
"3995","31-03-24 17:30","England","Premier League","2023/2024","Manchester City","Arsenal","7","4","2","2","5","2","0","2","0","0","0","2"
"3996","31-03-24 15:00","England","Premier League","2023/2024","Liverpool","Brighton","8","4","4","2","4","2","5","3","1","1","4","2"
"3997","30-03-24 21:00","England","Premier League","2023/2024","Brentford","Manchester Utd","14","4","9","1","5","3","3","2","1","1","2","1"
"3998","30-03-24 18:30","England","Premier League","2023/2024","Aston Villa","Wolves","5","4","1","2","4","2","3","4","1","1","2","3"
"3999","30-03-24 16:00","England","Premier League","2023/2024","Bournemouth","Everton","9","8","5","4","4","4","1","2","1","1","0","1"
"4000","30-03-24 16:00","England","Premier League","2023/2024","Chelsea","Burnley","12","4","7","2","5","2","2","4","2","3","0","1"
"4001","30-03-24 16:00","England","Premier League","2023/2024","Nottingham","Crystal Palace","4","6","2","3","2","3","1","1","0","0","1","1"
"4002","30-03-24 16:00","England","Premier League","2023/2024","Sheffield Utd","Fulham","2","15","1","2","1","13","4","1","0","0","4","1"
"4003","30-03-24 16:00","England","Premier League","2023/2024","Tottenham","Luton","3","6","2","3","1","3","2","4","0","2","2","2"
"4004","30-03-24 13:30","England","Premier League","2023/2024","Newcastle","West Ham","3","4","1","2","2","2","3","1","0","1","3","0"
"4005","17-03-24 15:00","England","Premier League","2023/2024","West Ham","Aston Villa","7","10","4","2","3","8","3","3","0","0","3","3"
"4006","16-03-24 18:30","England","Premier League","2023/2024","Fulham","Tottenham","4","5","2","3","2","2","2","3","0","0","2","3"
"4007","16-03-24 16:00","England","Premier League","2023/2024","Burnley","Brentford","5","4","3","1","2","3","2","4","0","0","2","4"
"4008","16-03-24 16:00","England","Premier League","2023/2024","Luton","Nottingham","6","7","2","1","4","6","1","2","1","0","0","2"
"4009","13-03-24 20:30","England","Premier League","2023/2024","Bournemouth","Luton","11","3","6","2","5","1","1","2","0","1","1","1"
"4010","11-03-24 21:00","England","Premier League","2023/2024","Chelsea","Newcastle","0","4","0","1","0","3","3","1","1","0","2","1"
"4011","10-03-24 16:45","England","Premier League","2023/2024","Liverpool","Manchester City","7","4","0","4","7","0","0","3","0","1","0","2"
"4012","10-03-24 15:00","England","Premier League","2023/2024","Brighton","Nottingham","6","3","3","1","3","2","4","4","1","2","3","2"
"4013","10-03-24 15:00","England","Premier League","2023/2024","West Ham","Burnley","4","3","0","1","4","2","2","4","1","0","1","4"
"4014","10-03-24 14:00","England","Premier League","2023/2024","Aston Villa","Tottenham","6","4","2","1","4","3","0","2","0","1","0","1"
"4015","09-03-24 18:30","England","Premier League","2023/2024","Arsenal","Brentford","10","4","2","1","8","3","2","4","2","2","0","2"
"4016","09-03-24 16:00","England","Premier League","2023/2024","Bournemouth","Sheffield Utd","10","3","3","2","7","1","3","5","2","1","1","4"
"4017","09-03-24 16:00","England","Premier League","2023/2024","Crystal Palace","Luton","8","6","5","3","3","3","2","3","1","1","1","2"
"4018","09-03-24 16:00","England","Premier League","2023/2024","Wolves","Fulham","3","4","1","3","2","1","2","2","1","0","1","2"
"4019","09-03-24 13:30","England","Premier League","2023/2024","Manchester Utd","Everton","5","8","2","5","3","3","1","2","0","2","1","0"
"4020","04-03-24 21:00","England","Premier League","2023/2024","Sheffield Utd","Arsenal","0","7","0","3","0","4","1","0","1","0","0","0"
"4021","03-03-24 16:30","England","Premier League","2023/2024","Manchester City","Manchester Utd","15","2","12","2","3","0","0","1","0","0","0","1"
"4022","03-03-24 14:00","England","Premier League","2023/2024","Burnley","Bournemouth","7","2","4","1","3","1","2","4","1","2","1","2"
"4023","02-03-24 18:30","England","Premier League","2023/2024","Luton","Aston Villa","8","6","1","6","7","0","1","4","1","2","0","2"
"4024","02-03-24 16:00","England","Premier League","2023/2024","Brentford","Chelsea","0","6","0","3","0","3","3","1","0","1","3","0"
"4025","02-03-24 16:00","England","Premier League","2023/2024","Everton","West Ham","4","5","2","3","2","2","1","2","0","0","1","2"
"4026","02-03-24 16:00","England","Premier League","2023/2024","Fulham","Brighton","2","6","0","0","2","6","1","2","0","1","1","1"
"4027","02-03-24 16:00","England","Premier League","2023/2024","Newcastle","Wolves","3","5","1","3","2","2","0","1","0","0","0","1"
"4028","02-03-24 16:00","England","Premier League","2023/2024","Nottingham","Liverpool","3","12","1","3","2","9","3","2","0","0","3","2"
"4029","02-03-24 16:00","England","Premier League","2023/2024","Tottenham","Crystal Palace","11","1","4","1","7","0","1","2","0","0","1","2"
"4030","26-02-24 21:00","England","Premier League","2023/2024","West Ham","Brentford","1","7","0","2","1","5","1","2","0","1","1","1"
"4031","25-02-24 14:30","England","Premier League","2023/2024","Wolves","Sheffield Utd","5","6","3","1","2","5","2","1","0","0","2","1"
"4032","24-02-24 21:00","England","Premier League","2023/2024","Arsenal","Newcastle","9","0","6","0","3","0","1","0","1","0","0","0"
"4033","24-02-24 18:30","England","Premier League","2023/2024","Bournemouth","Manchester City","3","8","2","1","1","7","2","2","1","0","1","2"
"4034","24-02-24 16:00","England","Premier League","2023/2024","Aston Villa","Nottingham","7","2","4","1","3","1","1","2","0","2","1","0"
"4035","24-02-24 16:00","England","Premier League","2023/2024","Brighton","Everton","11","3","8","2","3","1","2","3","0","1","2","2"
"4036","24-02-24 16:00","England","Premier League","2023/2024","Crystal Palace","Burnley","12","3","9","2","3","1","3","1","0","0","3","1"
"4037","24-02-24 16:00","England","Premier League","2023/2024","Manchester Utd","Fulham","10","9","4","6","6","3","2","5","1","3","1","2"
"4038","21-02-24 20:30","England","Premier League","2023/2024","Liverpool","Luton","13","4","7","0","6","4","1","4","0","2","1","2"
"4039","20-02-24 20:30","England","Premier League","2023/2024","Manchester City","Brentford","10","1","6","0","4","1","2","4","1","1","1","3"
"4040","19-02-24 21:00","England","Premier League","2023/2024","Everton","Crystal Palace","3","6","1","4","2","2","0","2","0","0","0","2"
"4041","18-02-24 17:30","England","Premier League","2023/2024","Luton","Manchester Utd","8","6","1","3","7","3","3","5","1","3","2","2"
"4042","18-02-24 15:00","England","Premier League","2023/2024","Sheffield Utd","Brighton","5","10","3","4","2","6","1","4","0","1","1","3"
"4043","17-02-24 18:30","England","Premier League","2023/2024","Manchester City","Chelsea","12","1","4","1","8","0","1","3","0","1","1","2"
"4044","17-02-24 16:00","England","Premier League","2023/2024","Burnley","Arsenal","4","6","1","4","3","2","2","1","2","1","0","0"
"4045","17-02-24 16:00","England","Premier League","2023/2024","Fulham","Aston Villa","4","4","2","4","2","0","5","2","0","1","5","1"
"4046","17-02-24 16:00","England","Premier League","2023/2024","Newcastle","Bournemouth","4","2","1","2","3","0","1","3","0","1","1","2"
"4047","17-02-24 16:00","England","Premier League","2023/2024","Nottingham","West Ham","5","2","1","1","4","1","4","6","2","2","2","4"
"4048","17-02-24 16:00","England","Premier League","2023/2024","Tottenham","Wolves","10","4","4","2","6","2","0","1","0","0","0","1"
"4049","17-02-24 13:30","England","Premier League","2023/2024","Brentford","Liverpool","1","6","0","5","1","1","2","1","1","0","1","1"
"4050","12-02-24 21:00","England","Premier League","2023/2024","Crystal Palace","Chelsea","1","7","0","1","1","6","2","2","0","0","2","2"
"4051","11-02-24 17:30","England","Premier League","2023/2024","Aston Villa","Manchester Utd","10","8","4","6","6","2","3","2","1","2","2","0"
"4052","11-02-24 15:00","England","Premier League","2023/2024","West Ham","Arsenal","2","6","1","6","1","0","4","0","2","0","2","0"
"4053","10-02-24 18:30","England","Premier League","2023/2024","Nottingham","Newcastle","4","4","1","3","3","1","1","2","0","0","1","2"
"4054","10-02-24 16:00","England","Premier League","2023/2024","Fulham","Bournemouth","1","13","0","2","1","11","1","2","0","0","1","2"
"4055","10-02-24 16:00","England","Premier League","2023/2024","Liverpool","Burnley","9","3","3","2","6","1","3","2","2","2","1","0"
"4056","10-02-24 16:00","England","Premier League","2023/2024","Luton","Sheffield Utd","13","1","5","1","8","0","1","2","1","2","0","0"
"4057","10-02-24 16:00","England","Premier League","2023/2024","Tottenham","Brighton","9","6","5","3","4","3","2","3","1","0","1","3"
"4058","10-02-24 16:00","England","Premier League","2023/2024","Wolves","Brentford","7","4","4","3","3","1","2","3","0","0","2","3"
"4059","10-02-24 13:30","England","Premier League","2023/2024","Manchester City","Everton","9","0","5","0","4","0","0","2","0","0","0","2"
"4060","05-02-24 21:00","England","Premier League","2023/2024","Brentford","Manchester City","8","13","4","12","4","1","1","0","1","0","0","0"
"4061","04-02-24 17:30","England","Premier League","2023/2024","Arsenal","Liverpool","2","4","0","1","2","3","6","4","1","1","5","3"
"4062","04-02-24 15:00","England","Premier League","2023/2024","Bournemouth","Nottingham","11","6","6","4","5","2","3","2","2","0","1","2"
"4063","04-02-24 15:00","England","Premier League","2023/2024","Chelsea","Wolves","10","1","3","0","7","1","3","2","1","2","2","0"
"4064","04-02-24 15:00","England","Premier League","2023/2024","Manchester Utd","West Ham","5","8","2","4","3","4","0","1","0","1","0","0"
"4065","03-02-24 18:30","England","Premier League","2023/2024","Sheffield Utd","Aston Villa","3","4","0","3","3","1","1","0","1","0","0","0"
"4066","03-02-24 16:00","England","Premier League","2023/2024","Brighton","Crystal Palace","3","2","1","1","2","1","1","3","0","1","1","2"
"4067","03-02-24 16:00","England","Premier League","2023/2024","Burnley","Fulham","2","13","2","3","0","10","2","2","0","2","2","0"
"4068","03-02-24 16:00","England","Premier League","2023/2024","Newcastle","Luton","8","2","4","2","4","0","2","2","0","0","2","2"
"4069","03-02-24 13:30","England","Premier League","2023/2024","Everton","Tottenham","9","5","6","1","3","4","3","0","0","0","3","0"
"4070","01-02-24 21:15","England","Premier League","2023/2024","Wolves","Manchester Utd","4","5","2","2","2","3","2","5","1","1","1","4"
"4071","01-02-24 20:30","England","Premier League","2023/2024","West Ham","Bournemouth","1","5","1","3","0","2","1","3","0","0","1","3"
"4072","31-01-24 21:15","England","Premier League","2023/2024","Liverpool","Chelsea","8","1","4","0","4","1","2","4","0","4","2","0"
"4073","31-01-24 20:30","England","Premier League","2023/2024","Manchester City","Burnley","7","3","2","3","5","0","2","2","0","1","2","1"
"4074","31-01-24 20:30","England","Premier League","2023/2024","Tottenham","Brentford","5","3","1","1","4","2","2","3","1","2","1","1"
"4075","30-01-24 21:15","England","Premier League","2023/2024","Aston Villa","Newcastle","8","7","3","4","5","3","4","1","1","0","3","1"
"4076","30-01-24 21:00","England","Premier League","2023/2024","Crystal Palace","Sheffield Utd","11","1","9","0","2","1","1","4","0","2","1","2"
"4077","30-01-24 20:45","England","Premier League","2023/2024","Fulham","Everton","15","6","3","2","12","4","1","2","1","2","0","0"
"4078","30-01-24 20:45","England","Premier League","2023/2024","Luton","Brighton","7","4","6","1","1","3","2","2","1","1","1","1"
"4079","30-01-24 20:30","England","Premier League","2023/2024","Nottingham","Arsenal","2","10","0","5","2","5","0","1","0","1","0","0"
"4080","22-01-24 20:45","England","Premier League","2023/2024","Brighton","Wolves","8","2","4","1","4","1","1","4","0","1","1","3"
"4081","21-01-24 17:30","England","Premier League","2023/2024","Bournemouth","Liverpool","8","5","4","3","4","2","1","2","0","0","1","2"
"4082","21-01-24 15:00","England","Premier League","2023/2024","Sheffield Utd","West Ham","4","1","3","1","1","0","3","3","1","1","2","2"
"4083","20-01-24 18:30","England","Premier League","2023/2024","Brentford","Nottingham","6","4","4","1","2","3","1","3","0","1","1","2"
"4084","20-01-24 13:30","England","Premier League","2023/2024","Arsenal","Crystal Palace","6","7","4","1","2","6","0","0","0","0","0","0"
"4085","14-01-24 17:30","England","Premier League","2023/2024","Manchester Utd","Tottenham","8","13","5","5","3","8","2","1","2","1","0","0"
"4086","14-01-24 15:00","England","Premier League","2023/2024","Everton","Aston Villa","4","5","4","3","0","2","1","4","0","1","1","3"
"4087","13-01-24 18:30","England","Premier League","2023/2024","Newcastle","Manchester City","3","13","2","5","1","8","1","2","1","1","0","1"
"4088","13-01-24 13:30","England","Premier League","2023/2024","Chelsea","Fulham","6","4","1","4","5","0","5","1","1","0","4","1"
"4089","12-01-24 20:45","England","Premier League","2023/2024","Burnley","Luton","2","8","0","5","2","3","1","0","0","0","1","0"
"4090","02-01-24 20:30","England","Premier League","2023/2024","West Ham","Brighton","2","0","1","0","1","0","1","0","1","0","0","0"
"4091","01-01-24 21:00","England","Premier League","2023/2024","Liverpool","Newcastle","7","3","4","2","3","1","3","5","2","2","1","3"
"4092","31-12-23 15:00","England","Premier League","2023/2024","Fulham","Arsenal","5","4","1","0","4","4","4","1","0","0","4","1"
"4093","31-12-23 15:00","England","Premier League","2023/2024","Tottenham","Bournemouth","4","13","3","6","1","7","3","2","0","1","3","1"
"4094","30-12-23 18:30","England","Premier League","2023/2024","Nottingham","Manchester Utd","4","5","4","1","0","4","2","4","0","0","2","4"
"4095","30-12-23 16:00","England","Premier League","2023/2024","Aston Villa","Burnley","6","2","3","2","3","0","4","3","1","2","3","1"
"4096","30-12-23 16:00","England","Premier League","2023/2024","Crystal Palace","Brentford","7","4","3","1","4","3","0","1","0","1","0","0"
"4097","30-12-23 16:00","England","Premier League","2023/2024","Manchester City","Sheffield Utd","12","2","4","2","8","0","1","1","1","0","0","1"
"4098","30-12-23 16:00","England","Premier League","2023/2024","Wolves","Everton","5","2","2","1","3","1","2","3","2","2","0","1"
"4099","30-12-23 13:30","England","Premier League","2023/2024","Luton","Chelsea","7","2","3","0","4","2","2","2","1","0","1","2"
"4100","28-12-23 21:15","England","Premier League","2023/2024","Arsenal","West Ham","10","3","4","1","6","2","2","0","0","0","2","0"
"4101","28-12-23 20:30","England","Premier League","2023/2024","Brighton","Tottenham","7","6","3","4","4","2","3","2","1","1","2","1"
"4102","27-12-23 21:15","England","Premier League","2023/2024","Everton","Manchester City","4","8","3","5","1","3","4","2","1","0","3","2"
"4103","27-12-23 20:30","England","Premier League","2023/2024","Brentford","Wolves","8","2","5","2","3","0","1","1","1","0","0","1"
"4104","27-12-23 20:30","England","Premier League","2023/2024","Chelsea","Crystal Palace","4","3","2","0","2","3","3","2","0","0","3","2"
"4105","26-12-23 21:00","England","Premier League","2023/2024","Manchester Utd","Aston Villa","3","6","1","4","2","2","1","3","0","1","1","2"
"4106","26-12-23 18:30","England","Premier League","2023/2024","Burnley","Liverpool","4","4","1","3","3","1","2","1","1","0","1","1"
"4107","26-12-23 16:00","England","Premier League","2023/2024","Bournemouth","Fulham","6","5","6","3","0","2","0","2","0","0","0","2"
"4108","26-12-23 16:00","England","Premier League","2023/2024","Sheffield Utd","Luton","9","4","5","3","4","1","5","0","2","0","3","0"
"4109","26-12-23 13:30","England","Premier League","2023/2024","Newcastle","Nottingham","10","2","5","2","5","0","3","3","1","2","2","1"
"4110","24-12-23 14:00","England","Premier League","2023/2024","Wolves","Chelsea","10","6","4","3","6","3","3","6","1","1","2","5"
"4111","23-12-23 18:30","England","Premier League","2023/2024","Liverpool","Arsenal","4","5","1","2","3","3","2","5","1","2","1","3"
"4112","23-12-23 16:00","England","Premier League","2023/2024","Fulham","Burnley","8","6","5","4","3","2","2","1","1","0","1","1"
"4113","23-12-23 16:00","England","Premier League","2023/2024","Luton","Newcastle","5","7","3","2","2","5","2","2","0","0","2","2"
"4114","23-12-23 16:00","England","Premier League","2023/2024","Nottingham","Bournemouth","6","6","2","3","4","3","2","3","2","1","0","2"
"4115","23-12-23 16:00","England","Premier League","2023/2024","Tottenham","Everton","3","8","2","3","1","5","1","4","0","2","1","2"
"4116","23-12-23 13:30","England","Premier League","2023/2024","West Ham","Manchester Utd","4","4","2","3","2","1","2","3","1","1","1","2"
"4117","22-12-23 21:00","England","Premier League","2023/2024","Aston Villa","Sheffield Utd","9","1","3","0","6","1","3","3","0","0","3","3"
"4118","21-12-23 21:00","England","Premier League","2023/2024","Crystal Palace","Brighton","3","1","1","0","2","1","5","2","1","1","4","1"
"4119","17-12-23 17:30","England","Premier League","2023/2024","Liverpool","Manchester Utd","12","0","9","0","3","0","2","6","2","2","0","4"
"4120","17-12-23 15:00","England","Premier League","2023/2024","Arsenal","Brighton","10","1","3","0","7","1","1","3","1","1","0","2"
"4121","17-12-23 15:00","England","Premier League","2023/2024","Brentford","Aston Villa","7","11","3","6","4","5","6","4","0","0","6","4"
"4122","17-12-23 15:00","England","Premier League","2023/2024","West Ham","Wolves","6","5","5","4","1","1","3","1","1","1","2","0"
"4123","16-12-23 18:30","England","Premier League","2023/2024","Burnley","Everton","8","6","3","4","5","2","0","1","0","0","0","1"
"4124","16-12-23 16:00","England","Premier League","2023/2024","Chelsea","Sheffield Utd","7","5","3","3","4","2","1","3","0","1","1","2"
"4125","16-12-23 16:00","England","Premier League","2023/2024","Manchester City","Crystal Palace","6","1","4","1","2","0","1","1","1","1","0","0"
"4126","16-12-23 16:00","England","Premier League","2023/2024","Newcastle","Fulham","5","1","0","1","5","0","0","2","0","0","0","2"
"4127","15-12-23 21:00","England","Premier League","2023/2024","Nottingham","Tottenham","6","4","0","1","6","3","2","4","0","1","2","3"
"4128","10-12-23 17:30","England","Premier League","2023/2024","Tottenham","Newcastle","3","6","3","2","0","4","1","3","0","0","1","3"
"4129","10-12-23 15:00","England","Premier League","2023/2024","Everton","Chelsea","4","8","2","5","2","3","2","2","1","1","1","1"
"4130","10-12-23 15:00","England","Premier League","2023/2024","Fulham","West Ham","3","6","3","3","0","3","2","1","1","1","1","0"
"4131","10-12-23 15:00","England","Premier League","2023/2024","Luton","Manchester City","6","3","0","1","6","2","2","1","0","0","2","1"
"4132","09-12-23 18:30","England","Premier League","2023/2024","Aston Villa","Arsenal","3","3","2","2","1","1","4","2","0","1","4","1"
"4133","09-12-23 16:00","England","Premier League","2023/2024","Brighton","Burnley","9","1","2","1","7","0","0","4","0","1","0","3"
"4134","09-12-23 16:00","England","Premier League","2023/2024","Manchester Utd","Bournemouth","10","4","3","2","7","2","3","1","1","1","2","0"
"4135","09-12-23 16:00","England","Premier League","2023/2024","Sheffield Utd","Brentford","3","3","1","2","2","1","5","1","1","1","4","0"
"4136","09-12-23 16:00","England","Premier League","2023/2024","Wolves","Nottingham","4","3","3","0","1","3","0","1","0","1","0","0"
"4137","09-12-23 13:30","England","Premier League","2023/2024","Crystal Palace","Liverpool","6","5","2","3","4","2","7","2","1","0","6","2"
"4138","07-12-23 21:15","England","Premier League","2023/2024","Tottenham","West Ham","8","4","4","1","4","3","3","3","0","0","3","3"
"4139","07-12-23 20:30","England","Premier League","2023/2024","Everton","Newcastle","5","2","1","0","4","2","3","0","1","0","2","0"
"4140","06-12-23 21:15","England","Premier League","2023/2024","Aston Villa","Manchester City","6","0","3","0","3","0","2","2","0","1","2","1"
"4141","06-12-23 21:15","England","Premier League","2023/2024","Manchester Utd","Chelsea","12","4","6","0","6","4","4","0","2","0","2","0"
"4142","06-12-23 20:30","England","Premier League","2023/2024","Brighton","Brentford","7","3","4","1","3","2","3","1","2","0","1","1"
"4143","06-12-23 20:30","England","Premier League","2023/2024","Crystal Palace","Bournemouth","3","9","2","6","1","3","1","3","1","0","0","3"
"4144","06-12-23 20:30","England","Premier League","2023/2024","Fulham","Nottingham","6","1","2","1","4","0","0","1","0","0","0","1"
"4145","06-12-23 20:30","England","Premier League","2023/2024","Sheffield Utd","Liverpool","2","12","0","9","2","3","2","3","0","1","2","2"
"4146","05-12-23 21:15","England","Premier League","2023/2024","Luton","Arsenal","3","8","2","2","1","6","2","1","2","1","0","0"
"4147","05-12-23 20:30","England","Premier League","2023/2024","Wolves","Burnley","5","8","2","3","3","5","2","4","0","1","2","3"
"4148","03-12-23 17:30","England","Premier League","2023/2024","Manchester City","Tottenham","10","8","6","4","4","4","4","4","1","1","3","3"
"4149","03-12-23 15:00","England","Premier League","2023/2024","Bournemouth","Aston Villa","7","7","4","3","3","4","5","3","3","2","2","1"
"4150","03-12-23 15:00","England","Premier League","2023/2024","Chelsea","Brighton","5","8","5","1","0","7","5","5","2","1","3","4"
"4151","03-12-23 15:00","England","Premier League","2023/2024","Liverpool","Fulham","3","4","1","4","2","0","0","0","0","0","0","0"
"4152","03-12-23 15:00","England","Premier League","2023/2024","West Ham","Crystal Palace","2","3","1","1","1","2","2","0","1","0","1","0"
"4153","02-12-23 21:00","England","Premier League","2023/2024","Newcastle","Manchester Utd","7","3","4","0","3","3","1","2","0","0","1","2"
"4154","02-12-23 18:30","England","Premier League","2023/2024","Nottingham","Everton","4","3","1","1","3","2","1","0","0","0","1","0"
"4155","02-12-23 16:00","England","Premier League","2023/2024","Arsenal","Wolves","4","0","2","0","2","0","1","2","0","0","1","2"
"4156","02-12-23 16:00","England","Premier League","2023/2024","Brentford","Luton","7","5","3","1","4","4","1","2","0","1","1","1"
"4157","02-12-23 16:00","England","Premier League","2023/2024","Burnley","Sheffield Utd","6","1","4","0","2","1","2","7","1","4","1","3"
"4158","27-11-23 21:00","England","Premier League","2023/2024","Fulham","Wolves","6","2","3","1","3","1","2","2","1","1","1","1"
"4159","26-11-23 17:30","England","Premier League","2023/2024","Everton","Manchester Utd","6","5","2","1","4","4","3","0","2","0","1","0"
"4160","26-11-23 15:00","England","Premier League","2023/2024","Tottenham","Aston Villa","9","3","2","1","7","2","0","4","0","3","0","1"
"4161","25-11-23 18:30","England","Premier League","2023/2024","Brentford","Arsenal","1","8","1","4","0","4","1","1","1","0","0","1"
"4162","25-11-23 16:00","England","Premier League","2023/2024","Burnley","West Ham","4","5","2","1","2","4","1","3","1","2","0","1"
"4163","25-11-23 16:00","England","Premier League","2023/2024","Luton","Crystal Palace","4","5","2","1","2","4","6","1","1","1","5","0"
"4164","25-11-23 16:00","England","Premier League","2023/2024","Newcastle","Chelsea","4","2","1","2","3","0","4","6","2","1","2","5"
"4165","25-11-23 16:00","England","Premier League","2023/2024","Nottingham","Brighton","6","4","2","3","4","1","2","5","0","0","2","5"
"4166","25-11-23 16:00","England","Premier League","2023/2024","Sheffield Utd","Bournemouth","4","7","0","1","4","6","4","1","1","0","3","1"
"4167","25-11-23 13:30","England","Premier League","2023/2024","Manchester City","Liverpool","9","6","5","1","4","5","1","3","0","0","1","3"
"4168","12-11-23 17:30","England","Premier League","2023/2024","Chelsea","Manchester City","3","3","3","3","0","0","5","3","2","0","3","3"
"4169","12-11-23 15:00","England","Premier League","2023/2024","Aston Villa","Fulham","2","2","1","1","1","1","2","5","0","0","2","5"
"4170","12-11-23 15:00","England","Premier League","2023/2024","Brighton","Sheffield Utd","6","3","2","2","4","1","3","2","1","1","2","1"
"4171","12-11-23 15:00","England","Premier League","2023/2024","Liverpool","Brentford","6","8","5","0","1","8","1","2","1","2","0","0"
"4172","12-11-23 15:00","England","Premier League","2023/2024","West Ham","Nottingham","9","4","1","2","8","2","2","2","1","0","1","2"
"4173","11-11-23 18:30","England","Premier League","2023/2024","Bournemouth","Newcastle","6","5","2","4","4","1","2","1","0","0","2","1"
"4174","11-11-23 16:00","England","Premier League","2023/2024","Arsenal","Burnley","13","3","7","1","6","2","0","1","0","0","0","1"
"4175","11-11-23 16:00","England","Premier League","2023/2024","Crystal Palace","Everton","9","2","3","1","6","1","1","4","1","1","0","3"
"4176","11-11-23 16:00","England","Premier League","2023/2024","Manchester Utd","Luton","11","3","4","2","7","1","0","2","0","0","0","2"
"4177","11-11-23 13:30","England","Premier League","2023/2024","Wolves","Tottenham","11","3","6","1","5","2","4","3","0","2","4","1"
"4178","06-11-23 21:00","England","Premier League","2023/2024","Tottenham","Chelsea","1","6","1","3","0","3","3","5","2","2","1","3"
"4179","05-11-23 17:30","England","Premier League","2023/2024","Luton","Liverpool","4","7","0","2","4","5","1","1","1","0","0","1"
"4180","05-11-23 15:00","England","Premier League","2023/2024","Nottingham","Aston Villa","0","10","0","6","0","4","1","1","0","0","1","1"
"4181","04-11-23 18:30","England","Premier League","2023/2024","Newcastle","Arsenal","0","11","0","4","0","7","5","1","3","1","2","0"
"4182","04-11-23 16:00","England","Premier League","2023/2024","Brentford","West Ham","4","3","3","1","1","2","1","4","1","1","0","3"
"4183","04-11-23 16:00","England","Premier League","2023/2024","Burnley","Crystal Palace","12","1","9","1","3","0","0","5","0","3","0","2"
"4184","04-11-23 16:00","England","Premier League","2023/2024","Everton","Brighton","3","3","0","0","3","3","4","2","1","2","3","0"
"4185","04-11-23 16:00","England","Premier League","2023/2024","Manchester City","Bournemouth","12","1","9","0","3","1","0","1","0","1","0","0"
"4186","04-11-23 16:00","England","Premier League","2023/2024","Sheffield Utd","Wolves","4","4","0","2","4","2","2","3","1","0","1","3"
"4187","04-11-23 13:30","England","Premier League","2023/2024","Fulham","Manchester Utd","9","4","5","2","4","2","5","2","1","0","4","2"
"4188","29-10-23 16:30","England","Premier League","2023/2024","Manchester Utd","Manchester City","7","12","2","9","5","3","4","1","2","1","2","0"
"4189","29-10-23 15:00","England","Premier League","2023/2024","Aston Villa","Luton","6","4","5","0","1","4","3","2","1","0","2","2"
"4190","29-10-23 15:00","England","Premier League","2023/2024","Brighton","Fulham","7","3","3","2","4","1","0","3","0","0","0","3"
"4191","29-10-23 15:00","England","Premier League","2023/2024","Liverpool","Nottingham","8","3","6","1","2","2","2","3","1","1","1","2"
"4192","29-10-23 14:00","England","Premier League","2023/2024","West Ham","Everton","4","3","1","1","3","2","4","1","1","1","3","0"
"4193","28-10-23 18:30","England","Premier League","2023/2024","Wolves","Newcastle","8","7","6","4","2","3","1","4","0","0","1","4"
"4194","28-10-23 16:00","England","Premier League","2023/2024","Arsenal","Sheffield Utd","6","1","4","0","2","1","0","3","0","0","0","3"
"4195","28-10-23 16:00","England","Premier League","2023/2024","Bournemouth","Burnley","10","5","6","4","4","1","2","3","0","1","2","2"
"4196","28-10-23 13:30","England","Premier League","2023/2024","Chelsea","Brentford","10","1","3","1","7","0","1","3","0","0","1","3"
"4197","27-10-23 21:00","England","Premier League","2023/2024","Crystal Palace","Tottenham","11","2","5","0","6","2","2","1","0","0","2","1"
"4198","23-10-23 21:00","England","Premier League","2023/2024","Tottenham","Fulham","3","5","3","3","0","2","2","0","1","0","1","0"
"4199","22-10-23 17:30","England","Premier League","2023/2024","Aston Villa","West Ham","8","7","5","1","3","6","0","1","0","0","0","1"
"4200","21-10-23 21:00","England","Premier League","2023/2024","Sheffield Utd","Manchester Utd","5","4","2","1","3","3","3","1","2","0","1","1"
"4201","21-10-23 18:30","England","Premier League","2023/2024","Chelsea","Arsenal","2","7","0","3","2","4","3","3","2","1","1","2"
"4202","21-10-23 16:00","England","Premier League","2023/2024","Bournemouth","Wolves","3","12","1","4","2","8","2","6","2","2","0","4"
"4203","21-10-23 16:00","England","Premier League","2023/2024","Brentford","Burnley","5","5","4","2","1","3","5","4","0","3","5","1"
"4204","21-10-23 16:00","England","Premier League","2023/2024","Manchester City","Brighton","2","2","2","0","0","2","4","2","1","1","3","1"
"4205","21-10-23 16:00","England","Premier League","2023/2024","Newcastle","Crystal Palace","6","8","4","2","2","6","2","3","2","2","0","1"
"4206","21-10-23 16:00","England","Premier League","2023/2024","Nottingham","Luton","4","2","2","2","2","0","3","0","0","0","3","0"
"4207","21-10-23 13:30","England","Premier League","2023/2024","Liverpool","Everton","12","4","7","3","5","1","1","3","0","3","1","0"
"4208","08-10-23 17:30","England","Premier League","2023/2024","Arsenal","Manchester City","5","4","2","2","3","2","2","3","1","2","1","1"
"4209","08-10-23 15:00","England","Premier League","2023/2024","Brighton","Liverpool","8","1","5","1","3","0","1","2","0","0","1","2"
"4210","08-10-23 15:00","England","Premier League","2023/2024","West Ham","Newcastle","4","2","1","0","3","2","3","3","2","1","1","2"
"4211","08-10-23 15:00","England","Premier League","2023/2024","Wolves","Aston Villa","2","10","2","4","0","6","4","2","1","2","3","0"
"4212","07-10-23 18:30","England","Premier League","2023/2024","Crystal Palace","Nottingham","3","7","2","1","1","6","0","1","0","0","0","1"
"4213","07-10-23 16:00","England","Premier League","2023/2024","Burnley","Chelsea","7","3","0","3","7","0","2","4","2","3","0","1"
"4214","07-10-23 16:00","England","Premier League","2023/2024","Everton","Bournemouth","8","7","7","4","1","3","1","2","1","0","0","2"
"4215","07-10-23 16:00","England","Premier League","2023/2024","Fulham","Sheffield Utd","9","4","6","1","3","3","1","2","0","0","1","2"
"4216","07-10-23 16:00","England","Premier League","2023/2024","Manchester Utd","Brentford","7","5","5","3","2","2","0","5","0","1","0","4"
"4217","07-10-23 13:30","England","Premier League","2023/2024","Luton","Tottenham","5","6","1","2","4","4","2","3","2","2","0","1"
"4218","03-10-23 20:30","England","Premier League","2023/2024","Luton","Burnley","6","6","0","4","6","2","4","2","1","0","3","2"
"4219","02-10-23 21:00","England","Premier League","2023/2024","Fulham","Chelsea","8","1","4","0","4","1","1","4","0","1","1","3"
"4220","01-10-23 15:00","England","Premier League","2023/2024","Nottingham","Brentford","1","11","1","4","0","7","3","2","1","1","2","1"
"4221","30-09-23 18:30","England","Premier League","2023/2024","Tottenham","Liverpool","11","5","1","4","10","1","5","6","1","1","4","5"
"4222","30-09-23 16:00","England","Premier League","2023/2024","Bournemouth","Arsenal","6","6","3","2","3","4","0","1","0","1","0","0"
"4223","30-09-23 16:00","England","Premier League","2023/2024","Everton","Luton","3","6","0","5","3","1","0","1","0","0","0","1"
"4224","30-09-23 16:00","England","Premier League","2023/2024","Manchester Utd","Crystal Palace","10","4","2","2","8","2","3","2","1","2","2","0"
"4225","30-09-23 16:00","England","Premier League","2023/2024","Newcastle","Burnley","5","3","0","1","5","2","1","3","1","2","0","1"
"4226","30-09-23 16:00","England","Premier League","2023/2024","West Ham","Sheffield Utd","7","4","3","1","4","3","1","1","1","1","0","0"
"4227","30-09-23 16:00","England","Premier League","2023/2024","Wolves","Manchester City","0","6","0","2","0","4","6","5","2","1","4","4"
"4228","30-09-23 13:30","England","Premier League","2023/2024","Aston Villa","Brighton","1","3","0","0","1","3","4","4","2","1","2","3"
"4229","24-09-23 17:30","England","Premier League","2023/2024","Sheffield Utd","Newcastle","2","5","2","3","0","2","4","0","2","0","2","0"
"4230","24-09-23 15:00","England","Premier League","2023/2024","Arsenal","Tottenham","11","4","3","1","8","3","3","4","1","3","2","1"
"4231","24-09-23 15:00","England","Premier League","2023/2024","Brighton","Bournemouth","4","4","2","1","2","3","3","3","2","1","1","2"
"4232","24-09-23 15:00","England","Premier League","2023/2024","Chelsea","Aston Villa","5","11","4","6","1","5","2","3","0","1","2","2"
"4233","24-09-23 15:00","England","Premier League","2023/2024","Liverpool","West Ham","7","4","2","4","5","0","0","2","0","1","0","1"
"4234","23-09-23 21:00","England","Premier League","2023/2024","Burnley","Manchester Utd","9","5","4","1","5","4","1","2","0","1","1","1"
"4235","23-09-23 18:30","England","Premier League","2023/2024","Brentford","Everton","1","4","0","1","1","3","2","2","0","1","2","1"
"4236","23-09-23 16:00","England","Premier League","2023/2024","Crystal Palace","Fulham","3","2","1","2","2","0","3","2","2","2","1","0"
"4237","23-09-23 16:00","England","Premier League","2023/2024","Luton","Wolves","10","1","4","1","6","0","0","2","0","1","0","1"
"4238","23-09-23 16:00","England","Premier League","2023/2024","Manchester City","Nottingham","6","6","4","1","2","5","3","7","1","2","2","5"
"4239","18-09-23 20:45","England","Premier League","2023/2024","Nottingham","Burnley","5","4","1","2","4","2","2","3","2","1","0","2"
"4240","17-09-23 17:30","England","Premier League","2023/2024","Everton","Arsenal","1","11","0","3","1","8","1","1","1","0","0","1"
"4241","17-09-23 15:00","England","Premier League","2023/2024","Bournemouth","Chelsea","1","7","0","3","1","4","1","5","0","2","1","3"
"4242","16-09-23 18:30","England","Premier League","2023/2024","Newcastle","Brentford","8","3","3","2","5","1","3","5","0","2","3","3"
"4243","16-09-23 16:00","England","Premier League","2023/2024","Aston Villa","Crystal Palace","4","2","1","1","3","1","5","3","2","1","3","2"
"4244","16-09-23 16:00","England","Premier League","2023/2024","Fulham","Luton","6","2","2","0","4","2","2","2","2","2","0","0"
"4245","16-09-23 16:00","England","Premier League","2023/2024","Manchester Utd","Brighton","8","1","3","0","5","1","2","2","1","2","1","0"
"4246","16-09-23 16:00","England","Premier League","2023/2024","Tottenham","Sheffield Utd","15","2","5","1","10","1","6","7","0","3","6","4"
"4247","16-09-23 16:00","England","Premier League","2023/2024","West Ham","Manchester City","4","11","2","8","2","3","3","2","1","1","2","1"
"4248","16-09-23 13:30","England","Premier League","2023/2024","Wolves","Liverpool","4","4","4","1","0","3","1","3","0","1","1","2"
"4249","03-09-23 17:30","England","Premier League","2023/2024","Arsenal","Manchester Utd","12","3","8","1","4","2","2","3","1","1","1","2"
"4250","03-09-23 15:00","England","Premier League","2023/2024","Crystal Palace","Wolves","4","2","1","2","3","0","1","3","0","2","1","1"
"4251","03-09-23 15:00","England","Premier League","2023/2024","Liverpool","Aston Villa","7","3","2","1","5","2","0","1","0","1","0","0"
"4252","02-09-23 18:30","England","Premier League","2023/2024","Brighton","Newcastle","5","3","4","1","1","2","4","4","0","2","4","2"
"4253","02-09-23 16:00","England","Premier League","2023/2024","Brentford","Bournemouth","5","2","1","0","4","2","1","2","0","0","1","2"
"4254","02-09-23 16:00","England","Premier League","2023/2024","Burnley","Tottenham","7","4","1","3","6","1","4","3","1","2","3","1"
"4255","02-09-23 16:00","England","Premier League","2023/2024","Chelsea","Nottingham","7","0","2","0","5","0","3","4","3","1","0","3"
"4256","02-09-23 16:00","England","Premier League","2023/2024","Manchester City","Fulham","4","5","2","3","2","2","2","4","1","2","1","2"
"4257","02-09-23 13:30","England","Premier League","2023/2024","Sheffield Utd","Everton","4","6","2","4","2","2","1","2","0","1","1","1"
"4258","01-09-23 21:00","England","Premier League","2023/2024","Luton","West Ham","9","6","4","3","5","3","1","1","0","0","1","1"
"4259","27-08-23 17:30","England","Premier League","2023/2024","Newcastle","Liverpool","5","9","3","4","2","5","1","2","0","1","1","1"
"4260","27-08-23 15:00","England","Premier League","2023/2024","Burnley","Aston Villa","4","6","1","2","3","4","2","0","2","0","0","0"
"4261","27-08-23 15:00","England","Premier League","2023/2024","Sheffield Utd","Manchester City","1","12","0","5","1","7","4","0","1","0","3","0"
"4262","26-08-23 18:30","England","Premier League","2023/2024","Brighton","West Ham","17","4","6","3","11","1","1","3","0","2","1","1"
"4263","26-08-23 16:00","England","Premier League","2023/2024","Arsenal","Fulham","8","3","4","1","4","2","0","5","0","1","0","4"
"4264","26-08-23 16:00","England","Premier League","2023/2024","Brentford","Crystal Palace","8","6","3","0","5","6","0","0","0","0","0","0"
"4265","26-08-23 16:00","England","Premier League","2023/2024","Everton","Wolves","7","0","2","0","5","0","3","4","0","2","3","2"
"4266","26-08-23 16:00","England","Premier League","2023/2024","Manchester Utd","Nottingham","11","3","4","1","7","2","4","4","0","2","4","2"
"4267","26-08-23 13:30","England","Premier League","2023/2024","Bournemouth","Tottenham","6","2","4","2","2","0","1","3","1","0","0","3"
"4268","25-08-23 21:00","England","Premier League","2023/2024","Chelsea","Luton","6","4","3","2","3","2","2","3","0","2","2","1"
"4269","21-08-23 21:00","England","Premier League","2023/2024","Crystal Palace","Arsenal","1","8","0","5","1","3","2","3","1","0","1","3"
"4270","20-08-23 17:30","England","Premier League","2023/2024","West Ham","Chelsea","3","9","2","5","1","4","4","3","3","2","1","1"
"4271","20-08-23 15:00","England","Premier League","2023/2024","Aston Villa","Everton","7","6","4","2","3","4","3","4","2","3","1","1"
"4272","19-08-23 21:00","England","Premier League","2023/2024","Manchester City","Newcastle","3","0","1","0","2","0","1","5","0","2","1","3"
"4273","19-08-23 18:30","England","Premier League","2023/2024","Tottenham","Manchester Utd","5","6","2","4","3","2","1","3","0","3","1","0"
"4274","19-08-23 16:00","England","Premier League","2023/2024","Fulham","Brentford","5","5","3","2","2","3","4","2","1","1","3","1"
"4275","19-08-23 16:00","England","Premier League","2023/2024","Liverpool","Bournemouth","10","2","7","0","3","2","1","3","1","3","0","0"
"4276","19-08-23 16:00","England","Premier League","2023/2024","Wolves","Brighton","5","3","1","3","4","0","5","6","1","3","4","3"
"4277","18-08-23 20:45","England","Premier League","2023/2024","Nottingham","Sheffield Utd","6","7","4","3","2","4","2","3","2","1","0","2"
"4278","14-08-23 21:00","England","Premier League","2023/2024","Manchester Utd","Wolves","8","7","4","1","4","6","2","3","2","2","0","1"
"4279","13-08-23 17:30","England","Premier League","2023/2024","Chelsea","Liverpool","4","4","2","0","2","4","3","4","2","1","1","3"
"4280","13-08-23 15:00","England","Premier League","2023/2024","Brentford","Tottenham","3","6","3","1","0","5","1","4","0","4","1","0"
"4281","12-08-23 18:30","England","Premier League","2023/2024","Newcastle","Aston Villa","6","5","1","1","5","4","4","4","1","3","3","1"
"4282","12-08-23 16:00","England","Premier League","2023/2024","Bournemouth","West Ham","10","4","4","3","6","1","1","4","0","1","1","3"
"4283","12-08-23 16:00","England","Premier League","2023/2024","Brighton","Luton","6","7","3","3","3","4","2","2","2","0","0","2"
"4284","12-08-23 16:00","England","Premier League","2023/2024","Everton","Fulham","10","4","4","1","6","3","0","2","0","1","0","1"
"4285","12-08-23 16:00","England","Premier League","2023/2024","Sheffield Utd","Crystal Palace","5","5","4","4","1","1","3","0","1","0","2","0"
"4286","12-08-23 13:30","England","Premier League","2023/2024","Arsenal","Nottingham","8","3","5","0","3","3","2","2","1","1","1","1"
"4287","11-08-23 21:00","England","Premier League","2023/2024","Burnley","Manchester City","6","5","1","1","5","4","0","0","0","0","0","0"
"4288","28-05-23 17:30","England","Premier League","2022/2023","Arsenal","Wolves","8","4","1","2","7","2","0","0","0","0","0","0"
"4289","28-05-23 17:30","England","Premier League","2022/2023","Aston Villa","Brighton","3","3","2","1","1","2","4","4","3","1","1","3"
"4290","28-05-23 17:30","England","Premier League","2022/2023","Brentford","Manchester City","3","4","1","2","2","2","4","0","0","0","4","0"
"4291","28-05-23 17:30","England","Premier League","2022/2023","Chelsea","Newcastle","10","3","7","1","3","2","0","0","0","0","0","0"
"4292","28-05-23 17:30","England","Premier League","2022/2023","Crystal Palace","Nottingham","5","4","1","1","4","3","0","2","0","1","0","1"
"4293","28-05-23 17:30","England","Premier League","2022/2023","Everton","Bournemouth","9","3","5","2","4","1","1","3","0","0","1","3"
"4294","28-05-23 17:30","England","Premier League","2022/2023","Leeds","Tottenham","12","3","7","2","5","1","3","0","2","0","1","0"
"4295","28-05-23 17:30","England","Premier League","2022/2023","Leicester","West Ham","3","5","1","1","2","4","1","1","0","0","1","1"
"4296","28-05-23 17:30","England","Premier League","2022/2023","Manchester Utd","Fulham","5","4","3","2","2","2","1","2","0","0","1","2"
"4297","28-05-23 17:30","England","Premier League","2022/2023","Southampton","Liverpool","2","9","1","3","1","6","0","2","0","1","0","1"
"4298","25-05-23 21:00","England","Premier League","2022/2023","Manchester Utd","Chelsea","3","4","1","1","2","3","1","1","0","0","1","1"
"4299","24-05-23 21:00","England","Premier League","2022/2023","Brighton","Manchester City","5","1","3","0","2","1","2","1","0","1","2","0"
"4300","22-05-23 21:00","England","Premier League","2022/2023","Newcastle","Leicester","12","1","6","0","6","1","2","0","2","0","0","0"
"4301","21-05-23 17:00","England","Premier League","2022/2023","Manchester City","Chelsea","5","2","3","1","2","1","0","2","0","1","0","1"
"4302","21-05-23 15:00","England","Premier League","2022/2023","Brighton","Southampton","4","3","0","0","4","3","2","5","0","3","2","2"
"4303","21-05-23 14:30","England","Premier League","2022/2023","West Ham","Leeds","9","5","5","1","4","4","1","3","0","0","1","3"
"4304","20-05-23 18:30","England","Premier League","2022/2023","Nottingham","Arsenal","3","6","1","4","2","2","3","2","2","0","1","2"
"4305","20-05-23 16:00","England","Premier League","2022/2023","Bournemouth","Manchester Utd","3","6","1","0","2","6","1","0","0","0","1","0"
"4306","20-05-23 16:00","England","Premier League","2022/2023","Fulham","Crystal Palace","7","4","5","0","2","4","3","0","0","0","3","0"
"4307","20-05-23 16:00","England","Premier League","2022/2023","Liverpool","Aston Villa","9","3","3","2","6","1","3","5","1","1","2","4"
"4308","20-05-23 16:00","England","Premier League","2022/2023","Wolves","Everton","1","7","0","3","1","4","5","1","2","0","3","1"
"4309","20-05-23 13:30","England","Premier League","2022/2023","Tottenham","Brentford","8","2","3","1","5","1","1","1","1","0","0","1"
"4310","18-05-23 20:30","England","Premier League","2022/2023","Newcastle","Brighton","6","1","6","0","0","1","2","4","2","1","0","3"
"4311","15-05-23 21:00","England","Premier League","2022/2023","Leicester","Liverpool","4","4","1","2","3","2","2","1","0","0","2","1"
"4312","14-05-23 17:30","England","Premier League","2022/2023","Arsenal","Brighton","5","2","3","1","2","1","1","2","0","1","1","1"
"4313","14-05-23 15:00","England","Premier League","2022/2023","Brentford","West Ham","7","5","4","1","3","4","1","0","0","0","1","0"
"4314","14-05-23 15:00","England","Premier League","2022/2023","Everton","Manchester City","8","6","3","5","5","1","1","0","0","0","1","0"
"4315","13-05-23 16:00","England","Premier League","2022/2023","Aston Villa","Tottenham","8","3","6","0","2","3","3","3","1","0","2","3"
"4316","13-05-23 16:00","England","Premier League","2022/2023","Chelsea","Nottingham","2","5","0","3","2","2","3","1","0","0","3","1"
"4317","13-05-23 16:00","England","Premier League","2022/2023","Crystal Palace","Bournemouth","11","2","7","1","4","1","0","2","0","0","0","2"
"4318","13-05-23 16:00","England","Premier League","2022/2023","Manchester Utd","Wolves","11","7","2","3","9","4","3","2","1","1","2","1"
"4319","13-05-23 16:00","England","Premier League","2022/2023","Southampton","Fulham","1","8","0","4","1","4","2","0","0","0","2","0"
"4320","13-05-23 13:30","England","Premier League","2022/2023","Leeds","Newcastle","2","6","1","2","1","4","4","2","0","0","4","2"
"4321","08-05-23 21:00","England","Premier League","2022/2023","Nottingham","Southampton","2","11","1","4","1","7","1","0","0","0","1","0"
"4322","08-05-23 18:30","England","Premier League","2022/2023","Brighton","Everton","15","1","2","1","13","0","1","4","1","3","0","1"
"4323","08-05-23 16:00","England","Premier League","2022/2023","Fulham","Leicester","2","7","2","5","0","2","0","3","0","1","0","2"
"4324","07-05-23 20:00","England","Premier League","2022/2023","West Ham","Manchester Utd","5","6","0","1","5","5","0","2","0","1","0","1"
"4325","07-05-23 17:30","England","Premier League","2022/2023","Newcastle","Arsenal","9","4","4","2","5","2","2","1","0","0","2","1"
"4326","06-05-23 18:30","England","Premier League","2022/2023","Liverpool","Brentford","7","3","4","1","3","2","4","2","2","1","2","1"
"4327","06-05-23 16:00","England","Premier League","2022/2023","Bournemouth","Chelsea","7","7","2","2","5","5","1","3","1","2","0","1"
"4328","06-05-23 16:00","England","Premier League","2022/2023","Manchester City","Leeds","10","1","3","1","7","0","0","3","0","1","0","2"
"4329","06-05-23 16:00","England","Premier League","2022/2023","Tottenham","Crystal Palace","8","4","4","2","4","2","3","5","0","0","3","5"
"4330","06-05-23 16:00","England","Premier League","2022/2023","Wolves","Aston Villa","5","6","1","2","4","4","3","3","1","1","2","2"
"4331","04-05-23 21:00","England","Premier League","2022/2023","Brighton","Manchester Utd","8","6","3","5","5","1","4","4","0","1","4","3"
"4332","03-05-23 21:00","England","Premier League","2022/2023","Liverpool","Fulham","7","5","3","3","4","2","0","0","0","0","0","0"
"4333","03-05-23 21:00","England","Premier League","2022/2023","Manchester City","West Ham","6","3","4","0","2","3","0","1","0","0","0","1"
"4334","02-05-23 21:00","England","Premier League","2022/2023","Arsenal","Chelsea","7","2","2","1","5","1","0","2","0","0","0","2"
"4335","01-05-23 21:00","England","Premier League","2022/2023","Leicester","Everton","2","9","0","6","2","3","4","1","1","0","3","1"
"4336","30-04-23 17:30","England","Premier League","2022/2023","Liverpool","Tottenham","4","2","2","1","2","1","3","2","0","0","3","2"
"4337","30-04-23 15:00","England","Premier League","2022/2023","Bournemouth","Leeds","2","5","1","0","1","5","1","0","0","0","1","0"
"4338","30-04-23 15:00","England","Premier League","2022/2023","Fulham","Manchester City","2","5","2","0","0","5","1","3","0","0","1","3"
"4339","30-04-23 15:00","England","Premier League","2022/2023","Manchester Utd","Aston Villa","1","4","1","1","0","3","2","0","0","0","2","0"
"4340","30-04-23 15:00","England","Premier League","2022/2023","Newcastle","Southampton","11","2","3","1","8","1","1","4","0","1","1","3"
"4341","29-04-23 16:00","England","Premier League","2022/2023","Brentford","Nottingham","6","0","3","0","3","0","1","2","1","1","0","1"
"4342","29-04-23 16:00","England","Premier League","2022/2023","Brighton","Wolves","2","5","1","1","1","4","1","1","1","0","0","1"
"4343","29-04-23 13:30","England","Premier League","2022/2023","Crystal Palace","West Ham","8","5","3","3","5","2","1","2","1","1","0","1"
"4344","27-04-23 21:15","England","Premier League","2022/2023","Tottenham","Manchester Utd","6","8","2","2","4","6","1","2","1","1","0","1"
"4345","27-04-23 20:45","England","Premier League","2022/2023","Everton","Newcastle","3","14","1","5","2","9","2","1","1","0","1","1"
"4346","27-04-23 20:45","England","Premier League","2022/2023","Southampton","Bournemouth","6","4","4","2","2","2","0","3","0","0","0","3"
"4347","26-04-23 21:00","England","Premier League","2022/2023","Manchester City","Arsenal","1","3","0","1","1","2","3","1","1","0","2","1"
"4348","26-04-23 20:45","England","Premier League","2022/2023","Chelsea","Brentford","5","2","3","1","2","1","1","2","0","0","1","2"
"4349","26-04-23 20:45","England","Premier League","2022/2023","West Ham","Liverpool","3","6","1","4","2","2","0","0","0","0","0","0"
"4350","26-04-23 20:30","England","Premier League","2022/2023","Nottingham","Brighton","2","7","1","3","1","4","2","0","1","0","1","0"
"4351","25-04-23 21:00","England","Premier League","2022/2023","Leeds","Leicester","3","6","0","2","3","4","4","2","2","0","2","2"
"4352","25-04-23 20:45","England","Premier League","2022/2023","Aston Villa","Fulham","8","2","7","1","1","1","3","2","0","1","3","1"
"4353","25-04-23 20:30","England","Premier League","2022/2023","Wolves","Crystal Palace","6","11","4","5","2","6","5","4","0","2","5","2"
"4354","23-04-23 15:00","England","Premier League","2022/2023","Bournemouth","West Ham","8","5","3","3","5","2","1","2","0","0","1","2"
"4355","23-04-23 15:00","England","Premier League","2022/2023","Newcastle","Tottenham","9","3","6","2","3","1","0","3","0","2","0","1"
"4356","22-04-23 16:00","England","Premier League","2022/2023","Brentford","Aston Villa","8","4","4","3","4","1","3","2","1","1","2","1"
"4357","22-04-23 16:00","England","Premier League","2022/2023","Crystal Palace","Everton","8","1","2","0","6","1","1","3","1","1","0","2"
"4358","22-04-23 16:00","England","Premier League","2022/2023","Leicester","Wolves","1","7","0","4","1","3","1","3","0","2","1","1"
"4359","22-04-23 16:00","England","Premier League","2022/2023","Liverpool","Nottingham","9","3","6","1","3","2","0","1","0","0","0","1"
"4360","22-04-23 13:30","England","Premier League","2022/2023","Fulham","Leeds","8","6","5","0","3","6","1","4","1","1","0","3"
"4361","21-04-23 21:00","England","Premier League","2022/2023","Arsenal","Southampton","7","2","4","1","3","1","1","5","1","3","0","2"
"4362","17-04-23 21:00","England","Premier League","2022/2023","Leeds","Liverpool","4","2","2","0","2","2","0","1","0","1","0","0"
"4363","16-04-23 17:30","England","Premier League","2022/2023","Nottingham","Manchester Utd","4","9","3","3","1","6","2","2","0","1","2","1"
"4364","16-04-23 15:00","England","Premier League","2022/2023","West Ham","Arsenal","7","2","3","0","4","2","1","2","0","2","1","0"
"4365","15-04-23 18:30","England","Premier League","2022/2023","Manchester City","Leicester","6","2","2","0","4","2","1","1","1","0","0","1"
"4366","15-04-23 16:00","England","Premier League","2022/2023","Chelsea","Brighton","2","8","1","4","1","4","2","2","1","1","1","1"
"4367","15-04-23 16:00","England","Premier League","2022/2023","Everton","Fulham","4","7","2","1","2","6","3","2","1","0","2","2"
"4368","15-04-23 16:00","England","Premier League","2022/2023","Southampton","Crystal Palace","6","2","6","0","0","2","3","1","0","1","3","0"
"4369","15-04-23 16:00","England","Premier League","2022/2023","Tottenham","Bournemouth","8","1","3","1","5","0","1","3","0","2","1","1"
"4370","15-04-23 16:00","England","Premier League","2022/2023","Wolves","Brentford","5","2","3","1","2","1","1","1","1","1","0","0"
"4371","15-04-23 13:30","England","Premier League","2022/2023","Aston Villa","Newcastle","7","2","3","1","4","1","1","1","0","1","1","0"
"4372","09-04-23 17:30","England","Premier League","2022/2023","Liverpool","Arsenal","5","4","1","2","4","2","4","4","3","2","1","2"
"4373","09-04-23 15:00","England","Premier League","2022/2023","Leeds","Crystal Palace","2","4","2","3","0","1","3","1","1","0","2","1"
"4374","08-04-23 18:30","England","Premier League","2022/2023","Southampton","Manchester City","0","10","0","6","0","4","0","2","0","1","0","1"
"4375","08-04-23 16:00","England","Premier League","2022/2023","Aston Villa","Nottingham","1","8","0","2","1","6","3","4","1","1","2","3"
"4376","08-04-23 16:00","England","Premier League","2022/2023","Brentford","Newcastle","6","5","4","2","2","3","0","2","0","1","0","1"
"4377","08-04-23 16:00","England","Premier League","2022/2023","Fulham","West Ham","11","4","4","1","7","3","1","1","0","0","1","1"
"4378","08-04-23 16:00","England","Premier League","2022/2023","Leicester","Bournemouth","6","6","3","3","3","3","0","3","0","1","0","2"
"4379","08-04-23 16:00","England","Premier League","2022/2023","Tottenham","Brighton","3","7","2","3","1","4","3","1","0","0","3","1"
"4380","08-04-23 16:00","England","Premier League","2022/2023","Wolves","Chelsea","8","8","7","6","1","2","2","5","1","0","1","5"
"4381","08-04-23 13:30","England","Premier League","2022/2023","Manchester Utd","Everton","10","4","7","2","3","2","0","0","0","0","0","0"
"4382","05-04-23 21:00","England","Premier League","2022/2023","Manchester Utd","Brentford","12","3","8","0","4","3","3","2","2","0","1","2"
"4383","05-04-23 21:00","England","Premier League","2022/2023","West Ham","Newcastle","7","6","4","4","3","2","2","1","1","0","1","1"
"4384","04-04-23 21:00","England","Premier League","2022/2023","Chelsea","Liverpool","3","5","1","4","2","1","1","4","0","0","1","4"
"4385","04-04-23 20:45","England","Premier League","2022/2023","Bournemouth","Brighton","5","5","2","2","3","3","1","1","0","0","1","1"
"4386","04-04-23 20:45","England","Premier League","2022/2023","Leeds","Nottingham","11","4","6","2","5","2","1","4","0","1","1","3"
"4387","04-04-23 20:45","England","Premier League","2022/2023","Leicester","Aston Villa","4","8","1","1","3","7","4","0","0","0","4","0"
"4388","03-04-23 21:00","England","Premier League","2022/2023","Everton","Tottenham","3","3","1","1","2","2","0","3","0","0","0","3"
"4389","02-04-23 17:30","England","Premier League","2022/2023","Newcastle","Manchester Utd","7","4","3","1","4","3","0","0","0","0","0","0"
"4390","02-04-23 15:00","England","Premier League","2022/2023","West Ham","Southampton","5","3","1","1","4","2","0","2","0","1","0","1"
"4391","01-04-23 18:30","England","Premier League","2022/2023","Chelsea","Aston Villa","13","2","8","0","5","2","3","3","1","1","2","2"
"4392","01-04-23 16:00","England","Premier League","2022/2023","Arsenal","Leeds","4","3","1","0","3","3","0","2","0","1","0","1"
"4393","01-04-23 16:00","England","Premier League","2022/2023","Bournemouth","Fulham","4","3","0","3","4","0","1","4","0","0","1","4"
"4394","01-04-23 16:00","England","Premier League","2022/2023","Brighton","Brentford","14","0","6","0","8","0","2","1","0","0","2","1"
"4395","01-04-23 16:00","England","Premier League","2022/2023","Crystal Palace","Leicester","10","1","7","0","3","1","3","4","0","1","3","3"
"4396","01-04-23 16:00","England","Premier League","2022/2023","Nottingham","Wolves","4","3","4","1","0","2","3","5","2","2","1","3"
"4397","01-04-23 13:30","England","Premier League","2022/2023","Manchester City","Liverpool","7","1","3","0","4","1","1","1","1","1","0","0"
"4398","19-03-23 15:00","England","Premier League","2022/2023","Arsenal","Crystal Palace","5","4","3","1","2","3","0","1","0","0","0","1"
"4399","18-03-23 18:30","England","Premier League","2022/2023","Chelsea","Everton","8","2","2","0","6","2","2","2","0","2","2","0"
"4400","18-03-23 16:00","England","Premier League","2022/2023","Aston Villa","Bournemouth","9","6","2","2","7","4","1","4","1","1","0","3"
"4401","18-03-23 16:00","England","Premier League","2022/2023","Brentford","Leicester","8","4","5","0","3","4","3","2","1","1","2","1"
"4402","18-03-23 16:00","England","Premier League","2022/2023","Southampton","Tottenham","10","3","8","2","2","1","1","1","0","0","1","1"
"4403","18-03-23 16:00","England","Premier League","2022/2023","Wolves","Leeds","5","4","0","3","5","1","3","5","1","3","2","2"
"4404","17-03-23 21:00","England","Premier League","2022/2023","Nottingham","Newcastle","3","7","1","2","2","5","5","1","1","1","4","0"
"4405","15-03-23 20:30","England","Premier League","2022/2023","Brighton","Crystal Palace","1","4","0","4","1","0","1","2","0","1","1","1"
"4406","15-03-23 20:30","England","Premier League","2022/2023","Southampton","Brentford","3","3","0","3","3","0","1","2","0","0","1","2"
"4407","12-03-23 17:30","England","Premier League","2022/2023","Newcastle","Wolves","10","3","6","1","4","2","1","2","0","1","1","1"
"4408","12-03-23 15:00","England","Premier League","2022/2023","Fulham","Arsenal","4","8","0","4","4","4","0","1","0","0","0","1"
"4409","12-03-23 15:00","England","Premier League","2022/2023","Manchester Utd","Southampton","7","8","3","4","4","4","2","0","1","0","1","0"
"4410","12-03-23 15:00","England","Premier League","2022/2023","West Ham","Aston Villa","12","2","6","1","6","1","1","0","0","0","1","0"
"4411","11-03-23 18:30","England","Premier League","2022/2023","Crystal Palace","Manchester City","2","6","1","3","1","3","2","2","1","0","1","2"
"4412","11-03-23 16:00","England","Premier League","2022/2023","Everton","Brentford","5","8","4","2","1","6","2","1","0","1","2","0"
"4413","11-03-23 16:00","England","Premier League","2022/2023","Leeds","Brighton","4","7","0","2","4","5","1","1","0","0","1","1"
"4414","11-03-23 16:00","England","Premier League","2022/2023","Leicester","Chelsea","2","5","0","1","2","4","3","2","1","2","2","0"
"4415","11-03-23 16:00","England","Premier League","2022/2023","Tottenham","Nottingham","2","10","0","3","2","7","3","1","0","0","3","1"
"4416","11-03-23 13:30","England","Premier League","2022/2023","Bournemouth","Liverpool","3","8","2","6","1","2","2","1","0","0","2","1"
"4417","06-03-23 21:00","England","Premier League","2022/2023","Brentford","Fulham","2","3","2","0","0","3","0","3","0","2","0","1"
"4418","05-03-23 17:30","England","Premier League","2022/2023","Liverpool","Manchester Utd","4","3","2","2","2","1","2","3","1","0","1","3"
"4419","05-03-23 15:00","England","Premier League","2022/2023","Nottingham","Everton","3","3","2","1","1","2","3","5","0","1","3","4"
"4420","04-03-23 18:30","England","Premier League","2022/2023","Southampton","Leicester","3","4","3","1","0","3","4","2","1","2","3","0"
"4421","04-03-23 16:00","England","Premier League","2022/2023","Arsenal","Bournemouth","17","1","9","0","8","1","0","2","0","0","0","2"
"4422","04-03-23 16:00","England","Premier League","2022/2023","Aston Villa","Crystal Palace","2","4","2","3","0","1","2","5","0","0","2","5"
"4423","04-03-23 16:00","England","Premier League","2022/2023","Brighton","West Ham","7","3","4","3","3","0","0","3","0","0","0","3"
"4424","04-03-23 16:00","England","Premier League","2022/2023","Chelsea","Leeds","5","7","4","3","1","4","2","0","1","0","1","0"
"4425","04-03-23 16:00","England","Premier League","2022/2023","Wolves","Tottenham","4","8","0","3","4","5","1","1","1","0","0","1"
"4426","04-03-23 13:30","England","Premier League","2022/2023","Manchester City","Newcastle","8","4","2","1","6","3","2","4","0","0","2","4"
"4427","01-03-23 21:00","England","Premier League","2022/2023","Liverpool","Wolves","5","2","5","1","0","1","2","3","1","2","1","1"
"4428","01-03-23 20:45","England","Premier League","2022/2023","Arsenal","Everton","5","1","2","1","3","0","0","2","0","0","0","2"
"4429","26-02-23 14:30","England","Premier League","2022/2023","Tottenham","Chelsea","4","4","3","2","1","2","2","3","1","2","1","1"
"4430","25-02-23 20:45","England","Premier League","2022/2023","Crystal Palace","Liverpool","5","3","2","0","3","3","2","5","1","1","1","4"
"4431","25-02-23 18:30","England","Premier League","2022/2023","Bournemouth","Manchester City","4","6","3","2","1","4","2","2","0","0","2","2"
"4432","25-02-23 16:00","England","Premier League","2022/2023","Everton","Aston Villa","5","1","3","1","2","0","2","1","1","0","1","1"
"4433","25-02-23 16:00","England","Premier League","2022/2023","Leeds","Southampton","9","2","5","0","4","2","2","4","0","0","2","4"
"4434","25-02-23 16:00","England","Premier League","2022/2023","Leicester","Arsenal","0","8","0","5","0","3","0","1","0","1","0","0"
"4435","25-02-23 16:00","England","Premier League","2022/2023","West Ham","Nottingham","12","3","9","2","3","1","0","0","0","0","0","0"
"4436","24-02-23 21:00","England","Premier League","2022/2023","Fulham","Wolves","3","3","1","1","2","2","2","0","1","0","1","0"
"4437","19-02-23 17:30","England","Premier League","2022/2023","Tottenham","West Ham","4","7","3","2","1","5","2","1","1","0","1","1"
"4438","19-02-23 15:00","England","Premier League","2022/2023","Manchester Utd","Leicester","6","6","2","3","4","3","0","2","0","1","0","1"
"4439","18-02-23 18:30","England","Premier League","2022/2023","Newcastle","Liverpool","6","7","5","2","1","5","1","1","1","1","0","0"
"4440","18-02-23 16:00","England","Premier League","2022/2023","Brentford","Crystal Palace","2","6","1","4","1","2","2","2","1","2","1","0"
"4441","18-02-23 16:00","England","Premier League","2022/2023","Brighton","Fulham","10","2","4","1","6","1","0","5","0","0","0","5"
"4442","18-02-23 16:00","England","Premier League","2022/2023","Chelsea","Southampton","8","2","1","0","7","2","3","6","1","2","2","4"
"4443","18-02-23 16:00","England","Premier League","2022/2023","Everton","Leeds","6","4","5","2","1","2","2","3","2","2","0","1"
"4444","18-02-23 16:00","England","Premier League","2022/2023","Nottingham","Manchester City","0","10","0","4","0","6","1","0","1","0","0","0"
"4445","18-02-23 16:00","England","Premier League","2022/2023","Wolves","Bournemouth","12","2","8","2","4","0","3","3","0","1","3","2"
"4446","18-02-23 13:30","England","Premier League","2022/2023","Aston Villa","Arsenal","2","9","0","3","2","6","2","1","1","1","1","0"
"4447","15-02-23 20:30","England","Premier League","2022/2023","Arsenal","Manchester City","1","2","1","2","0","0","2","4","0","3","2","1"
"4448","13-02-23 21:00","England","Premier League","2022/2023","Liverpool","Everton","3","3","0","2","3","1","1","3","0","0","1","3"
"4449","12-02-23 17:30","England","Premier League","2022/2023","Manchester City","Aston Villa","8","4","5","3","3","1","1","2","1","1","0","1"
"4450","12-02-23 15:00","England","Premier League","2022/2023","Leeds","Manchester Utd","7","3","0","2","7","1","2","1","2","1","0","0"
"4451","11-02-23 18:30","England","Premier League","2022/2023","Bournemouth","Newcastle","4","6","2","4","2","2","2","3","0","0","2","3"
"4452","11-02-23 16:00","England","Premier League","2022/2023","Arsenal","Brentford","7","4","3","3","4","1","0","2","0","0","0","2"
"4453","11-02-23 16:00","England","Premier League","2022/2023","Crystal Palace","Brighton","1","6","1","2","0","4","4","1","1","1","3","0"
"4454","11-02-23 16:00","England","Premier League","2022/2023","Fulham","Nottingham","5","4","2","1","3","3","0","1","0","1","0","0"
"4455","11-02-23 16:00","England","Premier League","2022/2023","Leicester","Tottenham","1","5","1","4","0","1","5","2","2","1","3","1"
"4456","11-02-23 16:00","England","Premier League","2022/2023","Southampton","Wolves","5","2","3","1","2","1","2","4","2","4","0","0"
"4457","11-02-23 13:30","England","Premier League","2022/2023","West Ham","Chelsea","5","6","3","2","2","4","1","1","0","0","1","1"
"4458","08-02-23 21:00","England","Premier League","2022/2023","Manchester Utd","Leeds","6","5","4","2","2","3","1","3","0","0","1","3"
"4459","05-02-23 17:30","England","Premier League","2022/2023","Tottenham","Manchester City","4","6","2","2","2","4","4","3","2","0","2","3"
"4460","05-02-23 15:00","England","Premier League","2022/2023","Nottingham","Leeds","0","2","0","1","0","1","4","2","1","1","3","1"
"4461","04-02-23 18:30","England","Premier League","2022/2023","Newcastle","West Ham","4","2","0","1","4","1","2","1","1","0","1","1"
"4462","04-02-23 16:00","England","Premier League","2022/2023","Aston Villa","Leicester","11","3","3","2","8","1","0","3","0","0","0","3"
"4463","04-02-23 16:00","England","Premier League","2022/2023","Brentford","Southampton","4","4","4","2","0","2","1","2","0","0","1","2"
"4464","04-02-23 16:00","England","Premier League","2022/2023","Brighton","Bournemouth","7","3","4","1","3","2","3","1","1","0","2","1"
"4465","04-02-23 16:00","England","Premier League","2022/2023","Manchester Utd","Crystal Palace","5","5","5","2","0","3","1","2","0","1","1","1"
"4466","04-02-23 16:00","England","Premier League","2022/2023","Wolves","Liverpool","2","7","1","0","1","7","1","1","1","0","0","1"
"4467","04-02-23 13:30","England","Premier League","2022/2023","Everton","Arsenal","7","5","4","0","3","5","4","1","0","0","4","1"
"4468","03-02-23 21:00","England","Premier League","2022/2023","Chelsea","Fulham","6","2","1","2","5","0","1","4","0","1","1","3"
"4469","23-01-23 21:15","England","Premier League","2022/2023","Fulham","Tottenham","3","8","1","5","2","3","1","3","1","1","0","2"
"4470","22-01-23 17:30","England","Premier League","2022/2023","Arsenal","Manchester Utd","12","4","6","1","6","3","1","2","1","0","0","2"
"4471","22-01-23 15:00","England","Premier League","2022/2023","Leeds","Brentford","2","3","0","1","2","2","2","2","0","0","2","2"
"4472","22-01-23 15:00","England","Premier League","2022/2023","Manchester City","Wolves","5","7","4","0","1","7","1","2","1","2","0","0"
"4473","21-01-23 18:30","England","Premier League","2022/2023","Crystal Palace","Newcastle","3","15","2","4","1","11","4","2","1","0","3","2"
"4474","21-01-23 16:00","England","Premier League","2022/2023","Bournemouth","Nottingham","4","6","2","3","2","3","1","2","1","1","0","1"
"4475","21-01-23 16:00","England","Premier League","2022/2023","Leicester","Brighton","5","6","3","4","2","2","0","1","0","0","0","1"
"4476","21-01-23 16:00","England","Premier League","2022/2023","Southampton","Aston Villa","2","2","1","1","1","1","1","2","1","0","0","2"
"4477","21-01-23 16:00","England","Premier League","2022/2023","West Ham","Everton","4","9","3","5","1","4","1","1","0","0","1","1"
"4478","21-01-23 13:30","England","Premier League","2022/2023","Liverpool","Chelsea","5","5","2","3","3","2","3","1","1","0","2","1"
"4479","19-01-23 21:00","England","Premier League","2022/2023","Manchester City","Tottenham","8","3","7","3","1","0","1","2","1","2","0","0"
"4480","18-01-23 21:00","England","Premier League","2022/2023","Crystal Palace","Manchester Utd","3","3","1","1","2","2","1","2","0","0","1","2"
"4481","15-01-23 17:30","England","Premier League","2022/2023","Tottenham","Arsenal","4","3","1","2","3","1","4","2","2","0","2","2"
"4482","15-01-23 15:00","England","Premier League","2022/2023","Chelsea","Crystal Palace","11","7","9","4","2","3","2","5","0","2","2","3"
"4483","15-01-23 15:00","England","Premier League","2022/2023","Newcastle","Fulham","10","5","7","2","3","3","1","3","0","0","1","3"
"4484","14-01-23 18:30","England","Premier League","2022/2023","Brentford","Bournemouth","5","3","4","1","1","2","1","1","0","1","1","0"
"4485","14-01-23 16:00","England","Premier League","2022/2023","Brighton","Liverpool","7","1","4","0","3","1","1","3","1","2","0","1"
"4486","14-01-23 16:00","England","Premier League","2022/2023","Everton","Southampton","6","4","2","2","4","2","0","3","0","1","0","2"
"4487","14-01-23 16:00","England","Premier League","2022/2023","Nottingham","Leicester","3","5","2","5","1","0","1","2","0","1","1","1"
"4488","14-01-23 16:00","England","Premier League","2022/2023","Wolves","West Ham","4","3","3","0","1","3","0","2","0","0","0","2"
"4489","14-01-23 13:30","England","Premier League","2022/2023","Manchester Utd","Manchester City","1","2","0","1","1","1","3","0","0","0","3","0"
"4490","13-01-23 21:00","England","Premier League","2022/2023","Aston Villa","Leeds","0","11","0","6","0","5","2","2","0","1","2","1"
"4491","12-01-23 21:00","England","Premier League","2022/2023","Fulham","Chelsea","5","7","3","4","2","3","4","3","2","1","2","2"
"4492","05-01-23 21:00","England","Premier League","2022/2023","Chelsea","Manchester City","3","2","2","0","1","2","2","0","0","0","2","0"
"4493","04-01-23 21:00","England","Premier League","2022/2023","Aston Villa","Wolves","7","8","2","6","5","2","1","3","0","2","1","1"
"4494","04-01-23 21:00","England","Premier League","2022/2023","Crystal Palace","Tottenham","10","4","5","2","5","2","1","2","0","1","1","1"
"4495","04-01-23 20:45","England","Premier League","2022/2023","Leeds","West Ham","8","1","3","1","5","0","3","1","2","0","1","1"
"4496","04-01-23 20:30","England","Premier League","2022/2023","Southampton","Nottingham","6","2","1","2","5","0","0","0","0","0","0","0"
"4497","03-01-23 21:00","England","Premier League","2022/2023","Manchester Utd","Bournemouth","6","5","1","3","5","2","0","3","0","1","0","2"
"4498","03-01-23 20:45","England","Premier League","2022/2023","Arsenal","Newcastle","5","5","0","2","5","3","4","4","3","2","1","2"
"4499","03-01-23 20:45","England","Premier League","2022/2023","Everton","Brighton","5","2","5","1","0","1","3","1","0","1","3","0"
"4500","03-01-23 20:45","England","Premier League","2022/2023","Leicester","Fulham","6","3","2","3","4","0","2","6","0","0","2","6"
"4501","02-01-23 18:30","England","Premier League","2022/2023","Brentford","Liverpool","4","9","3","3","1","6","1","3","1","1","0","2"
"4502","01-01-23 17:30","England","Premier League","2022/2023","Nottingham","Chelsea","1","2","0","2","1","0","2","2","1","0","1","2"
"4503","01-01-23 15:00","England","Premier League","2022/2023","Tottenham","Aston Villa","5","3","3","0","2","3","4","3","3","0","1","3"
"4504","31-12-22 18:30","England","Premier League","2022/2023","Brighton","Arsenal","7","4","3","4","4","0","3","3","1","2","2","1"
"4505","31-12-22 16:00","England","Premier League","2022/2023","Bournemouth","Crystal Palace","2","7","1","3","1","4","4","1","2","0","2","1"
"4506","31-12-22 16:00","England","Premier League","2022/2023","Fulham","Southampton","4","4","1","2","3","2","0","1","0","0","0","1"
"4507","31-12-22 16:00","England","Premier League","2022/2023","Manchester City","Everton","7","1","3","0","4","1","3","4","3","2","0","2"
"4508","31-12-22 16:00","England","Premier League","2022/2023","Newcastle","Leeds","9","3","4","3","5","0","3","5","1","1","2","4"
"4509","31-12-22 13:30","England","Premier League","2022/2023","Wolves","Manchester Utd","7","5","2","3","5","2","1","3","1","0","0","3"
"4510","30-12-22 21:00","England","Premier League","2022/2023","Liverpool","Leicester","4","5","2","3","2","2","0","1","0","0","0","1"
"4511","30-12-22 20:45","England","Premier League","2022/2023","West Ham","Brentford","8","1","4","0","4","1","1","0","0","0","1","0"
"4512","28-12-22 21:00","England","Premier League","2022/2023","Leeds","Manchester City","3","5","0","3","3","2","3","3","0","0","3","3"
"4513","27-12-22 21:00","England","Premier League","2022/2023","Manchester Utd","Nottingham","9","9","2","3","7","6","3","1","1","1","2","0"
"4514","27-12-22 18:30","England","Premier League","2022/2023","Chelsea","Bournemouth","6","8","3","3","3","5","0","0","0","0","0","0"
"4515","26-12-22 21:00","England","Premier League","2022/2023","Arsenal","West Ham","7","5","2","2","5","3","0","2","0","2","0","0"
"4516","26-12-22 18:30","England","Premier League","2022/2023","Aston Villa","Liverpool","0","6","0","3","0","3","0","0","0","0","0","0"
"4517","26-12-22 16:00","England","Premier League","2022/2023","Crystal Palace","Fulham","1","7","1","3","0","4","2","0","1","0","1","0"
"4518","26-12-22 16:00","England","Premier League","2022/2023","Everton","Wolves","2","2","1","2","1","0","1","6","1","0","0","6"
"4519","26-12-22 16:00","England","Premier League","2022/2023","Leicester","Newcastle","5","5","3","2","2","3","0","0","0","0","0","0"
"4520","26-12-22 16:00","England","Premier League","2022/2023","Southampton","Brighton","4","2","3","1","1","1","1","2","0","0","1","2"
"4521","26-12-22 13:30","England","Premier League","2022/2023","Brentford","Tottenham","6","5","5","1","1","4","3","1","0","0","3","1"
"4522","13-11-22 17:30","England","Premier League","2022/2023","Fulham","Manchester Utd","10","3","3","2","7","1","1","1","1","0","0","1"
"4523","13-11-22 15:00","England","Premier League","2022/2023","Brighton","Aston Villa","11","4","8","3","3","1","2","7","0","1","2","6"
"4524","12-11-22 20:45","England","Premier League","2022/2023","Wolves","Arsenal","6","4","3","2","3","2","3","2","2","0","1","2"
"4525","12-11-22 18:30","England","Premier League","2022/2023","Newcastle","Chelsea","5","3","3","1","2","2","4","2","0","1","4","1"
"4526","12-11-22 16:00","England","Premier League","2022/2023","Bournemouth","Everton","3","5","2","2","1","3","2","0","2","0","0","0"
"4527","12-11-22 16:00","England","Premier League","2022/2023","Liverpool","Southampton","6","0","0","0","6","0","0","2","0","1","0","1"
"4528","12-11-22 16:00","England","Premier League","2022/2023","Nottingham","Crystal Palace","1","5","1","3","0","2","1","4","0","1","1","3"
"4529","12-11-22 16:00","England","Premier League","2022/2023","Tottenham","Leeds","9","2","6","1","3","1","1","3","0","0","1","3"
"4530","12-11-22 16:00","England","Premier League","2022/2023","West Ham","Leicester","7","2","1","2","6","0","3","1","1","0","2","1"
"4531","12-11-22 13:30","England","Premier League","2022/2023","Manchester City","Brentford","10","2","6","1","4","1","2","2","1","0","1","2"
"4532","06-11-22 17:30","England","Premier League","2022/2023","Tottenham","Liverpool","5","3","0","2","5","1","0","0","0","0","0","0"
"4533","06-11-22 15:00","England","Premier League","2022/2023","Aston Villa","Manchester Utd","3","5","1","3","2","2","3","3","1","1","2","2"
"4534","06-11-22 15:00","England","Premier League","2022/2023","Southampton","Newcastle","8","2","3","2","5","0","1","0","0","0","1","0"
"4535","06-11-22 15:00","England","Premier League","2022/2023","West Ham","Crystal Palace","2","5","0","3","2","2","1","1","0","0","1","1"
"4536","06-11-22 13:00","England","Premier League","2022/2023","Chelsea","Arsenal","4","6","1","3","3","3","5","2","1","1","4","1"
"4537","05-11-22 18:30","England","Premier League","2022/2023","Everton","Leicester","8","3","3","2","5","1","0","0","0","0","0","0"
"4538","05-11-22 16:00","England","Premier League","2022/2023","Leeds","Bournemouth","13","3","5","3","8","0","2","2","0","1","2","1"
"4539","05-11-22 16:00","England","Premier League","2022/2023","Manchester City","Fulham","9","0","7","0","2","0","2","4","1","2","1","2"
"4540","05-11-22 16:00","England","Premier League","2022/2023","Nottingham","Brentford","3","3","1","2","2","1","2","2","2","1","0","1"
"4541","05-11-22 16:00","England","Premier League","2022/2023","Wolves","Brighton","4","9","0","5","4","4","2","0","0","0","2","0"
"4542","30-10-22 17:15","England","Premier League","2022/2023","Manchester Utd","West Ham","5","10","3","2","2","8","1","3","0","1","1","2"
"4543","30-10-22 15:00","England","Premier League","2022/2023","Arsenal","Nottingham","9","4","5","1","4","3","0","1","0","1","0","0"
"4544","29-10-22 20:45","England","Premier League","2022/2023","Liverpool","Leeds","14","4","7","0","7","4","0","1","0","0","0","1"
"4545","29-10-22 18:30","England","Premier League","2022/2023","Fulham","Everton","13","4","7","4","6","0","2","1","1","0","1","1"
"4546","29-10-22 16:00","England","Premier League","2022/2023","Bournemouth","Tottenham","2","19","2","7","0","12","1","2","0","0","1","2"
"4547","29-10-22 16:00","England","Premier League","2022/2023","Brentford","Wolves","3","6","0","3","3","3","3","3","0","2","3","1"
"4548","29-10-22 16:00","England","Premier League","2022/2023","Brighton","Chelsea","8","7","7","4","1","3","1","2","0","1","1","1"
"4549","29-10-22 16:00","England","Premier League","2022/2023","Crystal Palace","Southampton","8","4","6","1","2","3","3","3","1","3","2","0"
"4550","29-10-22 16:00","England","Premier League","2022/2023","Newcastle","Aston Villa","3","0","0","0","3","0","1","1","0","1","1","0"
"4551","29-10-22 13:30","England","Premier League","2022/2023","Leicester","Manchester City","3","10","1","9","2","1","0","0","0","0","0","0"
"4552","24-10-22 21:00","England","Premier League","2022/2023","West Ham","Bournemouth","5","0","4","0","1","0","0","2","0","0","0","2"
"4553","23-10-22 17:30","England","Premier League","2022/2023","Tottenham","Newcastle","6","7","1","3","5","4","4","2","1","0","3","2"
"4554","23-10-22 15:00","England","Premier League","2022/2023","Aston Villa","Brentford","7","6","5","3","2","3","1","0","1","0","0","0"
"4555","23-10-22 15:00","England","Premier League","2022/2023","Leeds","Fulham","3","6","1","3","2","3","1","1","1","0","0","1"
"4556","23-10-22 15:00","England","Premier League","2022/2023","Southampton","Arsenal","9","4","6","2","3","2","2","1","0","1","2","0"
"4557","23-10-22 15:00","England","Premier League","2022/2023","Wolves","Leicester","9","2","4","1","5","1","2","1","1","0","1","1"
"4558","22-10-22 18:30","England","Premier League","2022/2023","Chelsea","Manchester Utd","6","4","1","3","5","1","1","4","0","1","1","3"
"4559","22-10-22 16:00","England","Premier League","2022/2023","Everton","Crystal Palace","3","4","3","1","0","3","3","4","0","0","3","4"
"4560","22-10-22 16:00","England","Premier League","2022/2023","Manchester City","Brighton","6","3","3","1","3","2","1","3","0","1","1","2"
"4561","22-10-22 13:30","England","Premier League","2022/2023","Nottingham","Liverpool","2","11","0","4","2","7","2","1","0","0","2","1"
"4562","20-10-22 21:15","England","Premier League","2022/2023","Leicester","Leeds","2","9","1","3","1","6","2","1","0","1","2","0"
"4563","20-10-22 20:30","England","Premier League","2022/2023","Fulham","Aston Villa","9","7","5","4","4","3","0","2","0","0","0","2"
"4564","19-10-22 21:15","England","Premier League","2022/2023","Manchester Utd","Tottenham","8","3","6","0","2","3","1","0","0","0","1","0"
"4565","19-10-22 20:30","England","Premier League","2022/2023","Bournemouth","Southampton","7","3","2","0","5","3","1","3","1","2","0","1"
"4566","19-10-22 20:30","England","Premier League","2022/2023","Brentford","Chelsea","6","2","3","0","3","2","0","0","0","0","0","0"
"4567","19-10-22 20:30","England","Premier League","2022/2023","Liverpool","West Ham","8","3","2","1","6","2","0","0","0","0","0","0"
"4568","19-10-22 20:30","England","Premier League","2022/2023","Newcastle","Everton","8","2","4","1","4","1","2","4","2","2","0","2"
"4569","18-10-22 21:15","England","Premier League","2022/2023","Crystal Palace","Wolves","4","2","3","1","1","1","3","1","2","1","1","0"
"4570","18-10-22 20:30","England","Premier League","2022/2023","Brighton","Nottingham","9","1","6","0","3","1","3","1","0","0","3","1"
"4571","16-10-22 17:30","England","Premier League","2022/2023","Liverpool","Manchester City","5","6","4","1","1","5","3","1","0","0","3","1"
"4572","16-10-22 15:00","England","Premier League","2022/2023","Aston Villa","Chelsea","7","1","1","0","6","1","0","3","0","1","0","2"
"4573","16-10-22 15:00","England","Premier League","2022/2023","Leeds","Arsenal","6","3","2","1","4","2","0","2","0","0","0","2"
"4574","16-10-22 15:00","England","Premier League","2022/2023","Manchester Utd","Newcastle","4","4","3","3","1","1","3","1","0","1","3","0"
"4575","16-10-22 15:00","England","Premier League","2022/2023","Southampton","West Ham","4","14","3","4","1","10","1","1","1","0","0","1"
"4576","15-10-22 18:30","England","Premier League","2022/2023","Tottenham","Everton","7","1","4","1","3","0","1","4","1","2","0","2"
"4577","15-10-22 16:00","England","Premier League","2022/2023","Fulham","Bournemouth","5","6","4","2","1","4","2","0","1","0","1","0"
"4578","15-10-22 16:00","England","Premier League","2022/2023","Wolves","Nottingham","4","5","3","3","1","2","2","2","0","1","2","1"
"4579","15-10-22 13:30","England","Premier League","2022/2023","Leicester","Crystal Palace","9","2","2","0","7","2","2","2","0","2","2","0"
"4580","14-10-22 21:00","England","Premier League","2022/2023","Brentford","Brighton","2","11","1","4","1","7","3","1","1","1","2","0"
"4581","10-10-22 21:00","England","Premier League","2022/2023","Nottingham","Aston Villa","1","4","1","2","0","2","3","3","2","1","1","2"
"4582","09-10-22 20:00","England","Premier League","2022/2023","Everton","Manchester Utd","5","4","0","1","5","3","2","1","0","0","2","1"
"4583","09-10-22 17:30","England","Premier League","2022/2023","Arsenal","Liverpool","4","3","1","2","3","1","1","2","1","1","0","1"
"4584","09-10-22 15:00","England","Premier League","2022/2023","Crystal Palace","Leeds","5","3","1","1","4","2","3","3","2","0","1","3"
"4585","09-10-22 15:00","England","Premier League","2022/2023","West Ham","Fulham","4","2","3","1","1","1","1","3","0","1","1","2"
"4586","08-10-22 18:30","England","Premier League","2022/2023","Brighton","Tottenham","6","2","5","1","1","1","1","2","0","2","1","0"
"4587","08-10-22 16:00","England","Premier League","2022/2023","Bournemouth","Leicester","7","2","2","1","5","1","1","2","1","0","0","2"
"4588","08-10-22 16:00","England","Premier League","2022/2023","Chelsea","Wolves","4","2","4","0","0","2","2","0","1","0","1","0"
"4589","08-10-22 16:00","England","Premier League","2022/2023","Manchester City","Southampton","9","1","4","0","5","1","0","1","0","1","0","0"
"4590","08-10-22 16:00","England","Premier League","2022/2023","Newcastle","Brentford","9","5","6","0","3","5","0","1","0","1","0","0"
"4591","03-10-22 21:00","England","Premier League","2022/2023","Leicester","Nottingham","6","6","3","3","3","3","2","4","0","2","2","2"
"4592","02-10-22 17:30","England","Premier League","2022/2023","Leeds","Aston Villa","2","9","1","5","1","4","5","2","3","1","2","1"
"4593","02-10-22 15:00","England","Premier League","2022/2023","Manchester City","Manchester Utd","5","1","2","0","3","1","0","3","0","2","0","1"
"4594","01-10-22 18:30","England","Premier League","2022/2023","West Ham","Wolves","1","6","0","3","1","3","2","2","0","2","2","0"
"4595","01-10-22 16:00","England","Premier League","2022/2023","Bournemouth","Brentford","7","8","2","6","5","2","1","2","0","1","1","1"
"4596","01-10-22 16:00","England","Premier League","2022/2023","Crystal Palace","Chelsea","5","2","3","1","2","1","1","3","1","1","0","2"
"4597","01-10-22 16:00","England","Premier League","2022/2023","Fulham","Newcastle","1","8","0","4","1","4","2","0","1","0","1","0"
"4598","01-10-22 16:00","England","Premier League","2022/2023","Liverpool","Brighton","9","2","4","1","5","1","1","1","0","1","1","0"
"4599","01-10-22 16:00","England","Premier League","2022/2023","Southampton","Everton","7","6","0","6","7","0","2","2","1","0","1","2"
"4600","01-10-22 13:30","England","Premier League","2022/2023","Arsenal","Tottenham","5","2","4","1","1","1","2","1","0","0","2","1"
"4601","18-09-22 15:15","England","Premier League","2022/2023","Everton","West Ham","5","14","2","8","3","6","3","1","1","0","2","1"
"4602","18-09-22 13:00","England","Premier League","2022/2023","Brentford","Arsenal","3","3","2","1","1","2","0","2","0","0","0","2"
"4603","17-09-22 18:30","England","Premier League","2022/2023","Tottenham","Leicester","6","1","4","0","2","1","0","2","0","0","0","2"
"4604","17-09-22 16:00","England","Premier League","2022/2023","Newcastle","Bournemouth","8","1","4","0","4","1","2","2","0","2","2","0"
"4605","17-09-22 13:30","England","Premier League","2022/2023","Wolves","Manchester City","5","7","2","2","3","5","2","1","0","1","2","0"
"4606","16-09-22 21:00","England","Premier League","2022/2023","Aston Villa","Southampton","6","3","5","2","1","1","3","1","1","0","2","1"
"4607","16-09-22 21:00","England","Premier League","2022/2023","Nottingham","Fulham","2","10","1","5","1","5","2","4","2","1","0","3"
"4608","04-09-22 17:30","England","Premier League","2022/2023","Manchester Utd","Arsenal","2","5","0","3","2","2","3","3","0","1","3","2"
"4609","04-09-22 15:00","England","Premier League","2022/2023","Brighton","Leicester","10","1","3","1","7","0","1","1","1","1","0","0"
"4610","03-09-22 18:30","England","Premier League","2022/2023","Aston Villa","Manchester City","1","4","1","4","0","0","2","0","1","0","1","0"
"4611","03-09-22 16:00","England","Premier League","2022/2023","Brentford","Leeds","2","6","1","3","1","3","2","2","0","1","2","1"
"4612","03-09-22 16:00","England","Premier League","2022/2023","Chelsea","West Ham","10","3","8","0","2","3","4","2","2","0","2","2"
"4613","03-09-22 16:00","England","Premier League","2022/2023","Newcastle","Crystal Palace","13","5","6","1","7","4","2","1","1","0","1","1"
"4614","03-09-22 16:00","England","Premier League","2022/2023","Nottingham","Bournemouth","4","6","3","2","1","4","2","1","1","1","1","0"
"4615","03-09-22 16:00","England","Premier League","2022/2023","Tottenham","Fulham","10","3","6","1","4","2","3","4","1","1","2","3"
"4616","03-09-22 16:00","England","Premier League","2022/2023","Wolves","Southampton","5","6","3","4","2","2","4","2","1","1","3","1"
"4617","03-09-22 13:30","England","Premier League","2022/2023","Everton","Liverpool","7","9","1","2","6","7","2","2","1","0","1","2"
"4618","01-09-22 21:00","England","Premier League","2022/2023","Leicester","Manchester Utd","1","3","0","2","1","1","1","3","0","2","1","1"
"4619","31-08-22 21:00","England","Premier League","2022/2023","Liverpool","Newcastle","13","0","8","0","5","0","0","2","0","0","0","2"
"4620","31-08-22 20:45","England","Premier League","2022/2023","West Ham","Tottenham","3","4","3","0","0","4","2","5","0","2","2","3"
"4621","31-08-22 20:30","England","Premier League","2022/2023","Arsenal","Aston Villa","10","3","7","0","3","3","2","3","1","1","1","2"
"4622","31-08-22 20:30","England","Premier League","2022/2023","Bournemouth","Wolves","2","5","0","2","2","3","2","1","0","0","2","1"
"4623","31-08-22 20:30","England","Premier League","2022/2023","Manchester City","Nottingham","10","1","5","0","5","1","0","1","0","0","0","1"
"4624","30-08-22 21:00","England","Premier League","2022/2023","Leeds","Everton","10","2","3","0","7","2","3","3","1","1","2","2"
"4625","30-08-22 20:45","England","Premier League","2022/2023","Southampton","Chelsea","5","3","3","1","2","2","2","1","0","0","2","1"
"4626","30-08-22 20:30","England","Premier League","2022/2023","Crystal Palace","Brentford","4","6","1","4","3","2","1","2","0","0","1","2"
"4627","30-08-22 20:30","England","Premier League","2022/2023","Fulham","Brighton","3","3","1","0","2","3","2","1","0","0","2","1"
"4628","28-08-22 17:30","England","Premier League","2022/2023","Nottingham","Tottenham","6","1","2","0","4","1","6","1","0","0","6","1"
"4629","28-08-22 15:00","England","Premier League","2022/2023","Aston Villa","West Ham","3","2","2","1","1","1","2","0","0","0","2","0"
"4630","28-08-22 15:00","England","Premier League","2022/2023","Wolves","Newcastle","4","13","1","5","3","8","2","1","1","0","1","1"
"4631","27-08-22 18:30","England","Premier League","2022/2023","Arsenal","Fulham","9","2","4","1","5","1","2","3","2","1","0","2"
"4632","27-08-22 16:00","England","Premier League","2022/2023","Brentford","Everton","8","5","3","3","5","2","2","2","0","0","2","2"
"4633","27-08-22 16:00","England","Premier League","2022/2023","Brighton","Leeds","5","3","3","1","2","2","2","3","0","3","2","0"
"4634","27-08-22 16:00","England","Premier League","2022/2023","Chelsea","Leicester","3","11","3","4","0","7","3","2","2","2","1","0"
"4635","27-08-22 16:00","England","Premier League","2022/2023","Liverpool","Bournemouth","8","1","3","0","5","1","0","1","0","1","0","0"
"4636","27-08-22 16:00","England","Premier League","2022/2023","Manchester City","Crystal Palace","6","1","3","1","3","0","1","2","0","0","1","2"
"4637","27-08-22 13:30","England","Premier League","2022/2023","Southampton","Manchester Utd","5","3","1","2","4","1","0","3","0","0","0","3"
"4638","22-08-22 21:00","England","Premier League","2022/2023","Manchester Utd","Liverpool","6","8","3","3","3","5","3","1","2","1","1","0"
"4639","21-08-22 17:30","England","Premier League","2022/2023","Newcastle","Manchester City","5","5","4","0","1","5","4","2","2","1","2","1"
"4640","21-08-22 15:00","England","Premier League","2022/2023","Leeds","Chelsea","4","6","1","4","3","2","0","3","0","2","0","1"
"4641","21-08-22 15:00","England","Premier League","2022/2023","West Ham","Brighton","5","4","1","4","4","0","2","0","1","0","1","0"
"4642","20-08-22 18:30","England","Premier League","2022/2023","Bournemouth","Arsenal","3","4","0","4","3","0","2","1","1","0","1","1"
"4643","20-08-22 16:00","England","Premier League","2022/2023","Crystal Palace","Aston Villa","4","2","3","1","1","1","2","1","1","1","1","0"
"4644","20-08-22 16:00","England","Premier League","2022/2023","Everton","Nottingham","6","2","2","1","4","1","3","2","2","2","1","0"
"4645","20-08-22 16:00","England","Premier League","2022/2023","Fulham","Brentford","6","3","3","1","3","2","3","2","2","0","1","2"
"4646","20-08-22 16:00","England","Premier League","2022/2023","Leicester","Southampton","2","5","2","1","0","4","2","3","0","0","2","3"
"4647","20-08-22 13:30","England","Premier League","2022/2023","Tottenham","Wolves","8","6","3","2","5","4","2","2","1","0","1","2"
"4648","15-08-22 21:00","England","Premier League","2022/2023","Liverpool","Crystal Palace","4","2","3","1","1","1","2","4","1","0","1","4"
"4649","14-08-22 17:30","England","Premier League","2022/2023","Chelsea","Tottenham","8","5","4","0","4","5","3","0","1","0","2","0"
"4650","14-08-22 15:00","England","Premier League","2022/2023","Nottingham","West Ham","6","7","3","2","3","5","4","1","0","1","4","0"
"4651","13-08-22 18:30","England","Premier League","2022/2023","Brentford","Manchester Utd","8","2","3","0","5","2","0","4","0","1","0","3"
"4652","13-08-22 16:00","England","Premier League","2022/2023","Arsenal","Leicester","6","2","2","0","4","2","1","1","0","1","1","0"
"4653","13-08-22 16:00","England","Premier League","2022/2023","Brighton","Newcastle","7","3","3","0","4","3","2","3","1","1","1","2"
"4654","13-08-22 16:00","England","Premier League","2022/2023","Manchester City","Bournemouth","11","1","7","1","4","0","0","3","0","1","0","2"
"4655","13-08-22 16:00","England","Premier League","2022/2023","Southampton","Leeds","2","5","1","2","1","3","1","3","0","2","1","1"
"4656","13-08-22 16:00","England","Premier League","2022/2023","Wolves","Fulham","5","3","4","1","1","2","3","3","2","1","1","2"
"4657","13-08-22 13:30","England","Premier League","2022/2023","Aston Villa","Everton","5","8","2","3","3","5","4","1","1","1","3","0"
"4658","07-08-22 17:30","England","Premier League","2022/2023","West Ham","Manchester City","1","4","1","1","0","3","0","1","0","1","0","0"
"4659","07-08-22 15:00","England","Premier League","2022/2023","Leicester","Brentford","5","6","4","2","1","4","0","0","0","0","0","0"
"4660","07-08-22 15:00","England","Premier League","2022/2023","Manchester Utd","Brighton","6","2","0","1","6","1","4","1","2","0","2","1"
"4661","06-08-22 18:30","England","Premier League","2022/2023","Everton","Chelsea","4","16","2","13","2","3","3","2","1","0","2","2"
"4662","06-08-22 16:00","England","Premier League","2022/2023","Bournemouth","Aston Villa","5","5","2","4","3","1","3","3","2","2","1","1"
"4663","06-08-22 16:00","England","Premier League","2022/2023","Leeds","Wolves","6","4","3","0","3","4","2","0","1","0","1","0"
"4664","06-08-22 16:00","England","Premier League","2022/2023","Newcastle","Nottingham","11","1","7","0","4","1","0","3","0","2","0","1"
"4665","06-08-22 16:00","England","Premier League","2022/2023","Tottenham","Southampton","10","2","6","1","4","1","3","0","1","0","2","0"
"4666","06-08-22 13:30","England","Premier League","2022/2023","Fulham","Liverpool","4","4","3","1","1","3","2","0","1","0","1","0"
"4667","05-08-22 21:00","England","Premier League","2022/2023","Crystal Palace","Arsenal","3","5","1","2","2","3","1","2","0","1","1","1"
"4669","22-05-22 17:00","England","Premier League","2021/2022","Arsenal","Everton","12","2","7","1","5","1","0","1","0","0","0","1"
"4670","22-05-22 17:00","England","Premier League","2021/2022","Brentford","Leeds","3","2","2","0","1","2","4","1","0","0","4","1"
"4671","22-05-22 17:00","England","Premier League","2021/2022","Brighton","West Ham","5","6","1","4","4","2","1","1","0","1","1","0"
"4672","22-05-22 17:00","England","Premier League","2021/2022","Burnley","Newcastle","8","2","1","1","7","1","1","0","0","0","1","0"
"4673","22-05-22 17:00","England","Premier League","2021/2022","Chelsea","Watford","3","3","2","2","1","1","0","0","0","0","0","0"
"4674","22-05-22 17:00","England","Premier League","2021/2022","Crystal Palace","Manchester Utd","3","6","1","2","2","4","2","4","1","1","1","3"
"4675","22-05-22 17:00","England","Premier League","2021/2022","Leicester","Southampton","3","3","2","3","1","0","0","1","0","0","0","1"
"4676","22-05-22 17:00","England","Premier League","2021/2022","Liverpool","Wolves","5","3","3","2","2","1","1","0","0","0","1","0"
"4677","22-05-22 17:00","England","Premier League","2021/2022","Manchester City","Aston Villa","13","1","7","1","6","0","0","2","0","0","0","2"
"4678","22-05-22 17:00","England","Premier League","2021/2022","Norwich","Tottenham","3","2","2","2","1","0","3","1","2","0","1","1"
"4679","19-05-22 21:00","England","Premier League","2021/2022","Aston Villa","Burnley","13","6","9","3","4","3","0","1","0","0","0","1"
"4680","19-05-22 21:00","England","Premier League","2021/2022","Chelsea","Leicester","6","0","4","0","2","0","4","1","0","0","4","1"
"4681","19-05-22 20:45","England","Premier League","2021/2022","Everton","Crystal Palace","4","5","2","2","2","3","2","3","0","2","2","1"
"4682","17-05-22 20:45","England","Premier League","2021/2022","Southampton","Liverpool","1","9","0","5","1","4","2","0","0","0","2","0"
"4683","16-05-22 21:00","England","Premier League","2021/2022","Newcastle","Arsenal","12","8","8","3","4","5","0","3","0","1","0","2"
"4684","15-05-22 17:30","England","Premier League","2021/2022","Everton","Brentford","5","2","3","1","2","1","0","3","0","3","0","0"
"4685","15-05-22 15:00","England","Premier League","2021/2022","Aston Villa","Crystal Palace","1","5","0","5","1","0","1","3","1","1","0","2"
"4686","15-05-22 15:00","England","Premier League","2021/2022","Leeds","Brighton","8","1","5","0","3","1","0","0","0","0","0","0"
"4687","15-05-22 15:00","England","Premier League","2021/2022","Watford","Leicester","7","3","3","3","4","0","0","1","0","0","0","1"
"4688","15-05-22 15:00","England","Premier League","2021/2022","West Ham","Manchester City","4","9","2","2","2","7","3","1","1","0","2","1"
"4689","15-05-22 15:00","England","Premier League","2021/2022","Wolves","Norwich","5","3","1","2","4","1","0","3","0","1","0","2"
"4690","15-05-22 13:00","England","Premier League","2021/2022","Tottenham","Burnley","8","2","5","1","3","1","3","2","0","2","3","0"
"4691","12-05-22 20:45","England","Premier League","2021/2022","Tottenham","Arsenal","2","2","1","1","1","1","1","5","1","2","0","3"
"4692","11-05-22 21:15","England","Premier League","2021/2022","Wolves","Manchester City","6","2","3","1","3","1","0","1","0","0","0","1"
"4693","11-05-22 20:45","England","Premier League","2021/2022","Leicester","Norwich","10","2","4","1","6","1","0","0","0","0","0","0"
"4694","11-05-22 20:45","England","Premier League","2021/2022","Watford","Everton","1","13","0","4","1","9","0","0","0","0","0","0"
"4695","11-05-22 20:30","England","Premier League","2021/2022","Leeds","Chelsea","1","4","1","0","0","4","1","0","1","0","0","0"
"4696","10-05-22 21:00","England","Premier League","2021/2022","Aston Villa","Liverpool","2","3","1","1","1","2","0","0","0","0","0","0"
"4697","08-05-22 17:30","England","Premier League","2021/2022","Manchester City","Newcastle","8","2","4","1","4","1","1","3","0","1","1","2"
"4698","08-05-22 15:00","England","Premier League","2021/2022","Arsenal","Leeds","8","2","2","0","6","2","2","2","1","2","1","0"
"4699","08-05-22 15:00","England","Premier League","2021/2022","Leicester","Everton","6","1","1","1","5","0","3","0","0","0","3","0"
"4700","08-05-22 15:00","England","Premier League","2021/2022","Norwich","West Ham","9","5","4","3","5","2","1","1","0","1","1","0"
"4701","07-05-22 20:45","England","Premier League","2021/2022","Liverpool","Tottenham","11","5","4","1","7","4","3","2","0","0","3","2"
"4702","07-05-22 18:30","England","Premier League","2021/2022","Brighton","Manchester Utd","7","6","4","2","3","4","0","2","0","1","0","1"
"4703","07-05-22 16:00","England","Premier League","2021/2022","Brentford","Southampton","4","7","2","4","2","3","0","1","0","1","0","0"
"4704","07-05-22 16:00","England","Premier League","2021/2022","Burnley","Aston Villa","4","5","4","1","0","4","1","2","0","2","1","0"
"4705","07-05-22 16:00","England","Premier League","2021/2022","Chelsea","Wolves","9","3","6","1","3","2","1","3","1","2","0","1"
"4706","07-05-22 16:00","England","Premier League","2021/2022","Crystal Palace","Watford","8","5","6","4","2","1","2","3","0","1","2","2"
"4707","02-05-22 21:00","England","Premier League","2021/2022","Manchester Utd","Brentford","3","8","1","4","2","4","1","0","0","0","1","0"
"4708","01-05-22 17:30","England","Premier League","2021/2022","West Ham","Arsenal","3","7","3","5","0","2","2","2","0","0","2","2"
"4709","01-05-22 15:00","England","Premier League","2021/2022","Everton","Chelsea","3","8","0","1","3","7","3","5","2","3","1","2"
"4710","01-05-22 15:00","England","Premier League","2021/2022","Tottenham","Leicester","6","3","5","1","1","2","2","3","1","0","1","3"
"4711","30-04-22 18:30","England","Premier League","2021/2022","Leeds","Manchester City","3","6","1","3","2","3","1","2","1","1","0","1"
"4712","30-04-22 16:00","England","Premier League","2021/2022","Aston Villa","Norwich","2","3","1","2","1","1","4","1","1","1","3","0"
"4713","30-04-22 16:00","England","Premier League","2021/2022","Southampton","Crystal Palace","6","7","5","3","1","4","1","3","1","3","0","0"
"4714","30-04-22 16:00","England","Premier League","2021/2022","Watford","Burnley","5","6","5","2","0","4","1","2","0","0","1","2"
"4715","30-04-22 16:00","England","Premier League","2021/2022","Wolves","Brighton","7","3","2","1","5","2","2","1","1","0","1","1"
"4716","30-04-22 13:30","England","Premier League","2021/2022","Newcastle","Liverpool","0","6","0","3","0","3","1","3","1","1","0","2"
"4717","28-04-22 20:45","England","Premier League","2021/2022","Manchester Utd","Chelsea","2","9","1","2","1","7","0","1","0","0","0","1"
"4718","25-04-22 21:00","England","Premier League","2021/2022","Crystal Palace","Leeds","6","3","0","2","6","1","2","2","1","0","1","2"
"4719","24-04-22 17:30","England","Premier League","2021/2022","Liverpool","Everton","13","1","3","1","10","0","2","5","1","2","1","3"
"4720","24-04-22 15:00","England","Premier League","2021/2022","Brighton","Southampton","6","6","4","3","2","3","1","0","1","0","0","0"
"4721","24-04-22 15:00","England","Premier League","2021/2022","Burnley","Wolves","3","6","1","3","2","3","3","1","1","0","2","1"
"4722","24-04-22 15:00","England","Premier League","2021/2022","Chelsea","West Ham","3","1","1","1","2","0","1","0","0","0","1","0"
"4723","23-04-22 18:30","England","Premier League","2021/2022","Brentford","Tottenham","12","8","8","3","4","5","2","1","0","0","2","1"
"4724","23-04-22 16:00","England","Premier League","2021/2022","Leicester","Aston Villa","7","6","4","1","3","5","3","2","0","0","3","2"
"4725","23-04-22 16:00","England","Premier League","2021/2022","Manchester City","Watford","11","4","7","2","4","2","1","0","1","0","0","0"
"4726","23-04-22 16:00","England","Premier League","2021/2022","Norwich","Newcastle","2","3","1","2","1","1","0","2","0","1","0","1"
"4727","23-04-22 13:30","England","Premier League","2021/2022","Arsenal","Manchester Utd","1","7","1","5","0","2","3","4","0","1","3","3"
"4728","21-04-22 20:45","England","Premier League","2021/2022","Burnley","Southampton","10","10","4","3","6","7","2","2","1","0","1","2"
"4729","20-04-22 21:00","England","Premier League","2021/2022","Manchester City","Brighton","7","4","2","1","5","3","0","3","0","0","0","3"
"4730","20-04-22 20:45","England","Premier League","2021/2022","Chelsea","Arsenal","6","1","4","0","2","1","3","1","0","0","3","1"
"4731","20-04-22 20:45","England","Premier League","2021/2022","Everton","Leicester","5","4","1","1","4","3","4","2","0","0","4","2"
"4732","20-04-22 20:45","England","Premier League","2021/2022","Newcastle","Crystal Palace","2","5","2","1","0","4","1","1","1","1","0","0"
"4733","19-04-22 21:00","England","Premier League","2021/2022","Liverpool","Manchester Utd","9","2","7","1","2","1","1","2","0","0","1","2"
"4734","17-04-22 15:15","England","Premier League","2021/2022","Newcastle","Leicester","3","5","2","2","1","3","2","2","0","1","2","1"
"4735","17-04-22 15:15","England","Premier League","2021/2022","West Ham","Burnley","13","4","6","2","7","2","2","2","1","1","1","1"
"4736","16-04-22 16:00","England","Premier League","2021/2022","Manchester Utd","Norwich","6","7","2","4","4","3","0","0","0","0","0","0"
"4737","16-04-22 16:00","England","Premier League","2021/2022","Southampton","Arsenal","6","8","5","2","1","6","2","1","0","0","2","1"
"4738","16-04-22 16:00","England","Premier League","2021/2022","Watford","Brentford","6","5","3","3","3","2","2","1","0","0","2","1"
"4739","16-04-22 13:30","England","Premier League","2021/2022","Tottenham","Brighton","4","4","4","2","0","2","3","3","2","1","1","2"
"4740","10-04-22 17:30","England","Premier League","2021/2022","Manchester City","Liverpool","4","1","4","0","0","1","1","4","1","1","0","3"
"4741","10-04-22 15:00","England","Premier League","2021/2022","Brentford","West Ham","4","6","2","3","2","3","0","1","0","0","0","1"
"4742","10-04-22 15:00","England","Premier League","2021/2022","Leicester","Crystal Palace","3","4","1","2","2","2","1","1","0","1","1","0"
"4743","10-04-22 15:00","England","Premier League","2021/2022","Norwich","Burnley","6","7","4","5","2","2","1","1","1","0","0","1"
"4744","09-04-22 18:30","England","Premier League","2021/2022","Aston Villa","Tottenham","9","3","5","1","4","2","2","3","1","1","1","2"
"4745","09-04-22 16:00","England","Premier League","2021/2022","Arsenal","Brighton","11","2","4","0","7","2","3","4","1","2","2","2"
"4746","09-04-22 16:00","England","Premier League","2021/2022","Southampton","Chelsea","2","3","2","2","0","1","1","0","0","0","1","0"
"4747","09-04-22 16:00","England","Premier League","2021/2022","Watford","Leeds","3","7","2","2","1","5","2","0","0","0","2","0"
"4748","09-04-22 13:30","England","Premier League","2021/2022","Everton","Manchester Utd","5","7","2","2","3","5","2","2","0","0","2","2"
"4749","08-04-22 21:00","England","Premier League","2021/2022","Newcastle","Wolves","1","2","0","0","1","2","1","1","0","0","1","1"
"4750","06-04-22 20:30","England","Premier League","2021/2022","Burnley","Everton","9","6","7","1","2","5","2","2","1","1","1","1"
"4751","04-04-22 21:00","England","Premier League","2021/2022","Crystal Palace","Arsenal","0","2","0","1","0","1","0","2","0","0","0","2"
"4752","03-04-22 17:30","England","Premier League","2021/2022","Tottenham","Newcastle","2","3","2","1","0","2","2","3","2","2","0","1"
"4753","03-04-22 15:00","England","Premier League","2021/2022","West Ham","Everton","2","4","1","2","1","2","1","4","0","1","1","3"
"4754","02-04-22 18:30","England","Premier League","2021/2022","Manchester Utd","Leicester","6","5","3","1","3","4","2","2","1","2","1","0"
"4755","02-04-22 16:00","England","Premier League","2021/2022","Brighton","Norwich","11","2","4","0","7","2","1","1","0","0","1","1"
"4756","02-04-22 16:00","England","Premier League","2021/2022","Burnley","Manchester City","1","8","1","7","0","1","1","0","1","0","0","0"
"4757","02-04-22 16:00","England","Premier League","2021/2022","Chelsea","Brentford","12","7","5","2","7","5","0","0","0","0","0","0"
"4758","02-04-22 16:00","England","Premier League","2021/2022","Leeds","Southampton","4","7","2","5","2","2","1","1","0","0","1","1"
"4759","02-04-22 16:00","England","Premier League","2021/2022","Wolves","Aston Villa","4","9","2","4","2","5","0","0","0","0","0","0"
"4760","02-04-22 13:30","England","Premier League","2021/2022","Liverpool","Watford","9","3","4","3","5","0","1","1","1","0","0","1"
"4761","20-03-22 17:30","England","Premier League","2021/2022","Tottenham","West Ham","5","3","3","2","2","1","0","1","0","1","0","0"
"4762","20-03-22 15:00","England","Premier League","2021/2022","Leicester","Brentford","2","5","1","1","1","4","1","2","0","0","1","2"
"4763","19-03-22 13:30","England","Premier League","2021/2022","Aston Villa","Arsenal","6","5","3","2","3","3","3","3","3","1","0","2"
"4764","18-03-22 21:00","England","Premier League","2021/2022","Wolves","Leeds","2","5","1","0","1","5","3","5","2","1","1","4"
"4765","17-03-22 20:45","England","Premier League","2021/2022","Everton","Newcastle","5","7","2","5","3","2","2","1","0","0","2","1"
"4766","16-03-22 21:15","England","Premier League","2021/2022","Arsenal","Liverpool","1","6","0","4","1","2","0","1","0","0","0","1"
"4767","16-03-22 20:30","England","Premier League","2021/2022","Brighton","Tottenham","6","3","3","1","3","2","2","2","2","1","0","1"
"4768","14-03-22 21:00","England","Premier League","2021/2022","Crystal Palace","Manchester City","2","6","1","4","1","2","3","1","1","0","2","1"
"4769","13-03-22 17:30","England","Premier League","2021/2022","Arsenal","Leicester","2","6","1","5","1","1","0","3","0","1","0","2"
"4770","13-03-22 15:00","England","Premier League","2021/2022","Chelsea","Newcastle","7","2","6","1","1","1","4","3","1","0","3","3"
"4771","13-03-22 15:00","England","Premier League","2021/2022","Everton","Wolves","5","2","5","1","0","1","4","1","0","0","4","1"
"4772","13-03-22 15:00","England","Premier League","2021/2022","Leeds","Norwich","6","2","3","1","3","1","3","1","1","0","2","1"
"4773","13-03-22 15:00","England","Premier League","2021/2022","Southampton","Watford","11","3","3","2","8","1","3","2","0","0","3","2"
"4774","13-03-22 15:00","England","Premier League","2021/2022","West Ham","Aston Villa","5","7","3","3","2","4","1","0","1","0","0","0"
"4775","12-03-22 18:30","England","Premier League","2021/2022","Manchester Utd","Tottenham","4","5","1","3","3","2","2","1","1","1","1","0"
"4776","12-03-22 16:00","England","Premier League","2021/2022","Brentford","Burnley","2","9","1","7","1","2","1","1","0","0","1","1"
"4777","12-03-22 13:30","England","Premier League","2021/2022","Brighton","Liverpool","7","5","1","3","6","2","3","1","0","0","3","1"
"4778","10-03-22 20:45","England","Premier League","2021/2022","Leeds","Aston Villa","3","5","1","4","2","1","5","3","1","1","4","2"
"4779","10-03-22 20:30","England","Premier League","2021/2022","Norwich","Chelsea","3","8","1","7","2","1","0","2","0","0","0","2"
"4780","10-03-22 20:30","England","Premier League","2021/2022","Southampton","Newcastle","12","5","4","2","8","3","1","1","0","1","1","0"
"4781","10-03-22 20:30","England","Premier League","2021/2022","Wolves","Watford","5","2","2","0","3","2","2","2","1","2","1","0"
"4782","07-03-22 21:00","England","Premier League","2021/2022","Tottenham","Everton","5","2","2","0","3","2","2","0","2","0","0","0"
"4783","06-03-22 17:30","England","Premier League","2021/2022","Manchester City","Manchester Utd","9","3","3","2","6","1","0","1","0","0","0","1"
"4784","06-03-22 15:00","England","Premier League","2021/2022","Watford","Arsenal","1","5","0","1","1","4","1","2","0","0","1","2"
"4785","05-03-22 18:30","England","Premier League","2021/2022","Liverpool","West Ham","4","6","3","4","1","2","2","1","0","1","2","0"
"4786","05-03-22 16:00","England","Premier League","2021/2022","Aston Villa","Southampton","4","7","3","0","1","7","1","1","0","0","1","1"
"4787","05-03-22 16:00","England","Premier League","2021/2022","Burnley","Chelsea","5","2","5","2","0","0","2","0","0","0","2","0"
"4788","05-03-22 16:00","England","Premier League","2021/2022","Newcastle","Brighton","4","7","1","2","3","5","0","0","0","0","0","0"
"4789","05-03-22 16:00","England","Premier League","2021/2022","Norwich","Brentford","5","5","3","2","2","3","2","5","0","2","2","3"
"4790","05-03-22 16:00","England","Premier League","2021/2022","Wolves","Crystal Palace","7","7","6","5","1","2","0","3","0","0","0","3"
"4791","05-03-22 13:30","England","Premier League","2021/2022","Leicester","Leeds","5","10","3","5","2","5","1","2","0","1","1","1"
"4792","01-03-22 20:45","England","Premier League","2021/2022","Burnley","Leicester","6","8","2","4","4","4","1","1","0","0","1","1"
"4793","27-02-22 15:00","England","Premier League","2021/2022","West Ham","Wolves","3","5","2","0","1","5","1","0","0","0","1","0"
"4794","26-02-22 18:30","England","Premier League","2021/2022","Everton","Manchester City","3","4","1","2","2","2","3","2","1","0","2","2"
"4795","26-02-22 16:30","England","Premier League","2021/2022","Brighton","Aston Villa","7","2","4","1","3","1","4","5","2","4","2","1"
"4796","26-02-22 16:00","England","Premier League","2021/2022","Brentford","Newcastle","6","6","3","3","3","3","3","1","1","0","2","1"
"4797","26-02-22 16:00","England","Premier League","2021/2022","Crystal Palace","Burnley","5","4","2","1","3","3","0","2","0","1","0","1"
"4798","26-02-22 16:00","England","Premier League","2021/2022","Manchester Utd","Watford","4","3","2","2","2","1","0","0","0","0","0","0"
"4799","26-02-22 13:30","England","Premier League","2021/2022","Leeds","Tottenham","3","6","3","2","0","4","4","2","0","0","4","2"
"4800","25-02-22 21:00","England","Premier League","2021/2022","Southampton","Norwich","13","6","8","2","5","4","1","2","1","0","0","2"
"4801","24-02-22 20:45","England","Premier League","2021/2022","Arsenal","Wolves","5","4","2","1","3","3","1","1","1","0","0","1"
"4802","23-02-22 20:45","England","Premier League","2021/2022","Liverpool","Leeds","4","0","1","0","3","0","0","3","0","2","0","1"
"4803","23-02-22 20:30","England","Premier League","2021/2022","Burnley","Tottenham","3","7","2","2","1","5","0","0","0","0","0","0"
"4804","23-02-22 20:30","England","Premier League","2021/2022","Watford","Crystal Palace","6","4","3","3","3","1","2","1","1","1","1","0"
"4805","20-02-22 17:30","England","Premier League","2021/2022","Wolves","Leicester","7","10","7","3","0","7","4","4","2","3","2","1"
"4806","20-02-22 15:00","England","Premier League","2021/2022","Leeds","Manchester Utd","3","3","0","2","3","1","6","3","0","0","6","3"
"4807","19-02-22 18:30","England","Premier League","2021/2022","Manchester City","Tottenham","10","0","3","0","7","0","0","3","0","0","0","3"
"4808","19-02-22 16:00","England","Premier League","2021/2022","Arsenal","Brentford","14","0","9","0","5","0","1","1","0","0","1","1"
"4809","19-02-22 16:00","England","Premier League","2021/2022","Aston Villa","Watford","10","5","6","3","4","2","1","2","0","0","1","2"
"4810","19-02-22 16:00","England","Premier League","2021/2022","Brighton","Burnley","4","4","0","4","4","0","1","4","0","1","1","3"
"4811","19-02-22 16:00","England","Premier League","2021/2022","Crystal Palace","Chelsea","4","4","3","3","1","1","1","3","0","0","1","3"
"4812","19-02-22 16:00","England","Premier League","2021/2022","Liverpool","Norwich","8","4","5","3","3","1","0","1","0","1","0","0"
"4813","19-02-22 16:00","England","Premier League","2021/2022","Southampton","Everton","4","4","4","1","0","3","0","2","0","2","0","0"
"4814","19-02-22 13:30","England","Premier League","2021/2022","West Ham","Newcastle","3","7","2","4","1","3","3","3","1","1","2","2"
"4815","15-02-22 21:15","England","Premier League","2021/2022","Manchester Utd","Brighton","10","2","2","1","8","1","3","1","0","0","3","1"
"4816","13-02-22 17:30","England","Premier League","2021/2022","Leicester","West Ham","5","4","5","1","0","3","1","2","1","0","0","2"
"4817","13-02-22 15:00","England","Premier League","2021/2022","Burnley","Liverpool","5","8","3","4","2","4","0","1","0","1","0","0"
"4818","13-02-22 15:00","England","Premier League","2021/2022","Newcastle","Aston Villa","3","6","1","3","2","3","3","4","1","1","2","3"
"4819","13-02-22 15:00","England","Premier League","2021/2022","Tottenham","Wolves","7","3","1","1","6","2","3","1","0","0","3","1"
"4820","12-02-22 18:30","England","Premier League","2021/2022","Norwich","Manchester City","4","12","2","7","2","5","0","2","0","1","0","1"
"4821","12-02-22 16:00","England","Premier League","2021/2022","Brentford","Crystal Palace","3","9","2","4","1","5","1","0","1","0","0","0"
"4822","12-02-22 16:00","England","Premier League","2021/2022","Everton","Leeds","5","3","3","2","2","1","1","1","0","1","1","0"
"4823","12-02-22 16:00","England","Premier League","2021/2022","Watford","Brighton","4","5","2","3","2","2","3","2","0","1","3","1"
"4824","12-02-22 13:30","England","Premier League","2021/2022","Manchester Utd","Southampton","1","4","0","2","1","2","4","0","2","0","2","0"
"4825","10-02-22 20:45","England","Premier League","2021/2022","Liverpool","Leicester","7","6","2","3","5","3","1","0","0","0","1","0"
"4826","10-02-22 20:45","England","Premier League","2021/2022","Wolves","Arsenal","7","4","1","3","6","1","2","5","1","2","1","3"
"4827","09-02-22 21:00","England","Premier League","2021/2022","Aston Villa","Leeds","6","11","4","4","2","7","3","3","0","1","3","2"
"4828","09-02-22 20:45","England","Premier League","2021/2022","Manchester City","Brentford","9","3","5","1","4","2","0","0","0","0","0","0"
"4829","09-02-22 20:45","England","Premier League","2021/2022","Norwich","Crystal Palace","4","6","1","2","3","4","1","2","0","0","1","2"
"4830","09-02-22 20:45","England","Premier League","2021/2022","Tottenham","Southampton","2","8","2","6","0","2","2","3","0","0","2","3"
"4831","08-02-22 21:00","England","Premier League","2021/2022","Burnley","Manchester Utd","2","10","1","3","1","7","2","1","0","0","2","1"
"4832","08-02-22 20:45","England","Premier League","2021/2022","Newcastle","Everton","6","2","3","1","3","1","2","3","1","1","1","2"
"4833","08-02-22 20:45","England","Premier League","2021/2022","West Ham","Watford","5","6","2","1","3","5","1","0","0","0","1","0"
"4834","05-02-22 19:00","England","Premier League","2021/2022","Burnley","Watford","4","7","3","2","1","5","1","2","1","1","0","1"
"4835","23-01-22 17:30","England","Premier League","2021/2022","Chelsea","Tottenham","10","3","7","0","3","3","2","1","2","1","0","0"
"4836","23-01-22 15:00","England","Premier League","2021/2022","Arsenal","Burnley","12","4","4","2","8","2","0","2","0","2","0","0"
"4837","23-01-22 15:00","England","Premier League","2021/2022","Crystal Palace","Liverpool","2","5","1","5","1","0","4","1","0","0","4","1"
"4838","23-01-22 15:00","England","Premier League","2021/2022","Leicester","Brighton","4","5","3","2","1","3","0","1","0","0","0","1"
"4839","22-01-22 18:30","England","Premier League","2021/2022","Southampton","Manchester City","2","11","0","4","2","7","3","0","1","0","2","0"
"4840","22-01-22 16:00","England","Premier League","2021/2022","Brentford","Wolves","6","3","2","2","4","1","2","3","0","0","2","3"
"4841","22-01-22 16:00","England","Premier League","2021/2022","Leeds","Newcastle","6","7","4","3","2","4","4","2","0","0","4","2"
"4842","22-01-22 16:00","England","Premier League","2021/2022","Manchester Utd","West Ham","3","3","1","0","2","3","1","1","0","0","1","1"
"4843","22-01-22 13:30","England","Premier League","2021/2022","Everton","Aston Villa","9","2","3","2","6","0","5","4","1","0","4","4"
"4844","21-01-22 21:00","England","Premier League","2021/2022","Watford","Norwich","5","1","3","0","2","1","2","1","1","1","1","0"
"4845","19-01-22 21:00","England","Premier League","2021/2022","Brentford","Manchester Utd","6","9","4","4","2","5","0","0","0","0","0","0"
"4846","19-01-22 20:30","England","Premier League","2021/2022","Leicester","Tottenham","3","8","2","6","1","2","1","2","0","0","1","2"
"4847","18-01-22 21:00","England","Premier League","2021/2022","Brighton","Chelsea","5","7","1","1","4","6","1","2","0","0","1","2"
"4848","16-01-22 15:00","England","Premier League","2021/2022","Liverpool","Brentford","9","0","6","0","3","0","0","0","0","0","0","0"
"4849","16-01-22 15:00","England","Premier League","2021/2022","West Ham","Leeds","4","3","3","3","1","0","3","2","1","1","2","1"
"4850","15-01-22 18:30","England","Premier League","2021/2022","Aston Villa","Manchester Utd","3","6","2","4","1","2","0","0","0","0","0","0"
"4851","15-01-22 16:00","England","Premier League","2021/2022","Newcastle","Watford","4","6","4","3","0","3","3","2","1","0","2","2"
"4852","15-01-22 16:00","England","Premier League","2021/2022","Norwich","Everton","8","8","3","5","5","3","3","1","0","0","3","1"
"4853","15-01-22 16:00","England","Premier League","2021/2022","Wolves","Southampton","2","10","2","9","0","1","2","3","1","0","1","3"
"4854","15-01-22 13:30","England","Premier League","2021/2022","Manchester City","Chelsea","9","1","6","0","3","1","0","0","0","0","0","0"
"4855","14-01-22 21:00","England","Premier League","2021/2022","Brighton","Crystal Palace","9","0","4","0","5","0","0","2","0","1","0","1"
"4856","12-01-22 20:45","England","Premier League","2021/2022","West Ham","Norwich","11","2","6","1","5","1","0","0","0","0","0","0"
"4857","11-01-22 20:45","England","Premier League","2021/2022","Southampton","Brentford","5","2","5","0","0","2","0","1","0","1","0","0"
"4858","03-01-22 18:30","England","Premier League","2021/2022","Manchester Utd","Wolves","3","8","0","6","3","2","3","1","0","0","3","1"
"4859","02-01-22 17:30","England","Premier League","2021/2022","Chelsea","Liverpool","6","7","2","3","4","4","0","0","0","0","0","0"
"4860","02-01-22 15:00","England","Premier League","2021/2022","Brentford","Aston Villa","3","7","2","2","1","5","2","2","1","1","1","1"
"4861","02-01-22 15:00","England","Premier League","2021/2022","Everton","Brighton","8","5","1","4","7","1","1","1","1","0","0","1"
"4862","02-01-22 15:00","England","Premier League","2021/2022","Leeds","Burnley","9","3","6","2","3","1","2","1","1","1","1","0"
"4863","01-01-22 18:30","England","Premier League","2021/2022","Crystal Palace","West Ham","9","1","6","1","3","0","0","2","0","1","0","1"
"4864","01-01-22 16:00","England","Premier League","2021/2022","Watford","Tottenham","3","7","0","1","3","6","0","1","0","0","0","1"
"4865","01-01-22 13:30","England","Premier League","2021/2022","Arsenal","Manchester City","5","5","3","4","2","1","5","2","0","0","5","2"
"4866","30-12-21 21:15","England","Premier League","2021/2022","Manchester Utd","Burnley","7","5","4","2","3","3","0","0","0","0","0","0"
"4867","29-12-21 21:15","England","Premier League","2021/2022","Brentford","Manchester City","3","5","2","3","1","2","0","0","0","0","0","0"
"4868","29-12-21 20:30","England","Premier League","2021/2022","Chelsea","Brighton","10","8","4","4","6","4","4","1","1","0","3","1"
"4869","28-12-21 21:00","England","Premier League","2021/2022","Leicester","Liverpool","1","12","1","4","0","8","0","0","0","0","0","0"
"4870","28-12-21 16:00","England","Premier League","2021/2022","Crystal Palace","Norwich","8","8","3","4","5","4","1","2","1","2","0","0"
"4871","28-12-21 16:00","England","Premier League","2021/2022","Southampton","Tottenham","3","7","1","1","2","6","4","2","3","1","1","1"
"4872","28-12-21 16:00","England","Premier League","2021/2022","Watford","West Ham","4","5","0","5","4","0","0","1","0","0","0","1"
"4873","27-12-21 21:00","England","Premier League","2021/2022","Newcastle","Manchester Utd","2","3","1","2","1","1","3","3","0","0","3","3"
"4874","26-12-21 21:00","England","Premier League","2021/2022","Brighton","Brentford","6","9","4","4","2","5","0","0","0","0","0","0"
"4875","26-12-21 18:30","England","Premier League","2021/2022","Aston Villa","Chelsea","2","5","2","3","0","2","3","1","1","0","2","1"
"4876","26-12-21 16:00","England","Premier League","2021/2022","Manchester City","Leicester","14","4","8","4","6","0","1","2","0","1","1","1"
"4877","26-12-21 16:00","England","Premier League","2021/2022","Norwich","Arsenal","3","4","0","2","3","2","1","2","1","1","0","1"
"4878","26-12-21 16:00","England","Premier League","2021/2022","Tottenham","Crystal Palace","4","2","1","1","3","1","1","3","0","3","1","0"
"4879","26-12-21 16:00","England","Premier League","2021/2022","West Ham","Southampton","10","2","4","2","6","0","0","0","0","0","0","0"
"4880","19-12-21 17:30","England","Premier League","2021/2022","Tottenham","Liverpool","6","4","3","3","3","1","4","4","2","1","2","3"
"4881","19-12-21 15:00","England","Premier League","2021/2022","Newcastle","Manchester City","3","6","1","3","2","3","1","2","1","2","0","0"
"4882","19-12-21 15:00","England","Premier League","2021/2022","Wolves","Chelsea","4","9","3","4","1","5","0","2","0","2","0","0"
"4883","18-12-21 18:30","England","Premier League","2021/2022","Leeds","Arsenal","1","4","1","2","0","2","3","1","0","0","3","1"
"4884","16-12-21 21:00","England","Premier League","2021/2022","Liverpool","Newcastle","11","0","6","0","5","0","0","0","0","0","0","0"
"4885","16-12-21 20:45","England","Premier League","2021/2022","Chelsea","Everton","7","1","2","0","5","1","2","3","1","1","1","2"
"4886","15-12-21 21:00","England","Premier League","2021/2022","Arsenal","West Ham","5","2","2","1","3","1","0","0","0","0","0","0"
"4887","15-12-21 20:30","England","Premier League","2021/2022","Brighton","Wolves","7","4","5","2","2","2","2","0","0","0","2","0"
"4888","15-12-21 20:30","England","Premier League","2021/2022","Crystal Palace","Southampton","4","6","1","3","3","3","2","4","1","0","1","4"
"4889","14-12-21 21:00","England","Premier League","2021/2022","Manchester City","Leeds","6","2","3","0","3","2","0","0","0","0","0","0"
"4890","14-12-21 20:45","England","Premier League","2021/2022","Norwich","Aston Villa","7","10","3","7","4","3","3","1","0","0","3","1"
"4891","12-12-21 17:30","England","Premier League","2021/2022","Crystal Palace","Everton","8","2","3","0","5","2","0","2","0","0","0","2"
"4892","12-12-21 15:00","England","Premier League","2021/2022","Burnley","West Ham","6","14","4","6","2","8","2","1","2","0","0","1"
"4893","12-12-21 15:00","England","Premier League","2021/2022","Leicester","Newcastle","4","6","2","4","2","2","2","3","1","1","1","2"
"4894","11-12-21 18:30","England","Premier League","2021/2022","Norwich","Manchester Utd","8","6","2","4","6","2","1","1","0","0","1","1"
"4895","11-12-21 16:00","England","Premier League","2021/2022","Arsenal","Southampton","9","8","4","5","5","3","2","0","2","0","0","0"
"4896","11-12-21 16:00","England","Premier League","2021/2022","Chelsea","Leeds","5","2","4","2","1","0","2","5","1","1","1","4"
"4897","11-12-21 16:00","England","Premier League","2021/2022","Liverpool","Aston Villa","11","3","7","1","4","2","1","2","1","2","0","0"
"4898","11-12-21 13:30","England","Premier League","2021/2022","Manchester City","Wolves","14","1","4","0","10","1","3","4","2","3","1","1"
"4899","10-12-21 21:00","England","Premier League","2021/2022","Brentford","Watford","8","2","5","2","3","0","4","0","0","0","4","0"
"4900","06-12-21 21:00","England","Premier League","2021/2022","Everton","Arsenal","3","3","1","3","2","0","0","0","0","0","0","0"
"4901","05-12-21 17:30","England","Premier League","2021/2022","Aston Villa","Leicester","3","6","2","1","1","5","1","1","0","0","1","1"
"4902","05-12-21 15:00","England","Premier League","2021/2022","Leeds","Brentford","5","1","3","1","2","0","5","3","1","1","4","2"
"4903","05-12-21 15:00","England","Premier League","2021/2022","Manchester Utd","Crystal Palace","9","6","7","1","2","5","0","0","0","0","0","0"
"4904","05-12-21 15:00","England","Premier League","2021/2022","Tottenham","Norwich","6","4","1","2","5","2","1","2","1","2","0","0"
"4905","04-12-21 18:30","England","Premier League","2021/2022","Watford","Manchester City","5","11","1","5","4","6","0","0","0","0","0","0"
"4906","04-12-21 16:00","England","Premier League","2021/2022","Newcastle","Burnley","10","3","2","1","8","2","1","1","0","0","1","1"
"4907","04-12-21 16:00","England","Premier League","2021/2022","Southampton","Brighton","6","2","5","2","1","0","4","2","0","1","4","1"
"4908","04-12-21 16:00","England","Premier League","2021/2022","Wolves","Liverpool","2","8","1","5","1","3","2","2","1","0","1","2"
"4909","04-12-21 13:30","England","Premier League","2021/2022","West Ham","Chelsea","1","9","1","4","0","5","1","3","0","1","1","2"
"4910","02-12-21 21:15","England","Premier League","2021/2022","Manchester Utd","Arsenal","3","8","2","5","1","3","1","0","1","0","0","0"
"4911","02-12-21 20:30","England","Premier League","2021/2022","Tottenham","Brentford","10","5","8","1","2","4","0","0","0","0","0","0"
"4912","01-12-21 21:15","England","Premier League","2021/2022","Aston Villa","Manchester City","4","10","1","6","3","4","0","0","0","0","0","0"
"4913","01-12-21 21:15","England","Premier League","2021/2022","Everton","Liverpool","3","11","1","7","2","4","4","3","4","1","0","2"
"4914","01-12-21 20:30","England","Premier League","2021/2022","Southampton","Leicester","2","4","2","1","0","3","1","3","0","0","1","3"
"4915","01-12-21 20:30","England","Premier League","2021/2022","Watford","Chelsea","6","0","2","0","4","0","4","3","2","2","2","1"
"4916","01-12-21 20:30","England","Premier League","2021/2022","West Ham","Brighton","9","5","3","3","6","2","1","1","0","0","1","1"
"4917","01-12-21 20:30","England","Premier League","2021/2022","Wolves","Burnley","5","5","2","3","3","2","2","3","1","2","1","1"
"4918","30-11-21 21:15","England","Premier League","2021/2022","Leeds","Crystal Palace","7","4","2","3","5","1","5","3","1","2","4","1"
"4919","30-11-21 20:30","England","Premier League","2021/2022","Newcastle","Norwich","2","5","1","3","1","2","0","0","0","0","0","0"
"4920","28-11-21 17:30","England","Premier League","2021/2022","Chelsea","Manchester Utd","15","2","5","0","10","2","2","5","0","1","2","4"
"4921","28-11-21 15:00","England","Premier League","2021/2022","Brentford","Everton","3","3","3","2","0","1","4","3","1","1","3","2"
"4922","28-11-21 15:00","England","Premier League","2021/2022","Leicester","Watford","8","6","3","3","5","3","0","0","0","0","0","0"
"4923","28-11-21 15:00","England","Premier League","2021/2022","Manchester City","West Ham","8","4","1","2","7","2","0","0","0","0","0","0"
"4924","27-11-21 18:30","England","Premier League","2021/2022","Brighton","Leeds","6","1","2","0","4","1","1","3","0","1","1","2"
"4925","27-11-21 16:00","England","Premier League","2021/2022","Crystal Palace","Aston Villa","7","3","3","3","4","0","3","3","2","1","1","2"
"4926","27-11-21 16:00","England","Premier League","2021/2022","Liverpool","Southampton","5","7","2","3","3","4","0","0","0","0","0","0"
"4927","27-11-21 16:00","England","Premier League","2021/2022","Norwich","Wolves","4","3","2","1","2","2","2","2","1","1","1","1"
"4928","27-11-21 13:30","England","Premier League","2021/2022","Arsenal","Newcastle","4","4","1","2","3","2","0","0","0","0","0","0"
"4929","21-11-21 17:30","England","Premier League","2021/2022","Tottenham","Leeds","4","8","2","2","2","6","1","4","0","1","1","3"
"4930","21-11-21 15:00","England","Premier League","2021/2022","Manchester City","Everton","7","1","5","0","2","1","1","1","1","1","0","0"
"4931","20-11-21 18:30","England","Premier League","2021/2022","Liverpool","Arsenal","6","1","5","0","1","1","2","0","1","0","1","0"
"4932","20-11-21 16:00","England","Premier League","2021/2022","Aston Villa","Brighton","5","6","4","4","1","2","3","3","0","0","3","3"
"4933","20-11-21 16:00","England","Premier League","2021/2022","Burnley","Crystal Palace","3","6","1","2","2","4","2","3","1","1","1","2"
"4934","20-11-21 16:00","England","Premier League","2021/2022","Newcastle","Brentford","8","2","5","0","3","2","2","2","0","1","2","1"
"4935","20-11-21 16:00","England","Premier League","2021/2022","Norwich","Southampton","5","7","1","3","4","4","3","2","0","0","3","2"
"4936","20-11-21 16:00","England","Premier League","2021/2022","Watford","Manchester Utd","8","3","4","2","4","1","2","3","1","1","1","2"
"4937","20-11-21 16:00","England","Premier League","2021/2022","Wolves","West Ham","7","3","2","1","5","2","1","1","0","0","1","1"
"4938","20-11-21 13:30","England","Premier League","2021/2022","Leicester","Chelsea","3","5","0","2","3","3","3","1","3","0","0","1"
"4939","07-11-21 17:30","England","Premier League","2021/2022","West Ham","Liverpool","3","2","1","2","2","0","1","1","1","0","0","1"
"4940","07-11-21 15:00","England","Premier League","2021/2022","Arsenal","Watford","4","2","3","2","1","0","4","4","2","2","2","2"
"4941","07-11-21 15:00","England","Premier League","2021/2022","Everton","Tottenham","4","2","1","0","3","2","2","4","1","1","1","3"
"4942","07-11-21 15:00","England","Premier League","2021/2022","Leeds","Leicester","10","5","6","0","4","5","1","1","1","0","0","1"
"4943","06-11-21 18:30","England","Premier League","2021/2022","Brighton","Newcastle","2","5","2","2","0","3","3","4","0","1","3","3"
"4944","06-11-21 16:00","England","Premier League","2021/2022","Brentford","Norwich","6","2","3","1","3","1","0","0","0","0","0","0"
"4945","06-11-21 16:00","England","Premier League","2021/2022","Chelsea","Burnley","14","2","8","1","6","1","1","4","0","0","1","4"
"4946","06-11-21 16:00","England","Premier League","2021/2022","Crystal Palace","Wolves","4","6","2","2","2","4","2","1","1","1","1","0"
"4947","06-11-21 13:30","England","Premier League","2021/2022","Manchester Utd","Manchester City","1","9","0","6","1","3","1","2","0","0","1","2"
"4948","05-11-21 21:00","England","Premier League","2021/2022","Southampton","Aston Villa","10","8","8","2","2","6","2","2","0","1","2","1"
"4949","01-11-21 21:00","England","Premier League","2021/2022","Wolves","Everton","4","3","3","0","1","3","1","1","0","0","1","1"
"4950","31-10-21 17:30","England","Premier League","2021/2022","Aston Villa","West Ham","3","6","3","2","0","4","1","2","0","0","1","2"
"4951","31-10-21 15:00","England","Premier League","2021/2022","Norwich","Leeds","5","0","3","0","2","0","1","4","0","2","1","2"
"4952","30-10-21 18:30","England","Premier League","2021/2022","Tottenham","Manchester Utd","10","1","4","1","6","0","2","3","0","2","2","1"
"4953","30-10-21 16:00","England","Premier League","2021/2022","Burnley","Brentford","4","2","2","0","2","2","1","1","0","0","1","1"
"4954","30-10-21 16:00","England","Premier League","2021/2022","Liverpool","Brighton","5","3","2","1","3","2","0","0","0","0","0","0"
"4955","30-10-21 16:00","England","Premier League","2021/2022","Manchester City","Crystal Palace","7","1","4","0","3","1","2","3","2","1","0","2"
"4956","30-10-21 16:00","England","Premier League","2021/2022","Newcastle","Chelsea","0","2","0","0","0","2","3","2","2","0","1","2"
"4957","30-10-21 16:00","England","Premier League","2021/2022","Watford","Southampton","5","8","3","3","2","5","2","2","1","0","1","2"
"4958","30-10-21 13:30","England","Premier League","2021/2022","Leicester","Arsenal","7","6","1","4","6","2","2","0","0","0","2","0"
"4959","24-10-21 17:30","England","Premier League","2021/2022","Manchester Utd","Liverpool","6","3","3","1","3","2","6","0","3","0","3","0"
"4960","24-10-21 15:00","England","Premier League","2021/2022","Brentford","Leicester","9","2","6","0","3","2","1","1","1","0","0","1"
"4961","24-10-21 15:00","England","Premier League","2021/2022","West Ham","Tottenham","2","4","1","2","1","2","2","1","2","0","0","1"
"4962","23-10-21 18:30","England","Premier League","2021/2022","Brighton","Manchester City","7","6","2","1","5","5","2","3","0","1","2","2"
"4963","23-10-21 16:00","England","Premier League","2021/2022","Crystal Palace","Newcastle","3","7","1","2","2","5","3","4","2","1","1","3"
"4964","23-10-21 16:00","England","Premier League","2021/2022","Everton","Watford","3","5","2","2","1","3","4","3","1","1","3","2"
"4965","23-10-21 16:00","England","Premier League","2021/2022","Leeds","Wolves","6","3","2","1","4","2","2","3","0","1","2","2"
"4966","23-10-21 16:00","England","Premier League","2021/2022","Southampton","Burnley","6","2","3","2","3","0","1","3","0","1","1","2"
"4967","23-10-21 13:30","England","Premier League","2021/2022","Chelsea","Norwich","5","0","2","0","3","0","0","4","0","1","0","3"
"4968","22-10-21 21:00","England","Premier League","2021/2022","Arsenal","Aston Villa","7","4","5","1","2","3","2","5","1","3","1","2"
"4969","18-10-21 21:00","England","Premier League","2021/2022","Arsenal","Crystal Palace","6","3","2","2","4","1","1","1","1","1","0","0"
"4970","17-10-21 17:30","England","Premier League","2021/2022","Newcastle","Tottenham","2","9","1","3","1","6","6","1","1","0","5","1"
"4971","17-10-21 15:00","England","Premier League","2021/2022","Everton","West Ham","7","9","2","2","5","7","0","2","0","2","0","0"
"4972","16-10-21 18:30","England","Premier League","2021/2022","Brentford","Chelsea","5","5","2","4","3","1","1","1","1","1","0","0"
"4973","16-10-21 16:00","England","Premier League","2021/2022","Aston Villa","Wolves","6","7","2","2","4","5","2","3","0","0","2","3"
"4974","16-10-21 16:00","England","Premier League","2021/2022","Leicester","Manchester Utd","4","3","0","3","4","0","0","0","0","0","0","0"
"4975","16-10-21 16:00","England","Premier League","2021/2022","Manchester City","Burnley","6","2","1","2","5","0","1","0","1","0","0","0"
"4976","16-10-21 16:00","England","Premier League","2021/2022","Norwich","Brighton","8","4","6","3","2","1","3","5","1","3","2","2"
"4977","16-10-21 16:00","England","Premier League","2021/2022","Southampton","Leeds","8","1","5","0","3","1","2","3","0","0","2","3"
"4978","16-10-21 13:30","England","Premier League","2021/2022","Watford","Liverpool","1","9","0","7","1","2","0","0","0","0","0","0"
"4979","03-10-21 17:30","England","Premier League","2021/2022","Liverpool","Manchester City","3","4","2","2","1","2","3","3","1","1","2","2"
"4980","03-10-21 15:00","England","Premier League","2021/2022","Crystal Palace","Leicester","1","3","0","1","1","2","2","3","0","1","2","2"
"4981","03-10-21 15:00","England","Premier League","2021/2022","Tottenham","Aston Villa","5","8","0","4","5","4","2","1","1","1","1","0"
"4982","03-10-21 15:00","England","Premier League","2021/2022","West Ham","Brentford","10","6","5","3","5","3","0","0","0","0","0","0"
"4983","02-10-21 18:30","England","Premier League","2021/2022","Brighton","Arsenal","8","5","5","0","3","5","2","1","0","0","2","1"
"4984","02-10-21 16:00","England","Premier League","2021/2022","Burnley","Norwich","9","5","6","1","3","4","0","0","0","0","0","0"
"4985","02-10-21 16:00","England","Premier League","2021/2022","Chelsea","Southampton","7","2","5","1","2","1","1","3","0","1","1","2"
"4986","02-10-21 16:00","England","Premier League","2021/2022","Leeds","Watford","6","3","1","1","5","2","0","3","0","0","0","3"
"4987","02-10-21 16:00","England","Premier League","2021/2022","Wolves","Newcastle","0","4","0","2","0","2","0","2","0","0","0","2"
"4988","02-10-21 13:30","England","Premier League","2021/2022","Manchester Utd","Everton","10","1","4","0","6","1","1","1","1","0","0","1"
"4989","27-09-21 21:00","England","Premier League","2021/2022","Crystal Palace","Brighton","6","5","3","1","3","4","2","5","0","1","2","4"
"4990","26-09-21 17:30","England","Premier League","2021/2022","Arsenal","Tottenham","4","4","1","2","3","2","2","1","0","0","2","1"
"4991","26-09-21 15:00","England","Premier League","2021/2022","Southampton","Wolves","5","5","0","2","5","3","0","0","0","0","0","0"
"4992","25-09-21 18:30","England","Premier League","2021/2022","Brentford","Liverpool","2","11","0","4","2","7","1","1","1","0","0","1"
"4993","25-09-21 16:00","England","Premier League","2021/2022","Everton","Norwich","6","4","3","1","3","3","2","3","0","0","2","3"
"4994","25-09-21 16:00","England","Premier League","2021/2022","Leeds","West Ham","5","7","2","4","3","3","3","2","1","1","2","1"
"4995","25-09-21 16:00","England","Premier League","2021/2022","Leicester","Burnley","8","3","1","3","7","0","2","4","1","1","1","3"
"4996","25-09-21 16:00","England","Premier League","2021/2022","Watford","Newcastle","5","6","2","5","3","1","4","3","2","2","2","1"
"4997","25-09-21 13:30","England","Premier League","2021/2022","Chelsea","Manchester City","4","13","1","9","3","4","3","2","0","0","3","2"
"4998","25-09-21 13:30","England","Premier League","2021/2022","Manchester Utd","Aston Villa","5","5","4","1","1","4","2","2","1","0","1","2"
"4999","19-09-21 17:30","England","Premier League","2021/2022","Tottenham","Chelsea","5","11","4","2","1","9","0","1","0","0","0","1"
"5000","19-09-21 15:00","England","Premier League","2021/2022","Brighton","Leicester","4","9","3","3","1","6","2","1","1","1","1","0"
"5001","19-09-21 15:00","England","Premier League","2021/2022","West Ham","Manchester Utd","2","11","0","6","2","5","0","0","0","0","0","0"
"5002","18-09-21 18:30","England","Premier League","2021/2022","Aston Villa","Everton","5","4","2","4","3","0","1","1","0","0","1","1"
"5003","18-09-21 16:00","England","Premier League","2021/2022","Burnley","Arsenal","8","3","2","1","6","2","2","1","2","0","0","1"
"5004","18-09-21 16:00","England","Premier League","2021/2022","Liverpool","Crystal Palace","10","5","6","3","4","2","3","1","1","0","2","1"
"5005","18-09-21 16:00","England","Premier League","2021/2022","Manchester City","Southampton","8","5","4","2","4","3","0","2","0","0","0","2"
"5006","18-09-21 16:00","England","Premier League","2021/2022","Norwich","Watford","4","8","1","4","3","4","1","1","0","1","1","0"
"5007","18-09-21 13:30","England","Premier League","2021/2022","Wolves","Brentford","4","2","1","2","3","0","4","4","2","0","2","4"
"5008","17-09-21 21:00","England","Premier League","2021/2022","Newcastle","Leeds","4","5","1","4","3","1","2","2","2","0","0","2"
"5009","13-09-21 21:00","England","Premier League","2021/2022","Everton","Burnley","4","6","2","3","2","3","1","1","0","0","1","1"
"5010","12-09-21 17:30","England","Premier League","2021/2022","Leeds","Liverpool","2","11","0","4","2","7","2","1","2","1","0","0"
"5011","11-09-21 18:30","England","Premier League","2021/2022","Chelsea","Aston Villa","4","11","3","4","1","7","1","4","0","2","1","2"
"5012","11-09-21 16:00","England","Premier League","2021/2022","Arsenal","Norwich","8","4","4","1","4","3","1","2","0","1","1","1"
"5013","11-09-21 16:00","England","Premier League","2021/2022","Brentford","Brighton","1","5","0","2","1","3","3","2","2","0","1","2"
"5014","11-09-21 16:00","England","Premier League","2021/2022","Leicester","Manchester City","5","8","3","5","2","3","1","2","0","2","1","0"
"5015","11-09-21 16:00","England","Premier League","2021/2022","Manchester Utd","Newcastle","7","3","4","1","3","2","1","0","0","0","1","0"
"5016","11-09-21 16:00","England","Premier League","2021/2022","Southampton","West Ham","5","4","2","1","3","3","3","3","1","0","2","3"
"5017","11-09-21 16:00","England","Premier League","2021/2022","Watford","Wolves","6","8","3","4","3","4","3","3","1","0","2","3"
"5018","11-09-21 13:30","England","Premier League","2021/2022","Crystal Palace","Tottenham","8","2","3","1","5","1","2","3","0","0","2","3"
"5019","29-08-21 17:30","England","Premier League","2021/2022","Wolves","Manchester Utd","5","7","3","2","2","5","3","4","0","1","3","3"
"5020","29-08-21 15:00","England","Premier League","2021/2022","Burnley","Leeds","5","5","3","2","2","3","4","3","3","1","1","2"
"5021","29-08-21 15:00","England","Premier League","2021/2022","Tottenham","Watford","10","3","3","1","7","2","3","3","1","1","2","2"
"5022","28-08-21 18:30","England","Premier League","2021/2022","Liverpool","Chelsea","12","3","4","2","8","1","0","2","0","2","0","0"
"5023","28-08-21 16:00","England","Premier League","2021/2022","Aston Villa","Brentford","3","2","2","1","1","1","3","3","0","0","3","3"
"5024","28-08-21 16:00","England","Premier League","2021/2022","Brighton","Everton","4","5","2","3","2","2","1","2","0","0","1","2"
"5025","28-08-21 16:00","England","Premier League","2021/2022","Newcastle","Southampton","4","4","1","1","3","3","3","3","1","1","2","2"
"5026","28-08-21 16:00","England","Premier League","2021/2022","Norwich","Leicester","9","9","4","4","5","5","2","1","1","0","1","1"
"5027","28-08-21 16:00","England","Premier League","2021/2022","West Ham","Crystal Palace","5","3","4","1","1","2","1","0","0","0","1","0"
"5028","28-08-21 13:30","England","Premier League","2021/2022","Manchester City","Arsenal","14","0","5","0","9","0","1","2","0","2","1","0"
"5029","23-08-21 21:00","England","Premier League","2021/2022","West Ham","Leicester","10","0","3","0","7","0","0","1","0","0","0","1"
"5030","22-08-21 17:30","England","Premier League","2021/2022","Arsenal","Chelsea","9","8","4","2","5","6","3","0","2","0","1","0"
"5031","22-08-21 15:00","England","Premier League","2021/2022","Southampton","Manchester Utd","7","7","3","4","4","3","2","3","0","1","2","2"
"5032","22-08-21 15:00","England","Premier League","2021/2022","Wolves","Tottenham","5","4","3","0","2","4","1","4","0","2","1","2"
"5033","21-08-21 18:30","England","Premier League","2021/2022","Brighton","Watford","7","2","3","1","4","1","4","0","0","0","4","0"
"5034","21-08-21 16:00","England","Premier League","2021/2022","Aston Villa","Newcastle","3","4","2","1","1","3","0","0","0","0","0","0"
"5035","21-08-21 16:00","England","Premier League","2021/2022","Crystal Palace","Brentford","3","5","1","2","2","3","3","1","1","0","2","1"
"5036","21-08-21 16:00","England","Premier League","2021/2022","Leeds","Everton","8","5","2","2","6","3","0","0","0","0","0","0"
"5037","21-08-21 16:00","England","Premier League","2021/2022","Manchester City","Norwich","6","1","2","0","4","1","1","0","1","0","0","0"
"5038","21-08-21 13:30","England","Premier League","2021/2022","Liverpool","Burnley","8","4","2","2","6","2","0","0","0","0","0","0"
"5039","15-08-21 17:30","England","Premier League","2021/2022","Tottenham","Manchester City","3","11","2","3","1","8","2","1","0","0","2","1"
"5040","15-08-21 15:00","England","Premier League","2021/2022","Newcastle","West Ham","7","6","4","4","3","2","1","0","0","0","1","0"
"5041","14-08-21 18:30","England","Premier League","2021/2022","Norwich","Liverpool","3","11","1","8","2","3","1","1","0","1","1","0"
"5042","14-08-21 16:00","England","Premier League","2021/2022","Burnley","Brighton","7","6","2","4","5","2","2","1","2","1","0","0"
"5043","14-08-21 16:00","England","Premier League","2021/2022","Chelsea","Crystal Palace","5","2","4","0","1","2","0","0","0","0","0","0"
"5044","14-08-21 16:00","England","Premier League","2021/2022","Everton","Southampton","6","8","1","2","5","6","2","0","1","0","1","0"
"5045","14-08-21 16:00","England","Premier League","2021/2022","Leicester","Wolves","5","4","2","0","3","4","1","2","0","0","1","2"
"5046","14-08-21 16:00","England","Premier League","2021/2022","Watford","Aston Villa","2","4","1","2","1","2","3","1","1","0","2","1"
"5047","14-08-21 13:30","England","Premier League","2021/2022","Manchester Utd","Leeds","5","4","5","4","0","0","1","2","0","0","1","2"
"5048","13-08-21 21:00","England","Premier League","2021/2022","Brentford","Arsenal","2","5","1","2","1","3","0","0","0","0","0","0"
"5049","23-05-21 17:00","England","Premier League","2020/2021","Arsenal","Brighton","11","3","8","1","3","2","0","0","0","0","0","0"
"5050","23-05-21 17:00","England","Premier League","2020/2021","Aston Villa","Chelsea","2","9","1","5","1","4","3","4","0","2","3","2"
"5051","23-05-21 17:00","England","Premier League","2020/2021","Fulham","Newcastle","5","4","2","4","3","0","1","0","0","0","1","0"
"5052","23-05-21 17:00","England","Premier League","2020/2021","Leeds","West Brom","8","3","2","0","6","3","2","1","1","1","1","0"
"5053","23-05-21 17:00","England","Premier League","2020/2021","Leicester","Tottenham","8","7","2","3","6","4","0","2","0","0","0","2"
"5054","23-05-21 17:00","England","Premier League","2020/2021","Liverpool","Crystal Palace","14","1","8","1","6","0","2","2","0","0","2","2"
"5055","23-05-21 17:00","England","Premier League","2020/2021","Manchester City","Everton","7","5","4","2","3","3","2","2","1","2","1","0"
"5056","23-05-21 17:00","England","Premier League","2020/2021","Sheffield Utd","Burnley","8","9","2","4","6","5","0","0","0","0","0","0"
"5057","23-05-21 17:00","England","Premier League","2020/2021","West Ham","Southampton","2","3","1","1","1","2","0","3","0","0","0","3"
"5058","23-05-21 17:00","England","Premier League","2020/2021","Wolves","Manchester Utd","6","2","4","2","2","0","4","1","2","0","2","1"
"5059","19-05-21 21:15","England","Premier League","2020/2021","Burnley","Liverpool","6","7","2","2","4","5","0","0","0","0","0","0"
"5060","19-05-21 21:15","England","Premier League","2020/2021","West Brom","West Ham","6","8","4","5","2","3","2","2","2","1","0","1"
"5061","19-05-21 20:00","England","Premier League","2020/2021","Crystal Palace","Arsenal","6","7","3","6","3","1","2","1","2","1","0","0"
"5062","19-05-21 19:00","England","Premier League","2020/2021","Everton","Wolves","7","12","3","10","4","2","0","2","0","0","0","2"
"5063","19-05-21 19:00","England","Premier League","2020/2021","Newcastle","Sheffield Utd","5","2","4","0","1","2","0","2","0","2","0","0"
"5064","19-05-21 19:00","England","Premier League","2020/2021","Tottenham","Aston Villa","4","5","0","1","4","4","1","1","1","0","0","1"
"5065","18-05-21 21:15","England","Premier League","2020/2021","Chelsea","Leicester","6","5","4","3","2","2","2","4","0","1","2","3"
"5066","18-05-21 20:00","England","Premier League","2020/2021","Brighton","Manchester City","5","3","3","3","2","0","3","3","1","0","2","3"
"5067","18-05-21 19:00","England","Premier League","2020/2021","Manchester Utd","Fulham","6","1","4","1","2","0","2","3","1","0","1","3"
"5068","18-05-21 19:00","England","Premier League","2020/2021","Southampton","Leeds","4","4","3","2","1","2","0","3","0","1","0","2"
"5069","16-05-21 20:00","England","Premier League","2020/2021","Everton","Sheffield Utd","11","4","6","1","5","3","1","3","0","1","1","2"
"5070","16-05-21 17:30","England","Premier League","2020/2021","West Brom","Liverpool","9","13","2","5","7","8","0","0","0","0","0","0"
"5071","16-05-21 15:05","England","Premier League","2020/2021","Tottenham","Wolves","10","3","5","1","5","2","1","0","0","0","1","0"
"5072","16-05-21 13:00","England","Premier League","2020/2021","Crystal Palace","Aston Villa","7","7","1","4","6","3","3","2","0","0","3","2"
"5073","15-05-21 21:00","England","Premier League","2020/2021","Brighton","West Ham","3","3","2","2","1","1","1","0","1","0","0","0"
"5074","15-05-21 16:00","England","Premier League","2020/2021","Southampton","Fulham","6","5","2","2","4","3","0","1","0","1","0","0"
"5075","15-05-21 13:30","England","Premier League","2020/2021","Burnley","Leeds","6","8","2","6","4","2","1","1","0","0","1","1"
"5076","14-05-21 21:00","England","Premier League","2020/2021","Newcastle","Manchester City","4","5","2","3","2","2","2","2","1","1","1","1"
"5077","13-05-21 21:15","England","Premier League","2020/2021","Manchester Utd","Liverpool","6","4","2","4","4","0","3","0","0","0","3","0"
"5078","13-05-21 19:00","England","Premier League","2020/2021","Aston Villa","Everton","9","1","5","0","4","1","2","1","1","0","1","1"
"5079","12-05-21 21:15","England","Premier League","2020/2021","Chelsea","Arsenal","9","1","3","1","6","0","0","1","0","0","0","1"
"5080","11-05-21 21:15","England","Premier League","2020/2021","Southampton","Crystal Palace","12","8","8","3","4","5","2","3","1","1","1","2"
"5081","11-05-21 19:00","England","Premier League","2020/2021","Manchester Utd","Leicester","3","4","0","2","3","2","0","0","0","0","0","0"
"5082","10-05-21 21:00","England","Premier League","2020/2021","Fulham","Burnley","8","4","1","4","7","0","2","0","1","0","1","0"
"5083","09-05-21 20:00","England","Premier League","2020/2021","Arsenal","West Brom","6","6","5","1","1","5","1","2","0","0","1","2"
"5084","09-05-21 17:30","England","Premier League","2020/2021","West Ham","Everton","5","6","2","6","3","0","2","1","0","0","2","1"
"5085","09-05-21 15:05","England","Premier League","2020/2021","Aston Villa","Manchester Utd","5","6","3","2","2","4","3","1","1","0","2","1"
"5086","09-05-21 13:00","England","Premier League","2020/2021","Wolves","Brighton","10","5","3","4","7","1","2","2","0","0","2","2"
"5087","08-05-21 21:15","England","Premier League","2020/2021","Liverpool","Southampton","8","4","4","3","4","1","0","1","0","0","0","1"
"5088","08-05-21 18:30","England","Premier League","2020/2021","Manchester City","Chelsea","6","2","4","0","2","2","2","0","1","0","1","0"
"5089","08-05-21 16:00","England","Premier League","2020/2021","Sheffield Utd","Crystal Palace","5","11","1","7","4","4","1","1","1","1","0","0"
"5090","08-05-21 13:30","England","Premier League","2020/2021","Leeds","Tottenham","8","6","6","2","2","4","1","2","0","0","1","2"
"5091","07-05-21 21:00","England","Premier League","2020/2021","Leicester","Newcastle","9","6","2","5","7","1","1","1","0","0","1","1"
"5092","03-05-21 21:15","England","Premier League","2020/2021","Burnley","West Ham","5","4","1","0","4","4","2","1","0","0","2","1"
"5093","03-05-21 19:00","England","Premier League","2020/2021","West Brom","Wolves","5","6","3","3","2","3","2","0","0","0","2","0"
"5094","02-05-21 20:15","England","Premier League","2020/2021","Tottenham","Sheffield Utd","6","6","3","0","3","6","1","1","0","1","1","0"
"5095","02-05-21 15:00","England","Premier League","2020/2021","Newcastle","Arsenal","3","7","2","4","1","3","2","1","1","1","1","0"
"5096","01-05-21 21:00","England","Premier League","2020/2021","Everton","Aston Villa","3","6","3","4","0","2","0","2","0","1","0","1"
"5097","01-05-21 18:30","England","Premier League","2020/2021","Chelsea","Fulham","1","8","1","4","0","4","1","1","1","0","0","1"
"5098","01-05-21 16:00","England","Premier League","2020/2021","Brighton","Leeds","2","9","1","8","1","1","1","1","0","0","1","1"
"5099","01-05-21 13:30","England","Premier League","2020/2021","Crystal Palace","Manchester City","2","6","1","1","1","5","2","0","0","0","2","0"
"5100","30-04-21 21:00","England","Premier League","2020/2021","Southampton","Leicester","0","10","0","4","0","6","1","0","0","0","1","0"
"5101","26-04-21 21:00","England","Premier League","2020/2021","Leicester","Crystal Palace","7","2","3","0","4","2","0","1","0","1","0","0"
"5102","25-04-21 20:00","England","Premier League","2020/2021","Aston Villa","West Brom","11","4","3","1","8","3","0","2","0","0","0","2"
"5103","25-04-21 15:00","England","Premier League","2020/2021","Leeds","Manchester Utd","2","6","1","2","1","4","4","1","2","0","2","1"
"5104","25-04-21 13:00","England","Premier League","2020/2021","Wolves","Burnley","8","5","4","3","4","2","1","2","1","2","0","0"
"5105","24-04-21 21:00","England","Premier League","2020/2021","Sheffield Utd","Brighton","2","12","1","4","1","8","3","0","1","0","2","0"
"5106","24-04-21 18:30","England","Premier League","2020/2021","West Ham","Chelsea","4","2","4","1","0","1","0","4","0","2","0","2"
"5107","24-04-21 13:30","England","Premier League","2020/2021","Liverpool","Newcastle","6","3","2","2","4","1","2","1","1","1","1","0"
"5108","23-04-21 21:00","England","Premier League","2020/2021","Arsenal","Everton","7","3","1","1","6","2","1","3","1","0","0","3"
"5109","22-04-21 21:00","England","Premier League","2020/2021","Leicester","West Brom","7","3","3","1","4","2","0","2","0","0","0","2"
"5110","21-04-21 21:15","England","Premier League","2020/2021","Aston Villa","Manchester City","1","11","0","7","1","4","2","1","0","1","2","0"
"5111","21-04-21 19:00","England","Premier League","2020/2021","Tottenham","Southampton","5","5","2","5","3","0","2","1","1","0","1","1"
"5112","20-04-21 21:15","England","Premier League","2020/2021","Chelsea","Brighton","0","3","0","1","0","2","2","2","2","0","0","2"
"5113","19-04-21 21:00","England","Premier League","2020/2021","Leeds","Liverpool","10","8","2","4","8","4","2","1","2","1","0","0"
"5114","18-04-21 17:00","England","Premier League","2020/2021","Manchester Utd","Burnley","8","3","3","1","5","2","1","2","1","0","0","2"
"5115","18-04-21 14:30","England","Premier League","2020/2021","Arsenal","Fulham","11","1","3","1","8","0","0","3","0","0","0","3"
"5116","17-04-21 21:15","England","Premier League","2020/2021","Wolves","Sheffield Utd","3","3","3","1","0","2","1","2","0","1","1","1"
"5117","17-04-21 13:30","England","Premier League","2020/2021","Newcastle","West Ham","3","8","3","2","0","6","2","2","1","2","1","0"
"5118","16-04-21 21:00","England","Premier League","2020/2021","Everton","Tottenham","6","3","1","0","5","3","1","1","1","1","0","0"
"5119","12-04-21 21:15","England","Premier League","2020/2021","Brighton","Everton","10","3","3","1","7","2","1","2","0","0","1","2"
"5120","12-04-21 19:00","England","Premier League","2020/2021","West Brom","Southampton","5","10","5","3","0","7","0","1","0","1","0","0"
"5121","11-04-21 20:00","England","Premier League","2020/2021","Sheffield Utd","Arsenal","2","4","1","4","1","0","1","1","0","0","1","1"
"5122","11-04-21 17:30","England","Premier League","2020/2021","Tottenham","Manchester Utd","7","5","3","1","4","4","1","5","0","2","1","3"
"5123","11-04-21 15:05","England","Premier League","2020/2021","West Ham","Leicester","1","9","1","3","0","6","3","3","2","2","1","1"
"5124","11-04-21 13:00","England","Premier League","2020/2021","Burnley","Newcastle","13","3","5","2","8","1","1","0","0","0","1","0"
"5125","10-04-21 18:30","England","Premier League","2020/2021","Crystal Palace","Chelsea","0","8","0","7","0","1","1","0","1","0","0","0"
"5126","10-04-21 16:00","England","Premier League","2020/2021","Liverpool","Aston Villa","7","0","4","0","3","0","2","4","0","1","2","3"
"5127","10-04-21 13:30","England","Premier League","2020/2021","Manchester City","Leeds","9","3","3","3","6","0","3","1","1","0","2","1"
"5128","09-04-21 21:00","England","Premier League","2020/2021","Fulham","Wolves","3","4","1","2","2","2","0","0","0","0","0","0"
"5129","05-04-21 21:15","England","Premier League","2020/2021","Wolves","West Ham","4","2","3","1","1","1","1","4","0","2","1","2"
"5130","05-04-21 19:00","England","Premier League","2020/2021","Everton","Crystal Palace","3","4","0","1","3","3","2","0","2","0","0","0"
"5131","04-04-21 20:30","England","Premier League","2020/2021","Manchester Utd","Brighton","5","6","1","5","4","1","2","2","0","1","2","1"
"5132","04-04-21 17:30","England","Premier League","2020/2021","Aston Villa","Fulham","3","4","2","4","1","0","1","2","1","1","0","1"
"5133","04-04-21 15:05","England","Premier League","2020/2021","Newcastle","Tottenham","7","3","4","1","3","2","3","2","0","1","3","1"
"5134","04-04-21 13:00","England","Premier League","2020/2021","Southampton","Burnley","6","7","4","2","2","5","0","0","0","0","0","0"
"5135","03-04-21 21:00","England","Premier League","2020/2021","Arsenal","Liverpool","1","2","0","2","1","0","1","1","0","0","1","1"
"5136","03-04-21 18:30","England","Premier League","2020/2021","Leicester","Manchester City","1","1","0","0","1","1","2","3","1","0","1","3"
"5137","03-04-21 16:00","England","Premier League","2020/2021","Leeds","Sheffield Utd","5","7","3","3","2","4","1","2","0","2","1","0"
"5138","03-04-21 13:30","England","Premier League","2020/2021","Chelsea","West Brom","10","3","5","2","5","1","3","1","2","1","1","0"
"5139","21-03-21 20:30","England","Premier League","2020/2021","Aston Villa","Tottenham","5","8","3","3","2","5","3","2","0","0","3","2"
"5140","21-03-21 16:00","England","Premier League","2020/2021","West Ham","Arsenal","3","5","1","3","2","2","3","1","0","0","3","1"
"5141","20-03-21 21:00","England","Premier League","2020/2021","Brighton","Newcastle","3","1","1","1","2","0","0","1","0","0","0","1"
"5142","19-03-21 21:00","England","Premier League","2020/2021","Fulham","Leeds","13","7","6","0","7","7","2","2","0","1","2","1"
"5143","15-03-21 21:00","England","Premier League","2020/2021","Wolves","Liverpool","3","2","2","1","1","1","2","1","1","1","1","0"
"6565","14-03-21 20:15","England","Premier League","2020/2021","Manchester Utd","West Ham","6","2","4","1","2","1","4","0","1","0","3","0"
"6566","14-03-21 17:30","England","Premier League","2020/2021","Arsenal","Tottenham","6","3","4","0","2","3","1","4","0","1","1","3"
"6567","14-03-21 15:00","England","Premier League","2020/2021","Leicester","Sheffield Utd","9","1","2","0","7","1","0","2","0","0","0","2"
"6568","14-03-21 13:00","England","Premier League","2020/2021","Southampton","Brighton","4","5","2","3","2","2","0","0","0","0","0","0"
"5144","13-03-21 21:00","England","Premier League","2020/2021","Fulham","Manchester City","4","2","2","1","2","1","0","0","0","0","0","0"
"5145","13-03-21 18:30","England","Premier League","2020/2021","Everton","Burnley","7","4","2","3","5","1","0","4","0","2","0","2"
"5146","13-03-21 16:00","England","Premier League","2020/2021","Crystal Palace","West Brom","3","2","1","2","2","0","3","1","0","1","3","0"
"5147","13-03-21 13:30","England","Premier League","2020/2021","Leeds","Chelsea","8","5","1","3","7","2","3","0","1","0","2","0"
"5148","12-03-21 21:00","England","Premier League","2020/2021","Newcastle","Aston Villa","2","2","1","1","1","1","2","3","0","0","2","3"
"5149","10-03-21 19:00","England","Premier League","2020/2021","Manchester City","Southampton","5","5","1","3","4","2","1","0","0","0","1","0"
"5150","08-03-21 21:00","England","Premier League","2020/2021","West Ham","Leeds","6","6","4","1","2","5","1","1","0","0","1","1"
"5151","08-03-21 19:00","England","Premier League","2020/2021","Chelsea","Everton","7","3","3","1","4","2","0","3","0","1","0","2"
"5152","07-03-21 20:15","England","Premier League","2020/2021","Tottenham","Crystal Palace","1","5","0","2","1","3","2","3","0","2","2","1"
"5153","07-03-21 17:30","England","Premier League","2020/2021","Manchester City","Manchester Utd","6","2","2","0","4","2","0","3","0","1","0","2"
"5154","07-03-21 15:00","England","Premier League","2020/2021","Liverpool","Fulham","9","4","0","3","9","1","2","3","1","1","1","2"
"5155","07-03-21 13:00","England","Premier League","2020/2021","West Brom","Newcastle","9","7","3","4","6","3","0","0","0","0","0","0"
"5156","06-03-21 21:00","England","Premier League","2020/2021","Brighton","Leicester","6","6","3","3","3","3","0","1","0","0","0","1"
"5157","06-03-21 18:30","England","Premier League","2020/2021","Aston Villa","Wolves","5","3","2","0","3","3","1","0","1","0","0","0"
"5158","06-03-21 16:00","England","Premier League","2020/2021","Sheffield Utd","Southampton","7","3","3","1","4","2","4","3","2","0","2","3"
"5159","06-03-21 13:30","England","Premier League","2020/2021","Burnley","Arsenal","2","3","0","3","2","0","1","1","0","0","1","1"
"5160","04-03-21 21:15","England","Premier League","2020/2021","Liverpool","Chelsea","5","2","0","1","5","1","0","0","0","0","0","0"
"5161","04-03-21 19:00","England","Premier League","2020/2021","Fulham","Tottenham","4","1","0","0","4","1","2","1","1","1","1","0"
"5162","04-03-21 19:00","England","Premier League","2020/2021","West Brom","Everton","3","3","1","2","2","1","3","1","0","1","3","0"
"5163","03-03-21 21:15","England","Premier League","2020/2021","Crystal Palace","Manchester Utd","4","6","1","3","3","3","1","0","0","0","1","0"
"5164","03-03-21 19:00","England","Premier League","2020/2021","Burnley","Leicester","5","8","1","5","4","3","0","2","0","0","0","2"
"5165","03-03-21 19:00","England","Premier League","2020/2021","Sheffield Utd","Aston Villa","2","7","2","2","0","5","1","0","1","0","0","0"
"5166","02-03-21 21:00","England","Premier League","2020/2021","Manchester City","Wolves","10","2","4","0","6","2","0","1","0","0","0","1"
"5167","01-03-21 21:00","England","Premier League","2020/2021","Everton","Southampton","4","10","0","3","4","7","0","2","0","0","0","2"
"5168","28-02-21 20:15","England","Premier League","2020/2021","Sheffield Utd","Liverpool","4","3","1","3","3","0","0","0","0","0","0","0"
"5169","28-02-21 17:30","England","Premier League","2020/2021","Chelsea","Manchester Utd","3","4","2","3","1","1","1","2","0","0","1","2"
"5170","28-02-21 15:00","England","Premier League","2020/2021","Tottenham","Burnley","3","4","0","1","3","3","0","0","0","0","0","0"
"5171","28-02-21 13:00","England","Premier League","2020/2021","Crystal Palace","Fulham","1","3","0","1","1","2","1","1","0","0","1","1"
"5172","28-02-21 13:00","England","Premier League","2020/2021","Leicester","Arsenal","2","7","0","4","2","3","2","1","1","0","1","1"
"5173","27-02-21 21:00","England","Premier League","2020/2021","Newcastle","Wolves","3","5","0","1","3","4","2","0","2","0","0","0"
"5174","27-02-21 18:30","England","Premier League","2020/2021","Leeds","Aston Villa","7","5","3","4","4","1","3","2","0","0","3","2"
"5175","27-02-21 16:00","England","Premier League","2020/2021","West Brom","Brighton","7","4","3","3","4","1","0","0","0","0","0","0"
"5176","27-02-21 13:30","England","Premier League","2020/2021","Manchester City","West Ham","4","2","1","0","3","2","1","1","0","1","1","0"
"5177","23-02-21 19:00","England","Premier League","2020/2021","Leeds","Southampton","2","4","1","2","1","2","1","2","0","1","1","1"
"5178","22-02-21 21:00","England","Premier League","2020/2021","Brighton","Crystal Palace","13","0","5","0","8","0","2","0","0","0","2","0"
"5179","21-02-21 20:00","England","Premier League","2020/2021","Manchester Utd","Newcastle","6","4","1","4","5","0","1","2","1","2","0","0"
"5180","21-02-21 17:30","England","Premier League","2020/2021","Arsenal","Manchester City","1","3","1","1","0","2","2","2","0","0","2","2"
"5181","21-02-21 15:05","England","Premier League","2020/2021","Aston Villa","Leicester","7","8","4","5","3","3","2","1","0","1","2","0"
"5182","21-02-21 13:00","England","Premier League","2020/2021","West Ham","Tottenham","5","7","3","2","2","5","4","3","0","3","4","0"
"5183","20-02-21 21:00","England","Premier League","2020/2021","Fulham","Sheffield Utd","6","4","5","1","1","3","1","2","1","0","0","2"
"5184","20-02-21 18:30","England","Premier League","2020/2021","Liverpool","Everton","7","2","4","2","3","0","2","1","1","1","1","0"
"5185","20-02-21 16:00","England","Premier League","2020/2021","Burnley","West Brom","5","5","1","2","4","3","3","0","0","0","3","0"
"5186","20-02-21 13:30","England","Premier League","2020/2021","Southampton","Chelsea","3","6","0","2","3","4","1","1","0","0","1","1"
"5187","19-02-21 21:00","England","Premier League","2020/2021","Wolves","Leeds","7","9","4","4","3","5","1","0","0","0","1","0"
"5188","17-02-21 21:15","England","Premier League","2020/2021","Everton","Manchester City","0","10","0","7","0","3","2","1","2","0","0","1"
"5189","17-02-21 19:00","England","Premier League","2020/2021","Burnley","Fulham","5","5","4","2","1","3","1","1","0","1","1","0"
"5190","15-02-21 21:00","England","Premier League","2020/2021","Chelsea","Newcastle","10","5","7","2","3","3","0","0","0","0","0","0"
"5191","15-02-21 19:00","England","Premier League","2020/2021","West Ham","Sheffield Utd","7","7","2","4","5","3","0","2","0","1","0","1"
"5192","14-02-21 20:00","England","Premier League","2020/2021","Everton","Fulham","5","4","1","2","4","2","1","1","0","0","1","1"
"5193","14-02-21 17:30","England","Premier League","2020/2021","Arsenal","Leeds","4","5","1","2","3","3","0","2","0","0","0","2"
"5194","14-02-21 15:00","England","Premier League","2020/2021","West Brom","Manchester Utd","4","5","4","2","0","3","5","0","1","0","4","0"
"5195","14-02-21 13:00","England","Premier League","2020/2021","Southampton","Wolves","4","6","2","1","2","5","2","2","1","0","1","2"
"5196","13-02-21 21:00","England","Premier League","2020/2021","Brighton","Aston Villa","9","2","6","1","3","1","2","3","1","1","1","2"
"5197","13-02-21 18:30","England","Premier League","2020/2021","Manchester City","Tottenham","4","2","2","0","2","2","1","3","1","0","0","3"
"5198","13-02-21 16:00","England","Premier League","2020/2021","Crystal Palace","Burnley","7","4","4","4","3","0","0","0","0","0","0","0"
"5199","13-02-21 13:30","England","Premier League","2020/2021","Leicester","Liverpool","2","12","1","8","1","4","1","2","1","1","0","1"
"5200","08-02-21 21:00","England","Premier League","2020/2021","Leeds","Crystal Palace","5","3","1","1","4","2","0","2","0","1","0","1"
"5201","07-02-21 20:15","England","Premier League","2020/2021","Sheffield Utd","Chelsea","1","8","0","6","1","2","1","0","1","0","0","0"
"5202","07-02-21 17:30","England","Premier League","2020/2021","Liverpool","Manchester City","6","1","3","0","3","1","2","1","1","0","1","1"
"5203","07-02-21 15:00","England","Premier League","2020/2021","Wolves","Leicester","8","2","3","0","5","2","1","3","1","1","0","2"
"5204","07-02-21 13:00","England","Premier League","2020/2021","Tottenham","West Brom","8","0","7","0","1","0","1","2","0","0","1","2"
"5205","06-02-21 21:00","England","Premier League","2020/2021","Manchester Utd","Everton","5","1","2","1","3","0","2","1","0","0","2","1"
"5206","06-02-21 18:30","England","Premier League","2020/2021","Fulham","West Ham","7","3","4","2","3","1","1","3","0","0","1","3"
"5207","06-02-21 16:00","England","Premier League","2020/2021","Burnley","Brighton","8","7","2","6","6","1","2","0","2","0","0","0"
"5208","06-02-21 16:00","England","Premier League","2020/2021","Newcastle","Southampton","0","7","0","1","0","6","4","1","2","0","2","1"
"5209","06-02-21 13:30","England","Premier League","2020/2021","Aston Villa","Arsenal","3","7","2","3","1","4","3","2","2","0","1","2"
"5210","04-02-21 21:00","England","Premier League","2020/2021","Tottenham","Chelsea","2","7","0","5","2","2","2","3","0","0","2","3"
"5211","03-02-21 21:15","England","Premier League","2020/2021","Aston Villa","West Ham","7","3","1","1","6","2","1","1","0","0","1","1"
"5212","03-02-21 21:15","England","Premier League","2020/2021","Liverpool","Brighton","5","3","3","0","2","3","1","0","1","0","0","0"
"5213","03-02-21 20:30","England","Premier League","2020/2021","Leeds","Everton","7","1","6","1","1","0","2","3","1","0","1","3"
"5214","03-02-21 19:00","England","Premier League","2020/2021","Burnley","Manchester City","1","3","1","1","0","2","2","1","0","0","2","1"
"5215","03-02-21 19:00","England","Premier League","2020/2021","Fulham","Leicester","5","2","2","1","3","1","3","1","1","0","2","1"
"5216","02-02-21 21:15","England","Premier League","2020/2021","Manchester Utd","Southampton","5","3","2","3","3","0","2","3","0","2","2","1"
"5217","02-02-21 21:15","England","Premier League","2020/2021","Newcastle","Crystal Palace","9","1","4","1","5","0","1","3","1","0","0","3"
"5218","02-02-21 19:00","England","Premier League","2020/2021","Sheffield Utd","West Brom","9","2","5","1","4","1","2","1","0","0","2","1"
"5219","02-02-21 19:00","England","Premier League","2020/2021","Wolves","Arsenal","9","6","6","5","3","1","3","2","2","1","1","1"
"5220","31-01-21 20:15","England","Premier League","2020/2021","Brighton","Tottenham","9","2","5","0","4","2","2","1","0","0","2","1"
"5221","31-01-21 17:30","England","Premier League","2020/2021","West Ham","Liverpool","6","4","1","3","5","1","2","0","0","0","2","0"
"5222","31-01-21 15:00","England","Premier League","2020/2021","Leicester","Leeds","5","4","1","3","4","1","0","3","0","1","0","2"
"5223","31-01-21 13:00","England","Premier League","2020/2021","Chelsea","Burnley","4","2","1","0","3","2","0","1","0","0","0","1"
"5224","30-01-21 21:00","England","Premier League","2020/2021","Southampton","Aston Villa","7","1","2","0","5","1","1","0","0","0","1","0"
"5225","30-01-21 18:30","England","Premier League","2020/2021","Arsenal","Manchester Utd","4","7","1","6","3","1","1","3","1","0","0","3"
"5226","30-01-21 16:00","England","Premier League","2020/2021","Crystal Palace","Wolves","1","6","1","1","0","5","1","2","0","0","1","2"
"5227","30-01-21 16:00","England","Premier League","2020/2021","Manchester City","Sheffield Utd","10","0","1","0","9","0","0","3","0","1","0","2"
"5228","30-01-21 16:00","England","Premier League","2020/2021","West Brom","Fulham","2","3","2","2","0","1","1","0","0","0","1","0"
"5229","30-01-21 13:30","England","Premier League","2020/2021","Everton","Newcastle","7","12","1","6","6","6","3","4","1","2","2","2"
"5230","28-01-21 21:00","England","Premier League","2020/2021","Tottenham","Liverpool","1","2","1","1","0","1","1","2","1","1","0","1"
"5231","27-01-21 21:15","England","Premier League","2020/2021","Everton","Leicester","5","11","2","1","3","10","1","1","0","1","1","0"
"5232","27-01-21 21:15","England","Premier League","2020/2021","Manchester Utd","Sheffield Utd","7","2","2","1","5","1","1","1","1","1","0","0"
"5233","27-01-21 20:30","England","Premier League","2020/2021","Brighton","Fulham","10","0","4","0","6","0","2","1","2","1","0","0"
"5234","27-01-21 19:00","England","Premier League","2020/2021","Burnley","Aston Villa","2","4","0","4","2","0","1","0","1","0","0","0"
"5235","27-01-21 19:00","England","Premier League","2020/2021","Chelsea","Wolves","12","1","5","1","7","0","1","1","0","0","1","1"
"5236","26-01-21 21:15","England","Premier League","2020/2021","Southampton","Arsenal","4","5","1","5","3","0","1","2","0","1","1","1"
"5237","26-01-21 21:15","England","Premier League","2020/2021","West Brom","Manchester City","3","8","0","1","3","7","2","0","0","0","2","0"
"5238","26-01-21 19:00","England","Premier League","2020/2021","Crystal Palace","West Ham","3","4","1","1","2","3","0","0","0","0","0","0"
"5239","26-01-21 19:00","England","Premier League","2020/2021","Newcastle","Leeds","9","4","3","2","6","2","1","3","0","0","1","3"
"5240","23-01-21 21:00","England","Premier League","2020/2021","Aston Villa","Newcastle","4","4","2","1","2","3","0","3","0","1","0","2"
"5241","21-01-21 21:00","England","Premier League","2020/2021","Liverpool","Burnley","12","0","6","0","6","0","2","1","1","1","1","0"
"5242","20-01-21 21:15","England","Premier League","2020/2021","Fulham","Manchester Utd","2","8","0","3","2","5","3","1","1","1","2","0"
"5243","20-01-21 19:00","England","Premier League","2020/2021","Manchester City","Aston Villa","16","2","10","2","6","0","0","2","0","0","0","2"
"5244","19-01-21 21:15","England","Premier League","2020/2021","Leicester","Chelsea","6","3","5","1","1","2","1","3","0","1","1","2"
"5245","19-01-21 19:00","England","Premier League","2020/2021","West Ham","West Brom","3","1","2","0","1","1","0","1","0","0","0","1"
"5246","18-01-21 21:00","England","Premier League","2020/2021","Arsenal","Newcastle","7","2","5","1","2","1","0","0","0","0","0","0"
"5247","17-01-21 20:15","England","Premier League","2020/2021","Manchester City","Crystal Palace","11","1","6","0","5","1","0","0","0","0","0","0"
"5248","17-01-21 17:30","England","Premier League","2020/2021","Liverpool","Manchester Utd","7","3","2","0","5","3","2","1","1","0","1","1"
"5249","17-01-21 15:00","England","Premier League","2020/2021","Sheffield Utd","Tottenham","5","7","3","3","2","4","4","0","1","0","3","0"
"5250","16-01-21 21:00","England","Premier League","2020/2021","Leicester","Southampton","2","5","0","4","2","1","2","2","2","1","0","1"
"5251","16-01-21 18:30","England","Premier League","2020/2021","Fulham","Chelsea","1","12","1","5","0","7","2","3","0","0","2","3"
"5252","16-01-21 16:00","England","Premier League","2020/2021","Leeds","Brighton","5","2","1","1","4","1","1","1","1","0","0","1"
"5253","16-01-21 16:00","England","Premier League","2020/2021","West Ham","Burnley","7","4","2","1","5","3","2","1","0","0","2","1"
"5254","16-01-21 13:30","England","Premier League","2020/2021","Wolves","West Brom","11","0","5","0","6","0","2","1","0","1","2","0"
"5255","14-01-21 21:00","England","Premier League","2020/2021","Arsenal","Crystal Palace","7","3","4","1","3","2","1","1","0","1","1","0"
"5256","13-01-21 21:15","England","Premier League","2020/2021","Tottenham","Fulham","6","5","2","3","4","2","1","2","0","1","1","1"
"5257","13-01-21 19:00","England","Premier League","2020/2021","Manchester City","Brighton","8","4","7","1","1","3","0","2","0","0","0","2"
"5258","12-01-21 21:15","England","Premier League","2020/2021","Burnley","Manchester Utd","3","4","2","3","1","1","1","2","0","2","1","0"
"5259","12-01-21 21:15","England","Premier League","2020/2021","Wolves","Everton","6","5","2","2","4","3","2","2","0","0","2","2"
"5260","12-01-21 19:00","England","Premier League","2020/2021","Sheffield Utd","Newcastle","5","2","4","1","1","1","2","5","0","2","2","3"
"5261","04-01-21 21:00","England","Premier League","2020/2021","Southampton","Liverpool","1","10","1","2","0","8","1","3","0","2","1","1"
"5262","03-01-21 17:30","England","Premier League","2020/2021","Chelsea","Manchester City","5","3","2","1","3","2","3","1","1","0","2","1"
"5263","03-01-21 15:15","England","Premier League","2020/2021","Newcastle","Leicester","3","6","0","3","3","3","0","2","0","0","0","2"
"5264","02-01-21 21:00","England","Premier League","2020/2021","West Brom","Arsenal","3","5","1","4","2","1","1","2","0","1","1","1"
"5265","02-01-21 18:30","England","Premier League","2020/2021","Brighton","Wolves","5","7","0","6","5","1","2","1","1","0","1","1"
"5266","02-01-21 16:00","England","Premier League","2020/2021","Crystal Palace","Sheffield Utd","3","6","0","1","3","5","1","3","0","1","1","2"
"5267","02-01-21 13:30","England","Premier League","2020/2021","Tottenham","Leeds","3","5","1","0","2","5","4","1","0","0","4","1"
"5268","01-01-21 21:00","England","Premier League","2020/2021","Manchester Utd","Aston Villa","5","10","3","6","2","4","4","0","0","0","4","0"
"5269","01-01-21 18:30","England","Premier League","2020/2021","Everton","West Ham","5","4","3","3","2","1","2","0","0","0","2","0"
"5270","30-12-20 21:00","England","Premier League","2020/2021","Newcastle","Liverpool","5","12","3","7","2","5","2","3","1","0","1","3"
"5271","29-12-20 21:00","England","Premier League","2020/2021","Manchester Utd","Wolves","2","2","1","1","1","1","1","1","0","0","1","1"
"5272","29-12-20 19:00","England","Premier League","2020/2021","Brighton","Arsenal","5","4","2","2","3","2","2","0","0","0","2","0"
"5273","29-12-20 19:00","England","Premier League","2020/2021","Burnley","Sheffield Utd","3","5","2","3","1","2","1","2","1","0","0","2"
"5274","29-12-20 19:00","England","Premier League","2020/2021","Southampton","West Ham","4","3","3","1","1","2","3","1","1","0","2","1"
"5275","29-12-20 19:00","England","Premier League","2020/2021","West Brom","Leeds","3","10","1","3","2","7","0","1","0","1","0","0"
"5276","28-12-20 18:30","England","Premier League","2020/2021","Chelsea","Aston Villa","11","4","4","3","7","1","3","1","1","0","2","1"
"5277","28-12-20 16:00","England","Premier League","2020/2021","Crystal Palace","Leicester","2","5","2","3","0","2","0","1","0","0","0","1"
"5278","27-12-20 20:15","England","Premier League","2020/2021","Wolves","Tottenham","9","2","2","1","7","1","4","1","0","1","4","0"
"5279","27-12-20 17:30","England","Premier League","2020/2021","Liverpool","West Brom","7","3","3","0","4","3","0","1","0","0","0","1"
"5280","27-12-20 15:15","England","Premier League","2020/2021","West Ham","Brighton","5","4","4","3","1","1","0","0","0","0","0","0"
"5281","27-12-20 13:00","England","Premier League","2020/2021","Leeds","Burnley","4","12","3","3","1","9","0","3","0","1","0","2"
"5282","26-12-20 21:00","England","Premier League","2020/2021","Manchester City","Newcastle","7","3","5","2","2","1","2","2","1","0","1","2"
"5283","26-12-20 21:00","England","Premier League","2020/2021","Sheffield Utd","Everton","5","3","1","1","4","2","2","4","0","0","2","4"
"5284","26-12-20 18:30","England","Premier League","2020/2021","Arsenal","Chelsea","7","9","4","3","3","6","2","1","1","0","1","1"
"5285","26-12-20 16:00","England","Premier League","2020/2021","Aston Villa","Crystal Palace","4","4","3","2","1","2","3","4","3","1","0","3"
"5286","26-12-20 16:00","England","Premier League","2020/2021","Fulham","Southampton","6","3","2","1","4","2","2","0","1","0","1","0"
"5287","26-12-20 13:30","England","Premier League","2020/2021","Leicester","Manchester Utd","5","0","2","0","3","0","2","1","0","1","2","0"
"5288","21-12-20 21:00","England","Premier League","2020/2021","Chelsea","West Ham","5","4","4","1","1","3","0","0","0","0","0","0"
"5289","21-12-20 18:30","England","Premier League","2020/2021","Burnley","Wolves","1","7","0","2","1","5","2","1","1","1","1","0"
"5290","20-12-20 20:15","England","Premier League","2020/2021","West Brom","Aston Villa","1","7","1","1","0","6","1","2","0","1","1","1"
"5291","20-12-20 17:30","England","Premier League","2020/2021","Manchester Utd","Leeds","11","13","4","6","7","7","1","0","0","0","1","0"
"5292","20-12-20 15:15","England","Premier League","2020/2021","Tottenham","Leicester","5","3","3","2","2","1","2","2","0","1","2","1"
"5293","20-12-20 13:00","England","Premier League","2020/2021","Brighton","Sheffield Utd","14","2","6","1","8","1","1","5","1","0","0","5"
"5294","19-12-20 21:00","England","Premier League","2020/2021","Newcastle","Fulham","2","9","2","5","0","4","1","3","0","0","1","3"
"5295","19-12-20 18:30","England","Premier League","2020/2021","Everton","Arsenal","4","3","1","2","3","1","1","3","0","2","1","1"
"5296","19-12-20 16:00","England","Premier League","2020/2021","Southampton","Manchester City","6","6","4","3","2","3","2","2","2","1","0","1"
"5297","19-12-20 13:30","England","Premier League","2020/2021","Crystal Palace","Liverpool","5","4","4","2","1","2","1","0","1","0","0","0"
"5298","17-12-20 21:00","England","Premier League","2020/2021","Sheffield Utd","Manchester Utd","6","3","2","1","4","2","3","2","0","0","3","2"
"5299","17-12-20 19:00","England","Premier League","2020/2021","Aston Villa","Burnley","10","1","6","0","4","1","1","1","0","1","1","0"
"5300","16-12-20 21:00","England","Premier League","2020/2021","Fulham","Brighton","1","8","1","1","0","7","1","0","0","0","1","0"
"5301","16-12-20 21:00","England","Premier League","2020/2021","Liverpool","Tottenham","7","4","2","1","5","3","0","2","0","0","0","2"
"5302","16-12-20 21:00","England","Premier League","2020/2021","West Ham","Crystal Palace","5","3","3","1","2","2","0","3","0","1","0","2"
"5303","16-12-20 19:00","England","Premier League","2020/2021","Arsenal","Southampton","2","7","1","1","1","6","0","0","0","0","0","0"
"5304","16-12-20 19:00","England","Premier League","2020/2021","Leeds","Newcastle","7","4","2","0","5","4","3","1","1","0","2","1"
"5305","16-12-20 19:00","England","Premier League","2020/2021","Leicester","Everton","4","6","2","4","2","2","2","3","1","0","1","3"
"5306","15-12-20 21:00","England","Premier League","2020/2021","Manchester City","West Brom","13","2","5","1","8","1","2","3","1","1","1","2"
"5307","15-12-20 19:00","England","Premier League","2020/2021","Wolves","Chelsea","5","6","3","4","2","2","2","2","0","0","2","2"
"5308","13-12-20 20:15","England","Premier League","2020/2021","Arsenal","Burnley","13","4","7","0","6","4","2","1","0","1","2","0"
"5309","13-12-20 20:15","England","Premier League","2020/2021","Leicester","Brighton","9","5","4","1","5","4","2","1","1","0","1","1"
"5310","13-12-20 17:30","England","Premier League","2020/2021","Fulham","Liverpool","6","8","4","1","2","7","3","1","1","1","2","0"
"5311","13-12-20 15:15","England","Premier League","2020/2021","Crystal Palace","Tottenham","4","7","1","3","3","4","1","1","1","1","0","0"
"5312","13-12-20 13:00","England","Premier League","2020/2021","Southampton","Sheffield Utd","8","4","5","1","3","3","0","1","0","1","0","0"
"5313","12-12-20 21:00","England","Premier League","2020/2021","Everton","Chelsea","6","6","1","3","5","3","2","3","1","1","1","2"
"5314","12-12-20 18:30","England","Premier League","2020/2021","Manchester Utd","Manchester City","4","3","4","0","0","3","1","1","0","0","1","1"
"5315","12-12-20 16:00","England","Premier League","2020/2021","Newcastle","West Brom","4","3","2","2","2","1","2","3","1","1","1","2"
"5316","12-12-20 13:30","England","Premier League","2020/2021","Wolves","Aston Villa","5","8","5","5","0","3","4","7","1","3","3","4"
"5317","11-12-20 21:00","England","Premier League","2020/2021","Leeds","West Ham","5","6","2","3","3","3","1","2","1","1","0","1"
"5318","07-12-20 21:00","England","Premier League","2020/2021","Brighton","Southampton","4","3","3","2","1","1","3","3","0","1","3","2"
"5319","06-12-20 20:15","England","Premier League","2020/2021","Liverpool","Wolves","4","6","2","3","2","3","1","1","1","0","0","1"
"5320","06-12-20 17:30","England","Premier League","2020/2021","Tottenham","Arsenal","3","9","2","3","1","6","1","2","1","0","0","2"
"5321","06-12-20 15:15","England","Premier League","2020/2021","Sheffield Utd","Leicester","6","5","3","2","3","3","1","3","1","0","0","3"
"5322","06-12-20 13:00","England","Premier League","2020/2021","West Brom","Crystal Palace","4","6","2","2","2","4","2","2","1","0","1","2"
"5323","05-12-20 21:00","England","Premier League","2020/2021","Chelsea","Leeds","8","4","4","2","4","2","0","2","0","0","0","2"
"5324","05-12-20 18:30","England","Premier League","2020/2021","West Ham","Manchester Utd","5","4","3","3","2","1","0","0","0","0","0","0"
"5325","05-12-20 16:00","England","Premier League","2020/2021","Manchester City","Fulham","9","3","5","2","4","1","0","0","0","0","0","0"
"5326","05-12-20 13:30","England","Premier League","2020/2021","Burnley","Everton","8","4","1","2","7","2","0","0","0","0","0","0"
"5327","30-11-20 21:00","England","Premier League","2020/2021","West Ham","Aston Villa","3","7","2","2","1","5","1","1","0","0","1","1"
"5328","30-11-20 18:30","England","Premier League","2020/2021","Leicester","Fulham","6","5","2","2","4","3","0","2","0","1","0","1"
"5329","29-11-20 20:15","England","Premier League","2020/2021","Arsenal","Wolves","8","4","3","3","5","1","3","4","0","0","3","4"
"5330","29-11-20 17:30","England","Premier League","2020/2021","Chelsea","Tottenham","3","3","1","1","2","2","4","2","1","0","3","2"
"5331","29-11-20 15:00","England","Premier League","2020/2021","Southampton","Manchester Utd","5","9","3","4","2","5","1","0","1","0","0","0"
"5332","28-11-20 21:00","England","Premier League","2020/2021","West Brom","Sheffield Utd","14","9","8","3","6","6","2","3","1","2","1","1"
"5333","28-11-20 18:30","England","Premier League","2020/2021","Everton","Leeds","4","2","1","1","3","1","1","2","0","1","1","1"
"5334","28-11-20 16:00","England","Premier League","2020/2021","Manchester City","Burnley","6","4","3","2","3","2","0","0","0","0","0","0"
"5335","28-11-20 13:30","England","Premier League","2020/2021","Brighton","Liverpool","4","3","1","2","3","1","2","1","1","0","1","1"
"5336","27-11-20 21:00","England","Premier League","2020/2021","Crystal Palace","Newcastle","7","3","3","1","4","2","2","2","0","1","2","1"
"5337","23-11-20 21:00","England","Premier League","2020/2021","Wolves","Southampton","7","4","2","3","5","1","2","0","2","0","0","0"
"5338","23-11-20 18:30","England","Premier League","2020/2021","Burnley","Crystal Palace","4","7","4","4","0","3","2","0","0","0","2","0"
"5339","22-11-20 20:15","England","Premier League","2020/2021","Liverpool","Leicester","10","3","4","1","6","2","0","2","0","1","0","1"
"5340","22-11-20 17:30","England","Premier League","2020/2021","Leeds","Arsenal","5","3","2","1","3","2","3","0","1","0","2","0"
"5341","22-11-20 15:00","England","Premier League","2020/2021","Sheffield Utd","West Ham","2","6","2","3","0","3","0","0","0","0","0","0"
"5342","22-11-20 13:00","England","Premier League","2020/2021","Fulham","Everton","2","5","2","3","0","2","2","0","1","0","1","0"
"5343","21-11-20 21:00","England","Premier League","2020/2021","Manchester Utd","West Brom","8","2","1","2","7","0","1","1","0","0","1","1"
"5344","21-11-20 18:30","England","Premier League","2020/2021","Tottenham","Manchester City","0","10","0","6","0","4","2","2","1","0","1","2"
"5345","21-11-20 16:00","England","Premier League","2020/2021","Aston Villa","Brighton","12","3","7","0","5","3","2","3","1","0","1","3"
"5346","21-11-20 13:30","England","Premier League","2020/2021","Newcastle","Chelsea","7","4","3","2","4","2","2","0","2","0","0","0"
"5347","08-11-20 20:15","England","Premier League","2020/2021","Arsenal","Aston Villa","3","8","1","3","2","5","0","0","0","0","0","0"
"5348","08-11-20 17:30","England","Premier League","2020/2021","Manchester City","Liverpool","1","2","0","1","1","1","3","1","0","0","3","1"
"5349","08-11-20 15:00","England","Premier League","2020/2021","Leicester","Wolves","6","3","1","1","5","2","2","3","0","1","2","2"
"5350","08-11-20 13:00","England","Premier League","2020/2021","West Brom","Tottenham","9","6","3","4","6","2","1","0","1","0","0","0"
"5351","07-11-20 21:00","England","Premier League","2020/2021","West Ham","Fulham","9","5","5","4","4","1","2","2","0","0","2","2"
"5352","07-11-20 18:30","England","Premier League","2020/2021","Chelsea","Sheffield Utd","6","7","3","4","3","3","0","2","0","1","0","1"
"5353","07-11-20 16:00","England","Premier League","2020/2021","Crystal Palace","Leeds","3","6","2","2","1","4","0","2","0","0","0","2"
"5354","07-11-20 13:30","England","Premier League","2020/2021","Everton","Manchester Utd","5","2","1","1","4","1","4","2","2","0","2","2"
"5355","06-11-20 21:00","England","Premier League","2020/2021","Southampton","Newcastle","7","3","1","2","6","1","1","2","1","1","0","1"
"5356","06-11-20 18:30","England","Premier League","2020/2021","Brighton","Burnley","5","3","2","1","3","2","1","0","0","0","1","0"
"5357","02-11-20 21:00","England","Premier League","2020/2021","Leeds","Leicester","10","3","3","2","7","1","1","1","0","0","1","1"
"5358","02-11-20 18:30","England","Premier League","2020/2021","Fulham","West Brom","5","2","2","1","3","1","3","2","0","0","3","2"
"5359","01-11-20 20:15","England","Premier League","2020/2021","Tottenham","Brighton","4","5","2","4","2","1","2","1","2","1","0","0"
"5360","01-11-20 17:30","England","Premier League","2020/2021","Manchester Utd","Arsenal","6","3","1","3","5","0","3","3","1","2","2","1"
"5361","01-11-20 15:00","England","Premier League","2020/2021","Newcastle","Everton","5","4","2","2","3","2","2","4","0","1","2","3"
"5362","01-11-20 13:00","England","Premier League","2020/2021","Aston Villa","Southampton","11","1","4","1","7","0","1","2","1","1","0","1"
"5363","31-10-20 18:30","England","Premier League","2020/2021","Liverpool","West Ham","1","2","1","1","0","1","0","1","0","0","0","1"
"5364","31-10-20 16:00","England","Premier League","2020/2021","Burnley","Chelsea","3","4","2","2","1","2","1","0","0","0","1","0"
"5365","31-10-20 13:30","England","Premier League","2020/2021","Sheffield Utd","Manchester City","2","5","2","3","0","2","0","0","0","0","0","0"
"5366","30-10-20 21:00","England","Premier League","2020/2021","Wolves","Crystal Palace","7","6","5","4","2","2","0","2","0","1","0","1"
"5367","26-10-20 21:00","England","Premier League","2020/2021","Burnley","Tottenham","4","5","0","2","4","3","2","0","1","0","1","0"
"5368","26-10-20 18:30","England","Premier League","2020/2021","Brighton","West Brom","6","2","3","0","3","2","2","0","1","0","1","0"
"5369","25-10-20 20:15","England","Premier League","2020/2021","Arsenal","Leicester","9","3","6","1","3","2","3","5","1","2","2","3"
"5370","25-10-20 17:30","England","Premier League","2020/2021","Wolves","Newcastle","2","3","1","2","1","1","0","1","0","1","0","0"
"5371","25-10-20 15:00","England","Premier League","2020/2021","Southampton","Everton","4","5","1","4","3","1","1","2","0","0","1","2"
"5372","24-10-20 21:00","England","Premier League","2020/2021","Liverpool","Sheffield Utd","7","3","3","2","4","1","0","3","0","1","0","2"
"5373","24-10-20 18:30","England","Premier League","2020/2021","Manchester Utd","Chelsea","9","6","5","3","4","3","3","1","1","1","2","0"
"5374","24-10-20 16:00","England","Premier League","2020/2021","Fulham","Crystal Palace","4","4","3","2","1","2","0","1","0","0","0","1"
"5375","24-10-20 13:30","England","Premier League","2020/2021","West Ham","Manchester City","2","10","1","3","1","7","2","0","0","0","2","0"
"5376","23-10-20 21:00","England","Premier League","2020/2021","Aston Villa","Leeds","6","5","2","3","4","2","2","2","0","1","2","1"
"5377","19-10-20 21:00","England","Premier League","2020/2021","Leeds","Wolves","8","3","5","1","3","2","2","1","1","0","1","1"
"5378","19-10-20 18:30","England","Premier League","2020/2021","West Brom","Burnley","8","2","5","1","3","1","2","2","0","1","2","1"
"5379","18-10-20 20:15","England","Premier League","2020/2021","Leicester","Aston Villa","2","7","1","1","1","6","4","3","2","2","2","1"
"5380","18-10-20 17:30","England","Premier League","2020/2021","Tottenham","West Ham","3","7","0","3","3","4","0","5","0","1","0","4"
"5381","18-10-20 15:00","England","Premier League","2020/2021","Crystal Palace","Brighton","2","5","1","1","1","4","3","2","0","2","3","0"
"5382","18-10-20 13:00","England","Premier League","2020/2021","Sheffield Utd","Fulham","2","5","2","1","0","4","0","2","0","1","0","1"
"5383","17-10-20 21:00","England","Premier League","2020/2021","Newcastle","Manchester Utd","0","7","0","5","0","2","1","1","0","1","1","0"
"5384","17-10-20 18:30","England","Premier League","2020/2021","Manchester City","Arsenal","6","6","4","4","2","2","4","1","1","0","3","1"
"5385","17-10-20 16:00","England","Premier League","2020/2021","Chelsea","Southampton","6","2","4","0","2","2","1","1","0","0","1","1"
"5386","17-10-20 13:30","England","Premier League","2020/2021","Everton","Liverpool","2","5","2","3","0","2","3","2","1","0","2","2"
"5387","04-10-20 20:15","England","Premier League","2020/2021","Aston Villa","Liverpool","2","7","1","6","1","1","2","1","0","1","2","0"
"5388","04-10-20 17:30","England","Premier League","2020/2021","Manchester Utd","Tottenham","2","4","1","3","1","1","2","1","0","1","2","0"
"5389","04-10-20 15:00","England","Premier League","2020/2021","Arsenal","Sheffield Utd","2","4","2","1","0","3","0","1","0","1","0","0"
"5390","04-10-20 15:00","England","Premier League","2020/2021","Wolves","Fulham","6","2","4","0","2","2","1","1","0","0","1","1"
"5391","04-10-20 13:00","England","Premier League","2020/2021","Leicester","West Ham","6","4","2","2","4","2","2","2","1","0","1","2"
"5392","04-10-20 13:00","England","Premier League","2020/2021","Southampton","West Brom","5","1","2","0","3","1","2","1","0","1","2","0"
"5393","03-10-20 21:00","England","Premier League","2020/2021","Newcastle","Burnley","3","4","2","2","1","2","2","3","1","2","1","1"
"5394","03-10-20 18:30","England","Premier League","2020/2021","Leeds","Manchester City","7","10","3","5","4","5","2","1","1","1","1","0"
"5395","03-10-20 16:00","England","Premier League","2020/2021","Everton","Brighton","3","10","2","0","1","10","0","1","0","1","0","0"
"5396","03-10-20 13:30","England","Premier League","2020/2021","Chelsea","Crystal Palace","8","5","4","2","4","3","2","0","0","0","2","0"
"5397","28-09-20 21:00","England","Premier League","2020/2021","Liverpool","Arsenal","7","3","5","0","2","3","2","2","1","0","1","2"
"5398","28-09-20 18:45","England","Premier League","2020/2021","Fulham","Aston Villa","5","3","1","1","4","2","6","3","3","1","3","2"
"5399","27-09-20 20:00","England","Premier League","2020/2021","West Ham","Wolves","1","3","0","2","1","1","0","1","0","0","0","1"
"5400","27-09-20 17:30","England","Premier League","2020/2021","Manchester City","Leicester","3","3","1","2","2","1","1","3","0","1","1","2"
"5401","27-09-20 15:00","England","Premier League","2020/2021","Tottenham","Newcastle","10","4","5","2","5","2","1","4","0","1","1","3"
"5402","27-09-20 13:00","England","Premier League","2020/2021","Sheffield Utd","Leeds","5","7","2","1","3","6","2","1","0","1","2","0"
"5403","26-09-20 21:00","England","Premier League","2020/2021","Burnley","Southampton","8","2","5","2","3","0","1","0","0","0","1","0"
"5404","26-09-20 18:30","England","Premier League","2020/2021","West Brom","Chelsea","3","9","1","2","2","7","1","3","0","2","1","1"
"5405","26-09-20 16:00","England","Premier League","2020/2021","Crystal Palace","Everton","7","6","4","2","3","4","3","1","2","0","1","1"
"5406","26-09-20 13:30","England","Premier League","2020/2021","Brighton","Manchester Utd","7","1","3","0","4","1","4","2","1","2","3","0"
"5407","21-09-20 21:15","England","Premier League","2020/2021","Wolves","Manchester City","4","6","1","4","3","2","0","3","0","2","0","1"
"5408","21-09-20 19:00","England","Premier League","2020/2021","Aston Villa","Sheffield Utd","10","4","8","2","2","2","3","1","1","1","2","0"
"5409","20-09-20 20:00","England","Premier League","2020/2021","Leicester","Burnley","15","4","8","0","7","4","1","2","1","1","0","1"
"5410","20-09-20 17:30","England","Premier League","2020/2021","Chelsea","Liverpool","1","11","0","3","1","8","0","0","0","0","0","0"
"5411","20-09-20 15:00","England","Premier League","2020/2021","Newcastle","Brighton","7","1","3","0","4","1","3","0","3","0","0","0"
"5412","20-09-20 13:00","England","Premier League","2020/2021","Southampton","Tottenham","3","2","2","1","1","1","4","3","3","1","1","2"
"5413","19-09-20 21:00","England","Premier League","2020/2021","Arsenal","West Ham","7","5","1","3","6","2","0","1","0","1","0","0"
"5414","19-09-20 18:30","England","Premier League","2020/2021","Manchester Utd","Crystal Palace","9","3","4","2","5","1","2","1","0","0","2","1"
"5415","19-09-20 16:00","England","Premier League","2020/2021","Leeds","Fulham","5","3","5","3","0","0","1","2","0","0","1","2"
"5416","19-09-20 13:30","England","Premier League","2020/2021","Everton","West Brom","11","1","9","1","2","0","1","0","1","0","0","0"
"5417","14-09-20 21:15","England","Premier League","2020/2021","Brighton","Chelsea","4","3","3","1","1","2","1","0","0","0","1","0"
"5418","14-09-20 19:00","England","Premier League","2020/2021","Sheffield Utd","Wolves","12","5","4","2","8","3","2","1","2","0","0","1"
"5419","13-09-20 17:30","England","Premier League","2020/2021","Tottenham","Everton","5","3","2","2","3","1","1","0","0","0","1","0"
"5420","13-09-20 15:00","England","Premier League","2020/2021","West Brom","Leicester","2","5","2","1","0","4","1","1","0","1","1","0"
"5421","12-09-20 21:00","England","Premier League","2020/2021","West Ham","Newcastle","8","7","2","4","6","3","2","2","0","1","2","1"
"5422","12-09-20 18:30","England","Premier League","2020/2021","Liverpool","Leeds","9","0","3","0","6","0","1","0","0","0","1","0"
"5423","12-09-20 16:00","England","Premier League","2020/2021","Crystal Palace","Southampton","7","3","3","2","4","1","2","1","1","0","1","1"
"5424","12-09-20 13:30","England","Premier League","2020/2021","Fulham","Arsenal","2","3","1","0","1","3","2","2","1","1","1","1"
"5425","26-07-20 17:00","England","Premier League","2019/2020","Arsenal","Watford","4","8","1","5","3","3","3","3","1","2","2","1"
"5426","26-07-20 17:00","England","Premier League","2019/2020","Burnley","Brighton","6","7","0","4","6","3","3","0","1","0","2","0"
"5427","26-07-20 17:00","England","Premier League","2019/2020","Chelsea","Wolves","3","3","1","3","2","0","2","3","1","2","1","1"
"5428","26-07-20 17:00","England","Premier League","2019/2020","Crystal Palace","Tottenham","7","2","5","0","2","2","3","2","1","0","2","2"
"5429","26-07-20 17:00","England","Premier League","2019/2020","Everton","Bournemouth","2","5","0","4","2","1","1","0","0","0","1","0"
"5430","26-07-20 17:00","England","Premier League","2019/2020","Leicester","Manchester Utd","3","3","0","3","3","0","1","5","0","1","1","4"
"5431","26-07-20 17:00","England","Premier League","2019/2020","Manchester City","Norwich","9","0","6","0","3","0","1","1","0","0","1","1"
"5432","26-07-20 17:00","England","Premier League","2019/2020","Newcastle","Liverpool","2","4","2","1","0","3","1","0","1","0","0","0"
"5433","26-07-20 17:00","England","Premier League","2019/2020","Southampton","Sheffield Utd","9","1","3","0","6","1","0","1","0","0","0","1"
"6530","26-07-20 17:00","England","Premier League","2019/2020","West Ham","Aston Villa","0","7","0","1","0","6","2","1","1","1","1","0"
"5434","22-07-20 21:15","England","Premier League","2019/2020","Liverpool","Chelsea","6","0","2","0","4","0","1","0","0","0","1","0"
"6529","22-07-20 19:00","England","Premier League","2019/2020","Manchester Utd","West Ham","2","3","0","2","2","1","3","1","1","0","2","1"
"5435","21-07-20 21:15","England","Premier League","2019/2020","Aston Villa","Arsenal","8","9","3","6","5","3","2","4","0","1","2","3"
"5436","21-07-20 19:00","England","Premier League","2019/2020","Watford","Manchester City","0","8","0","7","0","1","2","0","0","0","2","0"
"5437","20-07-20 21:15","England","Premier League","2019/2020","Wolves","Crystal Palace","5","2","1","2","4","0","2","1","0","0","2","1"
"5438","20-07-20 19:00","England","Premier League","2019/2020","Brighton","Newcastle","9","7","5","2","4","5","4","2","2","1","2","1"
"5439","20-07-20 19:00","England","Premier League","2019/2020","Sheffield Utd","Everton","7","1","5","1","2","0","1","3","1","1","0","2"
"5440","19-07-20 17:00","England","Premier League","2019/2020","Tottenham","Leicester","4","13","3","6","1","7","2","1","0","0","2","1"
"5441","19-07-20 15:00","England","Premier League","2019/2020","Bournemouth","Southampton","12","6","6","2","6","4","2","2","0","1","2","1"
"5442","18-07-20 18:30","England","Premier League","2019/2020","Norwich","Burnley","6","8","5","3","1","5","0","0","0","0","0","0"
"6528","17-07-20 21:00","England","Premier League","2019/2020","West Ham","Watford","9","3","2","1","7","2","0","2","0","2","0","0"
"5443","16-07-20 21:15","England","Premier League","2019/2020","Crystal Palace","Manchester Utd","2","7","1","4","1","3","1","2","0","1","1","1"
"5444","16-07-20 21:15","England","Premier League","2019/2020","Southampton","Brighton","8","2","4","2","4","0","1","0","1","0","0","0"
"5445","16-07-20 19:00","England","Premier League","2019/2020","Everton","Aston Villa","5","5","2","3","3","2","2","1","0","0","2","1"
"5446","16-07-20 19:00","England","Premier League","2019/2020","Leicester","Sheffield Utd","9","5","5","1","4","4","1","2","0","0","1","2"
"5447","15-07-20 21:15","England","Premier League","2019/2020","Arsenal","Liverpool","2","13","1","4","1","9","3","1","0","0","3","1"
"5448","15-07-20 19:00","England","Premier League","2019/2020","Burnley","Wolves","3","8","2","8","1","0","0","0","0","0","0","0"
"5449","15-07-20 19:00","England","Premier League","2019/2020","Manchester City","Bournemouth","3","5","1","2","2","3","1","1","0","1","1","0"
"5450","15-07-20 19:00","England","Premier League","2019/2020","Newcastle","Tottenham","5","4","4","3","1","1","2","3","1","1","1","2"
"5451","14-07-20 21:15","England","Premier League","2019/2020","Chelsea","Norwich","8","1","5","0","3","1","2","2","0","0","2","2"
"5452","13-07-20 21:00","England","Premier League","2019/2020","Manchester Utd","Southampton","4","6","0","2","4","4","1","3","0","1","1","2"
"5453","12-07-20 20:00","England","Premier League","2019/2020","Bournemouth","Leicester","2","6","1","5","1","1","2","1","1","0","1","1"
"5454","12-07-20 17:30","England","Premier League","2019/2020","Tottenham","Arsenal","6","5","2","2","4","3","5","3","3","1","2","2"
"5455","12-07-20 15:15","England","Premier League","2019/2020","Aston Villa","Crystal Palace","5","1","2","0","3","1","2","4","1","2","1","2"
"5456","12-07-20 13:00","England","Premier League","2019/2020","Wolves","Everton","5","2","3","0","2","2","0","2","0","1","0","1"
"5457","11-07-20 21:00","England","Premier League","2019/2020","Brighton","Manchester City","2","7","2","6","0","1","1","0","0","0","1","0"
"5458","11-07-20 18:30","England","Premier League","2019/2020","Sheffield Utd","Chelsea","4","6","2","1","2","5","1","0","1","0","0","0"
"5459","11-07-20 16:00","England","Premier League","2019/2020","Liverpool","Burnley","11","6","6","4","5","2","1","2","0","0","1","2"
"5460","11-07-20 13:30","England","Premier League","2019/2020","Watford","Newcastle","2","4","0","4","2","0","1","4","0","1","1","3"
"6527","11-07-20 13:30","England","Premier League","2019/2020","Norwich","West Ham","1","6","0","4","1","2","1","0","1","0","0","0"
"5461","09-07-20 21:15","England","Premier League","2019/2020","Aston Villa","Manchester Utd","3","5","2","1","1","4","2","3","0","2","2","1"
"5462","09-07-20 19:00","England","Premier League","2019/2020","Bournemouth","Tottenham","8","12","6","5","2","7","3","2","1","1","2","1"
"5463","09-07-20 19:00","England","Premier League","2019/2020","Everton","Southampton","3","5","2","2","1","3","3","3","2","2","1","1"
"5464","08-07-20 21:15","England","Premier League","2019/2020","Brighton","Liverpool","6","10","3","3","3","7","1","4","0","1","1","3"
"5465","08-07-20 19:00","England","Premier League","2019/2020","Manchester City","Newcastle","8","1","6","1","2","0","0","0","0","0","0","0"
"5466","08-07-20 19:00","England","Premier League","2019/2020","Sheffield Utd","Wolves","6","1","3","1","3","0","2","0","1","0","1","0"
"6531","08-07-20 19:00","England","Premier League","2019/2020","West Ham","Burnley","10","3","3","0","7","3","1","1","0","0","1","1"
"5467","07-07-20 21:15","England","Premier League","2019/2020","Arsenal","Leicester","10","1","7","1","3","0","1","0","0","0","1","0"
"5468","07-07-20 19:00","England","Premier League","2019/2020","Crystal Palace","Chelsea","7","9","3","7","4","2","1","0","1","0","0","0"
"5469","07-07-20 19:00","England","Premier League","2019/2020","Watford","Norwich","4","3","3","2","1","1","2","4","1","2","1","2"
"5470","06-07-20 21:00","England","Premier League","2019/2020","Tottenham","Everton","5","6","5","4","0","2","3","2","0","1","3","1"
"5471","05-07-20 20:00","England","Premier League","2019/2020","Southampton","Manchester City","2","13","2","2","0","11","1","2","1","0","0","2"
"5472","05-07-20 17:30","England","Premier League","2019/2020","Liverpool","Aston Villa","7","5","3","2","4","3","1","1","1","1","0","0"
"6532","05-07-20 15:15","England","Premier League","2019/2020","Newcastle","West Ham","6","4","4","1","2","3","1","0","1","0","0","0"
"5473","05-07-20 13:00","England","Premier League","2019/2020","Burnley","Sheffield Utd","3","9","0","6","3","3","0","0","0","0","0","0"
"5474","04-07-20 21:00","England","Premier League","2019/2020","Chelsea","Watford","5","3","2","2","3","1","0","2","0","1","0","1"
"5475","04-07-20 18:30","England","Premier League","2019/2020","Wolves","Arsenal","3","5","1","2","2","3","2","4","0","1","2","3"
"5476","04-07-20 16:00","England","Premier League","2019/2020","Leicester","Crystal Palace","3","7","3","1","0","6","2","1","1","0","1","1"
"5477","04-07-20 16:00","England","Premier League","2019/2020","Manchester Utd","Bournemouth","8","3","3","1","5","2","0","1","0","1","0","0"
"5478","04-07-20 13:30","England","Premier League","2019/2020","Norwich","Brighton","0","2","0","0","0","2","2","2","1","0","1","2"
"5479","02-07-20 21:15","England","Premier League","2019/2020","Manchester City","Liverpool","3","3","0","0","3","3","2","2","1","1","1","1"
"5480","02-07-20 19:00","England","Premier League","2019/2020","Sheffield Utd","Tottenham","1","6","0","3","1","3","2","0","1","0","1","0"
"6533","01-07-20 21:15","England","Premier League","2019/2020","West Ham","Chelsea","2","3","2","1","0","2","2","1","0","0","2","1"
"5481","01-07-20 19:00","England","Premier League","2019/2020","Arsenal","Norwich","6","2","3","2","3","0","1","4","0","2","1","2"
"5482","01-07-20 19:00","England","Premier League","2019/2020","Bournemouth","Newcastle","6","3","1","1","5","2","2","0","2","0","0","0"
"5483","01-07-20 19:00","England","Premier League","2019/2020","Everton","Leicester","3","5","2","2","1","3","1","1","0","0","1","1"
"5484","30-06-20 21:15","England","Premier League","2019/2020","Brighton","Manchester Utd","4","5","0","2","4","3","0","1","0","0","0","1"
"5485","29-06-20 21:00","England","Premier League","2019/2020","Crystal Palace","Burnley","9","1","1","1","8","0","1","1","0","0","1","1"
"5486","28-06-20 17:30","England","Premier League","2019/2020","Watford","Southampton","5","3","0","1","5","2","3","0","1","0","2","0"
"5487","27-06-20 13:30","England","Premier League","2019/2020","Aston Villa","Wolves","2","2","1","1","1","1","1","1","1","0","0","1"
"5488","25-06-20 21:15","England","Premier League","2019/2020","Chelsea","Manchester City","5","7","3","3","2","4","1","1","1","0","0","1"
"5489","25-06-20 19:00","England","Premier League","2019/2020","Burnley","Watford","1","7","0","1","1","6","1","0","0","0","1","0"
"5490","25-06-20 19:00","England","Premier League","2019/2020","Southampton","Arsenal","4","6","1","2","3","4","0","2","0","1","0","1"
"5491","24-06-20 21:15","England","Premier League","2019/2020","Liverpool","Crystal Palace","6","0","2","0","4","0","0","0","0","0","0","0"
"5492","24-06-20 19:00","England","Premier League","2019/2020","Manchester Utd","Sheffield Utd","10","5","3","3","7","2","1","0","0","0","1","0"
"5493","24-06-20 19:00","England","Premier League","2019/2020","Newcastle","Aston Villa","6","9","3","1","3","8","2","2","0","1","2","1"
"5494","24-06-20 19:00","England","Premier League","2019/2020","Norwich","Everton","6","5","1","0","5","5","0","1","0","0","0","1"
"5495","24-06-20 19:00","England","Premier League","2019/2020","Wolves","Bournemouth","6","4","2","2","4","2","3","3","2","3","1","0"
"6534","23-06-20 21:15","England","Premier League","2019/2020","Tottenham","West Ham","9","4","8","1","1","3","2","2","0","2","2","0"
"5496","23-06-20 19:00","England","Premier League","2019/2020","Leicester","Brighton","6","7","1","5","5","2","2","2","2","1","0","1"
"5497","22-06-20 21:00","England","Premier League","2019/2020","Manchester City","Burnley","3","1","2","0","1","1","1","1","0","1","1","0"
"5498","21-06-20 20:00","England","Premier League","2019/2020","Everton","Liverpool","1","6","0","0","1","6","2","2","1","1","1","1"
"5499","21-06-20 17:15","England","Premier League","2019/2020","Aston Villa","Chelsea","2","10","1","3","1","7","2","1","1","0","1","1"
"5500","21-06-20 15:00","England","Premier League","2019/2020","Newcastle","Sheffield Utd","2","4","2","4","0","0","2","2","1","1","1","1"
"5501","20-06-20 20:45","England","Premier League","2019/2020","Bournemouth","Crystal Palace","11","4","6","1","5","3","3","2","1","1","2","1"
"6535","20-06-20 18:30","England","Premier League","2019/2020","West Ham","Wolves","5","7","2","5","3","2","1","1","0","0","1","1"
"5502","20-06-20 16:00","England","Premier League","2019/2020","Brighton","Arsenal","10","7","5","2","5","5","2","1","2","0","0","1"
"5503","20-06-20 13:30","England","Premier League","2019/2020","Watford","Leicester","2","7","1","4","1","3","0","1","0","1","0","0"
"5504","19-06-20 21:15","England","Premier League","2019/2020","Tottenham","Manchester Utd","7","6","4","4","3","2","0","1","0","1","0","0"
"5505","19-06-20 19:00","England","Premier League","2019/2020","Norwich","Southampton","9","7","6","2","3","5","1","1","0","0","1","1"
"5506","17-06-20 21:15","England","Premier League","2019/2020","Manchester City","Arsenal","5","2","3","1","2","1","1","1","0","0","1","1"
"5507","17-06-20 19:00","England","Premier League","2019/2020","Aston Villa","Sheffield Utd","12","4","5","2","7","2","1","1","1","1","0","0"
"5508","09-03-20 21:00","England","Premier League","2019/2020","Leicester","Aston Villa","9","0","5","0","4","0","2","1","0","1","2","0"
"5509","08-03-20 17:30","England","Premier League","2019/2020","Manchester Utd","Manchester City","2","11","1","4","1","7","2","4","1","2","1","2"
"5510","08-03-20 15:00","England","Premier League","2019/2020","Chelsea","Everton","6","1","1","0","5","1","1","2","0","0","1","2"
"5511","07-03-20 18:30","England","Premier League","2019/2020","Burnley","Tottenham","3","5","1","1","2","4","5","4","0","1","5","3"
"5512","07-03-20 16:00","England","Premier League","2019/2020","Crystal Palace","Watford","8","8","6","3","2","5","4","4","1","1","3","3"
"5513","07-03-20 16:00","England","Premier League","2019/2020","Sheffield Utd","Norwich","10","5","9","1","1","4","0","0","0","0","0","0"
"5514","07-03-20 16:00","England","Premier League","2019/2020","Southampton","Newcastle","5","8","4","3","1","5","0","3","0","1","0","2"
"5515","07-03-20 16:00","England","Premier League","2019/2020","Wolves","Brighton","2","0","1","0","1","0","1","3","1","1","0","2"
"6536","07-03-20 16:00","England","Premier League","2019/2020","Arsenal","West Ham","6","7","6","5","0","2","1","2","0","1","1","1"
"5516","07-03-20 13:30","England","Premier League","2019/2020","Liverpool","Bournemouth","9","4","3","4","6","0","0","1","0","0","0","1"
"5517","01-03-20 15:00","England","Premier League","2019/2020","Everton","Manchester Utd","13","8","1","3","12","5","3","4","2","2","1","2"
"5518","01-03-20 15:00","England","Premier League","2019/2020","Tottenham","Wolves","4","5","3","4","1","1","3","2","0","0","3","2"
"5519","29-02-20 18:30","England","Premier League","2019/2020","Watford","Liverpool","3","5","2","3","1","2","0","0","0","0","0","0"
"5520","29-02-20 16:00","England","Premier League","2019/2020","Bournemouth","Chelsea","4","14","2","7","2","7","2","2","0","1","2","1"
"5521","29-02-20 16:00","England","Premier League","2019/2020","Newcastle","Burnley","11","7","4","4","7","3","4","3","1","1","3","2"
"6537","29-02-20 16:00","England","Premier League","2019/2020","West Ham","Southampton","4","9","2","5","2","4","1","1","0","1","1","0"
"5522","29-02-20 13:30","England","Premier League","2019/2020","Brighton","Crystal Palace","8","7","3","4","5","3","2","1","1","1","1","0"
"5523","28-02-20 21:00","England","Premier League","2019/2020","Norwich","Leicester","6","7","4","6","2","1","1","2","0","0","1","2"
"6538","24-02-20 21:00","England","Premier League","2019/2020","Liverpool","West Ham","16","8","7","6","9","2","0","3","0","0","0","3"
"5524","23-02-20 17:30","England","Premier League","2019/2020","Arsenal","Everton","6","3","4","2","2","1","0","4","0","2","0","2"
"5525","23-02-20 15:00","England","Premier League","2019/2020","Manchester Utd","Watford","3","5","0","2","3","3","0","1","0","0","0","1"
"5526","23-02-20 15:00","England","Premier League","2019/2020","Wolves","Norwich","4","1","4","0","0","1","2","3","1","1","1","2"
"5527","22-02-20 18:30","England","Premier League","2019/2020","Leicester","Manchester City","3","7","2","4","1","3","0","0","0","0","0","0"
"5528","22-02-20 16:00","England","Premier League","2019/2020","Burnley","Bournemouth","7","3","4","2","3","1","4","3","0","1","4","2"
"5529","22-02-20 16:00","England","Premier League","2019/2020","Crystal Palace","Newcastle","7","5","3","3","4","2","2","6","1","3","1","3"
"5530","22-02-20 16:00","England","Premier League","2019/2020","Sheffield Utd","Brighton","12","2","6","1","6","1","0","2","0","2","0","0"
"5531","22-02-20 16:00","England","Premier League","2019/2020","Southampton","Aston Villa","9","6","4","2","5","4","1","4","0","1","1","3"
"5532","22-02-20 13:30","England","Premier League","2019/2020","Chelsea","Tottenham","3","5","2","4","1","1","1","2","0","1","1","1"
"6539","19-02-20 20:30","England","Premier League","2019/2020","Manchester City","West Ham","6","1","5","1","1","0","0","1","0","1","0","0"
"5533","17-02-20 21:00","England","Premier League","2019/2020","Chelsea","Manchester Utd","9","8","3","4","6","4","4","3","1","0","3","3"
"5534","16-02-20 17:30","England","Premier League","2019/2020","Arsenal","Newcastle","5","6","4","3","1","3","2","0","1","0","1","0"
"5535","16-02-20 15:00","England","Premier League","2019/2020","Aston Villa","Tottenham","12","7","7","1","5","6","2","0","0","0","2","0"
"5536","15-02-20 18:30","England","Premier League","2019/2020","Norwich","Liverpool","2","7","0","3","2","4","1","2","1","0","0","2"
"5537","15-02-20 13:30","England","Premier League","2019/2020","Southampton","Burnley","4","3","2","1","2","2","2","2","1","2","1","0"
"5538","14-02-20 21:00","England","Premier League","2019/2020","Wolves","Leicester","7","0","3","0","4","0","2","4","1","1","1","3"
"5539","09-02-20 15:00","England","Premier League","2019/2020","Sheffield Utd","Bournemouth","8","4","6","1","2","3","2","3","1","0","1","3"
"5540","08-02-20 18:30","England","Premier League","2019/2020","Brighton","Watford","3","2","3","2","0","0","2","2","1","0","1","2"
"5541","08-02-20 13:30","England","Premier League","2019/2020","Everton","Crystal Palace","4","6","0","2","4","4","0","1","0","1","0","0"
"5542","02-02-20 17:30","England","Premier League","2019/2020","Tottenham","Manchester City","2","6","1","1","1","5","2","5","1","3","1","2"
"5543","02-02-20 15:00","England","Premier League","2019/2020","Burnley","Arsenal","5","7","4","3","1","4","1","3","0","1","1","2"
"5544","01-02-20 18:30","England","Premier League","2019/2020","Manchester Utd","Wolves","4","6","1","3","3","3","3","2","0","0","3","2"
"5545","01-02-20 16:00","England","Premier League","2019/2020","Bournemouth","Aston Villa","1","8","0","4","1","4","3","3","1","2","2","1"
"5546","01-02-20 16:00","England","Premier League","2019/2020","Crystal Palace","Sheffield Utd","9","5","4","1","5","4","3","2","1","1","2","1"
"5547","01-02-20 16:00","England","Premier League","2019/2020","Liverpool","Southampton","6","11","6","6","0","5","0","2","0","0","0","2"
"5548","01-02-20 16:00","England","Premier League","2019/2020","Newcastle","Norwich","8","12","2","7","6","5","2","1","0","1","2","0"
"5549","01-02-20 16:00","England","Premier League","2019/2020","Watford","Everton","4","4","1","2","3","2","2","4","0","0","2","4"
"6540","01-02-20 16:00","England","Premier League","2019/2020","West Ham","Brighton","4","6","3","0","1","6","1","1","0","0","1","1"
"5550","01-02-20 13:30","England","Premier League","2019/2020","Leicester","Chelsea","4","6","2","4","2","2","2","2","0","0","2","2"
"6541","29-01-20 20:45","England","Premier League","2019/2020","West Ham","Liverpool","3","7","0","3","3","4","2","0","2","0","0","0"
"5551","23-01-20 21:00","England","Premier League","2019/2020","Wolves","Liverpool","2","4","2","1","0","3","0","1","0","0","0","1"
"5552","22-01-20 21:15","England","Premier League","2019/2020","Manchester Utd","Burnley","5","2","3","1","2","1","0","2","0","0","0","2"
"5553","22-01-20 20:30","England","Premier League","2019/2020","Tottenham","Norwich","7","3","3","1","4","2","0","1","0","0","0","1"
"6542","22-01-20 20:30","England","Premier League","2019/2020","Leicester","West Ham","7","8","3","3","4","5","1","1","0","0","1","1"
"5554","21-01-20 21:15","England","Premier League","2019/2020","Chelsea","Arsenal","17","5","10","3","7","2","2","1","1","0","1","1"
"5555","21-01-20 20:30","England","Premier League","2019/2020","Aston Villa","Watford","6","3","3","0","3","3","2","2","1","0","1","2"
"5556","21-01-20 20:30","England","Premier League","2019/2020","Bournemouth","Brighton","5","8","4","2","1","6","1","1","0","1","1","0"
"5557","21-01-20 20:30","England","Premier League","2019/2020","Crystal Palace","Southampton","0","8","0","4","0","4","1","2","0","0","1","2"
"5558","21-01-20 20:30","England","Premier League","2019/2020","Everton","Newcastle","6","4","3","2","3","2","1","1","0","0","1","1"
"5559","21-01-20 20:30","England","Premier League","2019/2020","Sheffield Utd","Manchester City","5","13","3","6","2","7","4","3","3","1","1","2"
"5560","19-01-20 17:30","England","Premier League","2019/2020","Liverpool","Manchester Utd","11","5","8","0","3","5","1","3","0","2","1","1"
"5561","19-01-20 15:00","England","Premier League","2019/2020","Burnley","Leicester","4","5","2","3","2","2","1","0","0","0","1","0"
"5562","18-01-20 18:30","England","Premier League","2019/2020","Newcastle","Chelsea","1","10","0","6","1","4","1","1","0","0","1","1"
"5563","18-01-20 16:00","England","Premier League","2019/2020","Arsenal","Sheffield Utd","4","5","1","2","3","3","1","2","0","1","1","1"
"5564","18-01-20 16:00","England","Premier League","2019/2020","Brighton","Aston Villa","3","4","1","2","2","2","0","0","0","0","0","0"
"5565","18-01-20 16:00","England","Premier League","2019/2020","Manchester City","Crystal Palace","14","2","8","1","6","1","1","2","0","2","1","0"
"5566","18-01-20 16:00","England","Premier League","2019/2020","Norwich","Bournemouth","4","5","1","1","3","4","2","2","0","0","2","2"
"5567","18-01-20 16:00","England","Premier League","2019/2020","Southampton","Wolves","1","3","0","3","1","0","2","1","1","0","1","1"
"6543","18-01-20 16:00","England","Premier League","2019/2020","West Ham","Everton","7","6","4","1","3","5","1","0","0","0","1","0"
"5568","18-01-20 13:30","England","Premier League","2019/2020","Watford","Tottenham","3","3","1","1","2","2","2","3","1","1","1","2"
"5569","12-01-20 17:30","England","Premier League","2019/2020","Aston Villa","Manchester City","2","4","1","0","1","4","2","1","0","0","2","1"
"5570","12-01-20 15:00","England","Premier League","2019/2020","Bournemouth","Watford","5","5","4","3","1","2","1","1","1","0","0","1"
"5571","11-01-20 18:30","England","Premier League","2019/2020","Tottenham","Liverpool","4","3","3","2","1","1","0","2","0","2","0","0"
"5572","11-01-20 16:00","England","Premier League","2019/2020","Chelsea","Burnley","10","3","7","2","3","1","0","3","0","1","0","2"
"5573","11-01-20 16:00","England","Premier League","2019/2020","Everton","Brighton","4","3","0","1","4","2","2","1","0","0","2","1"
"5574","11-01-20 16:00","England","Premier League","2019/2020","Leicester","Southampton","2","4","0","2","2","2","0","3","0","1","0","2"
"5575","11-01-20 16:00","England","Premier League","2019/2020","Manchester Utd","Norwich","4","2","2","0","2","2","0","0","0","0","0","0"
"5576","11-01-20 16:00","England","Premier League","2019/2020","Wolves","Newcastle","5","2","2","0","3","2","0","0","0","0","0","0"
"5577","11-01-20 13:30","England","Premier League","2019/2020","Crystal Palace","Arsenal","1","4","0","1","1","3","2","3","0","1","2","2"
"6544","10-01-20 21:00","England","Premier League","2019/2020","Sheffield Utd","West Ham","7","3","4","2","3","1","1","0","0","0","1","0"
"5578","02-01-20 21:00","England","Premier League","2019/2020","Liverpool","Sheffield Utd","8","4","5","2","3","2","0","0","0","0","0","0"
"5579","01-01-20 21:00","England","Premier League","2019/2020","Arsenal","Manchester Utd","1","4","1","1","0","3","2","0","1","0","1","0"
"5580","01-01-20 18:30","England","Premier League","2019/2020","Manchester City","Everton","3","6","2","2","1","4","0","4","0","1","0","3"
"5581","01-01-20 18:30","England","Premier League","2019/2020","Norwich","Crystal Palace","2","5","0","2","2","3","5","0","1","0","4","0"
"6545","01-01-20 18:30","England","Premier League","2019/2020","West Ham","Bournemouth","9","2","5","2","4","0","1","2","0","1","1","1"
"5582","01-01-20 16:00","England","Premier League","2019/2020","Newcastle","Leicester","4","5","3","4","1","1","1","1","1","0","0","1"
"5583","01-01-20 16:00","England","Premier League","2019/2020","Southampton","Tottenham","6","9","3","6","3","3","3","4","0","1","3","3"
"5584","01-01-20 16:00","England","Premier League","2019/2020","Watford","Wolves","4","7","0","3","4","4","3","1","1","1","2","0"
"5585","01-01-20 13:30","England","Premier League","2019/2020","Brighton","Chelsea","5","3","4","2","1","1","2","3","0","0","2","3"
"5586","01-01-20 13:30","England","Premier League","2019/2020","Burnley","Aston Villa","8","4","1","4","7","0","1","1","0","0","1","1"
"5587","29-12-19 19:00","England","Premier League","2019/2020","Manchester City","Sheffield Utd","8","5","5","4","3","1","1","1","0","0","1","1"
"5588","29-12-19 17:30","England","Premier League","2019/2020","Liverpool","Wolves","5","6","2","3","3","3","1","0","1","0","0","0"
"5589","29-12-19 15:00","England","Premier League","2019/2020","Arsenal","Chelsea","2","3","2","1","0","2","5","4","1","3","4","1"
"5590","28-12-19 20:45","England","Premier League","2019/2020","Burnley","Manchester Utd","5","4","1","2","4","2","4","3","1","0","3","3"
"5591","28-12-19 18:30","England","Premier League","2019/2020","Norwich","Tottenham","4","6","4","2","0","4","3","3","1","0","2","3"
"6546","28-12-19 18:30","England","Premier League","2019/2020","West Ham","Leicester","5","5","2","2","3","3","4","1","1","0","3","1"
"5592","28-12-19 16:00","England","Premier League","2019/2020","Newcastle","Everton","5","8","4","4","1","4","2","2","1","0","1","2"
"5593","28-12-19 16:00","England","Premier League","2019/2020","Southampton","Crystal Palace","12","4","4","0","8","4","1","2","0","1","1","1"
"5594","28-12-19 16:00","England","Premier League","2019/2020","Watford","Aston Villa","6","3","4","2","2","1","5","1","0","0","5","1"
"5595","28-12-19 13:30","England","Premier League","2019/2020","Brighton","Bournemouth","9","2","5","2","4","0","0","2","0","1","0","1"
"5596","27-12-19 20:45","England","Premier League","2019/2020","Wolves","Manchester City","3","1","1","0","2","1","0","1","0","0","0","1"
"5597","26-12-19 21:00","England","Premier League","2019/2020","Leicester","Liverpool","2","8","1","5","1","3","1","1","0","0","1","1"
"5598","26-12-19 18:30","England","Premier League","2019/2020","Manchester Utd","Newcastle","5","0","5","0","0","0","2","2","2","1","0","1"
"5599","26-12-19 16:00","England","Premier League","2019/2020","Aston Villa","Norwich","5","8","2","1","3","7","2","3","0","2","2","1"
"5600","26-12-19 16:00","England","Premier League","2019/2020","Bournemouth","Arsenal","8","3","5","2","3","1","4","4","0","0","4","4"
"5601","26-12-19 16:00","England","Premier League","2019/2020","Chelsea","Southampton","8","1","2","0","6","1","3","2","0","1","3","1"
"5602","26-12-19 16:00","England","Premier League","2019/2020","Everton","Burnley","10","2","7","1","3","1","0","0","0","0","0","0"
"5603","26-12-19 16:00","England","Premier League","2019/2020","Sheffield Utd","Watford","9","1","2","0","7","1","0","3","0","0","0","3"
"6547","26-12-19 16:00","England","Premier League","2019/2020","Crystal Palace","West Ham","7","6","2","4","5","2","0","2","0","0","0","2"
"5604","26-12-19 13:30","England","Premier League","2019/2020","Tottenham","Brighton","9","2","4","2","5","0","4","2","2","2","2","0"
"5605","22-12-19 17:30","England","Premier League","2019/2020","Tottenham","Chelsea","3","5","0","4","3","1","4","3","2","2","2","1"
"5606","22-12-19 15:00","England","Premier League","2019/2020","Watford","Manchester Utd","3","5","2","2","1","3","3","1","1","1","2","0"
"5607","21-12-19 18:30","England","Premier League","2019/2020","Manchester City","Leicester","6","0","4","0","2","0","2","2","0","1","2","1"
"5608","21-12-19 16:00","England","Premier League","2019/2020","Aston Villa","Southampton","7","5","1","5","6","0","2","1","0","1","2","0"
"5609","21-12-19 16:00","England","Premier League","2019/2020","Bournemouth","Burnley","4","5","0","4","4","1","2","4","0","1","2","3"
"5610","21-12-19 16:00","England","Premier League","2019/2020","Brighton","Sheffield Utd","4","3","0","3","4","0","1","3","0","0","1","3"
"5611","21-12-19 16:00","England","Premier League","2019/2020","Newcastle","Crystal Palace","4","5","0","1","4","4","2","0","0","0","2","0"
"5612","21-12-19 16:00","England","Premier League","2019/2020","Norwich","Wolves","3","11","3","5","0","6","2","4","0","1","2","3"
"5613","21-12-19 13:30","England","Premier League","2019/2020","Everton","Arsenal","5","4","2","0","3","4","2","3","1","1","1","2"
"5614","16-12-19 20:45","England","Premier League","2019/2020","Crystal Palace","Brighton","3","7","0","3","3","4","1","1","1","0","0","1"
"5615","15-12-19 17:30","England","Premier League","2019/2020","Arsenal","Manchester City","3","3","2","1","1","2","1","4","0","2","1","2"
"5616","15-12-19 15:00","England","Premier League","2019/2020","Manchester Utd","Everton","6","5","2","4","4","1","1","2","0","1","1","1"
"5617","15-12-19 15:00","England","Premier League","2019/2020","Wolves","Tottenham","11","2","6","1","5","1","4","4","0","0","4","4"
"6548","14-12-19 18:30","England","Premier League","2019/2020","Southampton","West Ham","5","8","1","4","4","4","1","3","1","1","0","2"
"5618","14-12-19 16:00","England","Premier League","2019/2020","Burnley","Newcastle","4","3","3","1","1","2","0","2","0","1","0","1"
"5619","14-12-19 16:00","England","Premier League","2019/2020","Chelsea","Bournemouth","9","4","5","2","4","2","1","2","0","0","1","2"
"5620","14-12-19 16:00","England","Premier League","2019/2020","Leicester","Norwich","12","4","4","1","8","3","0","5","0","1","0","4"
"5621","14-12-19 16:00","England","Premier League","2019/2020","Sheffield Utd","Aston Villa","3","2","0","1","3","1","0","0","0","0","0","0"
"5622","14-12-19 13:30","England","Premier League","2019/2020","Liverpool","Watford","6","3","2","2","4","1","2","1","1","1","1","0"
"6549","09-12-19 21:00","England","Premier League","2019/2020","West Ham","Arsenal","4","3","2","1","2","2","2","0","1","0","1","0"
"5623","08-12-19 17:30","England","Premier League","2019/2020","Brighton","Wolves","3","4","2","3","1","1","3","0","0","0","3","0"
"5624","08-12-19 15:00","England","Premier League","2019/2020","Aston Villa","Leicester","8","5","5","3","3","2","6","2","3","2","3","0"
"5625","08-12-19 15:00","England","Premier League","2019/2020","Newcastle","Southampton","3","12","2","4","1","8","1","3","0","1","1","2"
"5626","08-12-19 15:00","England","Premier League","2019/2020","Norwich","Sheffield Utd","9","1","6","0","3","1","0","4","0","2","0","2"
"5627","07-12-19 18:30","England","Premier League","2019/2020","Manchester City","Manchester Utd","16","3","4","0","12","3","3","2","1","0","2","2"
"5628","07-12-19 16:00","England","Premier League","2019/2020","Bournemouth","Liverpool","1","3","1","2","0","1","0","1","0","1","0","0"
"5629","07-12-19 16:00","England","Premier League","2019/2020","Tottenham","Burnley","1","1","1","1","0","0","1","1","0","1","1","0"
"5630","07-12-19 16:00","England","Premier League","2019/2020","Watford","Crystal Palace","6","2","3","0","3","2","4","2","2","1","2","1"
"5631","07-12-19 13:30","England","Premier League","2019/2020","Everton","Chelsea","1","5","1","3","0","2","3","0","2","0","1","0"
"5632","05-12-19 21:15","England","Premier League","2019/2020","Arsenal","Brighton","9","9","4","5","5","4","3","1","2","0","1","1"
"5633","05-12-19 20:30","England","Premier League","2019/2020","Sheffield Utd","Newcastle","8","1","5","1","3","0","2","0","0","0","2","0"
"5634","04-12-19 21:15","England","Premier League","2019/2020","Liverpool","Everton","5","6","1","3","4","3","1","2","1","1","0","1"
"5635","04-12-19 20:30","England","Premier League","2019/2020","Chelsea","Aston Villa","9","5","3","3","6","2","2","1","1","0","1","1"
"5636","04-12-19 20:30","England","Premier League","2019/2020","Leicester","Watford","7","2","2","1","5","1","3","2","2","0","1","2"
"5637","04-12-19 20:30","England","Premier League","2019/2020","Manchester Utd","Tottenham","4","3","3","0","1","3","0","1","0","1","0","0"
"5638","04-12-19 20:30","England","Premier League","2019/2020","Southampton","Norwich","6","1","6","0","0","1","1","1","0","0","1","1"
"6550","04-12-19 20:30","England","Premier League","2019/2020","Wolves","West Ham","5","4","3","4","2","0","1","2","1","0","0","2"
"5639","03-12-19 21:15","England","Premier League","2019/2020","Burnley","Manchester City","3","6","1","4","2","2","1","1","0","1","1","0"
"5640","03-12-19 20:30","England","Premier League","2019/2020","Crystal Palace","Bournemouth","6","9","4","2","2","7","3","3","0","0","3","3"
"5641","01-12-19 17:30","England","Premier League","2019/2020","Leicester","Everton","4","4","1","1","3","3","0","1","0","1","0","0"
"5642","01-12-19 17:30","England","Premier League","2019/2020","Manchester Utd","Aston Villa","9","9","2","4","7","5","4","1","2","1","2","0"
"5643","01-12-19 15:00","England","Premier League","2019/2020","Norwich","Arsenal","7","12","1","7","6","5","2","1","2","0","0","1"
"5644","01-12-19 15:00","England","Premier League","2019/2020","Wolves","Sheffield Utd","7","2","3","2","4","0","1","5","1","2","0","3"
"5645","30-11-19 18:30","England","Premier League","2019/2020","Southampton","Watford","6","7","2","3","4","4","1","0","0","0","1","0"
"5646","30-11-19 16:00","England","Premier League","2019/2020","Burnley","Crystal Palace","5","6","0","3","5","3","2","0","0","0","2","0"
"5647","30-11-19 16:00","England","Premier League","2019/2020","Liverpool","Brighton","4","5","2","4","2","1","0","0","0","0","0","0"
"5648","30-11-19 16:00","England","Premier League","2019/2020","Tottenham","Bournemouth","4","8","3","2","1","6","0","2","0","0","0","2"
"6551","30-11-19 16:00","England","Premier League","2019/2020","Chelsea","West Ham","9","3","6","0","3","3","0","3","0","0","0","3"
"5649","30-11-19 13:30","England","Premier League","2019/2020","Newcastle","Manchester City","1","10","1","4","0","6","1","2","0","1","1","1"
"5650","25-11-19 21:00","England","Premier League","2019/2020","Aston Villa","Newcastle","11","6","4","3","7","3","1","1","0","1","1","0"
"5651","24-11-19 17:30","England","Premier League","2019/2020","Sheffield Utd","Manchester Utd","6","3","5","1","1","2","1","2","0","0","1","2"
"5652","23-11-19 18:30","England","Premier League","2019/2020","Manchester City","Chelsea","8","2","2","1","6","1","1","1","0","0","1","1"
"5653","23-11-19 16:00","England","Premier League","2019/2020","Arsenal","Southampton","6","8","1","3","5","5","6","2","3","1","3","1"
"5654","23-11-19 16:00","England","Premier League","2019/2020","Bournemouth","Wolves","5","9","0","2","5","7","4","1","3","1","1","0"
"5655","23-11-19 16:00","England","Premier League","2019/2020","Brighton","Leicester","6","7","2","6","4","1","2","0","1","0","1","0"
"5656","23-11-19 16:00","England","Premier League","2019/2020","Crystal Palace","Liverpool","9","8","4","5","5","3","0","1","0","0","0","1"
"5657","23-11-19 16:00","England","Premier League","2019/2020","Everton","Norwich","7","7","5","5","2","2","3","5","1","1","2","4"
"5658","23-11-19 16:00","England","Premier League","2019/2020","Watford","Burnley","7","5","3","1","4","4","1","3","1","2","0","1"
"6552","23-11-19 13:30","England","Premier League","2019/2020","West Ham","Tottenham","3","7","0","6","3","1","3","2","2","0","1","2"
"5659","10-11-19 17:30","England","Premier League","2019/2020","Liverpool","Manchester City","4","13","2","5","2","8","0","2","0","0","0","2"
"5660","10-11-19 15:00","England","Premier League","2019/2020","Manchester Utd","Brighton","5","2","3","1","2","1","2","5","1","4","1","1"
"5661","10-11-19 15:00","England","Premier League","2019/2020","Wolves","Aston Villa","6","3","1","0","5","3","4","3","1","3","3","0"
"5662","09-11-19 18:30","England","Premier League","2019/2020","Leicester","Arsenal","5","4","2","1","3","3","1","1","0","0","1","1"
"5663","09-11-19 16:00","England","Premier League","2019/2020","Newcastle","Bournemouth","5","4","1","1","4","3","0","0","0","0","0","0"
"5664","09-11-19 16:00","England","Premier League","2019/2020","Southampton","Everton","5","9","0","4","5","5","1","1","0","0","1","1"
"5665","09-11-19 16:00","England","Premier League","2019/2020","Tottenham","Sheffield Utd","4","4","2","4","2","0","2","2","1","1","1","1"
"6553","09-11-19 16:00","England","Premier League","2019/2020","Burnley","West Ham","11","4","4","2","7","2","2","1","1","0","1","1"
"5666","09-11-19 13:30","England","Premier League","2019/2020","Chelsea","Crystal Palace","7","0","4","0","3","0","3","2","3","1","0","1"
"5667","08-11-19 21:00","England","Premier League","2019/2020","Norwich","Watford","10","4","4","2","6","2","1","4","0","0","1","4"
"5668","03-11-19 17:30","England","Premier League","2019/2020","Everton","Tottenham","5","2","2","2","3","0","1","2","1","1","0","1"
"5669","03-11-19 15:00","England","Premier League","2019/2020","Crystal Palace","Leicester","5","6","2","4","3","2","2","2","0","0","2","2"
"5670","02-11-19 18:30","England","Premier League","2019/2020","Watford","Chelsea","1","6","1","4","0","2","4","2","0","0","4","2"
"5671","02-11-19 16:00","England","Premier League","2019/2020","Arsenal","Wolves","8","9","2","3","6","6","0","2","0","0","0","2"
"5672","02-11-19 16:00","England","Premier League","2019/2020","Aston Villa","Liverpool","2","10","1","4","1","6","1","2","0","1","1","1"
"5673","02-11-19 16:00","England","Premier League","2019/2020","Brighton","Norwich","8","3","6","1","2","2","0","1","0","0","0","1"
"5674","02-11-19 16:00","England","Premier League","2019/2020","Manchester City","Southampton","17","0","7","0","10","0","3","1","1","1","2","0"
"5675","02-11-19 16:00","England","Premier League","2019/2020","Sheffield Utd","Burnley","7","6","2","3","5","3","1","2","0","1","1","1"
"6554","02-11-19 16:00","England","Premier League","2019/2020","West Ham","Newcastle","7","3","5","3","2","0","0","0","0","0","0","0"
"5676","02-11-19 13:30","England","Premier League","2019/2020","Bournemouth","Manchester Utd","4","10","2","3","2","7","4","3","1","1","3","2"
"5677","27-10-19 17:30","England","Premier League","2019/2020","Arsenal","Crystal Palace","12","5","7","2","5","3","2","0","0","0","2","0"
"5678","27-10-19 17:30","England","Premier League","2019/2020","Liverpool","Tottenham","8","3","4","0","4","3","3","3","0","2","3","1"
"5679","27-10-19 17:30","England","Premier League","2019/2020","Norwich","Manchester Utd","1","10","1","6","0","4","2","2","1","1","1","1"
"5680","27-10-19 15:00","England","Premier League","2019/2020","Newcastle","Wolves","3","6","2","3","1","3","2","2","0","0","2","2"
"5681","26-10-19 18:30","England","Premier League","2019/2020","Burnley","Chelsea","5","6","3","2","2","4","3","2","0","0","3","2"
"5682","26-10-19 16:00","England","Premier League","2019/2020","Brighton","Everton","0","5","0","2","0","3","2","1","1","0","1","1"
"5683","26-10-19 16:00","England","Premier League","2019/2020","Watford","Bournemouth","5","10","1","6","4","4","5","3","1","0","4","3"
"6555","26-10-19 16:00","England","Premier League","2019/2020","West Ham","Sheffield Utd","10","4","7","2","3","2","2","2","1","0","1","2"
"5684","26-10-19 13:30","England","Premier League","2019/2020","Manchester City","Aston Villa","13","7","6","4","7","3","3","1","0","1","3","0"
"5685","25-10-19 21:00","England","Premier League","2019/2020","Southampton","Leicester","2","7","0","2","2","5","0","0","0","0","0","0"
"5686","21-10-19 21:00","England","Premier League","2019/2020","Sheffield Utd","Arsenal","7","12","6","6","1","6","4","4","2","1","2","3"
"5687","20-10-19 17:30","England","Premier League","2019/2020","Manchester Utd","Liverpool","3","1","2","0","1","1","0","1","0","0","0","1"
"5688","19-10-19 18:30","England","Premier League","2019/2020","Crystal Palace","Manchester City","1","8","0","4","1","4","1","1","1","0","0","1"
"5689","19-10-19 16:00","England","Premier League","2019/2020","Aston Villa","Brighton","7","5","5","5","2","0","1","4","1","2","0","2"
"5690","19-10-19 16:00","England","Premier League","2019/2020","Bournemouth","Norwich","6","7","4","3","2","4","1","3","0","1","1","2"
"5691","19-10-19 16:00","England","Premier League","2019/2020","Chelsea","Newcastle","11","0","3","0","8","0","2","1","2","1","0","0"
"5692","19-10-19 16:00","England","Premier League","2019/2020","Leicester","Burnley","9","4","6","3","3","1","0","0","0","0","0","0"
"5693","19-10-19 16:00","England","Premier League","2019/2020","Tottenham","Watford","11","2","1","1","10","1","4","3","1","0","3","3"
"5694","19-10-19 16:00","England","Premier League","2019/2020","Wolves","Southampton","1","3","0","1","1","2","3","2","2","1","1","1"
"6556","19-10-19 13:30","England","Premier League","2019/2020","Everton","West Ham","11","2","6","0","5","2","2","2","1","0","1","2"
"5695","06-10-19 17:30","England","Premier League","2019/2020","Newcastle","Manchester Utd","4","6","4","2","0","4","3","3","1","2","2","1"
"5696","06-10-19 15:00","England","Premier League","2019/2020","Arsenal","Bournemouth","14","5","8","1","6","4","1","2","0","2","1","0"
"5697","06-10-19 15:00","England","Premier League","2019/2020","Manchester City","Wolves","9","1","3","0","6","1","5","2","0","0","5","2"
"5698","06-10-19 15:00","England","Premier League","2019/2020","Southampton","Chelsea","3","4","3","0","0","4","0","1","0","1","0","0"
"6557","05-10-19 18:30","England","Premier League","2019/2020","West Ham","Crystal Palace","2","2","1","2","1","0","3","2","1","0","2","2"
"5699","05-10-19 16:00","England","Premier League","2019/2020","Burnley","Everton","7","9","1","6","6","3","2","3","0","1","2","2"
"5700","05-10-19 16:00","England","Premier League","2019/2020","Liverpool","Leicester","4","6","2","4","2","2","1","4","1","1","0","3"
"5701","05-10-19 16:00","England","Premier League","2019/2020","Norwich","Aston Villa","10","6","4","3","6","3","1","3","1","1","0","2"
"5702","05-10-19 16:00","England","Premier League","2019/2020","Watford","Sheffield Utd","7","7","4","6","3","1","0","2","0","0","0","2"
"5703","05-10-19 13:30","England","Premier League","2019/2020","Brighton","Tottenham","4","4","2","0","2","4","2","1","0","0","2","1"
"5704","30-09-19 21:00","England","Premier League","2019/2020","Manchester Utd","Arsenal","8","7","2","2","6","5","4","2","3","1","1","1"
"5705","29-09-19 17:30","England","Premier League","2019/2020","Leicester","Newcastle","9","0","4","0","5","0","1","1","1","0","0","1"
"5706","28-09-19 18:30","England","Premier League","2019/2020","Everton","Manchester City","5","2","0","1","5","1","2","2","0","1","2","1"
"5707","28-09-19 16:00","England","Premier League","2019/2020","Aston Villa","Burnley","7","3","3","1","4","2","0","0","0","0","0","0"
"5708","28-09-19 16:00","England","Premier League","2019/2020","Chelsea","Brighton","5","2","3","0","2","2","2","3","2","2","0","1"
"5709","28-09-19 16:00","England","Premier League","2019/2020","Crystal Palace","Norwich","5","5","0","4","5","1","3","1","0","0","3","1"
"5710","28-09-19 16:00","England","Premier League","2019/2020","Tottenham","Southampton","6","6","3","1","3","5","2","2","2","0","0","2"
"5711","28-09-19 16:00","England","Premier League","2019/2020","Wolves","Watford","1","6","1","2","0","4","0","1","0","0","0","1"
"6558","28-09-19 16:00","England","Premier League","2019/2020","Bournemouth","West Ham","6","6","3","5","3","1","3","1","1","0","2","1"
"5712","28-09-19 13:30","England","Premier League","2019/2020","Sheffield Utd","Liverpool","6","5","2","3","4","2","1","1","0","0","1","1"
"5713","22-09-19 17:30","England","Premier League","2019/2020","Arsenal","Aston Villa","9","4","3","2","6","2","7","1","4","0","3","1"
"5714","22-09-19 17:30","England","Premier League","2019/2020","Chelsea","Liverpool","6","4","3","1","3","3","3","3","1","0","2","3"
"5715","22-09-19 15:00","England","Premier League","2019/2020","Crystal Palace","Wolves","6","7","3","5","3","2","0","0","0","0","0","0"
"6559","22-09-19 15:00","England","Premier League","2019/2020","West Ham","Manchester Utd","3","7","1","4","2","3","2","2","1","0","1","2"
"5716","21-09-19 18:30","England","Premier League","2019/2020","Newcastle","Brighton","5","3","3","3","2","0","2","1","1","0","1","1"
"5717","21-09-19 16:00","England","Premier League","2019/2020","Burnley","Norwich","7","3","5","1","2","2","0","1","0","1","0","0"
"5718","21-09-19 16:00","England","Premier League","2019/2020","Everton","Sheffield Utd","12","3","6","1","6","2","1","3","1","3","0","0"
"5719","21-09-19 16:00","England","Premier League","2019/2020","Manchester City","Watford","5","4","3","2","2","2","2","2","1","0","1","2"
"5720","21-09-19 13:30","England","Premier League","2019/2020","Leicester","Tottenham","8","2","5","1","3","1","1","2","0","1","1","1"
"5721","20-09-19 21:00","England","Premier League","2019/2020","Southampton","Bournemouth","4","5","2","4","2","1","1","3","0","1","1","2"
"6560","16-09-19 21:00","England","Premier League","2019/2020","Aston Villa","West Ham","2","4","1","3","1","1","2","3","1","2","1","1"
"5722","15-09-19 17:30","England","Premier League","2019/2020","Watford","Arsenal","7","1","3","1","4","0","3","3","1","2","2","1"
"5723","15-09-19 15:00","England","Premier League","2019/2020","Bournemouth","Everton","7","7","4","3","3","4","0","4","0","1","0","3"
"5724","14-09-19 18:30","England","Premier League","2019/2020","Norwich","Manchester City","3","16","3","3","0","13","3","1","1","0","2","1"
"5725","14-09-19 16:00","England","Premier League","2019/2020","Brighton","Burnley","3","6","1","4","2","2","0","2","0","1","0","1"
"5726","14-09-19 16:00","England","Premier League","2019/2020","Manchester Utd","Leicester","3","9","2","5","1","4","1","2","0","0","1","2"
"5727","14-09-19 16:00","England","Premier League","2019/2020","Sheffield Utd","Southampton","12","6","6","2","6","4","1","1","0","0","1","1"
"5728","14-09-19 16:00","England","Premier League","2019/2020","Tottenham","Crystal Palace","4","3","1","2","3","1","4","3","1","0","3","3"
"5729","14-09-19 16:00","England","Premier League","2019/2020","Wolves","Chelsea","7","5","0","3","7","2","1","2","0","0","1","2"
"5730","14-09-19 13:30","England","Premier League","2019/2020","Liverpool","Newcastle","10","1","5","0","5","1","0","0","0","0","0","0"
"5731","01-09-19 17:30","England","Premier League","2019/2020","Arsenal","Tottenham","11","6","5","2","6","4","3","5","0","2","3","3"
"5732","01-09-19 15:00","England","Premier League","2019/2020","Everton","Wolves","7","7","2","5","5","2","1","6","0","2","1","4"
"5733","31-08-19 18:30","England","Premier League","2019/2020","Burnley","Liverpool","6","4","5","1","1","3","0","0","0","0","0","0"
"5734","31-08-19 16:00","England","Premier League","2019/2020","Chelsea","Sheffield Utd","3","4","1","2","2","2","0","1","0","1","0","0"
"5735","31-08-19 16:00","England","Premier League","2019/2020","Crystal Palace","Aston Villa","13","2","5","0","8","2","2","6","0","4","2","2"
"5736","31-08-19 16:00","England","Premier League","2019/2020","Leicester","Bournemouth","4","5","1","2","3","3","1","3","1","2","0","1"
"5737","31-08-19 16:00","England","Premier League","2019/2020","Manchester City","Brighton","8","1","5","0","3","1","1","1","1","0","0","1"
"5738","31-08-19 16:00","England","Premier League","2019/2020","Newcastle","Watford","6","5","2","3","4","2","2","3","2","2","0","1"
"6561","31-08-19 16:00","England","Premier League","2019/2020","West Ham","Norwich","8","2","3","0","5","2","2","1","0","0","2","1"
"5739","31-08-19 13:30","England","Premier League","2019/2020","Southampton","Manchester Utd","2","3","0","1","2","2","3","2","1","1","2","1"
"5740","25-08-19 17:30","England","Premier League","2019/2020","Tottenham","Newcastle","6","6","3","3","3","3","2","2","1","0","1","2"
"5741","25-08-19 17:30","England","Premier League","2019/2020","Wolves","Burnley","4","3","3","2","1","1","0","2","0","0","0","2"
"5742","25-08-19 15:00","England","Premier League","2019/2020","Bournemouth","Manchester City","4","5","1","3","3","2","1","3","0","2","1","1"
"5743","24-08-19 18:30","England","Premier League","2019/2020","Liverpool","Arsenal","6","4","6","0","0","4","1","1","0","0","1","1"
"5744","24-08-19 16:00","England","Premier League","2019/2020","Brighton","Southampton","8","5","5","2","3","3","1","3","0","1","1","2"
"5745","24-08-19 16:00","England","Premier League","2019/2020","Manchester Utd","Crystal Palace","8","1","4","1","4","0","2","4","0","2","2","2"
"5746","24-08-19 16:00","England","Premier League","2019/2020","Sheffield Utd","Leicester","7","4","3","1","4","3","1","0","0","0","1","0"
"6562","24-08-19 16:00","England","Premier League","2019/2020","Watford","West Ham","8","7","6","4","2","3","1","1","0","0","1","1"
"5747","24-08-19 13:30","England","Premier League","2019/2020","Norwich","Chelsea","1","8","0","4","1","4","1","1","1","1","0","0"
"5748","23-08-19 21:00","England","Premier League","2019/2020","Aston Villa","Everton","0","6","0","2","0","4","2","3","1","0","1","3"
"5749","19-08-19 21:00","England","Premier League","2019/2020","Wolves","Manchester Utd","4","6","2","2","2","4","2","2","0","1","2","1"
"5750","18-08-19 17:30","England","Premier League","2019/2020","Chelsea","Leicester","4","5","3","2","1","3","1","0","1","0","0","0"
"5751","18-08-19 15:00","England","Premier League","2019/2020","Sheffield Utd","Crystal Palace","8","4","3","4","5","0","3","1","1","0","2","1"
"5752","17-08-19 18:30","England","Premier League","2019/2020","Manchester City","Tottenham","13","2","4","0","9","2","1","0","1","0","0","0"
"5753","17-08-19 16:00","England","Premier League","2019/2020","Aston Villa","Bournemouth","10","5","7","2","3","3","0","2","0","1","0","1"
"5754","17-08-19 16:00","England","Premier League","2019/2020","Everton","Watford","4","7","3","4","1","3","2","3","1","1","1","2"
"5755","17-08-19 16:00","England","Premier League","2019/2020","Norwich","Newcastle","7","5","3","1","4","4","1","3","1","1","0","2"
"5756","17-08-19 16:00","England","Premier League","2019/2020","Southampton","Liverpool","5","9","3","2","2","7","2","1","1","0","1","1"
"6563","17-08-19 16:00","England","Premier League","2019/2020","Brighton","West Ham","8","6","3","0","5","6","0","0","0","0","0","0"
"5757","17-08-19 13:30","England","Premier League","2019/2020","Arsenal","Burnley","10","7","5","4","5","3","2","1","1","0","1","1"
"5758","11-08-19 17:30","England","Premier League","2019/2020","Manchester Utd","Chelsea","3","5","1","1","2","4","3","4","0","1","3","3"
"5759","11-08-19 15:00","England","Premier League","2019/2020","Leicester","Wolves","12","3","3","1","9","2","0","0","0","0","0","0"
"5760","11-08-19 15:00","England","Premier League","2019/2020","Newcastle","Arsenal","5","3","2","2","3","1","1","3","1","2","0","1"
"5761","10-08-19 18:30","England","Premier League","2019/2020","Tottenham","Aston Villa","14","0","4","0","10","0","1","0","0","0","1","0"
"5762","10-08-19 16:00","England","Premier League","2019/2020","Bournemouth","Sheffield Utd","3","4","1","1","2","3","2","1","1","0","1","1"
"5763","10-08-19 16:00","England","Premier League","2019/2020","Burnley","Southampton","2","7","0","2","2","5","0","0","0","0","0","0"
"5764","10-08-19 16:00","England","Premier League","2019/2020","Crystal Palace","Everton","6","2","3","2","3","0","2","3","1","0","1","3"
"5765","10-08-19 16:00","England","Premier League","2019/2020","Watford","Brighton","5","2","3","0","2","2","0","0","0","0","0","0"
"6564","10-08-19 13:30","England","Premier League","2019/2020","West Ham","Manchester City","1","1","0","1","1","0","2","2","0","0","2","2"
"5766","09-08-19 21:00","England","Premier League","2019/2020","Liverpool","Norwich","11","2","5","1","6","1","0","2","0","0","0","2"
"5767","12-05-19 16:00","England","Premier League","2018/2019","Brighton","Manchester City","2","6","2","3","0","3","0","0","0","0","0","0"
"5768","12-05-19 16:00","England","Premier League","2018/2019","Burnley","Arsenal","4","5","4","3","0","2","5","1","3","0","2","1"
"5769","12-05-19 16:00","England","Premier League","2018/2019","Crystal Palace","Bournemouth","4","4","2","1","2","3","3","0","0","0","3","0"
"5770","12-05-19 16:00","England","Premier League","2018/2019","Fulham","Newcastle","5","5","3","3","2","2","1","0","0","0","1","0"
"5771","12-05-19 16:00","England","Premier League","2018/2019","Leicester","Chelsea","4","5","1","4","3","1","0","1","0","1","0","0"
"5772","12-05-19 16:00","England","Premier League","2018/2019","Liverpool","Wolves","4","1","1","1","3","0","0","2","0","0","0","2"
"5773","12-05-19 16:00","England","Premier League","2018/2019","Manchester Utd","Cardiff","11","2","4","2","7","0","3","3","1","1","2","2"
"5774","12-05-19 16:00","England","Premier League","2018/2019","Southampton","Huddersfield","4","3","2","2","2","1","0","1","0","0","0","1"
"5775","12-05-19 16:00","England","Premier League","2018/2019","Tottenham","Everton","7","4","3","1","4","3","0","2","0","0","0","2"
"5776","12-05-19 16:00","England","Premier League","2018/2019","Watford","West Ham","7","2","4","1","3","1","1","0","0","0","1","0"
"5777","06-05-19 21:00","England","Premier League","2018/2019","Manchester City","Leicester","11","0","6","0","5","0","3","2","2","1","1","1"
"5778","05-05-19 17:30","England","Premier League","2018/2019","Arsenal","Brighton","16","3","7","1","9","2","5","2","1","1","4","1"
"5779","05-05-19 15:00","England","Premier League","2018/2019","Chelsea","Watford","6","6","0","2","6","4","0","1","0","0","0","1"
"5780","05-05-19 15:00","England","Premier League","2018/2019","Huddersfield","Manchester Utd","3","7","2","5","1","2","1","1","0","1","1","0"
"5781","04-05-19 20:45","England","Premier League","2018/2019","Newcastle","Liverpool","2","3","0","1","2","2","1","1","1","0","0","1"
"5782","04-05-19 18:30","England","Premier League","2018/2019","Cardiff","Crystal Palace","10","5","5","2","5","3","0","0","0","0","0","0"
"5783","04-05-19 16:00","England","Premier League","2018/2019","West Ham","Southampton","2","7","1","1","1","6","1","1","0","0","1","1"
"5784","04-05-19 16:00","England","Premier League","2018/2019","Wolves","Fulham","7","1","3","1","4","0","1","3","1","2","0","1"
"5785","04-05-19 13:30","England","Premier League","2018/2019","Bournemouth","Tottenham","10","6","3","4","7","2","1","5","0","3","1","2"
"5786","03-05-19 21:00","England","Premier League","2018/2019","Everton","Burnley","8","1","4","0","4","1","0","2","0","1","0","1"
"5787","28-04-19 17:30","England","Premier League","2018/2019","Manchester Utd","Chelsea","6","6","5","3","1","3","3","2","1","0","2","2"
"5788","28-04-19 15:05","England","Premier League","2018/2019","Burnley","Manchester City","0","6","0","3","0","3","1","1","0","0","1","1"
"5789","28-04-19 13:00","England","Premier League","2018/2019","Leicester","Arsenal","8","6","6","1","2","5","3","3","1","2","2","1"
"5790","27-04-19 18:30","England","Premier League","2018/2019","Brighton","Newcastle","7","4","3","1","4","3","2","3","1","2","1","1"
"5791","27-04-19 16:00","England","Premier League","2018/2019","Crystal Palace","Everton","5","10","1","4","4","6","2","0","1","0","1","0"
"5792","27-04-19 16:00","England","Premier League","2018/2019","Fulham","Cardiff","10","3","3","0","7","3","0","0","0","0","0","0"
"5793","27-04-19 16:00","England","Premier League","2018/2019","Southampton","Bournemouth","9","3","4","2","5","1","2","1","2","1","0","0"
"5794","27-04-19 16:00","England","Premier League","2018/2019","Watford","Wolves","4","5","3","3","1","2","3","2","0","0","3","2"
"5795","27-04-19 13:30","England","Premier League","2018/2019","Tottenham","West Ham","2","7","1","1","1","6","0","2","0","1","0","1"
"5796","26-04-19 21:00","England","Premier League","2018/2019","Liverpool","Huddersfield","4","4","2","3","2","1","0","0","0","0","0","0"
"5797","24-04-19 21:00","England","Premier League","2018/2019","Manchester Utd","Manchester City","1","1","0","1","1","0","2","2","1","2","1","0"
"5798","24-04-19 20:45","England","Premier League","2018/2019","Wolves","Arsenal","5","5","2","2","3","3","2","3","1","3","1","0"
"5799","23-04-19 20:45","England","Premier League","2018/2019","Tottenham","Brighton","6","3","2","3","4","0","1","2","0","1","1","1"
"5800","23-04-19 20:45","England","Premier League","2018/2019","Watford","Southampton","3","4","0","2","3","2","5","2","2","2","3","0"
"5801","22-04-19 21:00","England","Premier League","2018/2019","Chelsea","Burnley","10","1","4","1","6","0","2","1","0","1","2","0"
"5802","21-04-19 17:00","England","Premier League","2018/2019","Arsenal","Crystal Palace","8","3","4","2","4","1","4","1","1","0","3","1"
"5803","21-04-19 17:00","England","Premier League","2018/2019","Cardiff","Liverpool","5","10","3","4","2","6","1","1","0","0","1","1"
"5804","21-04-19 14:30","England","Premier League","2018/2019","Everton","Manchester Utd","10","2","7","1","3","1","1","1","1","0","0","1"
"5805","20-04-19 18:30","England","Premier League","2018/2019","Newcastle","Southampton","4","11","2","3","2","8","0","2","0","1","0","1"
"5806","20-04-19 16:00","England","Premier League","2018/2019","Bournemouth","Fulham","3","7","3","4","0","3","1","3","0","0","1","3"
"5807","20-04-19 16:00","England","Premier League","2018/2019","Huddersfield","Watford","2","2","1","2","1","0","2","2","2","1","0","1"
"5808","20-04-19 16:00","England","Premier League","2018/2019","West Ham","Leicester","6","8","4","3","2","5","2","0","0","0","2","0"
"5809","20-04-19 16:00","England","Premier League","2018/2019","Wolves","Brighton","14","1","6","0","8","1","0","1","0","1","0","0"
"5810","20-04-19 13:30","England","Premier League","2018/2019","Manchester City","Tottenham","4","4","4","2","0","2","1","2","0","0","1","2"
"5811","16-04-19 20:45","England","Premier League","2018/2019","Brighton","Cardiff","5","4","3","2","2","2","0","1","0","0","0","1"
"5812","15-04-19 21:00","England","Premier League","2018/2019","Watford","Arsenal","6","4","6","2","0","2","2","0","0","0","2","0"
"5813","14-04-19 17:30","England","Premier League","2018/2019","Liverpool","Chelsea","9","2","2","0","7","2","0","1","0","1","0","0"
"5814","14-04-19 15:05","England","Premier League","2018/2019","Crystal Palace","Manchester City","2","9","0","5","2","4","0","0","0","0","0","0"
"5815","13-04-19 18:30","England","Premier League","2018/2019","Manchester Utd","West Ham","3","11","2","4","1","7","1","1","1","0","0","1"
"5816","13-04-19 16:00","England","Premier League","2018/2019","Brighton","Bournemouth","4","1","2","0","2","1","2","4","0","1","2","3"
"5817","13-04-19 16:00","England","Premier League","2018/2019","Burnley","Cardiff","8","4","5","1","3","3","2","4","2","1","0","3"
"5818","13-04-19 16:00","England","Premier League","2018/2019","Fulham","Everton","7","3","4","1","3","2","2","1","0","1","2","0"
"5819","13-04-19 16:00","England","Premier League","2018/2019","Southampton","Wolves","4","9","0","6","4","3","1","3","0","2","1","1"
"5820","13-04-19 13:30","England","Premier League","2018/2019","Tottenham","Huddersfield","4","2","0","1","4","1","2","2","0","1","2","1"
"5821","12-04-19 21:00","England","Premier League","2018/2019","Leicester","Newcastle","2","3","0","2","2","1","2","3","1","0","1","3"
"5822","08-04-19 21:00","England","Premier League","2018/2019","Chelsea","West Ham","7","4","3","1","4","3","2","1","0","1","2","0"
"5823","07-04-19 15:05","England","Premier League","2018/2019","Everton","Arsenal","9","6","1","2","8","4","1","4","0","2","1","2"
"5824","06-04-19 16:00","England","Premier League","2018/2019","Bournemouth","Burnley","3","6","1","3","2","3","2","3","1","2","1","1"
"5825","06-04-19 16:00","England","Premier League","2018/2019","Huddersfield","Leicester","8","5","5","4","3","1","3","0","2","0","1","0"
"5826","06-04-19 16:00","England","Premier League","2018/2019","Newcastle","Crystal Palace","9","4","5","2","4","2","1","2","0","1","1","1"
"5827","05-04-19 21:00","England","Premier League","2018/2019","Southampton","Liverpool","7","5","3","1","4","4","2","4","0","0","2","4"
"5828","03-04-19 20:45","England","Premier League","2018/2019","Chelsea","Brighton","7","1","4","0","3","1","0","0","0","0","0","0"
"5829","03-04-19 20:45","England","Premier League","2018/2019","Manchester City","Cardiff","17","4","7","2","10","2","0","3","0","2","0","1"
"5830","03-04-19 20:45","England","Premier League","2018/2019","Tottenham","Crystal Palace","8","2","5","0","3","2","1","0","1","0","0","0"
"5831","02-04-19 20:45","England","Premier League","2018/2019","Watford","Fulham","6","4","0","1","6","3","3","2","1","0","2","2"
"5832","02-04-19 20:45","England","Premier League","2018/2019","Wolves","Manchester Utd","3","5","1","1","2","4","1","4","0","2","1","2"
"5833","01-04-19 21:00","England","Premier League","2018/2019","Arsenal","Newcastle","6","2","3","2","3","0","2","0","0","0","2","0"
"5834","31-03-19 17:30","England","Premier League","2018/2019","Liverpool","Tottenham","10","3","3","1","7","2","0","1","0","0","0","1"
"5835","31-03-19 15:05","England","Premier League","2018/2019","Cardiff","Chelsea","2","7","1","3","1","4","2","3","0","1","2","2"
"5836","30-03-19 18:30","England","Premier League","2018/2019","West Ham","Everton","4","9","2","3","2","6","1","1","0","1","1","0"
"5837","30-03-19 16:00","England","Premier League","2018/2019","Brighton","Southampton","6","5","2","4","4","1","1","2","1","0","0","2"
"5838","30-03-19 16:00","England","Premier League","2018/2019","Burnley","Wolves","1","5","0","3","1","2","1","1","0","0","1","1"
"5839","30-03-19 16:00","England","Premier League","2018/2019","Crystal Palace","Huddersfield","5","5","1","2","4","3","0","0","0","0","0","0"
"5840","30-03-19 16:00","England","Premier League","2018/2019","Leicester","Bournemouth","6","1","3","0","3","1","0","2","0","0","0","2"
"5841","30-03-19 16:00","England","Premier League","2018/2019","Manchester Utd","Watford","3","5","2","2","1","3","1","2","0","1","1","1"
"5842","30-03-19 13:30","England","Premier League","2018/2019","Fulham","Manchester City","0","11","0","7","0","4","2","0","0","0","2","0"
"5843","17-03-19 17:30","England","Premier League","2018/2019","Everton","Chelsea","3","4","0","2","3","2","1","2","0","1","1","1"
"5844","17-03-19 15:15","England","Premier League","2018/2019","Fulham","Liverpool","1","10","0","3","1","7","2","1","0","1","2","0"
"5845","16-03-19 16:00","England","Premier League","2018/2019","Bournemouth","Newcastle","6","6","2","1","4","5","3","2","2","1","1","1"
"5846","16-03-19 16:00","England","Premier League","2018/2019","Burnley","Leicester","9","3","5","2","4","1","1","1","1","1","0","0"
"5847","16-03-19 16:00","England","Premier League","2018/2019","West Ham","Huddersfield","5","8","2","3","3","5","0","2","0","0","0","2"
"5848","10-03-19 17:30","England","Premier League","2018/2019","Arsenal","Manchester Utd","5","2","4","1","1","1","2","2","1","0","1","2"
"5849","10-03-19 15:05","England","Premier League","2018/2019","Chelsea","Wolves","13","0","4","0","9","0","1","4","0","1","1","3"
"5850","10-03-19 13:00","England","Premier League","2018/2019","Liverpool","Burnley","7","3","2","2","5","1","2","0","1","0","1","0"
"5851","09-03-19 18:30","England","Premier League","2018/2019","Manchester City","Watford","9","1","6","0","3","1","1","1","1","1","0","0"
"5852","09-03-19 16:00","England","Premier League","2018/2019","Cardiff","West Ham","7","5","2","2","5","3","0","0","0","0","0","0"
"5853","09-03-19 16:00","England","Premier League","2018/2019","Huddersfield","Bournemouth","6","5","1","3","5","2","3","1","1","0","2","1"
"5854","09-03-19 16:00","England","Premier League","2018/2019","Leicester","Fulham","6","5","4","3","2","2","0","2","0","0","0","2"
"5855","09-03-19 16:00","England","Premier League","2018/2019","Newcastle","Everton","8","2","0","1","8","1","3","1","1","0","2","1"
"5856","09-03-19 16:00","England","Premier League","2018/2019","Southampton","Tottenham","1","10","0","5","1","5","4","2","2","0","2","2"
"5857","09-03-19 13:30","England","Premier League","2018/2019","Crystal Palace","Brighton","8","0","5","0","3","0","1","5","0","2","1","3"
"5858","03-03-19 17:15","England","Premier League","2018/2019","Everton","Liverpool","3","7","1","3","2","4","1","2","1","0","0","2"
"5859","03-03-19 15:05","England","Premier League","2018/2019","Fulham","Chelsea","5","4","2","2","3","2","2","1","1","0","1","1"
"5860","03-03-19 13:00","England","Premier League","2018/2019","Watford","Leicester","1","5","1","2","0","3","5","1","1","0","4","1"
"5861","02-03-19 18:30","England","Premier League","2018/2019","West Ham","Newcastle","1","6","1","3","0","3","3","4","1","2","2","2"
"5862","02-03-19 16:00","England","Premier League","2018/2019","Bournemouth","Manchester City","0","14","0","9","0","5","1","2","0","0","1","2"
"5863","02-03-19 16:00","England","Premier League","2018/2019","Brighton","Huddersfield","6","3","2","1","4","2","2","2","1","0","1","2"
"5864","02-03-19 16:00","England","Premier League","2018/2019","Burnley","Crystal Palace","8","5","4","1","4","4","1","2","1","0","0","2"
"5865","02-03-19 16:00","England","Premier League","2018/2019","Manchester Utd","Southampton","9","7","6","2","3","5","2","1","0","1","2","0"
"5866","02-03-19 16:00","England","Premier League","2018/2019","Wolves","Cardiff","7","8","3","3","4","5","1","2","1","1","0","1"
"5867","02-03-19 13:30","England","Premier League","2018/2019","Tottenham","Arsenal","3","4","3","1","0","3","3","2","0","0","3","2"
"5868","27-02-19 21:00","England","Premier League","2018/2019","Chelsea","Tottenham","2","2","1","1","1","1","1","1","0","0","1","1"
"5869","27-02-19 21:00","England","Premier League","2018/2019","Crystal Palace","Manchester Utd","5","6","0","3","5","3","2","3","1","0","1","3"
"5870","27-02-19 21:00","England","Premier League","2018/2019","Liverpool","Watford","6","4","2","1","4","3","0","2","0","0","0","2"
"5871","27-02-19 21:00","England","Premier League","2018/2019","Manchester City","West Ham","12","2","7","0","5","2","0","2","0","1","0","1"
"5872","27-02-19 20:45","England","Premier League","2018/2019","Arsenal","Bournemouth","9","4","6","0","3","4","2","2","1","1","1","1"
"5873","27-02-19 20:45","England","Premier League","2018/2019","Southampton","Fulham","7","4","3","1","4","3","0","0","0","0","0","0"
"5874","26-02-19 21:00","England","Premier League","2018/2019","Newcastle","Burnley","4","7","2","2","2","5","1","3","1","1","0","2"
"5875","26-02-19 20:45","England","Premier League","2018/2019","Cardiff","Everton","3","4","1","2","2","2","3","1","2","0","1","1"
"5876","26-02-19 20:45","England","Premier League","2018/2019","Huddersfield","Wolves","3","5","2","3","1","2","2","2","1","1","1","1"
"5877","26-02-19 20:45","England","Premier League","2018/2019","Leicester","Brighton","4","8","1","3","3","5","1","1","0","1","1","0"
"5878","24-02-19 15:05","England","Premier League","2018/2019","Arsenal","Southampton","6","4","4","1","2","3","0","0","0","0","0","0"
"5879","24-02-19 15:05","England","Premier League","2018/2019","Manchester Utd","Liverpool","3","7","2","2","1","5","1","3","0","1","1","2"
"5880","23-02-19 18:30","England","Premier League","2018/2019","Leicester","Crystal Palace","8","3","3","2","5","1","2","1","1","0","1","1"
"5881","23-02-19 16:00","England","Premier League","2018/2019","Bournemouth","Wolves","9","8","2","4","7","4","4","5","1","2","3","3"
"5882","23-02-19 16:00","England","Premier League","2018/2019","Newcastle","Huddersfield","12","0","7","0","5","0","2","0","1","0","1","0"
"5883","23-02-19 13:30","England","Premier League","2018/2019","Burnley","Tottenham","7","6","1","1","6","5","1","3","0","0","1","3"
"5884","22-02-19 20:45","England","Premier League","2018/2019","Cardiff","Watford","3","3","0","2","3","1","1","2","0","1","1","1"
"5885","22-02-19 20:45","England","Premier League","2018/2019","West Ham","Fulham","12","0","9","0","3","0","1","1","0","1","1","0"
"5886","11-02-19 21:00","England","Premier League","2018/2019","Wolves","Newcastle","13","1","5","1","8","0","1","3","0","1","1","2"
"5887","10-02-19 17:00","England","Premier League","2018/2019","Manchester City","Chelsea","2","2","0","2","2","0","1","2","0","0","1","2"
"5888","10-02-19 14:30","England","Premier League","2018/2019","Tottenham","Leicester","2","9","2","5","0","4","3","1","3","0","0","1"
"5889","09-02-19 18:30","England","Premier League","2018/2019","Brighton","Burnley","9","3","5","2","4","1","1","1","0","0","1","1"
"5890","09-02-19 16:00","England","Premier League","2018/2019","Crystal Palace","West Ham","10","4","4","3","6","1","3","0","3","0","0","0"
"5891","09-02-19 16:00","England","Premier League","2018/2019","Huddersfield","Arsenal","5","0","3","0","2","0","3","2","1","0","2","2"
"5892","09-02-19 16:00","England","Premier League","2018/2019","Liverpool","Bournemouth","8","5","5","0","3","5","2","2","0","2","2","0"
"5893","09-02-19 16:00","England","Premier League","2018/2019","Southampton","Cardiff","8","2","4","0","4","2","3","3","1","0","2","3"
"5894","09-02-19 16:00","England","Premier League","2018/2019","Watford","Everton","8","2","3","1","5","1","0","0","0","0","0","0"
"5895","09-02-19 13:30","England","Premier League","2018/2019","Fulham","Manchester Utd","5","4","2","2","3","2","3","2","2","1","1","1"
"5896","06-02-19 20:45","England","Premier League","2018/2019","Everton","Manchester City","5","6","3","3","2","3","1","1","0","0","1","1"
"5897","04-02-19 21:00","England","Premier League","2018/2019","West Ham","Liverpool","2","5","1","4","1","1","1","1","0","0","1","1"
"5898","03-02-19 17:30","England","Premier League","2018/2019","Manchester City","Arsenal","4","2","4","2","0","0","1","1","0","1","1","0"
"5899","03-02-19 15:05","England","Premier League","2018/2019","Leicester","Manchester Utd","7","2","4","1","3","1","4","4","2","2","2","2"
"5900","02-02-19 18:30","England","Premier League","2018/2019","Cardiff","Bournemouth","6","7","2","5","4","2","1","2","0","0","1","2"
"5901","02-02-19 16:00","England","Premier League","2018/2019","Brighton","Watford","7","0","2","0","5","0","1","0","1","0","0","0"
"5902","02-02-19 16:00","England","Premier League","2018/2019","Burnley","Southampton","4","2","1","0","3","2","3","1","2","0","1","1"
"5903","02-02-19 16:00","England","Premier League","2018/2019","Chelsea","Huddersfield","11","2","4","0","7","2","0","0","0","0","0","0"
"5904","02-02-19 16:00","England","Premier League","2018/2019","Crystal Palace","Fulham","11","1","3","0","8","1","2","3","1","2","1","1"
"5905","02-02-19 16:00","England","Premier League","2018/2019","Everton","Wolves","3","1","2","1","1","0","3","1","2","0","1","1"
"5906","02-02-19 13:30","England","Premier League","2018/2019","Tottenham","Newcastle","6","3","2","2","4","1","0","1","0","0","0","1"
"5907","30-01-19 21:00","England","Premier League","2018/2019","Liverpool","Leicester","7","1","4","0","3","1","1","3","1","1","0","2"
"5908","30-01-19 21:00","England","Premier League","2018/2019","Tottenham","Watford","9","5","1","2","8","3","0","4","0","0","0","4"
"5909","30-01-19 20:45","England","Premier League","2018/2019","Bournemouth","Chelsea","3","7","2","1","1","6","1","0","0","0","1","0"
"5910","30-01-19 20:45","England","Premier League","2018/2019","Southampton","Crystal Palace","3","8","1","3","2","5","2","4","1","1","1","3"
"5911","29-01-19 21:00","England","Premier League","2018/2019","Manchester Utd","Burnley","11","3","5","3","6","0","1","3","0","0","1","3"
"5912","29-01-19 21:00","England","Premier League","2018/2019","Newcastle","Manchester City","1","8","1","5","0","3","2","3","0","2","2","1"
"5913","29-01-19 20:45","England","Premier League","2018/2019","Arsenal","Cardiff","4","7","2","6","2","1","3","3","2","1","1","2"
"5914","29-01-19 20:45","England","Premier League","2018/2019","Fulham","Brighton","10","1","7","0","3","1","2","3","1","2","1","1"
"5915","29-01-19 20:45","England","Premier League","2018/2019","Huddersfield","Everton","3","4","1","3","2","1","1","4","0","2","1","2"
"5916","29-01-19 20:45","England","Premier League","2018/2019","Wolves","West Ham","5","1","2","1","3","0","4","1","1","1","3","0"
"5917","20-01-19 17:00","England","Premier League","2018/2019","Fulham","Tottenham","7","10","7","5","0","5","2","3","0","0","2","3"
"5918","20-01-19 14:30","England","Premier League","2018/2019","Huddersfield","Manchester City","1","4","1","3","0","1","2","2","2","1","0","1"
"5919","19-01-19 18:30","England","Premier League","2018/2019","Arsenal","Chelsea","5","6","4","4","1","2","0","2","0","1","0","1"
"5920","19-01-19 16:00","England","Premier League","2018/2019","Bournemouth","West Ham","2","3","1","1","1","2","0","1","0","1","0","0"
"5921","19-01-19 16:00","England","Premier League","2018/2019","Liverpool","Crystal Palace","8","3","6","0","2","3","2","1","0","1","2","0"
"5922","19-01-19 16:00","England","Premier League","2018/2019","Manchester Utd","Brighton","6","5","4","3","2","2","1","0","0","0","1","0"
"5923","19-01-19 16:00","England","Premier League","2018/2019","Newcastle","Cardiff","7","10","4","3","3","7","0","1","0","0","0","1"
"5924","19-01-19 16:00","England","Premier League","2018/2019","Southampton","Everton","7","6","3","3","4","3","2","1","0","0","2","1"
"5925","19-01-19 16:00","England","Premier League","2018/2019","Watford","Burnley","1","7","0","3","1","4","1","2","0","0","1","2"
"5926","19-01-19 13:30","England","Premier League","2018/2019","Wolves","Leicester","5","9","3","6","2","3","3","3","2","2","1","1"
"5927","14-01-19 21:00","England","Premier League","2018/2019","Manchester City","Wolves","12","1","7","0","5","1","1","0","1","0","0","0"
"5928","13-01-19 17:30","England","Premier League","2018/2019","Tottenham","Manchester Utd","7","4","3","2","4","2","1","2","0","0","1","2"
"5929","13-01-19 15:15","England","Premier League","2018/2019","Everton","Bournemouth","5","9","3","3","2","6","5","0","1","0","4","0"
"5930","12-01-19 18:30","England","Premier League","2018/2019","Chelsea","Newcastle","8","5","3","3","5","2","1","1","0","1","1","0"
"5931","12-01-19 16:00","England","Premier League","2018/2019","Brighton","Liverpool","2","7","0","2","2","5","0","0","0","0","0","0"
"5932","12-01-19 16:00","England","Premier League","2018/2019","Burnley","Fulham","2","6","0","1","2","5","1","2","0","1","1","1"
"5933","12-01-19 16:00","England","Premier League","2018/2019","Cardiff","Huddersfield","3","10","1","5","2","5","3","1","1","1","2","0"
"5934","12-01-19 16:00","England","Premier League","2018/2019","Crystal Palace","Watford","7","7","3","1","4","6","1","4","0","0","1","4"
"5935","12-01-19 16:00","England","Premier League","2018/2019","Leicester","Southampton","10","3","6","2","4","1","2","3","2","2","0","1"
"5936","12-01-19 13:30","England","Premier League","2018/2019","West Ham","Arsenal","7","3","4","0","3","3","0","2","0","0","0","2"
"5937","03-01-19 21:00","England","Premier League","2018/2019","Manchester City","Liverpool","2","1","1","0","1","1","4","2","2","2","2","0"
"5938","02-01-19 21:00","England","Premier League","2018/2019","Newcastle","Manchester Utd","1","2","0","1","1","1","1","2","1","0","0","2"
"5939","02-01-19 20:45","England","Premier League","2018/2019","Bournemouth","Watford","4","2","0","1","4","1","1","4","0","2","1","2"
"5940","02-01-19 20:45","England","Premier League","2018/2019","Chelsea","Southampton","7","2","5","0","2","2","1","2","0","1","1","1"
"5941","02-01-19 20:45","England","Premier League","2018/2019","Huddersfield","Burnley","5","2","3","0","2","2","2","4","2","2","0","2"
"5942","02-01-19 20:45","England","Premier League","2018/2019","West Ham","Brighton","1","5","1","2","0","3","0","1","0","0","0","1"
"5943","02-01-19 20:45","England","Premier League","2018/2019","Wolves","Crystal Palace","3","10","1","7","2","3","4","1","2","0","2","1"
"5944","01-01-19 18:30","England","Premier League","2018/2019","Cardiff","Tottenham","5","3","4","1","1","2","1","0","0","0","1","0"
"5945","01-01-19 16:00","England","Premier League","2018/2019","Arsenal","Fulham","8","3","4","1","4","2","0","1","0","0","0","1"
"5946","01-01-19 13:30","England","Premier League","2018/2019","Everton","Leicester","6","5","1","3","5","2","3","1","0","0","3","1"
"5947","30-12-18 17:30","England","Premier League","2018/2019","Manchester Utd","Bournemouth","4","5","2","4","2","1","2","0","1","0","1","0"
"5948","30-12-18 15:15","England","Premier League","2018/2019","Burnley","West Ham","5","5","1","2","4","3","1","4","1","2","0","2"
"5949","30-12-18 15:15","England","Premier League","2018/2019","Southampton","Manchester City","3","8","2","4","1","4","2","3","0","1","2","2"
"5950","30-12-18 13:00","England","Premier League","2018/2019","Crystal Palace","Chelsea","3","4","2","3","1","1","0","1","0","1","0","0"
"5951","29-12-18 18:30","England","Premier League","2018/2019","Liverpool","Arsenal","5","3","1","2","4","1","1","2","1","1","0","1"
"5952","29-12-18 16:00","England","Premier League","2018/2019","Brighton","Everton","6","6","1","3","5","3","0","2","0","0","0","2"
"5953","29-12-18 16:00","England","Premier League","2018/2019","Fulham","Huddersfield","4","3","2","1","2","2","3","1","2","0","1","1"
"5954","29-12-18 16:00","England","Premier League","2018/2019","Leicester","Cardiff","10","4","5","1","5","3","0","2","0","0","0","2"
"5955","29-12-18 16:00","England","Premier League","2018/2019","Tottenham","Wolves","6","7","3","4","3","3","3","2","2","0","1","2"
"5956","29-12-18 16:00","England","Premier League","2018/2019","Watford","Newcastle","3","6","3","0","0","6","1","2","1","0","0","2"
"5957","27-12-18 20:45","England","Premier League","2018/2019","Southampton","West Ham","4","6","0","3","4","3","2","0","0","0","2","0"
"5958","26-12-18 20:30","England","Premier League","2018/2019","Watford","Chelsea","3","4","2","0","1","4","1","0","0","0","1","0"
"5959","26-12-18 18:15","England","Premier League","2018/2019","Brighton","Arsenal","4","9","3","3","1","6","2","1","1","0","1","1"
"5960","26-12-18 16:00","England","Premier League","2018/2019","Burnley","Everton","5","7","2","3","3","4","2","4","2","2","0","2"
"5961","26-12-18 16:00","England","Premier League","2018/2019","Crystal Palace","Cardiff","12","1","2","0","10","1","0","3","0","2","0","1"
"5962","26-12-18 16:00","England","Premier League","2018/2019","Leicester","Manchester City","3","7","1","5","2","2","2","2","0","0","2","2"
"5963","26-12-18 16:00","England","Premier League","2018/2019","Liverpool","Newcastle","10","2","6","1","4","1","0","0","0","0","0","0"
"5964","26-12-18 16:00","England","Premier League","2018/2019","Manchester Utd","Huddersfield","5","3","4","1","1","2","1","1","1","1","0","0"
"5965","26-12-18 16:00","England","Premier League","2018/2019","Tottenham","Bournemouth","3","4","3","1","0","3","2","1","0","1","2","0"
"5966","26-12-18 13:30","England","Premier League","2018/2019","Fulham","Wolves","2","0","2","0","0","0","2","1","2","1","0","0"
"5967","23-12-18 17:00","England","Premier League","2018/2019","Everton","Tottenham","2","1","0","0","2","1","0","2","0","1","0","1"
"5968","22-12-18 18:30","England","Premier League","2018/2019","Cardiff","Manchester Utd","4","7","1","4","3","3","2","1","0","1","2","0"
"5969","22-12-18 16:00","England","Premier League","2018/2019","Bournemouth","Brighton","6","5","2","3","4","2","2","2","2","0","0","2"
"5970","22-12-18 16:00","England","Premier League","2018/2019","Chelsea","Leicester","9","5","4","4","5","1","0","2","0","1","0","1"
"5971","22-12-18 16:00","England","Premier League","2018/2019","Huddersfield","Southampton","8","2","4","0","4","2","2","3","1","0","1","3"
"5972","22-12-18 16:00","England","Premier League","2018/2019","Manchester City","Crystal Palace","13","0","9","0","4","0","0","4","0","1","0","3"
"5973","22-12-18 16:00","England","Premier League","2018/2019","Newcastle","Fulham","6","0","1","0","5","0","1","2","0","0","1","2"
"5974","22-12-18 16:00","England","Premier League","2018/2019","West Ham","Watford","10","4","4","2","6","2","3","2","1","0","2","2"
"5975","22-12-18 13:30","England","Premier League","2018/2019","Arsenal","Burnley","1","3","0","2","1","1","2","5","1","1","1","4"
"5976","21-12-18 21:00","England","Premier League","2018/2019","Wolves","Liverpool","1","10","0","1","1","9","0","0","0","0","0","0"
"5977","16-12-18 17:00","England","Premier League","2018/2019","Liverpool","Manchester Utd","13","2","7","0","6","2","0","2","0","2","0","0"
"5978","16-12-18 14:30","England","Premier League","2018/2019","Brighton","Chelsea","4","1","1","1","3","0","2","2","0","0","2","2"
"5979","16-12-18 14:30","England","Premier League","2018/2019","Southampton","Arsenal","4","5","2","1","2","4","3","1","0","0","3","1"
"5980","15-12-18 18:30","England","Premier League","2018/2019","Fulham","West Ham","6","4","2","1","4","3","2","1","1","1","1","0"
"5981","15-12-18 16:00","England","Premier League","2018/2019","Crystal Palace","Leicester","4","4","3","1","1","3","2","1","1","0","1","1"
"5982","15-12-18 16:00","England","Premier League","2018/2019","Huddersfield","Newcastle","10","1","5","1","5","0","1","1","0","1","1","0"
"5983","15-12-18 16:00","England","Premier League","2018/2019","Tottenham","Burnley","8","3","4","2","4","1","0","2","0","0","0","2"
"5984","15-12-18 16:00","England","Premier League","2018/2019","Watford","Cardiff","5","0","4","0","1","0","0","0","0","0","0","0"
"5985","15-12-18 16:00","England","Premier League","2018/2019","Wolves","Bournemouth","5","3","1","1","4","2","1","2","0","2","1","0"
"5986","15-12-18 13:30","England","Premier League","2018/2019","Manchester City","Everton","6","2","5","0","1","2","1","2","0","1","1","1"
"5987","10-12-18 21:00","England","Premier League","2018/2019","Everton","Watford","6","6","3","1","3","5","1","1","1","0","0","1"
"5988","09-12-18 17:00","England","Premier League","2018/2019","Newcastle","Wolves","4","6","3","3","1","3","2","5","1","1","1","4"
"5989","08-12-18 20:45","England","Premier League","2018/2019","Leicester","Tottenham","6","5","3","3","3","2","3","1","1","1","2","0"
"5990","08-12-18 18:30","England","Premier League","2018/2019","Chelsea","Manchester City","1","13","0","4","1","9","2","0","0","0","2","0"
"5991","08-12-18 16:00","England","Premier League","2018/2019","Arsenal","Huddersfield","7","1","2","0","5","1","5","4","4","3","1","1"
"5992","08-12-18 16:00","England","Premier League","2018/2019","Burnley","Brighton","2","7","1","1","1","6","2","0","0","0","2","0"
"5993","08-12-18 16:00","England","Premier League","2018/2019","Cardiff","Southampton","7","7","5","1","2","6","2","2","1","1","1","1"
"5994","08-12-18 16:00","England","Premier League","2018/2019","Manchester Utd","Fulham","10","3","8","1","2","2","1","3","1","1","0","2"
"5995","08-12-18 16:00","England","Premier League","2018/2019","West Ham","Crystal Palace","5","3","3","0","2","3","1","2","1","0","0","2"
"5996","08-12-18 13:30","England","Premier League","2018/2019","Bournemouth","Liverpool","6","6","4","3","2","3","2","1","2","0","0","1"
"5997","05-12-18 21:00","England","Premier League","2018/2019","Manchester Utd","Arsenal","4","4","1","3","3","1","3","3","3","2","0","1"
"5998","05-12-18 21:00","England","Premier League","2018/2019","Tottenham","Southampton","8","6","5","0","3","6","0","0","0","0","0","0"
"5999","05-12-18 20:45","England","Premier League","2018/2019","Burnley","Liverpool","5","9","1","2","4","7","1","0","0","0","1","0"
"6000","05-12-18 20:45","England","Premier League","2018/2019","Everton","Newcastle","14","2","10","2","4","0","0","0","0","0","0","0"
"6001","05-12-18 20:45","England","Premier League","2018/2019","Fulham","Leicester","10","8","3","6","7","2","0","0","0","0","0","0"
"6002","05-12-18 20:45","England","Premier League","2018/2019","Wolves","Chelsea","1","5","0","3","1","2","4","4","1","0","3","4"
"6003","04-12-18 21:00","England","Premier League","2018/2019","Watford","Manchester City","3","11","0","6","3","5","0","1","0","0","0","1"
"6004","04-12-18 20:45","England","Premier League","2018/2019","Bournemouth","Huddersfield","4","8","3","6","1","2","4","2","0","0","4","2"
"6005","04-12-18 20:45","England","Premier League","2018/2019","Brighton","Crystal Palace","4","5","3","2","1","3","2","3","0","1","2","2"
"6006","04-12-18 20:45","England","Premier League","2018/2019","West Ham","Cardiff","10","4","5","2","5","2","0","0","0","0","0","0"
"6007","02-12-18 17:15","England","Premier League","2018/2019","Liverpool","Everton","8","1","5","1","3","0","3","2","1","0","2","2"
"6008","02-12-18 15:05","England","Premier League","2018/2019","Arsenal","Tottenham","8","5","4","2","4","3","3","5","1","2","2","3"
"6009","02-12-18 13:00","England","Premier League","2018/2019","Chelsea","Fulham","4","6","3","3","1","3","2","1","0","0","2","1"
"6010","01-12-18 18:30","England","Premier League","2018/2019","Southampton","Manchester Utd","3","5","2","2","1","3","4","4","1","2","3","2"
"6011","01-12-18 16:00","England","Premier League","2018/2019","Crystal Palace","Burnley","10","2","4","0","6","2","1","1","0","1","1","0"
"6012","01-12-18 16:00","England","Premier League","2018/2019","Huddersfield","Brighton","2","6","2","4","0","2","0","2","0","1","0","1"
"6013","01-12-18 16:00","England","Premier League","2018/2019","Leicester","Watford","4","8","2","6","2","2","2","1","0","0","2","1"
"6014","01-12-18 16:00","England","Premier League","2018/2019","Manchester City","Bournemouth","8","4","1","1","7","3","0","0","0","0","0","0"
"6015","01-12-18 16:00","England","Premier League","2018/2019","Newcastle","West Ham","7","3","4","1","3","2","3","3","1","3","2","0"
"6016","30-11-18 21:00","England","Premier League","2018/2019","Cardiff","Wolves","7","6","4","3","3","3","1","2","0","0","1","2"
"6017","26-11-18 21:30","England","Premier League","2018/2019","Burnley","Newcastle","5","5","2","4","3","1","0","1","0","0","0","1"
"6018","25-11-18 17:00","England","Premier League","2018/2019","Wolves","Huddersfield","3","5","2","4","1","1","1","2","0","1","1","1"
"6019","25-11-18 14:30","England","Premier League","2018/2019","Bournemouth","Arsenal","5","8","2","3","3","5","2","1","0","1","2","0"
"6020","24-11-18 18:30","England","Premier League","2018/2019","Tottenham","Chelsea","4","4","4","1","0","3","0","3","0","2","0","1"
"6021","24-11-18 16:00","England","Premier League","2018/2019","Brighton","Leicester","6","1","3","0","3","1","3","3","0","3","3","0"
"6022","24-11-18 16:00","England","Premier League","2018/2019","Everton","Cardiff","7","3","3","0","4","3","0","3","0","1","0","2"
"6023","24-11-18 16:00","England","Premier League","2018/2019","Fulham","Southampton","2","5","1","2","1","3","2","3","1","0","1","3"
"6024","24-11-18 16:00","England","Premier League","2018/2019","Manchester Utd","Crystal Palace","10","3","3","2","7","1","1","2","0","2","1","0"
"6025","24-11-18 16:00","England","Premier League","2018/2019","Watford","Liverpool","5","5","3","2","2","3","0","2","0","0","0","2"
"6026","24-11-18 16:00","England","Premier League","2018/2019","West Ham","Manchester City","8","1","4","1","4","0","0","0","0","0","0","0"
"6027","11-11-18 17:30","England","Premier League","2018/2019","Arsenal","Wolves","11","2","3","0","8","2","2","2","0","0","2","2"
"6028","11-11-18 17:30","England","Premier League","2018/2019","Manchester City","Manchester Utd","5","1","5","1","0","0","1","1","1","1","0","0"
"6029","11-11-18 15:15","England","Premier League","2018/2019","Chelsea","Everton","5","5","1","2","4","3","4","3","3","2","1","1"
"6030","11-11-18 13:00","England","Premier League","2018/2019","Liverpool","Fulham","6","3","1","2","5","1","1","1","0","0","1","1"
"6031","10-11-18 18:30","England","Premier League","2018/2019","Crystal Palace","Tottenham","10","6","5","2","5","4","1","1","1","0","0","1"
"6032","10-11-18 16:00","England","Premier League","2018/2019","Huddersfield","West Ham","5","6","2","4","3","2","1","1","1","1","0","0"
"6033","10-11-18 16:00","England","Premier League","2018/2019","Leicester","Burnley","12","1","7","1","5","0","2","0","0","0","2","0"
"6034","10-11-18 16:00","England","Premier League","2018/2019","Newcastle","Bournemouth","7","10","3","3","4","7","2","1","1","0","1","1"
"6035","10-11-18 16:00","England","Premier League","2018/2019","Southampton","Watford","7","6","4","1","3","5","3","2","1","0","2","2"
"6036","10-11-18 13:30","England","Premier League","2018/2019","Cardiff","Brighton","4","1","0","0","4","1","2","1","1","0","1","1"
"6037","05-11-18 21:00","England","Premier League","2018/2019","Huddersfield","Fulham","5","4","3","0","2","4","1","2","0","1","1","1"
"6038","04-11-18 17:00","England","Premier League","2018/2019","Chelsea","Crystal Palace","4","2","2","1","2","1","0","1","0","0","0","1"
"6039","04-11-18 16:00","England","Premier League","2018/2019","Manchester City","Southampton","4","4","2","0","2","4","1","1","1","1","0","0"
"6040","03-11-18 20:45","England","Premier League","2018/2019","Wolves","Tottenham","5","1","2","0","3","1","1","2","1","0","0","2"
"6041","03-11-18 18:30","England","Premier League","2018/2019","Arsenal","Liverpool","5","8","2","3","3","5","1","1","0","0","1","1"
"6042","03-11-18 16:00","England","Premier League","2018/2019","Cardiff","Leicester","6","12","0","5","6","7","2","2","1","1","1","1"
"6043","03-11-18 16:00","England","Premier League","2018/2019","Everton","Brighton","6","4","3","3","3","1","0","1","0","1","0","0"
"6044","03-11-18 16:00","England","Premier League","2018/2019","Newcastle","Watford","8","9","3","5","5","4","1","5","0","1","1","4"
"6045","03-11-18 16:00","England","Premier League","2018/2019","West Ham","Burnley","10","4","6","2","4","2","1","4","1","0","0","4"
"6046","03-11-18 13:30","England","Premier League","2018/2019","Bournemouth","Manchester Utd","9","5","5","2","4","3","4","3","0","0","4","3"
"6047","29-10-18 21:00","England","Premier League","2018/2019","Tottenham","Manchester City","3","6","1","4","2","2","2","2","1","0","1","2"
"6048","28-10-18 17:00","England","Premier League","2018/2019","Manchester Utd","Everton","8","4","3","3","5","1","2","1","2","1","0","0"
"6049","28-10-18 14:30","England","Premier League","2018/2019","Burnley","Chelsea","4","4","1","3","3","1","4","2","1","2","3","0"
"6050","28-10-18 14:30","England","Premier League","2018/2019","Crystal Palace","Arsenal","6","4","5","2","1","2","1","2","1","0","0","2"
"6051","27-10-18 18:30","England","Premier League","2018/2019","Leicester","West Ham","8","0","4","0","4","0","1","1","0","0","1","1"
"6052","27-10-18 16:00","England","Premier League","2018/2019","Brighton","Wolves","1","10","1","3","0","7","3","0","0","0","3","0"
"6053","27-10-18 16:00","England","Premier League","2018/2019","Fulham","Bournemouth","5","5","4","1","1","4","4","1","1","0","3","1"
"6054","27-10-18 16:00","England","Premier League","2018/2019","Liverpool","Cardiff","8","0","5","0","3","0","0","0","0","0","0","0"
"6055","27-10-18 16:00","England","Premier League","2018/2019","Southampton","Newcastle","7","2","2","2","5","0","0","1","0","0","0","1"
"6056","27-10-18 16:00","England","Premier League","2018/2019","Watford","Huddersfield","3","3","2","2","1","1","1","2","0","1","1","1"
"6057","22-10-18 21:00","England","Premier League","2018/2019","Arsenal","Leicester","6","4","6","3","0","1","2","2","2","0","0","2"
"6058","21-10-18 17:00","England","Premier League","2018/2019","Everton","Crystal Palace","10","5","3","3","7","2","2","1","1","0","1","1"
"6059","20-10-18 18:30","England","Premier League","2018/2019","Huddersfield","Liverpool","2","4","1","0","1","4","0","2","0","1","0","1"
"6060","20-10-18 16:00","England","Premier League","2018/2019","Bournemouth","Southampton","6","4","1","2","5","2","1","2","0","2","1","0"
"6061","20-10-18 16:00","England","Premier League","2018/2019","Cardiff","Fulham","4","4","4","3","0","1","3","3","1","3","2","0"
"6062","20-10-18 16:00","England","Premier League","2018/2019","Manchester City","Burnley","10","1","5","0","5","1","2","2","1","2","1","0"
"6063","20-10-18 16:00","England","Premier League","2018/2019","Newcastle","Brighton","10","2","7","2","3","0","0","2","0","1","0","1"
"6064","20-10-18 16:00","England","Premier League","2018/2019","West Ham","Tottenham","10","6","4","4","6","2","3","0","0","0","3","0"
"6065","20-10-18 16:00","England","Premier League","2018/2019","Wolves","Watford","8","2","3","1","5","1","3","1","1","0","2","1"
"6066","20-10-18 13:30","England","Premier League","2018/2019","Chelsea","Manchester Utd","5","3","1","2","4","1","2","5","2","2","0","3"
"6067","07-10-18 17:30","England","Premier League","2018/2019","Liverpool","Manchester City","2","6","2","4","0","2","1","3","0","1","1","2"
"6068","07-10-18 15:15","England","Premier League","2018/2019","Southampton","Chelsea","4","12","0","11","4","1","6","0","1","0","5","0"
"6069","07-10-18 13:00","England","Premier League","2018/2019","Fulham","Arsenal","4","2","2","1","2","1","2","0","0","0","2","0"
"6070","06-10-18 18:30","England","Premier League","2018/2019","Manchester Utd","Newcastle","10","6","7","2","3","4","2","2","1","0","1","2"
"6071","06-10-18 16:00","England","Premier League","2018/2019","Burnley","Huddersfield","1","10","1","4","0","6","2","2","0","0","2","2"
"6072","06-10-18 16:00","England","Premier League","2018/2019","Crystal Palace","Wolves","6","3","4","2","2","1","3","4","1","0","2","4"
"6073","06-10-18 16:00","England","Premier League","2018/2019","Leicester","Everton","2","10","1","6","1","4","4","1","2","1","2","0"
"6074","06-10-18 16:00","England","Premier League","2018/2019","Tottenham","Cardiff","6","2","3","2","3","0","3","1","0","0","3","1"
"6075","06-10-18 16:00","England","Premier League","2018/2019","Watford","Bournemouth","10","7","5","3","5","4","5","1","3","0","2","1"
"6076","05-10-18 21:00","England","Premier League","2018/2019","Brighton","West Ham","2","9","1","5","1","4","3","2","1","0","2","2"
"6077","01-10-18 21:00","England","Premier League","2018/2019","Bournemouth","Crystal Palace","3","3","1","2","2","1","3","4","1","0","2","4"
"6078","30-09-18 17:00","England","Premier League","2018/2019","Cardiff","Burnley","10","2","6","1","4","1","1","3","0","1","1","2"
"6079","29-09-18 18:30","England","Premier League","2018/2019","Chelsea","Liverpool","4","4","0","1","4","3","0","2","0","1","0","1"
"6080","29-09-18 16:00","England","Premier League","2018/2019","Arsenal","Watford","6","6","3","4","3","2","2","2","1","1","1","1"
"6081","29-09-18 16:00","England","Premier League","2018/2019","Everton","Fulham","12","1","4","0","8","1","0","3","0","1","0","2"
"6082","29-09-18 16:00","England","Premier League","2018/2019","Huddersfield","Tottenham","3","0","2","0","1","0","2","2","1","0","1","2"
"6083","29-09-18 16:00","England","Premier League","2018/2019","Manchester City","Brighton","10","3","9","2","1","1","0","3","0","2","0","1"
"6084","29-09-18 16:00","England","Premier League","2018/2019","Newcastle","Leicester","5","9","2","5","3","4","0","0","0","0","0","0"
"6085","29-09-18 16:00","England","Premier League","2018/2019","Wolves","Southampton","8","6","2","3","6","3","3","1","0","0","3","1"
"6086","29-09-18 13:30","England","Premier League","2018/2019","West Ham","Manchester Utd","4","9","3","2","1","7","0","1","0","0","0","1"
"6087","23-09-18 17:00","England","Premier League","2018/2019","Arsenal","Everton","5","9","2","5","3","4","2","1","2","1","0","0"
"6088","23-09-18 14:30","England","Premier League","2018/2019","West Ham","Chelsea","1","8","1","3","0","5","2","1","0","0","2","1"
"6089","22-09-18 18:30","England","Premier League","2018/2019","Brighton","Tottenham","5","7","0","4","5","3","2","1","0","0","2","1"
"6090","22-09-18 16:00","England","Premier League","2018/2019","Burnley","Bournemouth","3","8","3","2","0","6","2","0","1","0","1","0"
"6091","22-09-18 16:00","England","Premier League","2018/2019","Cardiff","Manchester City","1","9","1","6","0","3","1","1","1","0","0","1"
"6092","22-09-18 16:00","England","Premier League","2018/2019","Crystal Palace","Newcastle","9","5","4","4","5","1","1","1","0","1","1","0"
"6093","22-09-18 16:00","England","Premier League","2018/2019","Leicester","Huddersfield","3","1","1","1","2","0","2","1","2","0","0","1"
"6094","22-09-18 16:00","England","Premier League","2018/2019","Liverpool","Southampton","5","4","3","3","2","1","0","2","0","1","0","1"
"6095","22-09-18 16:00","England","Premier League","2018/2019","Manchester Utd","Wolves","5","4","1","3","4","1","1","1","1","0","0","1"
"6096","22-09-18 13:30","England","Premier League","2018/2019","Fulham","Watford","8","8","3","6","5","2","2","1","2","0","0","1"
"6097","17-09-18 21:00","England","Premier League","2018/2019","Southampton","Brighton","1","4","1","0","0","4","2","3","0","0","2","3"
"6098","16-09-18 17:00","England","Premier League","2018/2019","Everton","West Ham","4","2","2","0","2","2","2","5","1","1","1","4"
"6099","16-09-18 14:30","England","Premier League","2018/2019","Wolves","Burnley","8","2","5","0","3","2","2","4","0","2","2","2"
"6100","15-09-18 18:30","England","Premier League","2018/2019","Watford","Manchester Utd","6","8","2","6","4","2","2","3","2","0","0","3"
"6101","15-09-18 16:00","England","Premier League","2018/2019","Bournemouth","Leicester","4","6","0","0","4","6","3","4","1","2","2","2"
"6102","15-09-18 16:00","England","Premier League","2018/2019","Chelsea","Cardiff","5","4","4","4","1","0","0","0","0","0","0","0"
"6103","15-09-18 16:00","England","Premier League","2018/2019","Huddersfield","Crystal Palace","5","3","0","0","5","3","1","2","1","2","0","0"
"6104","15-09-18 16:00","England","Premier League","2018/2019","Manchester City","Fulham","10","4","7","3","3","1","0","0","0","0","0","0"
"6105","15-09-18 16:00","England","Premier League","2018/2019","Newcastle","Arsenal","10","4","7","1","3","3","0","0","0","0","0","0"
"6106","15-09-18 13:30","England","Premier League","2018/2019","Tottenham","Liverpool","5","4","3","2","2","2","0","0","0","0","0","0"
"6107","02-09-18 17:00","England","Premier League","2018/2019","Burnley","Manchester Utd","2","5","0","0","2","5","2","3","0","1","2","2"
"6108","02-09-18 17:00","England","Premier League","2018/2019","Watford","Tottenham","3","10","1","7","2","3","2","1","0","0","2","1"
"6109","02-09-18 14:30","England","Premier League","2018/2019","Cardiff","Arsenal","3","9","1","4","2","5","3","4","0","1","3","3"
"6110","01-09-18 18:30","England","Premier League","2018/2019","Manchester City","Newcastle","4","0","3","0","1","0","0","0","0","0","0","0"
"6111","01-09-18 16:00","England","Premier League","2018/2019","Brighton","Fulham","7","1","6","1","1","0","3","3","1","0","2","3"
"6112","01-09-18 16:00","England","Premier League","2018/2019","Chelsea","Bournemouth","7","6","5","1","2","5","2","2","1","1","1","1"
"6113","01-09-18 16:00","England","Premier League","2018/2019","Crystal Palace","Southampton","7","4","1","4","6","0","1","1","0","0","1","1"
"6114","01-09-18 16:00","England","Premier League","2018/2019","Everton","Huddersfield","4","3","2","2","2","1","3","3","0","1","3","2"
"6115","01-09-18 16:00","England","Premier League","2018/2019","West Ham","Wolves","4","4","2","1","2","3","2","1","1","0","1","1"
"6116","01-09-18 13:30","England","Premier League","2018/2019","Leicester","Liverpool","4","4","1","3","3","1","3","2","0","0","3","2"
"6117","27-08-18 21:00","England","Premier League","2018/2019","Manchester Utd","Tottenham","5","2","2","0","3","2","2","3","1","2","1","1"
"6118","26-08-18 17:00","England","Premier League","2018/2019","Fulham","Burnley","6","4","2","2","4","2","2","1","0","0","2","1"
"6119","26-08-18 17:00","England","Premier League","2018/2019","Newcastle","Chelsea","4","5","3","3","1","2","3","1","0","1","3","0"
"6120","26-08-18 14:30","England","Premier League","2018/2019","Watford","Crystal Palace","6","3","2","0","4","3","4","2","2","1","2","1"
"6121","25-08-18 18:30","England","Premier League","2018/2019","Liverpool","Brighton","8","5","3","1","5","4","1","1","0","0","1","1"
"6122","25-08-18 16:00","England","Premier League","2018/2019","Arsenal","West Ham","7","2","2","1","5","1","1","3","0","1","1","2"
"6123","25-08-18 16:00","England","Premier League","2018/2019","Bournemouth","Everton","6","2","0","2","6","0","0","3","0","0","0","3"
"6124","25-08-18 16:00","England","Premier League","2018/2019","Huddersfield","Cardiff","7","7","5","1","2","6","0","0","0","0","0","0"
"6125","25-08-18 16:00","England","Premier League","2018/2019","Southampton","Leicester","10","3","7","2","3","1","3","1","1","0","2","1"
"6126","25-08-18 13:30","England","Premier League","2018/2019","Wolves","Manchester City","5","9","2","2","3","7","1","2","1","1","0","1"
"6127","20-08-18 21:00","England","Premier League","2018/2019","Crystal Palace","Liverpool","6","7","1","1","5","6","1","1","1","0","0","1"
"6128","19-08-18 17:00","England","Premier League","2018/2019","Brighton","Manchester Utd","3","5","1","3","2","2","1","1","0","1","1","0"
"6129","19-08-18 14:30","England","Premier League","2018/2019","Burnley","Watford","5","2","5","0","0","2","1","2","0","1","1","1"
"6130","19-08-18 14:30","England","Premier League","2018/2019","Manchester City","Huddersfield","10","3","5","2","5","1","0","2","0","0","0","2"
"6131","18-08-18 18:30","England","Premier League","2018/2019","Chelsea","Arsenal","5","1","1","0","4","1","0","2","0","1","0","1"
"6132","18-08-18 16:00","England","Premier League","2018/2019","Everton","Southampton","2","5","2","2","0","3","0","5","0","4","0","1"
"6133","18-08-18 16:00","England","Premier League","2018/2019","Leicester","Wolves","1","9","1","4","0","5","2","1","0","0","2","1"
"6134","18-08-18 16:00","England","Premier League","2018/2019","Tottenham","Fulham","5","2","3","1","2","1","0","0","0","0","0","0"
"6135","18-08-18 16:00","England","Premier League","2018/2019","West Ham","Bournemouth","6","4","3","3","3","1","6","2","1","1","5","1"
"6136","18-08-18 13:30","England","Premier League","2018/2019","Cardiff","Newcastle","5","5","3","3","2","2","2","2","0","2","2","0"
"6137","12-08-18 17:00","England","Premier League","2018/2019","Arsenal","Manchester City","2","10","0","6","2","4","2","2","1","1","1","1"
"6138","12-08-18 14:30","England","Premier League","2018/2019","Liverpool","West Ham","5","4","1","3","4","1","1","2","1","0","0","2"
"6139","12-08-18 14:30","England","Premier League","2018/2019","Southampton","Burnley","8","5","2","4","6","1","0","1","0","1","0","0"
"6140","11-08-18 18:30","England","Premier League","2018/2019","Wolves","Everton","3","6","1","4","2","2","0","1","0","1","0","0"
"6141","11-08-18 16:00","England","Premier League","2018/2019","Bournemouth","Cardiff","7","4","3","0","4","4","1","1","1","1","0","0"
"6142","11-08-18 16:00","England","Premier League","2018/2019","Fulham","Crystal Palace","5","5","3","1","2","4","1","2","1","1","0","1"
"6143","11-08-18 16:00","England","Premier League","2018/2019","Huddersfield","Chelsea","2","5","1","1","1","4","2","1","1","0","1","1"
"6144","11-08-18 16:00","England","Premier League","2018/2019","Watford","Brighton","8","2","5","1","3","1","2","2","0","1","2","1"
"6145","11-08-18 13:30","England","Premier League","2018/2019","Newcastle","Tottenham","3","5","1","2","2","3","2","2","0","1","2","1"
"6146","10-08-18 21:00","England","Premier League","2018/2019","Manchester Utd","Leicester","2","5","0","4","2","1","2","1","0","0","2","1"
"6147","13-05-18 16:00","England","Premier League","2017/2018","Burnley","Bournemouth","7","8","4","2","3","6","0","0","0","0","0","0"
"6148","13-05-18 16:00","England","Premier League","2017/2018","Crystal Palace","West Brom","4","2","3","1","1","1","0","0","0","0","0","0"
"6149","13-05-18 16:00","England","Premier League","2017/2018","Huddersfield","Arsenal","7","4","1","4","6","0","1","0","0","0","1","0"
"6150","13-05-18 16:00","England","Premier League","2017/2018","Liverpool","Brighton","7","3","4","2","3","1","0","0","0","0","0","0"
"6151","13-05-18 16:00","England","Premier League","2017/2018","Manchester Utd","Watford","6","5","4","3","2","2","4","0","1","0","3","0"
"6152","13-05-18 16:00","England","Premier League","2017/2018","Newcastle","Chelsea","4","2","3","1","1","1","0","1","0","0","0","1"
"6153","13-05-18 16:00","England","Premier League","2017/2018","Southampton","Manchester City","1","12","1","3","0","9","3","2","0","0","3","2"
"6154","13-05-18 16:00","England","Premier League","2017/2018","Swansea","Stoke","6","0","2","0","4","0","1","2","1","0","0","2"
"6155","13-05-18 16:00","England","Premier League","2017/2018","Tottenham","Leicester","4","4","3","3","1","1","1","2","0","0","1","2"
"6156","13-05-18 16:00","England","Premier League","2017/2018","West Ham","Everton","6","6","2","2","4","4","0","1","0","1","0","0"
"6157","10-05-18 20:45","England","Premier League","2017/2018","West Ham","Manchester Utd","1","6","1","4","0","2","1","1","0","0","1","1"
"6158","09-05-18 21:00","England","Premier League","2017/2018","Manchester City","Brighton","4","3","1","1","3","2","0","1","0","1","0","0"
"6159","09-05-18 21:00","England","Premier League","2017/2018","Tottenham","Newcastle","6","4","2","2","4","2","2","3","0","0","2","3"
"6160","09-05-18 20:45","England","Premier League","2017/2018","Chelsea","Huddersfield","9","0","4","0","5","0","0","1","0","0","0","1"
"6161","09-05-18 20:45","England","Premier League","2017/2018","Leicester","Arsenal","6","6","5","4","1","2","2","2","0","0","2","2"
"6162","08-05-18 20:45","England","Premier League","2017/2018","Swansea","Southampton","7","6","3","1","4","5","2","1","1","1","1","0"
"6163","06-05-18 17:30","England","Premier League","2017/2018","Arsenal","Burnley","4","5","2","1","2","4","0","1","0","1","0","0"
"6164","06-05-18 17:30","England","Premier League","2017/2018","Chelsea","Liverpool","3","1","0","1","3","0","3","2","0","2","3","0"
"6165","06-05-18 14:30","England","Premier League","2017/2018","Manchester City","Huddersfield","10","1","2","1","8","0","0","3","0","0","0","3"
"6166","05-05-18 18:30","England","Premier League","2017/2018","Everton","Southampton","3","4","0","0","3","4","2","6","0","1","2","5"
"6167","05-05-18 16:00","England","Premier League","2017/2018","Bournemouth","Swansea","11","6","3","2","8","4","1","4","0","1","1","3"
"6168","05-05-18 16:00","England","Premier League","2017/2018","Leicester","West Ham","8","3","1","1","7","2","1","2","0","1","1","1"
"6169","05-05-18 16:00","England","Premier League","2017/2018","Watford","Newcastle","2","5","1","1","1","4","2","1","0","1","2","0"
"6170","05-05-18 16:00","England","Premier League","2017/2018","West Brom","Tottenham","5","9","2","5","3","4","4","1","0","0","4","1"
"6171","05-05-18 13:30","England","Premier League","2017/2018","Stoke","Crystal Palace","1","7","0","3","1","4","5","2","0","0","5","2"
"6172","04-05-18 21:00","England","Premier League","2017/2018","Brighton","Manchester Utd","5","6","3","3","2","3","2","0","0","0","2","0"
"6173","30-04-18 21:00","England","Premier League","2017/2018","Tottenham","Watford","4","0","3","0","1","0","1","0","0","0","1","0"
"6174","29-04-18 17:30","England","Premier League","2017/2018","Manchester Utd","Arsenal","9","0","1","0","8","0","0","1","0","1","0","0"
"6175","29-04-18 15:15","England","Premier League","2017/2018","West Ham","Manchester City","0","7","0","2","0","5","0","1","0","1","0","0"
"6176","28-04-18 18:30","England","Premier League","2017/2018","Swansea","Chelsea","1","2","0","2","1","0","1","1","1","1","0","0"
"6177","28-04-18 16:00","England","Premier League","2017/2018","Burnley","Brighton","3","4","3","2","0","2","0","2","0","1","0","1"
"6178","28-04-18 16:00","England","Premier League","2017/2018","Crystal Palace","Leicester","8","2","6","0","2","2","1","1","0","0","1","1"
"6179","28-04-18 16:00","England","Premier League","2017/2018","Huddersfield","Everton","4","3","1","3","3","0","1","0","0","0","1","0"
"6180","28-04-18 16:00","England","Premier League","2017/2018","Newcastle","West Brom","5","1","2","0","3","1","1","3","0","2","1","1"
"6181","28-04-18 16:00","England","Premier League","2017/2018","Southampton","Bournemouth","5","8","3","4","2","4","5","1","0","1","5","0"
"6182","28-04-18 13:30","England","Premier League","2017/2018","Liverpool","Stoke","9","2","0","2","9","0","1","2","0","2","1","0"
"6183","23-04-18 21:00","England","Premier League","2017/2018","Everton","Newcastle","4","6","4","0","0","6","2","1","0","0","2","1"
"6184","22-04-18 17:30","England","Premier League","2017/2018","Manchester City","Swansea","5","1","2","0","3","1","0","1","0","1","0","0"
"6185","22-04-18 14:30","England","Premier League","2017/2018","Arsenal","West Ham","8","6","4","3","4","3","3","2","1","0","2","2"
"6186","22-04-18 14:30","England","Premier League","2017/2018","Stoke","Burnley","3","8","1","2","2","6","2","1","0","1","2","0"
"6187","21-04-18 16:00","England","Premier League","2017/2018","Watford","Crystal Palace","4","3","4","0","0","3","3","5","1","2","2","3"
"6188","21-04-18 13:30","England","Premier League","2017/2018","West Brom","Liverpool","7","4","5","4","2","0","0","1","0","0","0","1"
"6189","19-04-18 20:45","England","Premier League","2017/2018","Burnley","Chelsea","3","2","0","1","3","1","1","0","1","0","0","0"
"6190","19-04-18 20:45","England","Premier League","2017/2018","Leicester","Southampton","11","3","2","1","9","2","0","0","0","0","0","0"
"6191","18-04-18 20:45","England","Premier League","2017/2018","Bournemouth","Manchester Utd","8","5","2","4","6","1","3","1","0","0","3","1"
"6192","17-04-18 20:45","England","Premier League","2017/2018","Brighton","Tottenham","3","4","1","2","2","2","1","0","1","0","0","0"
"6193","16-04-18 21:00","England","Premier League","2017/2018","West Ham","Stoke","10","1","4","0","6","1","2","3","0","0","2","3"
"6194","15-04-18 17:00","England","Premier League","2017/2018","Manchester Utd","West Brom","4","4","1","1","3","3","1","1","1","0","0","1"
"6195","15-04-18 14:30","England","Premier League","2017/2018","Newcastle","Arsenal","2","5","2","3","0","2","1","0","0","0","1","0"
"6196","14-04-18 20:45","England","Premier League","2017/2018","Tottenham","Manchester City","5","7","2","4","3","3","3","4","2","2","1","2"
"6197","14-04-18 18:30","England","Premier League","2017/2018","Liverpool","Bournemouth","7","5","6","2","1","3","1","1","0","1","1","0"
"6198","14-04-18 16:00","England","Premier League","2017/2018","Burnley","Leicester","4","8","2","3","2","5","2","1","0","0","2","1"
"6199","14-04-18 16:00","England","Premier League","2017/2018","Crystal Palace","Brighton","5","6","4","1","1","5","3","2","1","1","2","1"
"6200","14-04-18 16:00","England","Premier League","2017/2018","Huddersfield","Watford","9","6","6","3","3","3","0","0","0","0","0","0"
"6201","14-04-18 16:00","England","Premier League","2017/2018","Swansea","Everton","6","3","2","1","4","2","1","1","0","0","1","1"
"6202","14-04-18 13:30","England","Premier League","2017/2018","Southampton","Chelsea","4","7","0","5","4","2","5","3","2","0","3","3"
"6203","08-04-18 17:30","England","Premier League","2017/2018","Chelsea","West Ham","10","6","5","3","5","3","0","1","0","0","0","1"
"6204","08-04-18 15:15","England","Premier League","2017/2018","Arsenal","Southampton","8","6","5","1","3","5","2","1","0","0","2","1"
"6205","07-04-18 18:30","England","Premier League","2017/2018","Manchester City","Manchester Utd","8","4","2","1","6","3","6","3","0","2","6","1"
"6206","07-04-18 16:00","England","Premier League","2017/2018","Bournemouth","Crystal Palace","11","3","4","3","7","0","2","2","0","0","2","2"
"6207","07-04-18 16:00","England","Premier League","2017/2018","Brighton","Huddersfield","5","3","2","2","3","1","1","0","0","0","1","0"
"6208","07-04-18 16:00","England","Premier League","2017/2018","Leicester","Newcastle","7","5","4","3","3","2","1","3","1","1","0","2"
"6209","07-04-18 16:00","England","Premier League","2017/2018","Stoke","Tottenham","6","3","2","1","4","2","4","3","1","0","3","3"
"6210","07-04-18 16:00","England","Premier League","2017/2018","Watford","Burnley","11","1","7","0","4","1","2","2","0","1","2","1"
"6211","07-04-18 16:00","England","Premier League","2017/2018","West Brom","Swansea","5","1","2","0","3","1","3","2","0","0","3","2"
"6212","07-04-18 13:30","England","Premier League","2017/2018","Everton","Liverpool","3","2","2","2","1","0","0","0","0","0","0","0"
"6213","01-04-18 17:00","England","Premier League","2017/2018","Chelsea","Tottenham","5","5","0","2","5","3","0","1","0","0","0","1"
"6214","01-04-18 14:30","England","Premier League","2017/2018","Arsenal","Stoke","6","5","2","3","4","2","1","2","1","0","0","2"
"6215","31-03-18 18:30","England","Premier League","2017/2018","Everton","Manchester City","2","11","0","7","2","4","0","0","0","0","0","0"
"6216","31-03-18 16:00","England","Premier League","2017/2018","Brighton","Leicester","6","1","0","0","6","1","2","6","0","2","2","4"
"6217","31-03-18 16:00","England","Premier League","2017/2018","Manchester Utd","Swansea","3","3","2","0","1","3","0","0","0","0","0","0"
"6218","31-03-18 16:00","England","Premier League","2017/2018","Newcastle","Huddersfield","3","3","2","2","1","1","1","4","1","2","0","2"
"6219","31-03-18 16:00","England","Premier League","2017/2018","Watford","Bournemouth","7","4","4","2","3","2","4","0","1","0","3","0"
"6220","31-03-18 16:00","England","Premier League","2017/2018","West Brom","Burnley","1","6","0","3","1","3","1","3","0","0","1","3"
"6221","31-03-18 16:00","England","Premier League","2017/2018","West Ham","Southampton","5","9","5","1","0","8","0","3","0","0","0","3"
"6222","31-03-18 13:30","England","Premier League","2017/2018","Crystal Palace","Liverpool","4","6","1","4","3","2","2","2","2","2","0","0"
"6223","17-03-18 18:30","England","Premier League","2017/2018","Liverpool","Watford","6","0","6","0","0","0","1","0","0","0","1","0"
"6224","17-03-18 16:00","England","Premier League","2017/2018","Bournemouth","West Brom","3","2","2","2","1","0","1","2","1","1","0","1"
"6225","17-03-18 16:00","England","Premier League","2017/2018","Huddersfield","Crystal Palace","4","7","1","3","3","4","3","2","0","0","3","2"
"6226","17-03-18 16:00","England","Premier League","2017/2018","Stoke","Everton","1","9","1","2","0","7","1","1","0","0","1","1"
"6227","12-03-18 21:00","England","Premier League","2017/2018","Stoke","Manchester City","3","10","2","3","1","7","1","0","0","0","1","0"
"6228","11-03-18 17:00","England","Premier League","2017/2018","Bournemouth","Tottenham","4","5","2","1","2","4","1","1","0","1","1","0"
"6229","11-03-18 14:30","England","Premier League","2017/2018","Arsenal","Watford","4","9","1","5","3","4","2","1","0","0","2","1"
"6230","10-03-18 18:30","England","Premier League","2017/2018","Chelsea","Crystal Palace","12","3","7","1","5","2","1","2","0","0","1","2"
"6231","10-03-18 16:00","England","Premier League","2017/2018","Everton","Brighton","10","3","8","0","2","3","0","1","0","0","0","1"
"6232","10-03-18 16:00","England","Premier League","2017/2018","Huddersfield","Swansea","12","0","7","0","5","0","2","3","0","1","2","2"
"6233","10-03-18 16:00","England","Premier League","2017/2018","Newcastle","Southampton","2","6","0","1","2","5","0","2","0","0","0","2"
"6234","10-03-18 16:00","England","Premier League","2017/2018","West Brom","Leicester","7","6","4","3","3","3","1","3","0","1","1","2"
"6235","10-03-18 16:00","England","Premier League","2017/2018","West Ham","Burnley","5","1","4","0","1","1","2","2","1","0","1","2"
"6236","10-03-18 13:30","England","Premier League","2017/2018","Manchester Utd","Liverpool","1","13","0","5","1","8","2","1","1","1","1","0"
"6237","05-03-18 21:00","England","Premier League","2017/2018","Crystal Palace","Manchester Utd","3","7","2","0","1","7","1","3","0","1","1","2"
"6238","04-03-18 17:00","England","Premier League","2017/2018","Manchester City","Chelsea","5","2","3","1","2","1","2","1","1","0","1","1"
"6239","04-03-18 14:30","England","Premier League","2017/2018","Brighton","Arsenal","6","11","5","6","1","5","3","3","0","2","3","1"
"6240","03-03-18 18:30","England","Premier League","2017/2018","Liverpool","Newcastle","8","3","4","2","4","1","0","0","0","0","0","0"
"6241","03-03-18 16:00","England","Premier League","2017/2018","Leicester","Bournemouth","13","1","2","0","11","1","2","1","0","0","2","1"
"6242","03-03-18 16:00","England","Premier League","2017/2018","Southampton","Stoke","15","4","7","2","8","2","0","1","0","1","0","0"
"6243","03-03-18 16:00","England","Premier League","2017/2018","Swansea","West Ham","4","5","3","3","1","2","0","3","0","1","0","2"
"6244","03-03-18 16:00","England","Premier League","2017/2018","Tottenham","Huddersfield","8","1","5","0","3","1","1","1","1","0","0","1"
"6245","03-03-18 16:00","England","Premier League","2017/2018","Watford","West Brom","4","6","3","2","1","4","2","0","1","0","1","0"
"6246","03-03-18 13:30","England","Premier League","2017/2018","Burnley","Everton","10","4","3","1","7","3","1","1","1","1","0","0"
"6247","01-03-18 20:45","England","Premier League","2017/2018","Arsenal","Manchester City","6","1","4","1","2","0","1","1","1","1","0","0"
"6248","25-02-18 15:05","England","Premier League","2017/2018","Manchester Utd","Chelsea","3","4","0","2","3","2","2","2","0","1","2","1"
"6249","25-02-18 13:00","England","Premier League","2017/2018","Crystal Palace","Tottenham","3","13","3","3","0","10","0","1","0","1","0","0"
"6250","24-02-18 18:30","England","Premier League","2017/2018","Watford","Everton","6","5","2","3","4","2","3","1","0","0","3","1"
"6251","24-02-18 16:00","England","Premier League","2017/2018","Bournemouth","Newcastle","8","1","1","1","7","0","1","4","0","0","1","4"
"6252","24-02-18 16:00","England","Premier League","2017/2018","Brighton","Swansea","3","5","3","4","0","1","1","0","0","0","1","0"
"6253","24-02-18 16:00","England","Premier League","2017/2018","Burnley","Southampton","7","5","3","1","4","4","1","0","0","0","1","0"
"6254","24-02-18 16:00","England","Premier League","2017/2018","Liverpool","West Ham","8","2","6","1","2","1","0","2","0","1","0","1"
"6255","24-02-18 16:00","England","Premier League","2017/2018","West Brom","Huddersfield","6","3","2","1","4","2","1","1","0","1","1","0"
"6256","24-02-18 13:30","England","Premier League","2017/2018","Leicester","Stoke","13","1","8","0","5","1","1","3","1","2","0","1"
"6257","12-02-18 21:00","England","Premier League","2017/2018","Chelsea","West Brom","8","7","4","4","4","3","0","2","0","1","0","1"
"6258","11-02-18 17:30","England","Premier League","2017/2018","Southampton","Liverpool","3","1","3","1","0","0","1","2","0","1","1","1"
"6259","11-02-18 15:15","England","Premier League","2017/2018","Newcastle","Manchester Utd","0","10","0","3","0","7","0","2","0","0","0","2"
"6260","11-02-18 13:00","England","Premier League","2017/2018","Huddersfield","Bournemouth","2","6","2","3","0","3","0","3","0","1","0","2"
"6261","10-02-18 18:30","England","Premier League","2017/2018","Manchester City","Leicester","8","2","4","1","4","1","2","3","0","0","2","3"
"6262","10-02-18 16:00","England","Premier League","2017/2018","Everton","Crystal Palace","8","7","6","3","2","4","1","1","0","0","1","1"
"6263","10-02-18 16:00","England","Premier League","2017/2018","Stoke","Brighton","7","4","2","2","5","2","0","0","0","0","0","0"
"6264","10-02-18 16:00","England","Premier League","2017/2018","Swansea","Burnley","5","2","2","1","3","1","2","1","1","0","1","1"
"6265","10-02-18 16:00","England","Premier League","2017/2018","West Ham","Watford","8","7","4","2","4","5","1","1","1","0","0","1"
"6266","10-02-18 13:30","England","Premier League","2017/2018","Tottenham","Arsenal","10","2","4","1","6","1","2","1","0","0","2","1"
"6267","05-02-18 21:00","England","Premier League","2017/2018","Watford","Chelsea","6","2","5","0","1","2","2","4","1","2","1","2"
"6268","04-02-18 17:30","England","Premier League","2017/2018","Liverpool","Tottenham","3","7","3","4","0","3","3","1","1","0","2","1"
"6269","04-02-18 15:15","England","Premier League","2017/2018","Crystal Palace","Newcastle","5","6","1","4","4","2","1","1","0","0","1","1"
"6270","03-02-18 18:30","England","Premier League","2017/2018","Arsenal","Everton","4","6","4","2","0","4","2","0","1","0","1","0"
"6271","03-02-18 16:00","England","Premier League","2017/2018","Bournemouth","Stoke","8","1","4","0","4","1","0","0","0","0","0","0"
"6272","03-02-18 16:00","England","Premier League","2017/2018","Brighton","West Ham","4","1","2","1","2","0","0","0","0","0","0","0"
"6273","03-02-18 16:00","England","Premier League","2017/2018","Leicester","Swansea","3","3","0","1","3","2","1","0","1","0","0","0"
"6274","03-02-18 16:00","England","Premier League","2017/2018","Manchester Utd","Huddersfield","5","2","2","2","3","0","2","4","2","1","0","3"
"6275","03-02-18 16:00","England","Premier League","2017/2018","West Brom","Southampton","5","7","3","4","2","3","2","1","1","0","1","1"
"6276","03-02-18 13:30","England","Premier League","2017/2018","Burnley","Manchester City","3","13","2","4","1","9","4","1","2","0","2","1"
"6277","31-01-18 21:00","England","Premier League","2017/2018","Manchester City","West Brom","9","1","4","0","5","1","1","3","1","0","0","3"
"6278","31-01-18 21:00","England","Premier League","2017/2018","Stoke","Watford","2","6","0","2","2","4","4","3","2","1","2","2"
"6279","31-01-18 21:00","England","Premier League","2017/2018","Tottenham","Manchester Utd","6","3","2","1","4","2","2","2","1","1","1","1"
"6280","31-01-18 20:45","England","Premier League","2017/2018","Chelsea","Bournemouth","8","5","4","3","4","2","1","0","0","0","1","0"
"6281","31-01-18 20:45","England","Premier League","2017/2018","Everton","Leicester","5","5","3","4","2","1","0","0","0","0","0","0"
"6282","31-01-18 20:45","England","Premier League","2017/2018","Newcastle","Burnley","7","4","4","1","3","3","0","0","0","0","0","0"
"6283","31-01-18 20:45","England","Premier League","2017/2018","Southampton","Brighton","7","2","5","1","2","1","0","0","0","0","0","0"
"6284","30-01-18 21:00","England","Premier League","2017/2018","Huddersfield","Liverpool","1","4","0","3","1","1","0","0","0","0","0","0"
"6285","30-01-18 20:45","England","Premier League","2017/2018","Swansea","Arsenal","4","3","3","1","1","2","0","3","0","0","0","3"
"6286","30-01-18 20:45","England","Premier League","2017/2018","West Ham","Crystal Palace","5","3","3","1","2","2","0","0","0","0","0","0"
"6287","22-01-18 21:00","England","Premier League","2017/2018","Swansea","Liverpool","3","9","3","2","0","7","0","2","0","2","0","0"
"6288","21-01-18 17:00","England","Premier League","2017/2018","Southampton","Tottenham","2","9","2","6","0","3","2","3","0","0","2","3"
"6289","20-01-18 18:30","England","Premier League","2017/2018","Manchester City","Newcastle","18","0","10","0","8","0","0","1","0","0","0","1"
"6290","20-01-18 16:00","England","Premier League","2017/2018","Arsenal","Crystal Palace","5","10","3","7","2","3","0","0","0","0","0","0"
"6291","20-01-18 16:00","England","Premier League","2017/2018","Burnley","Manchester Utd","5","4","1","2","4","2","3","3","1","0","2","3"
"6292","20-01-18 16:00","England","Premier League","2017/2018","Everton","West Brom","0","3","0","2","0","1","2","1","1","0","1","1"
"6293","20-01-18 16:00","England","Premier League","2017/2018","Leicester","Watford","4","5","1","3","3","2","0","0","0","0","0","0"
"6294","20-01-18 16:00","England","Premier League","2017/2018","Stoke","Huddersfield","3","2","3","2","0","0","1","1","0","1","1","0"
"6295","20-01-18 16:00","England","Premier League","2017/2018","West Ham","Bournemouth","6","3","3","2","3","1","3","1","1","0","2","1"
"6296","20-01-18 13:30","England","Premier League","2017/2018","Brighton","Chelsea","5","3","4","3","1","0","3","0","1","0","2","0"
"6297","15-01-18 21:00","England","Premier League","2017/2018","Manchester Utd","Stoke","6","1","3","1","3","0","2","1","0","0","2","1"
"6298","14-01-18 17:00","England","Premier League","2017/2018","Liverpool","Manchester City","5","6","2","3","3","3","2","3","0","0","2","3"
"6299","14-01-18 14:30","England","Premier League","2017/2018","Bournemouth","Arsenal","4","5","1","5","3","0","2","2","2","0","0","2"
"6300","13-01-18 18:30","England","Premier League","2017/2018","Tottenham","Everton","3","3","2","2","1","1","0","2","0","1","0","1"
"6301","13-01-18 16:00","England","Premier League","2017/2018","Chelsea","Leicester","6","3","3","2","3","1","2","4","0","1","2","3"
"6302","13-01-18 16:00","England","Premier League","2017/2018","Crystal Palace","Burnley","3","2","2","1","1","1","0","3","0","1","0","2"
"6303","13-01-18 16:00","England","Premier League","2017/2018","Huddersfield","West Ham","7","3","3","2","4","1","1","1","1","0","0","1"
"6304","13-01-18 16:00","England","Premier League","2017/2018","Newcastle","Swansea","4","5","3","3","1","2","0","3","0","1","0","2"
"6305","13-01-18 16:00","England","Premier League","2017/2018","Watford","Southampton","5","4","2","3","3","1","0","5","0","1","0","4"
"6306","13-01-18 16:00","England","Premier League","2017/2018","West Brom","Brighton","9","6","7","3","2","3","0","0","0","0","0","0"
"6307","04-01-18 21:00","England","Premier League","2017/2018","Tottenham","West Ham","7","1","4","0","3","1","0","2","0","0","0","2"
"6308","03-01-18 20:45","England","Premier League","2017/2018","Arsenal","Chelsea","10","8","3","6","7","2","3","2","1","1","2","1"
"6309","02-01-18 21:00","England","Premier League","2017/2018","Manchester City","Watford","9","1","2","1","7","0","1","1","1","0","0","1"
"6310","02-01-18 20:45","England","Premier League","2017/2018","Southampton","Crystal Palace","4","7","2","3","2","4","0","0","0","0","0","0"
"6311","02-01-18 20:45","England","Premier League","2017/2018","Swansea","Tottenham","6","5","1","0","5","5","2","2","1","1","1","1"
"6312","02-01-18 20:45","England","Premier League","2017/2018","West Ham","West Brom","3","4","0","2","3","2","0","0","0","0","0","0"
"6313","01-01-18 18:30","England","Premier League","2017/2018","Everton","Manchester Utd","6","6","4","2","2","4","2","0","1","0","1","0"
"6314","01-01-18 16:00","England","Premier League","2017/2018","Burnley","Liverpool","3","9","1","1","2","8","0","0","0","0","0","0"
"6315","01-01-18 16:00","England","Premier League","2017/2018","Leicester","Huddersfield","4","1","1","0","3","1","1","1","1","0","0","1"
"6316","01-01-18 16:00","England","Premier League","2017/2018","Stoke","Newcastle","10","5","4","4","6","1","3","1","0","1","3","0"
"6317","01-01-18 13:30","England","Premier League","2017/2018","Brighton","Bournemouth","5","12","2","5","3","7","2","1","0","0","2","1"
"6318","31-12-17 17:30","England","Premier League","2017/2018","West Brom","Arsenal","5","6","3","5","2","1","3","3","1","0","2","3"
"6319","31-12-17 13:00","England","Premier League","2017/2018","Crystal Palace","Manchester City","7","8","5","2","2","6","5","4","1","1","4","3"
"6320","30-12-17 18:30","England","Premier League","2017/2018","Manchester Utd","Southampton","10","7","3","3","7","4","2","4","0","2","2","2"
"6321","30-12-17 16:00","England","Premier League","2017/2018","Bournemouth","Everton","4","4","2","3","2","1","0","0","0","0","0","0"
"6322","30-12-17 16:00","England","Premier League","2017/2018","Chelsea","Stoke","7","0","4","0","3","0","1","1","0","1","1","0"
"6323","30-12-17 16:00","England","Premier League","2017/2018","Huddersfield","Burnley","5","4","2","4","3","0","2","1","1","0","1","1"
"6324","30-12-17 16:00","England","Premier League","2017/2018","Liverpool","Leicester","7","1","3","0","4","1","3","2","1","0","2","2"
"6325","30-12-17 16:00","England","Premier League","2017/2018","Newcastle","Brighton","3","6","0","5","3","1","2","2","0","0","2","2"
"6326","30-12-17 16:00","England","Premier League","2017/2018","Watford","Swansea","1","8","0","1","1","7","4","2","1","2","3","0"
"6327","28-12-17 21:00","England","Premier League","2017/2018","Crystal Palace","Arsenal","5","4","2","1","3","3","1","1","1","1","0","0"
"6328","27-12-17 20:45","England","Premier League","2017/2018","Newcastle","Manchester City","3","8","3","6","0","2","1","0","0","0","1","0"
"6329","26-12-17 18:30","England","Premier League","2017/2018","Liverpool","Swansea","4","2","1","0","3","2","0","1","0","0","0","1"
"6330","26-12-17 16:00","England","Premier League","2017/2018","Bournemouth","West Ham","7","4","2","2","5","2","3","4","1","1","2","3"
"6331","26-12-17 16:00","England","Premier League","2017/2018","Chelsea","Brighton","13","1","5","0","8","1","0","1","0","0","0","1"
"6332","26-12-17 16:00","England","Premier League","2017/2018","Huddersfield","Stoke","8","5","3","2","5","3","2","4","0","0","2","4"
"6333","26-12-17 16:00","England","Premier League","2017/2018","Manchester Utd","Burnley","12","2","7","1","5","1","3","7","1","2","2","5"
"6334","26-12-17 16:00","England","Premier League","2017/2018","Watford","Leicester","8","8","5","4","3","4","3","3","2","2","1","1"
"6335","26-12-17 16:00","England","Premier League","2017/2018","West Brom","Everton","10","2","3","1","7","1","2","0","0","0","2","0"
"6336","26-12-17 13:30","England","Premier League","2017/2018","Tottenham","Southampton","3","8","2","2","1","6","0","2","0","1","0","1"
"6337","23-12-17 20:45","England","Premier League","2017/2018","Leicester","Manchester Utd","4","6","3","6","1","0","4","2","0","1","4","1"
"6338","23-12-17 18:30","England","Premier League","2017/2018","Burnley","Tottenham","4","4","3","2","1","2","1","2","0","1","1","1"
"6339","23-12-17 16:00","England","Premier League","2017/2018","Brighton","Watford","6","4","3","2","3","2","0","0","0","0","0","0"
"6340","23-12-17 16:00","England","Premier League","2017/2018","Manchester City","Bournemouth","4","6","3","4","1","2","0","1","0","0","0","1"
"6341","23-12-17 16:00","England","Premier League","2017/2018","Southampton","Huddersfield","9","1","6","1","3","0","2","1","0","0","2","1"
"6342","23-12-17 16:00","England","Premier League","2017/2018","Stoke","West Brom","1","11","0","5","1","6","1","0","0","0","1","0"
"6343","23-12-17 16:00","England","Premier League","2017/2018","Swansea","Crystal Palace","6","3","2","2","4","1","2","3","1","1","1","2"
"6344","23-12-17 16:00","England","Premier League","2017/2018","West Ham","Newcastle","6","3","3","1","3","2","1","1","0","0","1","1"
"6345","23-12-17 13:30","England","Premier League","2017/2018","Everton","Chelsea","2","7","0","2","2","5","3","0","2","0","1","0"
"6346","22-12-17 20:45","England","Premier League","2017/2018","Arsenal","Liverpool","7","8","3","3","4","5","1","0","0","0","1","0"
"6347","18-12-17 21:00","England","Premier League","2017/2018","Everton","Swansea","6","3","2","1","4","2","2","3","1","1","1","2"
"6348","17-12-17 17:30","England","Premier League","2017/2018","Bournemouth","Liverpool","2","3","1","2","1","1","1","1","1","0","0","1"
"6349","17-12-17 15:15","England","Premier League","2017/2018","West Brom","Manchester Utd","6","3","2","3","4","0","1","3","0","0","1","3"
"6350","16-12-17 18:30","England","Premier League","2017/2018","Manchester City","Tottenham","5","1","2","0","3","1","2","4","1","0","1","4"
"6351","16-12-17 17:00","England","Premier League","2017/2018","Stoke","West Ham","7","9","2","4","5","5","2","1","1","0","1","1"
"6352","16-12-17 16:00","England","Premier League","2017/2018","Arsenal","Newcastle","7","5","3","4","4","1","2","1","0","1","2","0"
"6353","16-12-17 16:00","England","Premier League","2017/2018","Brighton","Burnley","8","2","4","1","4","1","4","2","0","0","4","2"
"6354","16-12-17 16:00","England","Premier League","2017/2018","Chelsea","Southampton","8","4","3","1","5","3","1","3","0","1","1","2"
"6355","16-12-17 16:00","England","Premier League","2017/2018","Watford","Huddersfield","8","7","3","4","5","3","2","3","1","1","1","2"
"6356","16-12-17 13:30","England","Premier League","2017/2018","Leicester","Crystal Palace","6","4","3","0","3","4","4","2","0","0","4","2"
"6357","13-12-17 21:00","England","Premier League","2017/2018","Liverpool","West Brom","5","7","2","2","3","5","1","1","0","0","1","1"
"6358","13-12-17 21:00","England","Premier League","2017/2018","Manchester Utd","Bournemouth","4","9","1","5","3","4","1","2","1","1","0","1"
"6359","13-12-17 21:00","England","Premier League","2017/2018","Tottenham","Brighton","10","2","4","1","6","1","0","0","0","0","0","0"
"6360","13-12-17 21:00","England","Premier League","2017/2018","West Ham","Arsenal","1","7","0","3","1","4","2","0","1","0","1","0"
"6361","13-12-17 20:45","England","Premier League","2017/2018","Newcastle","Everton","4","1","2","0","2","1","3","2","1","0","2","2"
"6362","13-12-17 20:45","England","Premier League","2017/2018","Southampton","Leicester","9","9","5","6","4","3","1","0","0","0","1","0"
"6363","13-12-17 20:45","England","Premier League","2017/2018","Swansea","Manchester City","2","5","0","3","2","2","0","0","0","0","0","0"
"6364","12-12-17 21:00","England","Premier League","2017/2018","Crystal Palace","Watford","4","6","3","4","1","2","2","3","0","0","2","3"
"6365","12-12-17 21:00","England","Premier League","2017/2018","Huddersfield","Chelsea","1","3","1","1","0","2","0","0","0","0","0","0"
"6366","12-12-17 20:45","England","Premier League","2017/2018","Burnley","Stoke","6","4","4","3","2","1","0","0","0","0","0","0"
"6367","10-12-17 17:30","England","Premier League","2017/2018","Manchester Utd","Manchester City","2","8","1","3","1","5","4","2","1","1","3","1"
"6368","10-12-17 15:15","England","Premier League","2017/2018","Liverpool","Everton","12","1","3","0","9","1","1","3","0","2","1","1"
"6369","10-12-17 13:00","England","Premier League","2017/2018","Southampton","Arsenal","4","5","3","2","1","3","2","2","0","0","2","2"
"6370","09-12-17 18:30","England","Premier League","2017/2018","Newcastle","Leicester","6","5","3","2","3","3","2","1","0","1","2","0"
"6371","09-12-17 16:00","England","Premier League","2017/2018","Burnley","Watford","3","5","1","3","2","2","1","0","0","0","1","0"
"6372","09-12-17 16:00","England","Premier League","2017/2018","Crystal Palace","Bournemouth","6","3","3","2","3","1","5","2","2","1","3","1"
"6373","09-12-17 16:00","England","Premier League","2017/2018","Huddersfield","Brighton","8","1","4","1","4","0","0","0","0","0","0","0"
"6374","09-12-17 16:00","England","Premier League","2017/2018","Swansea","West Brom","6","3","1","1","5","2","2","5","0","2","2","3"
"6375","09-12-17 16:00","England","Premier League","2017/2018","Tottenham","Stoke","12","6","5","2","7","4","1","0","0","0","1","0"
"6376","09-12-17 13:30","England","Premier League","2017/2018","West Ham","Chelsea","4","3","3","2","1","1","6","1","1","1","5","0"
"6377","03-12-17 17:00","England","Premier League","2017/2018","Manchester City","West Ham","10","4","7","3","3","1","2","2","0","1","2","1"
"6378","03-12-17 14:30","England","Premier League","2017/2018","Bournemouth","Southampton","5","4","3","2","2","2","2","1","2","0","0","1"
"6379","02-12-17 18:30","England","Premier League","2017/2018","Arsenal","Manchester Utd","12","1","8","1","4","0","3","2","0","0","3","2"
"6380","02-12-17 16:00","England","Premier League","2017/2018","Brighton","Liverpool","2","2","0","2","2","0","1","0","0","0","1","0"
"6381","02-12-17 16:00","England","Premier League","2017/2018","Everton","Huddersfield","2","5","0","2","2","3","2","1","2","1","0","0"
"6382","02-12-17 16:00","England","Premier League","2017/2018","Leicester","Burnley","10","7","3","5","7","2","0","2","0","0","0","2"
"6383","02-12-17 16:00","England","Premier League","2017/2018","Stoke","Swansea","2","6","0","2","2","4","2","0","0","0","2","0"
"6384","02-12-17 16:00","England","Premier League","2017/2018","Watford","Tottenham","7","2","2","1","5","1","4","1","1","0","3","1"
"6385","02-12-17 16:00","England","Premier League","2017/2018","West Brom","Crystal Palace","3","7","3","6","0","1","3","1","0","0","3","1"
"6386","02-12-17 13:30","England","Premier League","2017/2018","Chelsea","Newcastle","11","4","5","1","6","3","0","1","0","1","0","0"
"6387","29-11-17 21:00","England","Premier League","2017/2018","Everton","West Ham","2","6","1","4","1","2","2","1","1","1","1","0"
"6388","29-11-17 21:00","England","Premier League","2017/2018","Manchester City","Southampton","6","5","2","4","4","1","0","0","0","0","0","0"
"6389","29-11-17 21:00","England","Premier League","2017/2018","Stoke","Liverpool","5","9","2","1","3","8","1","5","0","1","1","4"
"6390","29-11-17 20:45","England","Premier League","2017/2018","Arsenal","Huddersfield","7","2","2","1","5","1","0","1","0","0","0","1"
"6391","29-11-17 20:45","England","Premier League","2017/2018","Bournemouth","Burnley","4","6","2","6","2","0","0","1","0","0","0","1"
"6392","29-11-17 20:45","England","Premier League","2017/2018","Chelsea","Swansea","15","1","7","0","8","1","1","0","0","0","1","0"
"6393","28-11-17 21:00","England","Premier League","2017/2018","Watford","Manchester Utd","5","5","1","3","4","2","2","1","2","1","0","0"
"6394","28-11-17 21:00","England","Premier League","2017/2018","West Brom","Newcastle","1","6","1","1","0","5","0","0","0","0","0","0"
"6395","28-11-17 20:45","England","Premier League","2017/2018","Brighton","Crystal Palace","10","5","2","2","8","3","2","0","0","0","2","0"
"6396","28-11-17 20:45","England","Premier League","2017/2018","Leicester","Tottenham","4","9","3","4","1","5","1","2","0","1","1","1"
"6397","26-11-17 17:00","England","Premier League","2017/2018","Huddersfield","Manchester City","3","7","2","6","1","1","2","3","0","0","2","3"
"6398","26-11-17 15:00","England","Premier League","2017/2018","Burnley","Arsenal","5","5","5","3","0","2","2","0","2","0","0","0"
"6399","26-11-17 14:30","England","Premier League","2017/2018","Southampton","Everton","7","2","3","2","4","0","0","0","0","0","0","0"
"6400","25-11-17 18:30","England","Premier League","2017/2018","Liverpool","Chelsea","7","8","0","5","7","3","0","0","0","0","0","0"
"6401","25-11-17 16:00","England","Premier League","2017/2018","Crystal Palace","Stoke","5","2","0","1","5","1","1","1","0","0","1","1"
"6402","25-11-17 16:00","England","Premier League","2017/2018","Manchester Utd","Brighton","5","0","2","0","3","0","0","0","0","0","0","0"
"6403","25-11-17 16:00","England","Premier League","2017/2018","Newcastle","Watford","6","3","3","3","3","0","1","2","1","1","0","1"
"6404","25-11-17 16:00","England","Premier League","2017/2018","Swansea","Bournemouth","4","5","0","3","4","2","0","0","0","0","0","0"
"6405","25-11-17 16:00","England","Premier League","2017/2018","Tottenham","West Brom","8","0","5","0","3","0","1","4","0","1","1","3"
"6406","24-11-17 21:00","England","Premier League","2017/2018","West Ham","Leicester","5","5","2","2","3","3","1","1","0","0","1","1"
"6407","20-11-17 21:00","England","Premier League","2017/2018","Brighton","Stoke","6","7","0","5","6","2","1","0","1","0","0","0"
"6408","19-11-17 17:00","England","Premier League","2017/2018","Watford","West Ham","3","1","0","1","3","0","1","4","1","3","0","1"
"6409","18-11-17 18:30","England","Premier League","2017/2018","Manchester Utd","Newcastle","11","4","6","3","5","1","1","1","0","1","1","0"
"6410","18-11-17 16:00","England","Premier League","2017/2018","Bournemouth","Huddersfield","8","11","6","5","2","6","5","2","4","0","1","2"
"6411","18-11-17 16:00","England","Premier League","2017/2018","Burnley","Swansea","8","6","4","3","4","3","1","1","1","0","0","1"
"6412","18-11-17 16:00","England","Premier League","2017/2018","Crystal Palace","Everton","9","4","3","2","6","2","2","3","1","2","1","1"
"6413","18-11-17 16:00","England","Premier League","2017/2018","Leicester","Manchester City","1","7","1","4","0","3","1","1","0","1","1","0"
"6414","18-11-17 16:00","England","Premier League","2017/2018","Liverpool","Southampton","10","2","5","1","5","1","1","1","1","0","0","1"
"6415","18-11-17 16:00","England","Premier League","2017/2018","West Brom","Chelsea","3","4","2","1","1","3","2","3","0","1","2","2"
"6416","18-11-17 13:30","England","Premier League","2017/2018","Arsenal","Tottenham","7","4","4","0","3","4","4","1","2","0","2","1"
"6417","05-11-17 17:30","England","Premier League","2017/2018","Chelsea","Manchester Utd","4","7","3","2","1","5","1","3","1","0","0","3"
"6418","05-11-17 17:30","England","Premier League","2017/2018","Everton","Watford","2","5","0","1","2","4","0","2","0","0","0","2"
"6419","05-11-17 15:15","England","Premier League","2017/2018","Manchester City","Arsenal","5","5","2","4","3","1","1","6","0","0","1","6"
"6420","05-11-17 13:00","England","Premier League","2017/2018","Tottenham","Crystal Palace","10","9","2","2","8","7","0","2","0","1","0","1"
"6421","04-11-17 18:30","England","Premier League","2017/2018","West Ham","Liverpool","2","3","1","2","1","1","3","0","1","0","2","0"
"6422","04-11-17 16:00","England","Premier League","2017/2018","Huddersfield","West Brom","3","5","3","2","0","3","3","4","1","2","2","2"
"6423","04-11-17 16:00","England","Premier League","2017/2018","Newcastle","Bournemouth","11","9","5","3","6","6","2","2","0","1","2","1"
"6424","04-11-17 16:00","England","Premier League","2017/2018","Southampton","Burnley","9","1","2","1","7","0","0","0","0","0","0","0"
"6425","04-11-17 16:00","England","Premier League","2017/2018","Swansea","Brighton","8","7","4","6","4","1","2","1","1","1","1","0"
"6426","04-11-17 13:30","England","Premier League","2017/2018","Stoke","Leicester","4","10","1","7","3","3","0","0","0","0","0","0"
"6427","30-10-17 21:00","England","Premier League","2017/2018","Burnley","Newcastle","5","3","4","1","1","2","3","0","1","0","2","0"
"6428","29-10-17 17:00","England","Premier League","2017/2018","Leicester","Everton","3","10","2","2","1","8","0","2","0","1","0","1"
"6429","29-10-17 14:30","England","Premier League","2017/2018","Brighton","Southampton","2","7","0","2","2","5","3","1","0","0","3","1"
"6430","28-10-17 18:30","England","Premier League","2017/2018","Bournemouth","Chelsea","5","5","3","5","2","0","2","0","0","0","2","0"
"6431","28-10-17 16:00","England","Premier League","2017/2018","Arsenal","Swansea","5","2","5","1","0","1","0","0","0","0","0","0"
"6432","28-10-17 16:00","England","Premier League","2017/2018","Crystal Palace","West Ham","5","4","2","2","3","2","0","0","0","0","0","0"
"6433","28-10-17 16:00","England","Premier League","2017/2018","Liverpool","Huddersfield","9","2","2","2","7","0","0","1","0","1","0","0"
"6434","28-10-17 16:00","England","Premier League","2017/2018","Watford","Stoke","8","1","3","1","5","0","4","4","0","0","4","4"
"6435","28-10-17 16:00","England","Premier League","2017/2018","West Brom","Manchester City","1","2","1","1","0","1","2","3","1","0","1","3"
"6436","28-10-17 13:30","England","Premier League","2017/2018","Manchester Utd","Tottenham","6","3","2","3","4","0","1","0","0","0","1","0"
"6437","22-10-17 17:00","England","Premier League","2017/2018","Tottenham","Liverpool","3","5","0","3","3","2","0","1","0","1","0","0"
"6438","22-10-17 14:30","England","Premier League","2017/2018","Everton","Arsenal","0","7","0","6","0","1","3","1","2","0","1","1"
"6439","21-10-17 18:30","England","Premier League","2017/2018","Southampton","West Brom","8","3","7","1","1","2","0","1","0","0","0","1"
"6440","21-10-17 16:00","England","Premier League","2017/2018","Huddersfield","Manchester Utd","4","7","2","5","2","2","4","2","2","1","2","1"
"6441","21-10-17 16:00","England","Premier League","2017/2018","Manchester City","Burnley","4","5","2","1","2","4","2","3","2","1","0","2"
"6442","21-10-17 16:00","England","Premier League","2017/2018","Newcastle","Crystal Palace","3","5","1","3","2","2","4","2","2","2","2","0"
"6443","21-10-17 16:00","England","Premier League","2017/2018","Stoke","Bournemouth","8","3","3","2","5","1","0","1","0","0","0","1"
"6444","21-10-17 16:00","England","Premier League","2017/2018","Swansea","Leicester","7","6","4","3","3","3","0","1","0","1","0","0"
"6445","21-10-17 13:30","England","Premier League","2017/2018","Chelsea","Watford","6","6","4","1","2","5","2","3","1","2","1","1"
"6446","20-10-17 21:00","England","Premier League","2017/2018","West Ham","Brighton","10","3","6","1","4","2","1","0","1","0","0","0"
"6447","16-10-17 21:00","England","Premier League","2017/2018","Leicester","West Brom","4","1","1","0","3","1","2","2","0","1","2","1"
"6448","15-10-17 17:00","England","Premier League","2017/2018","Southampton","Newcastle","3","8","2","3","1","5","1","2","0","1","1","1"
"6449","15-10-17 14:30","England","Premier League","2017/2018","Brighton","Everton","7","1","2","1","5","0","4","1","0","0","4","1"
"6450","14-10-17 18:30","England","Premier League","2017/2018","Watford","Arsenal","2","5","0","1","2","4","1","0","0","0","1","0"
"6451","14-10-17 16:00","England","Premier League","2017/2018","Burnley","West Ham","7","4","3","2","4","2","2","4","1","2","1","2"
"6452","14-10-17 16:00","England","Premier League","2017/2018","Crystal Palace","Chelsea","5","8","4","3","1","5","2","1","0","0","2","1"
"6453","14-10-17 16:00","England","Premier League","2017/2018","Manchester City","Stoke","5","0","3","0","2","0","0","1","0","0","0","1"
"6454","14-10-17 16:00","England","Premier League","2017/2018","Swansea","Huddersfield","5","3","3","2","2","1","1","5","1","4","0","1"
"6455","14-10-17 16:00","England","Premier League","2017/2018","Tottenham","Bournemouth","9","5","3","2","6","3","1","3","0","2","1","1"
"6456","14-10-17 13:30","England","Premier League","2017/2018","Liverpool","Manchester Utd","7","3","1","3","6","0","0","2","0","0","0","2"
"6457","01-10-17 17:30","England","Premier League","2017/2018","Newcastle","Liverpool","1","5","0","3","1","2","1","1","0","0","1","1"
"6458","01-10-17 15:15","England","Premier League","2017/2018","Everton","Burnley","9","3","3","3","6","0","2","2","0","2","2","0"
"6459","01-10-17 13:00","England","Premier League","2017/2018","Arsenal","Brighton","6","5","2","4","4","1","0","2","0","2","0","0"
"6460","30-09-17 18:30","England","Premier League","2017/2018","Chelsea","Manchester City","4","8","2","3","2","5","0","2","0","0","0","2"
"6461","30-09-17 16:00","England","Premier League","2017/2018","Bournemouth","Leicester","7","5","2","2","5","3","1","0","1","0","0","0"
"6462","30-09-17 16:00","England","Premier League","2017/2018","Manchester Utd","Crystal Palace","6","5","3","4","3","1","0","0","0","0","0","0"
"6463","30-09-17 16:00","England","Premier League","2017/2018","Stoke","Southampton","5","6","3","3","2","3","1","2","1","0","0","2"
"6464","30-09-17 16:00","England","Premier League","2017/2018","West Brom","Watford","7","6","2","3","5","3","3","0","0","0","3","0"
"6465","30-09-17 16:00","England","Premier League","2017/2018","West Ham","Swansea","2","1","1","0","1","1","3","2","0","1","3","1"
"6466","30-09-17 13:30","England","Premier League","2017/2018","Huddersfield","Tottenham","4","7","3","4","1","3","1","1","0","0","1","1"
"6467","25-09-17 21:00","England","Premier League","2017/2018","Arsenal","West Brom","7","4","2","3","5","1","1","4","1","1","0","3"
"6468","24-09-17 17:00","England","Premier League","2017/2018","Brighton","Newcastle","2","8","1","2","1","6","2","1","1","0","1","1"
"6469","23-09-17 18:30","England","Premier League","2017/2018","Leicester","Liverpool","3","6","3","3","0","3","3","3","2","1","1","2"
"6470","23-09-17 16:00","England","Premier League","2017/2018","Burnley","Huddersfield","3","4","3","2","0","2","3","2","2","1","1","1"
"6471","23-09-17 16:00","England","Premier League","2017/2018","Everton","Bournemouth","4","6","2","3","2","3","3","1","1","0","2","1"
"6472","23-09-17 16:00","England","Premier League","2017/2018","Manchester City","Crystal Palace","8","2","4","0","4","2","3","1","1","0","2","1"
"6473","23-09-17 16:00","England","Premier League","2017/2018","Southampton","Manchester Utd","8","4","2","4","6","0","1","4","1","1","0","3"
"6474","23-09-17 16:00","England","Premier League","2017/2018","Stoke","Chelsea","5","0","4","0","1","0","2","2","0","0","2","2"
"6475","23-09-17 16:00","England","Premier League","2017/2018","Swansea","Watford","5","4","2","2","3","2","1","3","0","2","1","1"
"6476","23-09-17 13:30","England","Premier League","2017/2018","West Ham","Tottenham","4","3","0","2","4","1","4","4","0","0","4","4"
"6477","17-09-17 17:00","England","Premier League","2017/2018","Manchester Utd","Everton","4","1","2","0","2","1","1","1","0","0","1","1"
"6478","17-09-17 14:30","England","Premier League","2017/2018","Chelsea","Arsenal","5","1","2","1","3","0","2","3","0","0","2","3"
"6479","16-09-17 18:30","England","Premier League","2017/2018","Tottenham","Swansea","11","1","4","1","7","0","1","3","0","0","1","3"
"6480","16-09-17 16:00","England","Premier League","2017/2018","Huddersfield","Leicester","8","4","5","2","3","2","1","1","1","0","0","1"
"6481","16-09-17 16:00","England","Premier League","2017/2018","Liverpool","Burnley","12","2","4","0","8","2","1","2","0","0","1","2"
"6482","16-09-17 16:00","England","Premier League","2017/2018","Newcastle","Stoke","7","5","2","2","5","3","3","1","1","1","2","0"
"6483","16-09-17 16:00","England","Premier League","2017/2018","Watford","Manchester City","3","11","0","5","3","6","2","0","2","0","0","0"
"6484","16-09-17 16:00","England","Premier League","2017/2018","West Brom","West Ham","2","3","2","2","0","1","2","2","0","1","2","1"
"6485","16-09-17 13:30","England","Premier League","2017/2018","Crystal Palace","Southampton","5","5","3","0","2","5","5","1","1","0","4","1"
"6486","15-09-17 21:00","England","Premier League","2017/2018","Bournemouth","Brighton","6","4","1","0","5","4","0","0","0","0","0","0"
"6487","11-09-17 21:00","England","Premier League","2017/2018","West Ham","Huddersfield","10","3","7","0","3","3","1","2","0","2","1","0"
"6488","10-09-17 17:00","England","Premier League","2017/2018","Swansea","Newcastle","7","5","1","2","6","3","2","3","0","1","2","2"
"6489","10-09-17 14:30","England","Premier League","2017/2018","Burnley","Crystal Palace","3","13","2","7","1","6","1","1","1","0","0","1"
"6490","09-09-17 18:30","England","Premier League","2017/2018","Stoke","Manchester Utd","5","11","2","4","3","7","0","0","0","0","0","0"
"6491","09-09-17 16:00","England","Premier League","2017/2018","Arsenal","Bournemouth","10","3","6","1","4","2","0","1","0","0","0","1"
"6492","09-09-17 16:00","England","Premier League","2017/2018","Brighton","West Brom","2","6","0","1","2","5","2","0","0","0","2","0"
"6493","09-09-17 16:00","England","Premier League","2017/2018","Everton","Tottenham","7","3","2","2","5","1","3","1","1","1","2","0"
"6494","09-09-17 16:00","England","Premier League","2017/2018","Leicester","Chelsea","2","9","1","7","1","2","1","0","0","0","1","0"
"6495","09-09-17 16:00","England","Premier League","2017/2018","Southampton","Watford","7","4","1","3","6","1","0","0","0","0","0","0"
"6496","09-09-17 13:30","England","Premier League","2017/2018","Manchester City","Liverpool","8","3","5","2","3","1","2","2","2","1","0","1"
"6497","27-08-17 17:00","England","Premier League","2017/2018","Liverpool","Arsenal","4","3","2","1","2","2","0","0","0","0","0","0"
"6498","27-08-17 17:00","England","Premier League","2017/2018","Tottenham","Burnley","10","7","6","5","4","2","0","0","0","0","0","0"
"6499","27-08-17 14:30","England","Premier League","2017/2018","Chelsea","Everton","6","3","2","0","4","3","2","2","0","1","2","1"
"6500","27-08-17 14:30","England","Premier League","2017/2018","West Brom","Stoke","10","4","5","3","5","1","2","2","0","1","2","1"
"6501","26-08-17 18:30","England","Premier League","2017/2018","Manchester Utd","Leicester","9","3","2","0","7","3","1","2","0","0","1","2"
"6502","26-08-17 16:00","England","Premier League","2017/2018","Crystal Palace","Swansea","1","1","0","1","1","0","4","1","1","0","3","1"
"6503","26-08-17 16:00","England","Premier League","2017/2018","Huddersfield","Southampton","5","4","4","1","1","3","0","1","0","1","0","0"
"6504","26-08-17 16:00","England","Premier League","2017/2018","Newcastle","West Ham","7","5","3","4","4","1","1","3","0","1","1","2"
"6505","26-08-17 16:00","England","Premier League","2017/2018","Watford","Brighton","3","11","2","3","1","8","0","1","0","1","0","0"
"6506","26-08-17 13:30","England","Premier League","2017/2018","Bournemouth","Manchester City","2","5","1","2","1","3","5","6","1","0","4","6"
"6507","21-08-17 21:00","England","Premier League","2017/2018","Manchester City","Everton","7","1","3","1","4","0","3","4","2","2","1","2"
"6508","20-08-17 17:00","England","Premier League","2017/2018","Tottenham","Chelsea","14","3","7","1","7","2","4","3","1","2","3","1"
"6509","20-08-17 14:30","England","Premier League","2017/2018","Huddersfield","Newcastle","7","3","4","1","3","2","3","4","0","1","3","3"
"6510","19-08-17 18:30","England","Premier League","2017/2018","Stoke","Arsenal","2","9","0","4","2","5","0","0","0","0","0","0"
"6511","19-08-17 16:00","England","Premier League","2017/2018","Bournemouth","Watford","8","5","3","1","5","4","1","3","0","1","1","2"
"6512","19-08-17 16:00","England","Premier League","2017/2018","Burnley","West Brom","5","5","3","4","2","1","1","0","0","0","1","0"
"6513","19-08-17 16:00","England","Premier League","2017/2018","Leicester","Brighton","6","2","3","0","3","2","1","0","0","0","1","0"
"6514","19-08-17 16:00","England","Premier League","2017/2018","Liverpool","Crystal Palace","4","2","1","0","3","2","1","3","0","1","1","2"
"6515","19-08-17 16:00","England","Premier League","2017/2018","Southampton","West Ham","7","2","2","1","5","1","1","1","1","0","0","1"
"6516","19-08-17 13:30","England","Premier League","2017/2018","Swansea","Manchester Utd","3","5","1","2","2","3","1","1","0","1","1","0"
"6517","13-08-17 17:00","England","Premier League","2017/2018","Manchester Utd","West Ham","11","1","9","0","2","1","2","2","1","0","1","2"
"6518","13-08-17 14:30","England","Premier League","2017/2018","Newcastle","Tottenham","5","7","4","4","1","3","1","2","0","1","1","1"
"6519","12-08-17 18:30","England","Premier League","2017/2018","Brighton","Manchester City","3","10","0","5","3","5","0","2","0","1","0","1"
"6520","12-08-17 16:00","England","Premier League","2017/2018","Chelsea","Burnley","8","5","1","2","7","3","5","3","2","0","3","3"
"6521","12-08-17 16:00","England","Premier League","2017/2018","Crystal Palace","Huddersfield","12","9","5","5","7","4","1","3","0","1","1","2"
"6522","12-08-17 16:00","England","Premier League","2017/2018","Everton","Stoke","6","7","2","4","4","3","1","1","0","1","1","0"
"6523","12-08-17 16:00","England","Premier League","2017/2018","Southampton","Swansea","13","0","5","0","8","0","2","1","2","0","0","1"
"6524","12-08-17 16:00","England","Premier League","2017/2018","West Brom","Bournemouth","8","2","3","1","5","1","3","1","1","0","2","1"
"6525","12-08-17 13:30","England","Premier League","2017/2018","Watford","Liverpool","3","3","2","1","1","2","0","3","0","1","0","2"
"6526","11-08-17 20:45","England","Premier League","2017/2018","Arsenal","Leicester","9","4","4","3","5","1","0","1","0","0","0","1"
"6569","21-05-17 16:00","England","Premier League","2016/2017","Arsenal","Everton","4","6","3","3","1","3","2","4","0","2","2","2"
"6570","21-05-17 16:00","England","Premier League","2016/2017","Burnley","West Ham","2","5","2","0","0","5","2","2","1","2","1","0"
"6571","21-05-17 16:00","England","Premier League","2016/2017","Chelsea","Sunderland","11","1","8","0","3","1","1","1","1","0","0","1"
"6572","21-05-17 16:00","England","Premier League","2016/2017","Hull","Tottenham","2","3","0","2","2","1","0","0","0","0","0","0"
"6573","21-05-17 16:00","England","Premier League","2016/2017","Leicester","Bournemouth","9","1","4","1","5","0","4","1","1","0","3","1"
"6574","21-05-17 16:00","England","Premier League","2016/2017","Liverpool","Middlesbrough","3","3","1","1","2","2","0","1","0","0","0","1"
"6575","21-05-17 16:00","England","Premier League","2016/2017","Manchester Utd","Crystal Palace","3","6","3","2","0","4","2","0","0","0","2","0"
"6576","21-05-17 16:00","England","Premier League","2016/2017","Southampton","Stoke","4","10","1","5","3","5","2","4","0","0","2","4"
"6577","21-05-17 16:00","England","Premier League","2016/2017","Swansea","West Brom","7","4","4","1","3","3","1","1","0","0","1","1"
"6578","21-05-17 16:00","England","Premier League","2016/2017","Watford","Manchester City","4","5","0","2","4","3","1","0","1","0","0","0"
"6579","18-05-17 20:45","England","Premier League","2016/2017","Leicester","Tottenham","4","4","0","4","4","0","3","1","0","0","3","1"
"6580","17-05-17 20:45","England","Premier League","2016/2017","Southampton","Manchester Utd","7","3","3","3","4","0","2","1","2","0","0","1"
"6581","16-05-17 21:00","England","Premier League","2016/2017","Manchester City","West Brom","7","1","1","0","6","1","1","2","0","0","1","2"
"6582","16-05-17 20:45","England","Premier League","2016/2017","Arsenal","Sunderland","17","3","8","1","9","2","4","2","1","0","3","2"
"6583","15-05-17 21:00","England","Premier League","2016/2017","Chelsea","Watford","8","3","5","2","3","1","2","6","1","2","1","4"
"6584","14-05-17 17:30","England","Premier League","2016/2017","Tottenham","Manchester Utd","8","3","5","1","3","2","1","2","0","1","1","1"
"6585","14-05-17 15:15","England","Premier League","2016/2017","West Ham","Liverpool","4","6","2","4","2","2","2","0","0","0","2","0"
"6586","14-05-17 13:00","England","Premier League","2016/2017","Crystal Palace","Hull","3","7","3","4","0","3","3","5","2","1","1","4"
"6587","13-05-17 18:30","England","Premier League","2016/2017","Stoke","Arsenal","7","6","2","4","5","2","1","2","0","1","1","1"
"6588","13-05-17 16:00","England","Premier League","2016/2017","Bournemouth","Burnley","7","1","2","0","5","1","0","1","0","0","0","1"
"6589","13-05-17 16:00","England","Premier League","2016/2017","Middlesbrough","Southampton","6","3","1","1","5","2","3","0","0","0","3","0"
"6590","13-05-17 16:00","England","Premier League","2016/2017","Sunderland","Swansea","8","4","2","3","6","1","4","0","0","0","4","0"
"6591","13-05-17 13:30","England","Premier League","2016/2017","Manchester City","Leicester","9","3","7","1","2","2","3","3","0","1","3","2"
"6592","12-05-17 21:00","England","Premier League","2016/2017","West Brom","Chelsea","5","8","3","5","2","3","3","0","2","0","1","0"
"6593","12-05-17 20:45","England","Premier League","2016/2017","Everton","Watford","9","8","5","4","4","4","0","3","0","2","0","1"
"6594","10-05-17 20:45","England","Premier League","2016/2017","Southampton","Arsenal","5","5","4","2","1","3","1","2","1","0","0","2"
"6595","08-05-17 21:00","England","Premier League","2016/2017","Chelsea","Middlesbrough","8","1","3","1","5","0","0","0","0","0","0","0"
"6596","07-05-17 17:00","England","Premier League","2016/2017","Arsenal","Manchester Utd","5","9","5","5","0","4","1","0","0","0","1","0"
"6597","07-05-17 14:30","England","Premier League","2016/2017","Liverpool","Southampton","3","6","1","1","2","5","1","3","1","2","0","1"
"6598","06-05-17 18:30","England","Premier League","2016/2017","Swansea","Everton","9","5","5","1","4","4","0","0","0","0","0","0"
"6599","06-05-17 16:00","England","Premier League","2016/2017","Bournemouth","Stoke","0","7","0","3","0","4","2","0","1","0","1","0"
"6600","06-05-17 16:00","England","Premier League","2016/2017","Burnley","West Brom","5","8","1","3","4","5","1","3","0","0","1","3"
"6601","06-05-17 16:00","England","Premier League","2016/2017","Hull","Sunderland","7","4","1","3","6","1","3","1","2","0","1","1"
"6602","06-05-17 16:00","England","Premier League","2016/2017","Leicester","Watford","10","1","6","0","4","1","0","0","0","0","0","0"
"6603","06-05-17 13:30","England","Premier League","2016/2017","Manchester City","Crystal Palace","9","3","3","0","6","3","1","3","1","1","0","2"
"6604","05-05-17 21:00","England","Premier League","2016/2017","West Ham","Tottenham","3","7","2","3","1","4","4","2","2","1","2","1"
"6605","01-05-17 21:00","England","Premier League","2016/2017","Watford","Liverpool","3","5","1","1","2","4","3","1","0","1","3","0"
"6606","30-04-17 17:30","England","Premier League","2016/2017","Tottenham","Arsenal","14","5","8","3","6","2","1","3","0","0","1","3"
"6607","30-04-17 15:05","England","Premier League","2016/2017","Everton","Chelsea","2","4","1","2","1","2","3","4","1","2","2","2"
"6608","30-04-17 15:05","England","Premier League","2016/2017","Middlesbrough","Manchester City","4","11","2","2","2","9","4","4","1","1","3","3"
"6609","30-04-17 13:00","England","Premier League","2016/2017","Manchester Utd","Swansea","5","2","3","1","2","1","2","2","2","1","0","1"
"6610","29-04-17 18:30","England","Premier League","2016/2017","Crystal Palace","Burnley","14","4","7","3","7","1","2","0","1","0","1","0"
"6611","29-04-17 16:00","England","Premier League","2016/2017","Southampton","Hull","6","6","1","3","5","3","0","3","0","0","0","3"
"6612","29-04-17 16:00","England","Premier League","2016/2017","Stoke","West Ham","5","3","2","2","3","1","1","0","1","0","0","0"
"6613","29-04-17 16:00","England","Premier League","2016/2017","Sunderland","Bournemouth","6","5","1","4","5","1","0","0","0","0","0","0"
"6614","29-04-17 16:00","England","Premier League","2016/2017","West Brom","Leicester","5","6","3","5","2","1","2","2","1","1","1","1"
"6615","27-04-17 21:00","England","Premier League","2016/2017","Manchester City","Manchester Utd","7","4","3","3","4","1","1","1","0","0","1","1"
"6616","26-04-17 21:00","England","Premier League","2016/2017","Crystal Palace","Tottenham","2","11","1","2","1","9","3","3","0","1","3","2"
"6617","26-04-17 20:45","England","Premier League","2016/2017","Arsenal","Leicester","12","1","4","1","8","0","2","4","0","1","2","3"
"6618","26-04-17 20:45","England","Premier League","2016/2017","Middlesbrough","Sunderland","3","5","0","3","3","2","3","3","2","2","1","1"
"6619","25-04-17 20:45","England","Premier League","2016/2017","Chelsea","Southampton","6","7","3","2","3","5","2","2","1","0","1","2"
"6620","23-04-17 17:30","England","Premier League","2016/2017","Liverpool","Crystal Palace","4","3","2","1","2","2","1","2","0","1","1","1"
"6621","23-04-17 15:15","England","Premier League","2016/2017","Burnley","Manchester Utd","3","3","2","2","1","1","2","1","0","0","2","1"
"6622","22-04-17 16:00","England","Premier League","2016/2017","Bournemouth","Middlesbrough","4","3","2","1","2","2","0","0","0","0","0","0"
"6623","22-04-17 16:00","England","Premier League","2016/2017","Hull","Watford","4","7","0","6","4","1","3","1","1","0","2","1"
"6624","22-04-17 16:00","England","Premier League","2016/2017","Swansea","Stoke","11","4","2","1","9","3","2","2","1","0","1","2"
"6625","22-04-17 16:00","England","Premier League","2016/2017","West Ham","Everton","8","4","4","1","4","3","2","3","1","1","1","2"
"6626","17-04-17 21:00","England","Premier League","2016/2017","Middlesbrough","Arsenal","2","4","0","3","2","1","2","2","1","2","1","0"
"6627","16-04-17 17:00","England","Premier League","2016/2017","Manchester Utd","Chelsea","1","3","1","0","0","3","0","0","0","0","0","0"
"6628","16-04-17 14:30","England","Premier League","2016/2017","West Brom","Liverpool","4","4","1","1","3","3","0","0","0","0","0","0"
"6629","15-04-17 18:30","England","Premier League","2016/2017","Southampton","Manchester City","4","8","1","6","3","2","3","0","3","0","0","0"
"6630","15-04-17 16:00","England","Premier League","2016/2017","Crystal Palace","Leicester","8","5","5","1","3","4","0","2","0","1","0","1"
"6631","15-04-17 16:00","England","Premier League","2016/2017","Everton","Burnley","6","7","4","4","2","3","2","0","1","0","1","0"
"6632","15-04-17 16:00","England","Premier League","2016/2017","Stoke","Hull","3","7","1","4","2","3","0","2","0","1","0","1"
"6633","15-04-17 16:00","England","Premier League","2016/2017","Sunderland","West Ham","7","1","5","0","2","1","1","2","1","0","0","2"
"6634","15-04-17 16:00","England","Premier League","2016/2017","Watford","Swansea","6","2","2","2","4","0","0","0","0","0","0","0"
"6635","15-04-17 13:30","England","Premier League","2016/2017","Tottenham","Bournemouth","13","1","5","1","8","0","0","1","0","0","0","1"
"6636","10-04-17 21:00","England","Premier League","2016/2017","Crystal Palace","Arsenal","5","8","2","5","3","3","0","1","0","1","0","0"
"6637","09-04-17 17:00","England","Premier League","2016/2017","Everton","Leicester","4","6","3","2","1","4","2","2","2","1","0","1"
"6638","09-04-17 14:30","England","Premier League","2016/2017","Sunderland","Manchester Utd","4","5","2","4","2","1","1","5","0","1","1","4"
"6639","08-04-17 18:30","England","Premier League","2016/2017","Bournemouth","Chelsea","4","4","2","2","2","2","2","3","1","1","1","2"
"6640","08-04-17 16:00","England","Premier League","2016/2017","Manchester City","Hull","7","3","5","2","2","1","0","2","0","1","0","1"
"6641","08-04-17 16:00","England","Premier League","2016/2017","Middlesbrough","Burnley","4","3","1","1","3","2","0","3","0","1","0","2"
"6642","08-04-17 16:00","England","Premier League","2016/2017","Stoke","Liverpool","5","8","1","2","4","6","0","2","0","0","0","2"
"6643","08-04-17 16:00","England","Premier League","2016/2017","West Brom","Southampton","7","3","2","1","5","2","2","2","1","0","1","2"
"6644","08-04-17 16:00","England","Premier League","2016/2017","West Ham","Swansea","4","3","1","1","3","2","5","1","2","0","3","1"
"6645","08-04-17 13:30","England","Premier League","2016/2017","Tottenham","Watford","7","5","5","1","2","4","0","1","0","1","0","0"
"6646","05-04-17 21:00","England","Premier League","2016/2017","Chelsea","Manchester City","2","9","1","3","1","6","1","3","0","0","1","3"
"6647","05-04-17 21:00","England","Premier League","2016/2017","Liverpool","Bournemouth","7","2","4","2","3","0","1","1","1","0","0","1"
"6648","05-04-17 20:45","England","Premier League","2016/2017","Arsenal","West Ham","5","0","3","0","2","0","2","2","1","1","1","1"
"6649","05-04-17 20:45","England","Premier League","2016/2017","Hull","Middlesbrough","8","4","4","3","4","1","2","1","1","1","1","0"
"6650","05-04-17 20:45","England","Premier League","2016/2017","Southampton","Crystal Palace","11","11","5","4","6","7","2","1","0","0","2","1"
"6651","05-04-17 20:45","England","Premier League","2016/2017","Swansea","Tottenham","5","7","3","2","2","5","0","0","0","0","0","0"
"6652","04-04-17 21:00","England","Premier League","2016/2017","Manchester Utd","Everton","6","5","3","2","3","3","1","4","0","1","1","3"
"6653","04-04-17 20:45","England","Premier League","2016/2017","Burnley","Stoke","3","5","1","2","2","3","3","2","2","1","1","1"
"6654","04-04-17 20:45","England","Premier League","2016/2017","Leicester","Sunderland","5","6","2","6","3","0","0","1","0","1","0","0"
"6655","04-04-17 20:45","England","Premier League","2016/2017","Watford","West Brom","5","6","2","1","3","5","3","4","1","2","2","2"
"6656","02-04-17 17:00","England","Premier League","2016/2017","Arsenal","Manchester City","3","8","2","2","1","6","3","2","2","1","1","1"
"6657","02-04-17 14:30","England","Premier League","2016/2017","Swansea","Middlesbrough","11","3","3","2","8","1","2","3","1","1","1","2"
"6658","01-04-17 18:30","England","Premier League","2016/2017","Southampton","Bournemouth","6","3","5","3","1","0","1","0","0","0","1","0"
"6659","01-04-17 16:00","England","Premier League","2016/2017","Burnley","Tottenham","3","7","2","4","1","3","0","0","0","0","0","0"
"6660","01-04-17 16:00","England","Premier League","2016/2017","Chelsea","Crystal Palace","9","3","5","2","4","1","3","2","0","0","3","2"
"6661","01-04-17 16:00","England","Premier League","2016/2017","Hull","West Ham","5","5","3","5","2","0","2","2","0","1","2","1"
"6662","01-04-17 16:00","England","Premier League","2016/2017","Leicester","Stoke","10","4","7","2","3","2","1","4","0","2","1","2"
"6663","01-04-17 16:00","England","Premier League","2016/2017","Manchester Utd","West Brom","6","1","1","0","5","1","3","3","1","0","2","3"
"6664","01-04-17 16:00","England","Premier League","2016/2017","Watford","Sunderland","13","9","6","6","7","3","1","3","0","0","1","3"
"6665","01-04-17 13:30","England","Premier League","2016/2017","Liverpool","Everton","2","3","1","2","1","1","1","3","0","2","1","1"
"6666","19-03-17 17:30","England","Premier League","2016/2017","Manchester City","Liverpool","9","8","5","5","4","3","3","3","1","2","2","1"
"6667","19-03-17 15:15","England","Premier League","2016/2017","Tottenham","Southampton","5","1","4","1","1","0","3","3","2","1","1","2"
"6668","19-03-17 13:00","England","Premier League","2016/2017","Middlesbrough","Manchester Utd","8","3","4","3","4","0","1","1","1","1","0","0"
"6669","18-03-17 18:30","England","Premier League","2016/2017","Bournemouth","Swansea","2","4","1","2","1","2","0","2","0","1","0","1"
"6670","18-03-17 16:00","England","Premier League","2016/2017","Crystal Palace","Watford","3","2","2","1","1","1","0","2","0","1","0","1"
"6671","18-03-17 16:00","England","Premier League","2016/2017","Everton","Hull","5","8","3","2","2","6","2","0","0","0","2","0"
"6672","18-03-17 16:00","England","Premier League","2016/2017","Stoke","Chelsea","5","11","1","2","4","9","6","2","2","1","4","1"
"6673","18-03-17 16:00","England","Premier League","2016/2017","Sunderland","Burnley","3","5","1","3","2","2","3","1","0","1","3","0"
"6674","18-03-17 16:00","England","Premier League","2016/2017","West Ham","Leicester","6","5","1","5","5","0","0","0","0","0","0","0"
"6675","18-03-17 13:30","England","Premier League","2016/2017","West Brom","Arsenal","4","5","3","0","1","5","1","0","1","0","0","0"
"6676","12-03-17 17:00","England","Premier League","2016/2017","Liverpool","Burnley","11","1","7","1","4","0","2","2","0","1","2","1"
"6677","11-03-17 16:00","England","Premier League","2016/2017","Bournemouth","West Ham","5","6","3","2","2","4","4","2","0","2","4","0"
"6678","11-03-17 16:00","England","Premier League","2016/2017","Everton","West Brom","4","6","4","2","0","4","1","2","0","0","1","2"
"6679","11-03-17 16:00","England","Premier League","2016/2017","Hull","Swansea","2","7","2","4","0","3","3","1","1","1","2","0"
"6680","08-03-17 21:00","England","Premier League","2016/2017","Manchester City","Stoke","8","1","4","0","4","1","1","3","0","1","1","2"
"6681","06-03-17 21:00","England","Premier League","2016/2017","West Ham","Chelsea","6","4","3","1","3","3","0","1","0","1","0","0"
"6682","05-03-17 17:00","England","Premier League","2016/2017","Sunderland","Manchester City","6","4","3","2","3","2","1","0","1","0","0","0"
"6683","05-03-17 14:30","England","Premier League","2016/2017","Tottenham","Everton","7","2","1","1","6","1","1","2","0","1","1","1"
"6684","04-03-17 18:30","England","Premier League","2016/2017","Liverpool","Arsenal","9","3","5","3","4","0","1","2","0","1","1","1"
"6685","04-03-17 16:00","England","Premier League","2016/2017","Leicester","Hull","10","4","5","2","5","2","1","1","0","0","1","1"
"6686","04-03-17 16:00","England","Premier League","2016/2017","Stoke","Middlesbrough","6","1","1","1","5","0","1","2","1","1","0","1"
"6687","04-03-17 16:00","England","Premier League","2016/2017","Swansea","Burnley","9","2","4","2","5","0","2","2","0","1","2","1"
"6688","04-03-17 16:00","England","Premier League","2016/2017","Watford","Southampton","6","5","5","2","1","3","3","2","1","2","2","0"
"6689","04-03-17 16:00","England","Premier League","2016/2017","West Brom","Crystal Palace","5","5","3","2","2","3","0","1","0","1","0","0"
"6690","04-03-17 13:30","England","Premier League","2016/2017","Manchester Utd","Bournemouth","15","2","7","1","8","1","3","4","1","3","2","1"
"6691","27-02-17 21:00","England","Premier League","2016/2017","Leicester","Liverpool","5","12","5","6","0","6","0","0","0","0","0","0"
"6692","26-02-17 14:30","England","Premier League","2016/2017","Tottenham","Stoke","8","5","4","1","4","4","2","3","0","3","2","0"
"6693","25-02-17 18:30","England","Premier League","2016/2017","Watford","West Ham","4","6","1","4","3","2","4","3","1","1","3","2"
"6694","25-02-17 16:00","England","Premier League","2016/2017","Chelsea","Swansea","8","1","5","1","3","0","1","3","0","2","1","1"
"6695","25-02-17 16:00","England","Premier League","2016/2017","Crystal Palace","Middlesbrough","4","2","2","1","2","1","3","1","1","0","2","1"
"6696","25-02-17 16:00","England","Premier League","2016/2017","Everton","Sunderland","10","6","7","2","3","4","0","0","0","0","0","0"
"6697","25-02-17 16:00","England","Premier League","2016/2017","Hull","Burnley","6","3","1","2","5","1","1","3","0","1","1","2"
"6698","25-02-17 16:00","England","Premier League","2016/2017","West Brom","Bournemouth","8","6","4","3","4","3","2","0","0","0","2","0"
"6699","13-02-17 21:00","England","Premier League","2016/2017","Bournemouth","Manchester City","3","7","1","4","2","3","2","3","1","1","1","2"
"6700","12-02-17 17:00","England","Premier League","2016/2017","Swansea","Leicester","7","3","4","2","3","1","2","2","2","1","0","1"
"6701","12-02-17 14:30","England","Premier League","2016/2017","Burnley","Chelsea","1","1","0","1","1","0","3","2","0","0","3","2"
"6702","11-02-17 18:30","England","Premier League","2016/2017","Liverpool","Tottenham","10","3","8","2","2","1","3","5","0","1","3","4"
"6703","11-02-17 16:00","England","Premier League","2016/2017","Manchester Utd","Watford","5","1","2","0","3","1","1","0","0","0","1","0"
"6704","11-02-17 16:00","England","Premier League","2016/2017","Middlesbrough","Everton","5","2","2","1","3","1","2","0","1","0","1","0"
"6705","11-02-17 16:00","England","Premier League","2016/2017","Stoke","Crystal Palace","5","5","4","1","1","4","1","3","0","3","1","0"
"6706","11-02-17 16:00","England","Premier League","2016/2017","Sunderland","Southampton","6","2","3","0","3","2","1","0","0","0","1","0"
"6707","11-02-17 16:00","England","Premier League","2016/2017","West Ham","West Brom","7","5","5","3","2","2","3","2","0","0","3","2"
"6708","11-02-17 13:30","England","Premier League","2016/2017","Arsenal","Hull","3","8","2","3","1","5","3","1","0","0","3","1"
"6709","05-02-17 17:00","England","Premier League","2016/2017","Leicester","Manchester Utd","10","3","3","2","7","1","2","4","2","1","0","3"
"6710","05-02-17 14:30","England","Premier League","2016/2017","Manchester City","Swansea","10","3","8","0","2","3","2","3","2","0","0","3"
"6711","04-02-17 18:30","England","Premier League","2016/2017","Tottenham","Middlesbrough","11","2","7","0","4","2","0","1","0","1","0","0"
"6712","04-02-17 16:00","England","Premier League","2016/2017","Crystal Palace","Sunderland","7","1","4","1","3","0","3","3","1","2","2","1"
"6713","04-02-17 16:00","England","Premier League","2016/2017","Everton","Bournemouth","4","8","0","5","4","3","3","1","0","1","3","0"
"6714","04-02-17 16:00","England","Premier League","2016/2017","Hull","Liverpool","1","15","1","4","0","11","2","1","1","1","1","0"
"6715","04-02-17 16:00","England","Premier League","2016/2017","Southampton","West Ham","3","2","0","2","3","0","0","2","0","0","0","2"
"6716","04-02-17 16:00","England","Premier League","2016/2017","Watford","Burnley","3","6","2","1","1","5","0","0","0","0","0","0"
"6717","04-02-17 16:00","England","Premier League","2016/2017","West Brom","Stoke","5","6","2","3","3","3","2","2","0","1","2","1"
"6718","04-02-17 13:30","England","Premier League","2016/2017","Chelsea","Arsenal","10","13","6","7","4","6","1","1","0","1","1","0"
"6719","01-02-17 21:00","England","Premier League","2016/2017","Manchester Utd","Hull","7","1","4","1","3","0","1","4","0","1","1","3"
"6720","01-02-17 21:00","England","Premier League","2016/2017","Stoke","Everton","5","5","2","4","3","1","1","0","0","0","1","0"
"6721","01-02-17 20:45","England","Premier League","2016/2017","West Ham","Manchester City","2","4","0","3","2","1","3","3","2","2","1","1"
"6722","31-01-17 21:00","England","Premier League","2016/2017","Liverpool","Chelsea","3","3","3","2","0","1","2","1","1","0","1","1"
"6723","31-01-17 20:45","England","Premier League","2016/2017","Arsenal","Watford","9","5","3","3","6","2","3","3","2","0","1","3"
"6724","31-01-17 20:45","England","Premier League","2016/2017","Bournemouth","Crystal Palace","2","3","2","2","0","1","0","4","0","0","0","4"
"6725","31-01-17 20:45","England","Premier League","2016/2017","Burnley","Leicester","10","2","3","0","7","2","1","0","1","0","0","0"
"6726","31-01-17 20:45","England","Premier League","2016/2017","Middlesbrough","West Brom","4","3","2","2","2","1","0","0","0","0","0","0"
"6727","31-01-17 20:45","England","Premier League","2016/2017","Sunderland","Tottenham","2","12","2","4","0","8","2","0","1","0","1","0"
"6728","31-01-17 20:45","England","Premier League","2016/2017","Swansea","Southampton","5","4","4","1","1","3","0","0","0","0","0","0"
"6729","22-01-17 17:30","England","Premier League","2016/2017","Chelsea","Hull","9","7","7","2","2","5","1","3","1","2","0","1"
"6730","22-01-17 15:15","England","Premier League","2016/2017","Arsenal","Burnley","10","4","5","2","5","2","1","3","0","0","1","3"
"6731","22-01-17 13:00","England","Premier League","2016/2017","Southampton","Leicester","7","2","5","1","2","1","0","1","0","0","0","1"
"6732","21-01-17 18:30","England","Premier League","2016/2017","Manchester City","Tottenham","5","4","3","2","2","2","2","4","1","2","1","2"
"6733","21-01-17 16:00","England","Premier League","2016/2017","Bournemouth","Watford","9","4","5","1","4","3","1","2","0","0","1","2"
"6734","21-01-17 16:00","England","Premier League","2016/2017","Crystal Palace","Everton","8","7","4","5","4","2","0","1","0","1","0","0"
"6735","21-01-17 16:00","England","Premier League","2016/2017","Middlesbrough","West Ham","7","5","3","4","4","1","2","1","0","1","2","0"
"6736","21-01-17 16:00","England","Premier League","2016/2017","Stoke","Manchester Utd","1","7","0","3","1","4","4","0","1","0","3","0"
"6737","21-01-17 16:00","England","Premier League","2016/2017","West Brom","Sunderland","1","4","1","2","0","2","1","1","0","0","1","1"
"6738","21-01-17 13:30","England","Premier League","2016/2017","Liverpool","Swansea","6","3","2","1","4","2","1","1","1","0","0","1"
"6739","15-01-17 17:00","England","Premier League","2016/2017","Manchester Utd","Liverpool","5","7","3","5","2","2","1","3","0","1","1","2"
"6740","15-01-17 14:30","England","Premier League","2016/2017","Everton","Manchester City","3","6","2","3","1","3","2","2","0","0","2","2"
"6741","14-01-17 18:30","England","Premier League","2016/2017","Leicester","Chelsea","3","5","1","3","2","2","1","0","0","0","1","0"
"6742","14-01-17 16:00","England","Premier League","2016/2017","Burnley","Southampton","2","7","2","3","0","4","1","2","0","1","1","1"
"6743","14-01-17 16:00","England","Premier League","2016/2017","Hull","Bournemouth","4","5","4","4","0","1","0","0","0","0","0","0"
"6744","14-01-17 16:00","England","Premier League","2016/2017","Sunderland","Stoke","5","2","1","2","4","0","3","1","0","0","3","1"
"6745","14-01-17 16:00","England","Premier League","2016/2017","Swansea","Arsenal","3","2","2","1","1","1","2","0","1","0","1","0"
"6746","14-01-17 16:00","England","Premier League","2016/2017","Watford","Middlesbrough","3","1","0","1","3","0","3","1","0","0","3","1"
"6747","14-01-17 16:00","England","Premier League","2016/2017","West Ham","Crystal Palace","2","2","0","1","2","1","4","2","2","1","2","1"
"6748","14-01-17 13:30","England","Premier League","2016/2017","Tottenham","West Brom","8","0","7","0","1","0","0","2","0","0","0","2"
"6749","04-01-17 21:00","England","Premier League","2016/2017","Tottenham","Chelsea","1","6","1","1","0","5","3","2","2","2","1","0"
"6750","03-01-17 21:00","England","Premier League","2016/2017","Crystal Palace","Swansea","4","5","1","2","3","3","2","1","0","1","2","0"
"6751","03-01-17 21:00","England","Premier League","2016/2017","Stoke","Watford","7","6","5","0","2","6","1","2","1","0","0","2"
"6752","03-01-17 20:45","England","Premier League","2016/2017","Bournemouth","Arsenal","4","7","2","2","2","5","3","3","1","2","2","1"
"6753","02-01-17 18:15","England","Premier League","2016/2017","West Ham","Manchester Utd","2","1","2","0","0","1","2","2","1","1","1","1"
"6754","02-01-17 16:00","England","Premier League","2016/2017","Everton","Southampton","10","8","6","3","4","5","0","0","0","0","0","0"
"6755","02-01-17 16:00","England","Premier League","2016/2017","Manchester City","Burnley","8","8","4","2","4","6","4","3","1","1","3","2"
"6756","02-01-17 16:00","England","Premier League","2016/2017","Sunderland","Liverpool","2","5","2","3","0","2","0","0","0","0","0","0"
"6757","02-01-17 16:00","England","Premier League","2016/2017","West Brom","Hull","7","9","2","6","5","3","0","0","0","0","0","0"
"6758","02-01-17 13:30","England","Premier League","2016/2017","Middlesbrough","Leicester","2","2","0","1","2","1","3","0","2","0","1","0"
"6759","01-01-17 17:00","England","Premier League","2016/2017","Arsenal","Crystal Palace","8","4","3","1","5","3","1","1","0","0","1","1"
"6760","01-01-17 14:30","England","Premier League","2016/2017","Watford","Tottenham","0","3","0","2","0","1","0","0","0","0","0","0"
"6761","31-12-16 18:30","England","Premier League","2016/2017","Liverpool","Manchester City","4","6","1","1","3","5","0","0","0","0","0","0"
"6762","31-12-16 16:00","England","Premier League","2016/2017","Burnley","Sunderland","6","2","0","0","6","2","1","1","1","1","0","0"
"6763","31-12-16 16:00","England","Premier League","2016/2017","Chelsea","Stoke","8","3","5","2","3","1","3","2","1","0","2","2"
"6764","31-12-16 16:00","England","Premier League","2016/2017","Leicester","West Ham","7","7","5","2","2","5","5","3","1","1","4","2"
"6765","31-12-16 16:00","England","Premier League","2016/2017","Manchester Utd","Middlesbrough","12","2","7","2","5","0","1","1","0","0","1","1"
"6766","31-12-16 16:00","England","Premier League","2016/2017","Southampton","West Brom","8","3","3","2","5","1","3","3","1","1","2","2"
"6767","31-12-16 16:00","England","Premier League","2016/2017","Swansea","Bournemouth","4","3","0","2","4","1","0","0","0","0","0","0"
"6768","30-12-16 21:00","England","Premier League","2016/2017","Hull","Everton","5","5","2","3","3","2","2","2","0","0","2","2"
"6769","28-12-16 20:45","England","Premier League","2016/2017","Southampton","Tottenham","2","10","1","6","1","4","1","4","0","1","1","3"
"6770","27-12-16 18:15","England","Premier League","2016/2017","Liverpool","Stoke","8","2","3","1","5","1","0","1","0","1","0","0"
"6771","26-12-16 18:15","England","Premier League","2016/2017","Hull","Manchester City","4","7","0","5","4","2","0","0","0","0","0","0"
"6772","26-12-16 16:00","England","Premier League","2016/2017","Arsenal","West Brom","6","5","3","2","3","3","3","1","1","0","2","1"
"6773","26-12-16 16:00","England","Premier League","2016/2017","Burnley","Middlesbrough","7","3","2","0","5","3","6","5","2","3","4","2"
"6774","26-12-16 16:00","England","Premier League","2016/2017","Chelsea","Bournemouth","5","5","3","3","2","2","1","1","0","1","1","0"
"6775","26-12-16 16:00","England","Premier League","2016/2017","Leicester","Everton","3","4","2","2","1","2","3","0","0","0","3","0"
"6776","26-12-16 16:00","England","Premier League","2016/2017","Manchester Utd","Sunderland","5","5","3","2","2","3","1","2","1","0","0","2"
"6777","26-12-16 16:00","England","Premier League","2016/2017","Swansea","West Ham","8","4","3","0","5","4","0","0","0","0","0","0"
"6778","26-12-16 13:30","England","Premier League","2016/2017","Watford","Crystal Palace","7","3","2","3","5","0","2","4","0","2","2","2"
"6779","19-12-16 21:00","England","Premier League","2016/2017","Everton","Liverpool","1","6","1","0","0","6","3","1","0","0","3","1"
"6780","18-12-16 17:00","England","Premier League","2016/2017","Manchester City","Arsenal","8","1","5","1","3","0","4","2","1","0","3","2"
"6781","18-12-16 17:00","England","Premier League","2016/2017","Tottenham","Burnley","11","2","7","1","4","1","1","2","0","1","1","1"
"6782","18-12-16 14:30","England","Premier League","2016/2017","Bournemouth","Southampton","7","4","5","1","2","3","0","3","0","1","0","2"
"6783","17-12-16 18:30","England","Premier League","2016/2017","West Brom","Manchester Utd","2","3","1","1","1","2","3","3","0","1","3","2"
"6784","17-12-16 16:00","England","Premier League","2016/2017","Middlesbrough","Swansea","3","8","2","3","1","5","1","0","0","0","1","0"
"6785","17-12-16 16:00","England","Premier League","2016/2017","Stoke","Leicester","9","9","6","5","3","4","2","6","0","5","2","1"
"6786","17-12-16 16:00","England","Premier League","2016/2017","Sunderland","Watford","4","11","3","5","1","6","1","2","1","1","0","1"
"6787","17-12-16 16:00","England","Premier League","2016/2017","West Ham","Hull","10","6","6","2","4","4","2","4","1","1","1","3"
"6788","17-12-16 13:30","England","Premier League","2016/2017","Crystal Palace","Chelsea","5","3","2","1","3","2","2","3","1","1","1","2"
"6789","14-12-16 21:00","England","Premier League","2016/2017","Crystal Palace","Manchester Utd","1","8","0","3","1","5","2","3","1","1","1","2"
"6790","14-12-16 21:00","England","Premier League","2016/2017","Manchester City","Watford","5","2","3","1","2","1","1","2","0","1","1","1"
"6791","14-12-16 21:00","England","Premier League","2016/2017","Stoke","Southampton","3","11","1","1","2","10","0","0","0","0","0","0"
"6792","14-12-16 21:00","England","Premier League","2016/2017","Tottenham","Hull","5","5","1","2","4","3","0","2","0","1","0","1"
"6793","14-12-16 21:00","England","Premier League","2016/2017","West Brom","Swansea","0","11","0","5","0","6","0","0","0","0","0","0"
"6794","14-12-16 20:45","England","Premier League","2016/2017","Middlesbrough","Liverpool","5","2","4","1","1","1","1","0","0","0","1","0"
"6795","14-12-16 20:45","England","Premier League","2016/2017","Sunderland","Chelsea","5","5","1","4","4","1","3","2","2","0","1","2"
"6796","14-12-16 20:45","England","Premier League","2016/2017","West Ham","Burnley","6","4","3","2","3","2","0","0","0","0","0","0"
"6797","13-12-16 20:45","England","Premier League","2016/2017","Bournemouth","Leicester","4","11","3","4","1","7","0","3","0","1","0","2"
"6798","13-12-16 20:45","England","Premier League","2016/2017","Everton","Arsenal","8","3","3","2","5","1","3","1","2","0","1","1"
"6799","11-12-16 17:30","England","Premier League","2016/2017","Liverpool","West Ham","11","4","4","4","7","0","2","0","0","0","2","0"
"6800","11-12-16 15:15","England","Premier League","2016/2017","Manchester Utd","Tottenham","3","8","2","4","1","4","3","3","1","0","2","3"
"6801","11-12-16 15:15","England","Premier League","2016/2017","Southampton","Middlesbrough","4","2","1","2","3","0","4","3","2","1","2","2"
"6802","11-12-16 13:00","England","Premier League","2016/2017","Chelsea","West Brom","3","1","1","0","2","1","2","4","0","2","2","2"
"6803","10-12-16 18:30","England","Premier League","2016/2017","Leicester","Manchester City","3","11","1","7","2","4","3","1","1","0","2","1"
"6804","10-12-16 16:00","England","Premier League","2016/2017","Arsenal","Stoke","7","7","4","3","3","4","0","0","0","0","0","0"
"6805","10-12-16 16:00","England","Premier League","2016/2017","Burnley","Bournemouth","4","11","3","6","1","5","2","2","0","1","2","1"
"6806","10-12-16 16:00","England","Premier League","2016/2017","Hull","Crystal Palace","4","7","2","1","2","6","2","4","2","2","0","2"
"6807","10-12-16 16:00","England","Premier League","2016/2017","Swansea","Sunderland","7","4","1","2","6","2","1","2","0","2","1","0"
"6808","10-12-16 13:30","England","Premier League","2016/2017","Watford","Everton","2","4","1","1","1","3","2","2","1","1","1","1"
"6809","05-12-16 21:00","England","Premier League","2016/2017","Middlesbrough","Hull","13","7","6","3","7","4","1","1","0","1","1","0"
"6810","04-12-16 17:00","England","Premier League","2016/2017","Everton","Manchester Utd","6","3","2","2","4","1","2","3","1","1","1","2"
"6811","04-12-16 14:30","England","Premier League","2016/2017","Bournemouth","Liverpool","4","9","1","6","3","3","2","2","0","0","2","2"
"6812","03-12-16 18:30","England","Premier League","2016/2017","West Ham","Arsenal","3","2","3","1","0","1","3","3","0","1","3","2"
"6813","03-12-16 16:00","England","Premier League","2016/2017","Crystal Palace","Southampton","4","9","1","4","3","5","0","0","0","0","0","0"
"6814","03-12-16 16:00","England","Premier League","2016/2017","Stoke","Burnley","4","9","3","3","1","6","3","2","0","1","3","1"
"6815","03-12-16 16:00","England","Premier League","2016/2017","Sunderland","Leicester","3","4","1","1","2","3","3","1","0","0","3","1"
"6816","03-12-16 16:00","England","Premier League","2016/2017","Tottenham","Swansea","5","0","3","0","2","0","0","4","0","2","0","2"
"6817","03-12-16 16:00","England","Premier League","2016/2017","West Brom","Watford","3","4","2","3","1","1","2","1","1","0","1","1"
"6818","03-12-16 13:30","England","Premier League","2016/2017","Manchester City","Chelsea","9","2","4","2","5","0","2","3","1","0","1","3"
"6819","27-11-16 17:30","England","Premier League","2016/2017","Manchester Utd","West Ham","8","4","4","2","4","2","3","1","1","0","2","1"
"6820","27-11-16 17:30","England","Premier League","2016/2017","Southampton","Everton","5","2","2","1","3","1","0","0","0","0","0","0"
"6821","27-11-16 15:15","England","Premier League","2016/2017","Arsenal","Bournemouth","3","10","2","5","1","5","3","5","1","2","2","3"
"6822","27-11-16 13:00","England","Premier League","2016/2017","Watford","Stoke","3","3","1","2","2","1","0","0","0","0","0","0"
"6823","26-11-16 18:30","England","Premier League","2016/2017","Chelsea","Tottenham","3","8","2","3","1","5","2","1","1","1","1","0"
"6824","26-11-16 16:00","England","Premier League","2016/2017","Hull","West Brom","2","6","0","4","2","2","3","2","2","0","1","2"
"6825","26-11-16 16:00","England","Premier League","2016/2017","Leicester","Middlesbrough","2","3","2","1","0","2","4","4","2","2","2","2"
"6826","26-11-16 16:00","England","Premier League","2016/2017","Liverpool","Sunderland","9","4","3","3","6","1","1","3","0","0","1","3"
"6827","26-11-16 16:00","England","Premier League","2016/2017","Swansea","Crystal Palace","10","6","6","2","4","4","4","5","2","1","2","4"
"6828","26-11-16 13:30","England","Premier League","2016/2017","Burnley","Manchester City","5","8","3","5","2","3","2","3","1","1","1","2"
"6829","21-11-16 21:00","England","Premier League","2016/2017","West Brom","Burnley","4","3","1","0","3","3","0","0","0","0","0","0"
"6830","20-11-16 17:00","England","Premier League","2016/2017","Middlesbrough","Chelsea","2","3","0","3","2","0","2","3","1","0","1","3"
"6831","19-11-16 18:30","England","Premier League","2016/2017","Tottenham","West Ham","4","5","3","3","1","2","3","4","1","1","2","3"
"6832","19-11-16 16:00","England","Premier League","2016/2017","Crystal Palace","Manchester City","2","7","0","2","2","5","1","2","0","0","1","2"
"6833","19-11-16 16:00","England","Premier League","2016/2017","Everton","Swansea","10","3","3","3","7","0","5","2","1","2","4","0"
"6834","19-11-16 16:00","England","Premier League","2016/2017","Southampton","Liverpool","1","8","1","2","0","6","1","1","0","0","1","1"
"6835","19-11-16 16:00","England","Premier League","2016/2017","Stoke","Bournemouth","3","4","1","2","2","2","0","0","0","0","0","0"
"6836","19-11-16 16:00","England","Premier League","2016/2017","Sunderland","Hull","2","8","2","3","0","5","0","0","0","0","0","0"
"6837","19-11-16 16:00","England","Premier League","2016/2017","Watford","Leicester","4","6","2","2","2","4","2","3","2","0","0","3"
"6838","19-11-16 13:30","England","Premier League","2016/2017","Manchester Utd","Arsenal","10","4","5","1","5","3","3","3","1","1","2","2"
"6839","06-11-16 17:30","England","Premier League","2016/2017","Leicester","West Brom","5","6","1","1","4","5","0","2","0","0","0","2"
"6840","06-11-16 16:00","England","Premier League","2016/2017","Swansea","Manchester Utd","2","0","0","0","2","0","0","2","0","0","0","2"
"6841","06-11-16 15:15","England","Premier League","2016/2017","Hull","Southampton","1","10","0","2","1","8","0","5","0","1","0","4"
"6842","06-11-16 15:15","England","Premier League","2016/2017","Liverpool","Watford","6","3","4","0","2","3","1","2","0","0","1","2"
"6843","06-11-16 13:00","England","Premier League","2016/2017","Arsenal","Tottenham","7","2","1","0","6","2","1","2","0","1","1","1"
"6844","05-11-16 18:30","England","Premier League","2016/2017","Chelsea","Everton","4","2","2","0","2","2","0","3","0","2","0","1"
"6845","05-11-16 16:00","England","Premier League","2016/2017","Bournemouth","Sunderland","12","2","2","1","10","1","3","4","2","1","1","3"
"6846","05-11-16 16:00","England","Premier League","2016/2017","Burnley","Crystal Palace","4","7","2","4","2","3","1","2","1","0","0","2"
"6847","05-11-16 16:00","England","Premier League","2016/2017","Manchester City","Middlesbrough","8","2","8","0","0","2","1","3","0","1","1","2"
"6848","05-11-16 16:00","England","Premier League","2016/2017","West Ham","Stoke","6","4","2","1","4","3","4","1","1","0","3","1"
"6849","31-10-16 21:00","England","Premier League","2016/2017","Stoke","Swansea","6","4","3","2","3","2","2","0","0","0","2","0"
"6850","30-10-16 17:00","England","Premier League","2016/2017","Southampton","Chelsea","7","3","6","1","1","2","0","0","0","0","0","0"
"6851","30-10-16 14:30","England","Premier League","2016/2017","Everton","West Ham","8","8","5","2","3","6","2","3","1","0","1","3"
"6852","29-10-16 18:30","England","Premier League","2016/2017","Crystal Palace","Liverpool","3","3","0","3","3","0","1","2","0","0","1","2"
"6853","29-10-16 16:00","England","Premier League","2016/2017","Manchester Utd","Burnley","19","1","10","1","9","0","3","3","1","0","2","3"
"6854","29-10-16 16:00","England","Premier League","2016/2017","Middlesbrough","Bournemouth","4","9","2","4","2","5","2","1","1","1","1","0"
"6855","29-10-16 16:00","England","Premier League","2016/2017","Tottenham","Leicester","8","1","4","1","4","0","3","4","2","0","1","4"
"6856","29-10-16 16:00","England","Premier League","2016/2017","Watford","Hull","7","2","5","0","2","2","1","2","0","0","1","2"
"6857","29-10-16 16:00","England","Premier League","2016/2017","West Brom","Manchester City","1","7","0","4","1","3","4","3","2","1","2","2"
"6858","29-10-16 13:30","England","Premier League","2016/2017","Sunderland","Arsenal","0","8","0","3","0","5","4","3","3","0","1","3"
"6859","23-10-16 17:00","England","Premier League","2016/2017","Chelsea","Manchester Utd","5","7","4","3","1","4","3","2","2","1","1","1"
"6860","23-10-16 14:30","England","Premier League","2016/2017","Manchester City","Southampton","10","3","3","2","7","1","3","3","0","1","3","2"
"6861","22-10-16 18:30","England","Premier League","2016/2017","Liverpool","West Brom","3","2","0","0","3","2","1","3","0","1","1","2"
"6862","22-10-16 16:00","England","Premier League","2016/2017","Arsenal","Middlesbrough","8","3","6","1","2","2","1","0","0","0","1","0"
"6863","22-10-16 16:00","England","Premier League","2016/2017","Burnley","Everton","2","8","1","3","1","5","2","3","2","2","0","1"
"6864","22-10-16 16:00","England","Premier League","2016/2017","Hull","Stoke","5","7","4","4","1","3","2","3","0","0","2","3"
"6865","22-10-16 16:00","England","Premier League","2016/2017","Leicester","Crystal Palace","7","8","3","1","4","7","0","0","0","0","0","0"
"6866","22-10-16 16:00","England","Premier League","2016/2017","Swansea","Watford","7","2","3","2","4","0","2","1","0","1","2","0"
"6867","22-10-16 16:00","England","Premier League","2016/2017","West Ham","Sunderland","6","2","4","0","2","2","2","5","1","3","1","2"
"6868","22-10-16 13:30","England","Premier League","2016/2017","Bournemouth","Tottenham","7","4","5","2","2","2","2","4","1","4","1","0"
"6869","17-10-16 21:00","England","Premier League","2016/2017","Liverpool","Manchester Utd","3","1","1","0","2","1","0","4","0","2","0","2"
"6870","16-10-16 17:00","England","Premier League","2016/2017","Southampton","Burnley","8","4","4","0","4","4","1","2","0","1","1","1"
"6871","16-10-16 14:30","England","Premier League","2016/2017","Middlesbrough","Watford","4","6","1","4","3","2","4","1","3","0","1","1"
"6872","15-10-16 18:30","England","Premier League","2016/2017","Crystal Palace","West Ham","7","6","3","5","4","1","1","5","0","1","1","4"
"6873","15-10-16 16:00","England","Premier League","2016/2017","Arsenal","Swansea","5","6","5","1","0","5","0","1","0","0","0","1"
"6874","15-10-16 16:00","England","Premier League","2016/2017","Bournemouth","Hull","5","4","1","1","4","3","0","3","0","2","0","1"
"6875","15-10-16 16:00","England","Premier League","2016/2017","Manchester City","Everton","13","1","6","0","7","1","0","2","0","0","0","2"
"6876","15-10-16 16:00","England","Premier League","2016/2017","Stoke","Sunderland","6","4","2","4","4","0","1","1","0","0","1","1"
"6877","15-10-16 16:00","England","Premier League","2016/2017","West Brom","Tottenham","5","8","0","4","5","4","2","2","1","0","1","2"
"6878","15-10-16 13:30","England","Premier League","2016/2017","Chelsea","Leicester","8","5","5","2","3","3","1","1","0","1","1","0"
"6879","02-10-16 17:30","England","Premier League","2016/2017","Burnley","Arsenal","2","6","0","2","2","4","0","0","0","0","0","0"
"6880","02-10-16 15:15","England","Premier League","2016/2017","Leicester","Southampton","3","6","2","3","1","3","1","0","0","0","1","0"
"6881","02-10-16 15:15","England","Premier League","2016/2017","Tottenham","Manchester City","4","3","2","1","2","2","2","2","2","1","0","1"
"6882","02-10-16 13:00","England","Premier League","2016/2017","Manchester Utd","Stoke","13","2","4","1","9","1","0","0","0","0","0","0"
"6883","01-10-16 16:00","England","Premier League","2016/2017","Hull","Chelsea","5","7","4","3","1","4","0","0","0","0","0","0"
"6884","01-10-16 16:00","England","Premier League","2016/2017","Sunderland","West Brom","6","5","4","4","2","1","1","3","1","1","0","2"
"6885","01-10-16 16:00","England","Premier League","2016/2017","Watford","Bournemouth","4","5","1","2","3","3","3","4","2","3","1","1"
"6886","01-10-16 16:00","England","Premier League","2016/2017","West Ham","Middlesbrough","4","5","2","2","2","3","2","3","1","0","1","3"
"6887","01-10-16 13:30","England","Premier League","2016/2017","Swansea","Liverpool","3","10","1","4","2","6","0","0","0","0","0","0"
"6888","30-09-16 21:00","England","Premier League","2016/2017","Everton","Crystal Palace","10","9","6","3","4","6","5","4","1","2","4","2"
"6889","26-09-16 21:00","England","Premier League","2016/2017","Burnley","Watford","7","6","5","1","2","5","1","3","1","2","0","1"
"6890","25-09-16 17:00","England","Premier League","2016/2017","West Ham","Southampton","6","2","3","1","3","1","5","2","0","1","5","1"
"6891","24-09-16 18:30","England","Premier League","2016/2017","Arsenal","Chelsea","9","1","5","0","4","1","0","2","0","1","0","1"
"6892","24-09-16 16:00","England","Premier League","2016/2017","Bournemouth","Everton","5","3","4","2","1","1","2","2","1","1","1","1"
"6893","24-09-16 16:00","England","Premier League","2016/2017","Liverpool","Hull","13","2","8","0","5","2","1","2","1","2","0","0"
"6894","24-09-16 16:00","England","Premier League","2016/2017","Middlesbrough","Tottenham","2","10","1","5","1","5","2","1","0","0","2","1"
"6895","24-09-16 16:00","England","Premier League","2016/2017","Stoke","West Brom","6","6","2","3","4","3","3","4","2","1","1","3"
"6896","24-09-16 16:00","England","Premier League","2016/2017","Sunderland","Crystal Palace","3","5","2","3","1","2","0","2","0","1","0","1"
"6897","24-09-16 16:00","England","Premier League","2016/2017","Swansea","Manchester City","2","7","0","4","2","3","2","4","0","2","2","2"
"6898","24-09-16 13:30","England","Premier League","2016/2017","Manchester Utd","Leicester","8","6","5","3","3","3","0","2","0","0","0","2"
"6899","18-09-16 17:30","England","Premier League","2016/2017","Tottenham","Sunderland","14","1","7","0","7","1","1","7","0","1","1","6"
"6900","18-09-16 15:15","England","Premier League","2016/2017","Crystal Palace","Stoke","10","5","6","1","4","4","0","0","0","0","0","0"
"6901","18-09-16 15:15","England","Premier League","2016/2017","Southampton","Swansea","7","1","3","0","4","1","1","1","1","0","0","1"
"6902","18-09-16 13:00","England","Premier League","2016/2017","Watford","Manchester Utd","5","7","0","3","5","4","3","4","0","0","3","4"
"6903","17-09-16 18:30","England","Premier League","2016/2017","Everton","Middlesbrough","6","3","3","3","3","0","2","1","2","1","0","0"
"6904","17-09-16 16:00","England","Premier League","2016/2017","Hull","Arsenal","2","4","2","3","0","1","0","2","0","1","0","1"
"6905","17-09-16 16:00","England","Premier League","2016/2017","Leicester","Burnley","7","1","3","1","4","0","0","1","0","0","0","1"
"6906","17-09-16 16:00","England","Premier League","2016/2017","Manchester City","Bournemouth","5","5","2","2","3","3","1","1","1","0","0","1"
"6907","17-09-16 16:00","England","Premier League","2016/2017","West Brom","West Ham","2","6","1","3","1","3","2","1","1","0","1","1"
"6908","16-09-16 21:00","England","Premier League","2016/2017","Chelsea","Liverpool","6","4","5","2","1","2","1","1","1","0","0","1"
"6909","12-09-16 21:00","England","Premier League","2016/2017","Sunderland","Everton","5","5","1","2","4","3","1","1","1","0","0","1"
"6910","11-09-16 17:00","England","Premier League","2016/2017","Swansea","Chelsea","1","11","1","8","0","3","0","0","0","0","0","0"
"6911","10-09-16 18:30","England","Premier League","2016/2017","Liverpool","Leicester","1","7","1","2","0","5","1","3","1","1","0","2"
"6912","10-09-16 16:00","England","Premier League","2016/2017","Arsenal","Southampton","6","1","2","0","4","1","2","5","2","0","0","5"
"6913","10-09-16 16:00","England","Premier League","2016/2017","Bournemouth","West Brom","10","5","8","2","2","3","1","3","0","0","1","3"
"6914","10-09-16 16:00","England","Premier League","2016/2017","Burnley","Hull","5","9","3","4","2","5","2","0","1","0","1","0"
"6915","10-09-16 16:00","England","Premier League","2016/2017","Middlesbrough","Crystal Palace","6","6","4","4","2","2","1","2","0","0","1","2"
"6916","10-09-16 16:00","England","Premier League","2016/2017","Stoke","Tottenham","10","8","3","2","7","6","3","2","2","1","1","1"
"6917","10-09-16 16:00","England","Premier League","2016/2017","West Ham","Watford","4","4","2","1","2","3","2","2","1","1","1","1"
"6918","10-09-16 13:30","England","Premier League","2016/2017","Manchester Utd","Manchester City","4","4","1","1","3","3","4","2","1","1","3","1"
"6919","28-08-16 17:00","England","Premier League","2016/2017","Manchester City","West Ham","5","4","5","2","0","2","1","3","1","1","0","2"
"6920","28-08-16 14:30","England","Premier League","2016/2017","West Brom","Middlesbrough","5","4","4","3","1","1","1","3","0","1","1","2"
"6921","27-08-16 18:30","England","Premier League","2016/2017","Hull","Manchester Utd","1","6","0","1","1","5","2","3","0","1","2","2"
"6922","27-08-16 16:00","England","Premier League","2016/2017","Chelsea","Burnley","9","5","5","0","4","5","2","2","2","0","0","2"
"6923","27-08-16 16:00","England","Premier League","2016/2017","Crystal Palace","Bournemouth","10","4","2","4","8","0","2","1","2","0","0","1"
"6924","27-08-16 16:00","England","Premier League","2016/2017","Everton","Stoke","9","2","5","0","4","2","2","1","1","0","1","1"
"6925","27-08-16 16:00","England","Premier League","2016/2017","Leicester","Swansea","4","6","2","2","2","4","2","2","1","1","1","1"
"6926","27-08-16 16:00","England","Premier League","2016/2017","Southampton","Sunderland","5","5","1","3","4","2","2","2","1","0","1","2"
"6927","27-08-16 16:00","England","Premier League","2016/2017","Watford","Arsenal","3","2","1","1","2","1","6","1","2","0","4","1"
"6928","27-08-16 13:30","England","Premier League","2016/2017","Tottenham","Liverpool","5","5","2","1","3","4","3","5","1","2","2","3"
"6929","21-08-16 17:00","England","Premier League","2016/2017","West Ham","Bournemouth","1","6","0","2","1","4","3","3","2","2","1","1"
"6930","21-08-16 14:30","England","Premier League","2016/2017","Sunderland","Middlesbrough","8","1","3","1","5","0","1","1","0","1","1","0"
"6931","20-08-16 18:30","England","Premier League","2016/2017","Leicester","Arsenal","2","7","1","4","1","3","1","2","1","1","0","1"
"6932","20-08-16 16:00","England","Premier League","2016/2017","Burnley","Liverpool","1","12","0","5","1","7","0","1","0","0","0","1"
"6933","20-08-16 16:00","England","Premier League","2016/2017","Swansea","Hull","8","3","3","0","5","3","0","0","0","0","0","0"
"6934","20-08-16 16:00","England","Premier League","2016/2017","Tottenham","Crystal Palace","10","4","8","2","2","2","3","3","0","1","3","2"
"6935","20-08-16 16:00","England","Premier League","2016/2017","Watford","Chelsea","0","5","0","3","0","2","4","3","1","1","3","2"
"6936","20-08-16 16:00","England","Premier League","2016/2017","West Brom","Everton","7","4","3","1","4","3","3","1","1","0","2","1"
"6937","20-08-16 13:30","England","Premier League","2016/2017","Stoke","Manchester City","7","7","3","4","4","3","3","4","2","0","1","4"
"6938","19-08-16 21:00","England","Premier League","2016/2017","Manchester Utd","Southampton","4","0","3","0","1","0","0","0","0","0","0","0"
"6939","15-08-16 21:00","England","Premier League","2016/2017","Chelsea","West Ham","7","1","3","0","4","1","5","2","2","1","3","1"
"6940","14-08-16 17:00","England","Premier League","2016/2017","Arsenal","Liverpool","5","4","3","0","2","4","3","3","1","3","2","0"
"6941","14-08-16 14:30","England","Premier League","2016/2017","Bournemouth","Manchester Utd","4","2","0","2","4","0","0","1","0","0","0","1"
"6942","13-08-16 18:30","England","Premier League","2016/2017","Manchester City","Sunderland","9","6","2","3","7","3","1","2","0","1","1","1"
"6943","13-08-16 16:00","England","Premier League","2016/2017","Burnley","Swansea","7","4","3","3","4","1","3","2","1","0","2","2"
"6944","13-08-16 16:00","England","Premier League","2016/2017","Crystal Palace","West Brom","3","6","2","2","1","4","2","2","0","1","2","1"
"6945","13-08-16 16:00","England","Premier League","2016/2017","Everton","Tottenham","5","6","2","1","3","5","0","0","0","0","0","0"
"6946","13-08-16 16:00","England","Premier League","2016/2017","Middlesbrough","Stoke","9","6","5","4","4","2","3","5","2","2","1","3"
"6947","13-08-16 16:00","England","Premier League","2016/2017","Southampton","Watford","6","2","1","0","5","2","1","2","0","0","1","2"
"6948","13-08-16 13:30","England","Premier League","2016/2017","Hull","Leicester","5","3","3","2","2","1","2","2","0","2","2","0"
"6949","17-05-16 21:00","England","Premier League","2015/2016","Manchester Utd","Bournemouth","7","1","3","0","4","1","1","0","0","0","1","0"
"6950","15-05-16 16:00","England","Premier League","2015/2016","Arsenal","Aston Villa","5","4","3","1","2","3","0","1","0","1","0","0"
"6951","15-05-16 16:00","England","Premier League","2015/2016","Chelsea","Leicester","7","6","3","3","4","3","0","0","0","0","0","0"
"6952","15-05-16 16:00","England","Premier League","2015/2016","Everton","Norwich","4","11","3","5","1","6","0","0","0","0","0","0"
"6953","15-05-16 16:00","England","Premier League","2015/2016","Newcastle","Tottenham","3","8","1","2","2","6","1","2","0","1","1","1"
"6954","15-05-16 16:00","England","Premier League","2015/2016","Southampton","Crystal Palace","2","5","0","2","2","3","1","2","0","0","1","2"
"6955","15-05-16 16:00","England","Premier League","2015/2016","Stoke","West Ham","4","10","1","4","3","6","3","1","1","1","2","0"
"6956","15-05-16 16:00","England","Premier League","2015/2016","Swansea","Manchester City","4","4","3","1","1","3","1","3","0","2","1","1"
"6957","15-05-16 16:00","England","Premier League","2015/2016","Watford","Sunderland","7","4","2","4","5","0","1","0","0","0","1","0"
"6958","15-05-16 16:00","England","Premier League","2015/2016","West Brom","Liverpool","7","5","0","2","7","3","3","1","1","1","2","0"
"6959","11-05-16 21:00","England","Premier League","2015/2016","Liverpool","Chelsea","7","3","3","1","4","2","3","1","1","0","2","1"
"6960","11-05-16 20:45","England","Premier League","2015/2016","Norwich","Watford","5","1","4","1","1","0","2","3","0","1","2","2"
"6961","11-05-16 20:45","England","Premier League","2015/2016","Sunderland","Everton","5","5","2","0","3","5","1","0","0","0","1","0"
"6962","10-05-16 20:45","England","Premier League","2015/2016","West Ham","Manchester Utd","6","2","4","1","2","1","1","3","0","0","1","3"
"6963","08-05-16 17:00","England","Premier League","2015/2016","Liverpool","Watford","8","8","6","4","2","4","1","2","0","0","1","2"
"6964","08-05-16 17:00","England","Premier League","2015/2016","Manchester City","Arsenal","7","2","5","1","2","1","2","1","0","0","2","1"
"6965","08-05-16 14:30","England","Premier League","2015/2016","Tottenham","Southampton","10","2","4","2","6","0","0","3","0","0","0","3"
"6966","07-05-16 18:30","England","Premier League","2015/2016","Leicester","Everton","12","4","3","1","9","3","0","3","0","1","0","2"
"6967","07-05-16 16:00","England","Premier League","2015/2016","Aston Villa","Newcastle","0","5","0","1","0","4","1","1","0","0","1","1"
"6968","07-05-16 16:00","England","Premier League","2015/2016","Bournemouth","West Brom","5","3","2","3","3","0","2","1","1","0","1","1"
"6969","07-05-16 16:00","England","Premier League","2015/2016","Crystal Palace","Stoke","4","3","2","1","2","2","0","0","0","0","0","0"
"6970","07-05-16 16:00","England","Premier League","2015/2016","Sunderland","Chelsea","3","3","0","2","3","1","0","0","0","0","0","0"
"6971","07-05-16 16:00","England","Premier League","2015/2016","West Ham","Swansea","13","3","7","0","6","3","3","0","0","0","3","0"
"6972","07-05-16 13:45","England","Premier League","2015/2016","Norwich","Manchester Utd","1","6","1","3","0","3","1","0","0","0","1","0"
"6973","02-05-16 21:00","England","Premier League","2015/2016","Chelsea","Tottenham","7","8","4","1","3","7","3","9","1","3","2","6"
"6974","01-05-16 17:30","England","Premier League","2015/2016","Southampton","Manchester City","8","2","5","2","3","0","2","1","1","1","1","0"
"6975","01-05-16 15:05","England","Premier League","2015/2016","Manchester Utd","Leicester","6","5","4","2","2","3","3","2","0","0","3","2"
"6976","01-05-16 13:00","England","Premier League","2015/2016","Swansea","Liverpool","4","7","3","2","1","5","2","4","1","2","1","2"
"6977","30-04-16 18:30","England","Premier League","2015/2016","Arsenal","Norwich","7","3","3","0","4","3","1","0","0","0","1","0"
"6978","30-04-16 16:00","England","Premier League","2015/2016","Everton","Bournemouth","3","5","2","2","1","3","1","0","0","0","1","0"
"6979","30-04-16 16:00","England","Premier League","2015/2016","Newcastle","Crystal Palace","4","8","1","4","3","4","2","0","1","0","1","0"
"6980","30-04-16 16:00","England","Premier League","2015/2016","Stoke","Sunderland","2","8","2","3","0","5","2","2","0","0","2","2"
"6981","30-04-16 16:00","England","Premier League","2015/2016","Watford","Aston Villa","8","4","4","1","4","3","2","3","0","2","2","1"
"6982","30-04-16 16:00","England","Premier League","2015/2016","West Brom","West Ham","8","6","3","3","5","3","0","0","0","0","0","0"
"6983","25-04-16 21:00","England","Premier League","2015/2016","Tottenham","West Brom","9","7","6","2","3","5","0","1","0","0","0","1"
"6984","24-04-16 17:15","England","Premier League","2015/2016","Leicester","Swansea","4","6","2","5","2","1","1","2","0","0","1","2"
"6985","24-04-16 15:05","England","Premier League","2015/2016","Sunderland","Arsenal","7","7","2","5","5","2","2","4","0","1","2","3"
"6986","23-04-16 16:00","England","Premier League","2015/2016","Aston Villa","Southampton","6","11","3","5","3","6","2","0","0","0","2","0"
"6987","23-04-16 16:00","England","Premier League","2015/2016","Bournemouth","Chelsea","10","7","5","1","5","6","1","0","0","0","1","0"
"6988","23-04-16 16:00","England","Premier League","2015/2016","Liverpool","Newcastle","5","4","1","3","4","1","1","1","0","1","1","0"
"6989","23-04-16 13:45","England","Premier League","2015/2016","Manchester City","Stoke","9","4","4","2","5","2","0","0","0","0","0","0"
"6990","21-04-16 20:45","England","Premier League","2015/2016","Arsenal","West Brom","2","6","0","4","2","2","0","1","0","1","0","0"
"6991","20-04-16 21:00","England","Premier League","2015/2016","Liverpool","Everton","9","1","5","1","4","0","1","1","1","1","0","0"
"6992","20-04-16 21:00","England","Premier League","2015/2016","Manchester Utd","Crystal Palace","10","2","3","2","7","0","1","2","0","2","1","0"
"6993","20-04-16 20:45","England","Premier League","2015/2016","West Ham","Watford","4","2","1","0","3","2","0","0","0","0","0","0"
"6994","19-04-16 20:45","England","Premier League","2015/2016","Newcastle","Manchester City","5","3","2","0","3","3","3","2","1","0","2","2"
"6995","18-04-16 21:00","England","Premier League","2015/2016","Stoke","Tottenham","5","3","4","2","1","1","2","0","0","0","2","0"
"6996","17-04-16 17:00","England","Premier League","2015/2016","Arsenal","Crystal Palace","10","5","6","2","4","3","0","2","0","0","0","2"
"6997","17-04-16 14:30","England","Premier League","2015/2016","Bournemouth","Liverpool","5","4","2","1","3","3","0","0","0","0","0","0"
"6998","17-04-16 14:30","England","Premier League","2015/2016","Leicester","West Ham","0","5","0","1","0","4","3","3","1","3","2","0"
"6999","16-04-16 18:30","England","Premier League","2015/2016","Chelsea","Manchester City","11","3","8","3","3","0","2","3","0","2","2","1"
"7000","16-04-16 16:00","England","Premier League","2015/2016","Everton","Southampton","3","10","2","5","1","5","1","1","1","0","0","1"
"7001","16-04-16 16:00","England","Premier League","2015/2016","Manchester Utd","Aston Villa","14","3","9","0","5","3","0","1","0","0","0","1"
"7002","16-04-16 16:00","England","Premier League","2015/2016","Newcastle","Swansea","3","7","2","3","1","4","2","1","1","1","1","0"
"7003","16-04-16 16:00","England","Premier League","2015/2016","West Brom","Watford","9","3","4","1","5","2","0","3","0","1","0","2"
"7004","16-04-16 13:45","England","Premier League","2015/2016","Norwich","Sunderland","14","0","6","0","8","0","2","2","1","1","1","1"
"7005","13-04-16 21:00","England","Premier League","2015/2016","Crystal Palace","Everton","10","7","5","2","5","5","0","3","0","1","0","2"
"7006","10-04-16 17:00","England","Premier League","2015/2016","Liverpool","Stoke","6","3","2","1","4","2","0","2","0","1","0","1"
"7007","10-04-16 17:00","England","Premier League","2015/2016","Tottenham","Manchester Utd","2","7","1","3","1","4","3","3","0","0","3","3"
"7008","10-04-16 14:30","England","Premier League","2015/2016","Sunderland","Leicester","1","7","0","5","1","2","1","1","1","1","0","0"
"7009","09-04-16 18:30","England","Premier League","2015/2016","Manchester City","West Brom","8","8","7","4","1","4","0","1","0","1","0","0"
"7010","09-04-16 16:00","England","Premier League","2015/2016","Aston Villa","Bournemouth","3","8","0","3","3","5","2","2","1","2","1","0"
"7011","09-04-16 16:00","England","Premier League","2015/2016","Crystal Palace","Norwich","10","4","6","2","4","2","0","0","0","0","0","0"
"7012","09-04-16 16:00","England","Premier League","2015/2016","Southampton","Newcastle","11","2","6","0","5","2","0","0","0","0","0","0"
"7013","09-04-16 16:00","England","Premier League","2015/2016","Swansea","Chelsea","1","9","1","3","0","6","5","4","2","2","3","2"
"7014","09-04-16 16:00","England","Premier League","2015/2016","Watford","Everton","7","6","4","3","3","3","2","1","1","1","1","0"
"7015","09-04-16 13:45","England","Premier League","2015/2016","West Ham","Arsenal","7","4","4","2","3","2","2","0","1","0","1","0"
"7016","03-04-16 17:00","England","Premier League","2015/2016","Manchester Utd","Everton","5","5","4","1","1","4","0","0","0","0","0","0"
"7017","03-04-16 14:30","England","Premier League","2015/2016","Leicester","Southampton","7","8","4","6","3","2","2","2","0","0","2","2"
"7018","02-04-16 18:30","England","Premier League","2015/2016","Liverpool","Tottenham","12","9","6","2","6","7","2","0","1","0","1","0"
"7019","02-04-16 16:00","England","Premier League","2015/2016","Arsenal","Watford","8","3","6","0","2","3","1","1","0","0","1","1"
"7020","02-04-16 16:00","England","Premier League","2015/2016","Bournemouth","Manchester City","4","4","1","3","3","1","0","1","0","0","0","1"
"7021","02-04-16 16:00","England","Premier League","2015/2016","Norwich","Newcastle","6","5","2","0","4","5","0","0","0","0","0","0"
"7022","02-04-16 16:00","England","Premier League","2015/2016","Stoke","Swansea","5","5","3","3","2","2","0","1","0","1","0","0"
"7023","02-04-16 16:00","England","Premier League","2015/2016","Sunderland","West Brom","9","3","0","0","9","3","1","2","1","0","0","2"
"7024","02-04-16 16:00","England","Premier League","2015/2016","West Ham","Crystal Palace","4","5","3","2","1","3","2","2","2","0","0","2"
"7025","02-04-16 13:45","England","Premier League","2015/2016","Aston Villa","Chelsea","7","2","2","2","5","0","6","1","2","1","4","0"
"7026","20-03-16 17:00","England","Premier League","2015/2016","Manchester City","Manchester Utd","11","5","5","2","6","3","1","1","0","1","1","0"
"7027","20-03-16 17:00","England","Premier League","2015/2016","Tottenham","Bournemouth","4","5","4","1","0","4","0","1","0","0","0","1"
"7028","20-03-16 14:30","England","Premier League","2015/2016","Newcastle","Sunderland","2","5","0","3","2","2","4","1","2","0","2","1"
"7029","20-03-16 14:30","England","Premier League","2015/2016","Southampton","Liverpool","3","5","3","4","0","1","1","3","0","1","1","2"
"7030","19-03-16 18:30","England","Premier League","2015/2016","Swansea","Aston Villa","4","6","4","2","0","4","0","0","0","0","0","0"
"7031","19-03-16 16:00","England","Premier League","2015/2016","Chelsea","West Ham","10","9","4","5","6","4","3","5","1","2","2","3"
"7032","19-03-16 16:00","England","Premier League","2015/2016","Crystal Palace","Leicester","10","7","1","2","9","5","1","1","1","1","0","0"
"7033","19-03-16 16:00","England","Premier League","2015/2016","Watford","Stoke","9","2","5","0","4","2","3","1","2","0","1","1"
"7034","19-03-16 16:00","England","Premier League","2015/2016","West Brom","Norwich","4","3","2","2","2","1","1","2","0","0","1","2"
"7035","19-03-16 13:45","England","Premier League","2015/2016","Everton","Arsenal","7","5","4","2","3","3","0","0","0","0","0","0"
"7036","14-03-16 21:00","England","Premier League","2015/2016","Leicester","Newcastle","8","4","3","1","5","3","0","0","0","0","0","0"
"7037","13-03-16 17:00","England","Premier League","2015/2016","Aston Villa","Tottenham","5","8","3","3","2","5","0","0","0","0","0","0"
"7038","12-03-16 16:00","England","Premier League","2015/2016","Bournemouth","Swansea","5","3","2","2","3","1","1","0","1","0","0","0"
"7039","12-03-16 16:00","England","Premier League","2015/2016","Stoke","Southampton","1","4","0","2","1","2","1","2","0","0","1","2"
"7040","12-03-16 13:45","England","Premier League","2015/2016","Norwich","Manchester City","3","8","2","3","1","5","0","0","0","0","0","0"
"7041","06-03-16 17:00","England","Premier League","2015/2016","West Brom","Manchester Utd","4","5","3","2","1","3","1","2","0","2","1","0"
"7042","06-03-16 14:30","England","Premier League","2015/2016","Crystal Palace","Liverpool","6","6","3","4","3","2","1","4","1","2","0","2"
"7043","05-03-16 18:30","England","Premier League","2015/2016","Watford","Leicester","3","8","1","4","2","4","2","2","1","0","1","2"
"7044","05-03-16 16:00","England","Premier League","2015/2016","Chelsea","Stoke","8","4","3","2","5","2","1","2","1","0","0","2"
"7045","05-03-16 16:00","England","Premier League","2015/2016","Everton","West Ham","9","6","5","1","4","5","4","3","2","1","2","2"
"7046","05-03-16 16:00","England","Premier League","2015/2016","Manchester City","Aston Villa","9","1","7","1","2","0","0","0","0","0","0","0"
"7047","05-03-16 16:00","England","Premier League","2015/2016","Newcastle","Bournemouth","5","4","3","2","2","2","1","3","0","1","1","2"
"7048","05-03-16 16:00","England","Premier League","2015/2016","Southampton","Sunderland","12","2","5","2","7","0","2","1","2","1","0","0"
"7049","05-03-16 16:00","England","Premier League","2015/2016","Swansea","Norwich","5","0","0","0","5","0","2","5","1","2","1","3"
"7050","05-03-16 13:45","England","Premier League","2015/2016","Tottenham","Arsenal","9","2","3","1","6","1","0","0","0","0","0","0"
"7051","02-03-16 21:00","England","Premier League","2015/2016","Liverpool","Manchester City","3","2","1","1","2","1","0","1","0","0","0","1"
"7052","02-03-16 21:00","England","Premier League","2015/2016","Manchester Utd","Watford","9","7","3","3","6","4","1","2","1","0","0","2"
"7053","02-03-16 20:45","England","Premier League","2015/2016","Arsenal","Swansea","7","3","2","2","5","1","0","2","0","1","0","1"
"7054","02-03-16 20:45","England","Premier League","2015/2016","Stoke","Newcastle","5","2","0","0","5","2","1","0","1","0","0","0"
"7055","02-03-16 20:45","England","Premier League","2015/2016","West Ham","Tottenham","6","3","5","0","1","3","0","3","0","2","0","1"
"7056","01-03-16 20:45","England","Premier League","2015/2016","Aston Villa","Everton","9","8","3","1","6","7","3","1","3","1","0","0"
"7057","01-03-16 20:45","England","Premier League","2015/2016","Bournemouth","Southampton","10","2","7","0","3","2","0","0","0","0","0","0"
"7058","01-03-16 20:45","England","Premier League","2015/2016","Leicester","West Brom","11","3","5","0","6","3","0","2","0","1","0","1"
"7059","01-03-16 20:45","England","Premier League","2015/2016","Norwich","Chelsea","4","4","0","2","4","2","3","2","2","1","1","1"
"7060","01-03-16 20:45","England","Premier League","2015/2016","Sunderland","Crystal Palace","4","5","2","2","2","3","1","1","1","1","0","0"
"7061","28-02-16 15:05","England","Premier League","2015/2016","Manchester Utd","Arsenal","2","3","0","2","2","1","4","3","2","0","2","3"
"7062","28-02-16 15:05","England","Premier League","2015/2016","Tottenham","Swansea","7","7","2","3","5","4","2","3","0","2","2","1"
"7063","27-02-16 18:30","England","Premier League","2015/2016","West Brom","Crystal Palace","3","6","1","2","2","4","0","0","0","0","0","0"
"7064","27-02-16 16:00","England","Premier League","2015/2016","Leicester","Norwich","3","4","1","3","2","1","0","2","0","0","0","2"
"7065","27-02-16 16:00","England","Premier League","2015/2016","Southampton","Chelsea","7","8","6","5","1","3","3","1","1","0","2","1"
"7066","27-02-16 16:00","England","Premier League","2015/2016","Stoke","Aston Villa","11","0","6","0","5","0","0","3","0","2","0","1"
"7067","27-02-16 16:00","England","Premier League","2015/2016","Watford","Bournemouth","4","5","4","2","0","3","3","1","0","0","3","1"
"7068","27-02-16 13:45","England","Premier League","2015/2016","West Ham","Sunderland","5","6","4","4","1","2","0","0","0","0","0","0"
"7069","14-02-16 17:15","England","Premier League","2015/2016","Manchester City","Tottenham","7","1","4","1","3","0","1","3","0","1","1","2"
"7070","14-02-16 15:05","England","Premier League","2015/2016","Aston Villa","Liverpool","0","6","0","2","0","4","3","1","1","0","2","1"
"7071","14-02-16 13:00","England","Premier League","2015/2016","Arsenal","Leicester","11","1","6","1","5","0","4","5","3","0","1","5"
"7072","13-02-16 18:30","England","Premier League","2015/2016","Chelsea","Newcastle","8","5","4","1","4","4","0","2","0","1","0","1"
"7073","13-02-16 16:00","England","Premier League","2015/2016","Bournemouth","Stoke","9","2","5","1","4","1","4","2","1","1","3","1"
"7074","13-02-16 16:00","England","Premier League","2015/2016","Crystal Palace","Watford","8","3","4","1","4","2","0","1","0","0","0","1"
"7075","13-02-16 16:00","England","Premier League","2015/2016","Everton","West Brom","14","1","8","1","6","0","1","4","0","0","1","4"
"7076","13-02-16 16:00","England","Premier League","2015/2016","Norwich","West Ham","3","3","2","1","1","2","2","2","1","2","1","0"
"7077","13-02-16 16:00","England","Premier League","2015/2016","Swansea","Southampton","5","4","1","1","4","3","0","3","0","1","0","2"
"7078","13-02-16 13:45","England","Premier League","2015/2016","Sunderland","Manchester Utd","6","8","0","5","6","3","2","3","2","0","0","3"
"7079","07-02-16 17:00","England","Premier League","2015/2016","Chelsea","Manchester Utd","10","11","3","10","7","1","0","3","0","0","0","3"
"7080","07-02-16 14:30","England","Premier League","2015/2016","Bournemouth","Arsenal","7","3","3","1","4","2","0","0","0","0","0","0"
"7081","06-02-16 18:30","England","Premier League","2015/2016","Southampton","West Ham","4","5","3","3","1","2","1","2","0","0","1","2"
"7082","06-02-16 16:00","England","Premier League","2015/2016","Aston Villa","Norwich","2","11","1","2","1","9","0","2","0","1","0","1"
"7083","06-02-16 16:00","England","Premier League","2015/2016","Liverpool","Sunderland","7","2","4","0","3","2","1","1","0","1","1","0"
"7084","06-02-16 16:00","England","Premier League","2015/2016","Newcastle","West Brom","8","4","7","2","1","2","0","3","0","0","0","3"
"7085","06-02-16 16:00","England","Premier League","2015/2016","Stoke","Everton","6","4","3","2","3","2","1","0","0","0","1","0"
"7086","06-02-16 16:00","England","Premier League","2015/2016","Swansea","Crystal Palace","9","5","2","3","7","2","1","2","0","0","1","2"
"7087","06-02-16 16:00","England","Premier League","2015/2016","Tottenham","Watford","15","1","9","0","6","1","0","0","0","0","0","0"
"7088","06-02-16 13:45","England","Premier League","2015/2016","Manchester City","Leicester","11","4","7","1","4","3","0","0","0","0","0","0"
"7089","03-02-16 20:45","England","Premier League","2015/2016","Everton","Newcastle","3","3","1","0","2","3","1","2","0","0","1","2"
"7090","03-02-16 20:45","England","Premier League","2015/2016","Watford","Chelsea","7","7","3","1","4","6","0","0","0","0","0","0"
"7091","02-02-16 21:00","England","Premier League","2015/2016","Crystal Palace","Bournemouth","5","3","2","2","3","1","3","4","1","0","2","4"
"7092","02-02-16 21:00","England","Premier League","2015/2016","Manchester Utd","Stoke","2","5","2","3","0","2","2","1","0","0","2","1"
"7093","02-02-16 21:00","England","Premier League","2015/2016","West Brom","Swansea","7","7","3","4","4","3","0","0","0","0","0","0"
"7094","02-02-16 20:45","England","Premier League","2015/2016","Arsenal","Southampton","13","3","2","3","11","0","2","1","0","0","2","1"
"7095","02-02-16 20:45","England","Premier League","2015/2016","Leicester","Liverpool","3","12","3","8","0","4","0","1","0","0","0","1"
"7096","02-02-16 20:45","England","Premier League","2015/2016","Norwich","Tottenham","6","8","3","5","3","3","2","2","1","0","1","2"
"7097","02-02-16 20:45","England","Premier League","2015/2016","Sunderland","Manchester City","8","4","3","2","5","2","1","4","0","0","1","4"
"7098","02-02-16 20:45","England","Premier League","2015/2016","West Ham","Aston Villa","5","5","1","4","4","1","3","0","0","0","3","0"
"7099","24-01-16 17:00","England","Premier League","2015/2016","Arsenal","Chelsea","6","7","2","2","4","5","1","3","1","1","0","2"
"7100","24-01-16 14:30","England","Premier League","2015/2016","Everton","Swansea","7","1","2","1","5","0","0","0","0","0","0","0"
"7101","23-01-16 18:30","England","Premier League","2015/2016","West Ham","Manchester City","5","2","2","2","3","0","0","0","0","0","0","0"
"7102","23-01-16 16:00","England","Premier League","2015/2016","Crystal Palace","Tottenham","3","10","1","5","2","5","2","2","0","0","2","2"
"7103","23-01-16 16:00","England","Premier League","2015/2016","Leicester","Stoke","8","4","6","2","2","2","0","1","0","0","0","1"
"7104","23-01-16 16:00","England","Premier League","2015/2016","Manchester Utd","Southampton","4","4","0","1","4","3","0","0","0","0","0","0"
"7105","23-01-16 16:00","England","Premier League","2015/2016","Sunderland","Bournemouth","3","4","2","1","1","3","1","1","0","1","1","0"
"7106","23-01-16 16:00","England","Premier League","2015/2016","Watford","Newcastle","2","7","1","2","1","5","2","1","0","0","2","1"
"7107","23-01-16 16:00","England","Premier League","2015/2016","West Brom","Aston Villa","2","6","1","3","1","3","0","1","0","1","0","0"
"7108","23-01-16 13:45","England","Premier League","2015/2016","Norwich","Liverpool","3","3","3","1","0","2","0","0","0","0","0","0"
"7109","18-01-16 21:00","England","Premier League","2015/2016","Swansea","Watford","6","3","4","1","2","2","2","2","0","2","2","0"
"7110","17-01-16 17:15","England","Premier League","2015/2016","Stoke","Arsenal","6","6","0","2","6","4","0","0","0","0","0","0"
"7111","17-01-16 15:05","England","Premier League","2015/2016","Liverpool","Manchester Utd","5","4","0","2","5","2","0","0","0","0","0","0"
"7112","16-01-16 18:30","England","Premier League","2015/2016","Aston Villa","Leicester","3","4","1","1","2","3","3","2","2","0","1","2"
"7113","16-01-16 16:00","England","Premier League","2015/2016","Bournemouth","Norwich","5","3","2","0","3","3","1","1","0","1","1","0"
"7114","16-01-16 16:00","England","Premier League","2015/2016","Chelsea","Everton","6","4","2","3","4","1","1","1","0","0","1","1"
"7115","16-01-16 16:00","England","Premier League","2015/2016","Manchester City","Crystal Palace","5","6","4","4","1","2","0","2","0","0","0","2"
"7116","16-01-16 16:00","England","Premier League","2015/2016","Newcastle","West Ham","3","3","1","2","2","1","1","0","0","0","1","0"
"7117","16-01-16 16:00","England","Premier League","2015/2016","Southampton","West Brom","1","3","1","0","0","3","0","0","0","0","0","0"
"7118","16-01-16 13:45","England","Premier League","2015/2016","Tottenham","Sunderland","11","3","6","2","5","1","0","0","0","0","0","0"
"7119","13-01-16 21:00","England","Premier League","2015/2016","Liverpool","Arsenal","9","3","2","3","7","0","2","0","1","0","1","0"
"7120","13-01-16 21:00","England","Premier League","2015/2016","Tottenham","Leicester","16","8","7","2","9","6","1","0","0","0","1","0"
"7121","13-01-16 20:45","England","Premier League","2015/2016","Chelsea","West Brom","7","7","3","2","4","5","3","3","0","1","3","2"
"7122","13-01-16 20:45","England","Premier League","2015/2016","Manchester City","Everton","12","5","3","3","9","2","0","1","0","0","0","1"
"7123","13-01-16 20:45","England","Premier League","2015/2016","Southampton","Watford","8","1","3","1","5","0","1","2","1","0","0","2"
"7124","13-01-16 20:45","England","Premier League","2015/2016","Stoke","Norwich","7","3","2","3","5","0","0","1","0","0","0","1"
"7125","13-01-16 20:45","England","Premier League","2015/2016","Swansea","Sunderland","8","6","5","3","3","3","0","2","0","0","0","2"
"7126","12-01-16 20:45","England","Premier League","2015/2016","Aston Villa","Crystal Palace","9","0","4","0","5","0","2","1","0","0","2","1"
"7127","12-01-16 20:45","England","Premier League","2015/2016","Bournemouth","West Ham","4","7","1","3","3","4","1","1","0","0","1","1"
"7128","12-01-16 20:45","England","Premier League","2015/2016","Newcastle","Manchester Utd","5","3","1","3","4","0","0","0","0","0","0","0"
"7129","03-01-16 17:00","England","Premier League","2015/2016","Everton","Tottenham","4","4","0","4","4","0","1","2","1","0","0","2"
"7130","03-01-16 14:30","England","Premier League","2015/2016","Crystal Palace","Chelsea","5","7","4","3","1","4","0","0","0","0","0","0"
"7131","02-01-16 18:30","England","Premier League","2015/2016","Watford","Manchester City","4","5","2","0","2","5","0","0","0","0","0","0"
"7132","02-01-16 16:00","England","Premier League","2015/2016","Arsenal","Newcastle","7","4","4","3","3","1","0","0","0","0","0","0"
"7133","02-01-16 16:00","England","Premier League","2015/2016","Leicester","Bournemouth","7","1","0","0","7","1","1","1","0","1","1","0"
"7134","02-01-16 16:00","England","Premier League","2015/2016","Manchester Utd","Swansea","4","2","1","0","3","2","2","1","1","0","1","1"
"7135","02-01-16 16:00","England","Premier League","2015/2016","Norwich","Southampton","4","9","1","6","3","3","1","2","0","1","1","1"
"7136","02-01-16 16:00","England","Premier League","2015/2016","Sunderland","Aston Villa","3","3","1","2","2","1","3","4","2","1","1","3"
"7137","02-01-16 16:00","England","Premier League","2015/2016","West Brom","Stoke","4","6","2","5","2","1","1","1","0","0","1","1"
"7138","02-01-16 13:45","England","Premier League","2015/2016","West Ham","Liverpool","3","9","2","3","1","6","0","0","0","0","0","0"
"7139","30-12-15 20:45","England","Premier League","2015/2016","Sunderland","Liverpool","6","4","2","4","4","0","0","0","0","0","0","0"
"7140","29-12-15 20:45","England","Premier League","2015/2016","Leicester","Manchester City","1","13","1","6","0","7","0","0","0","0","0","0"
"7141","28-12-15 18:30","England","Premier League","2015/2016","Arsenal","Bournemouth","9","3","7","1","2","2","2","0","1","0","1","0"
"7142","28-12-15 18:30","England","Premier League","2015/2016","Manchester Utd","Chelsea","5","3","3","2","2","1","4","2","2","1","2","1"
"7143","28-12-15 18:30","England","Premier League","2015/2016","West Ham","Southampton","4","7","1","3","3","4","1","3","0","0","1","3"
"7144","28-12-15 16:00","England","Premier League","2015/2016","Crystal Palace","Swansea","7","4","2","1","5","3","3","2","1","0","2","2"
"7145","28-12-15 16:00","England","Premier League","2015/2016","Everton","Stoke","6","2","3","1","3","1","2","1","1","1","1","0"
"7146","28-12-15 16:00","England","Premier League","2015/2016","Norwich","Aston Villa","3","7","1","3","2","4","2","5","0","1","2","4"
"7147","28-12-15 16:00","England","Premier League","2015/2016","Watford","Tottenham","5","3","1","3","4","0","4","2","0","1","4","1"
"7148","28-12-15 16:00","England","Premier League","2015/2016","West Brom","Newcastle","18","6","10","2","8","4","0","0","0","0","0","0"
"7149","26-12-15 20:45","England","Premier League","2015/2016","Southampton","Arsenal","3","4","0","4","3","0","0","0","0","0","0","0"
"7150","26-12-15 18:30","England","Premier League","2015/2016","Newcastle","Everton","3","7","0","1","3","6","0","0","0","0","0","0"
"7151","26-12-15 16:00","England","Premier League","2015/2016","Aston Villa","West Ham","9","6","5","4","4","2","3","3","1","1","2","2"
"7152","26-12-15 16:00","England","Premier League","2015/2016","Bournemouth","Crystal Palace","8","9","1","5","7","4","1","0","1","0","0","0"
"7153","26-12-15 16:00","England","Premier League","2015/2016","Chelsea","Watford","9","4","7","3","2","1","1","4","0","1","1","3"
"7154","26-12-15 16:00","England","Premier League","2015/2016","Liverpool","Leicester","7","6","5","2","2","4","2","1","1","0","1","1"
"7155","26-12-15 16:00","England","Premier League","2015/2016","Manchester City","Sunderland","5","1","1","0","4","1","1","1","1","1","0","0"
"7156","26-12-15 16:00","England","Premier League","2015/2016","Swansea","West Brom","0","7","0","5","0","2","1","3","0","1","1","2"
"7157","26-12-15 16:00","England","Premier League","2015/2016","Tottenham","Norwich","9","4","7","3","2","1","1","2","0","1","1","1"
"7158","26-12-15 13:45","England","Premier League","2015/2016","Stoke","Manchester Utd","1","12","1","7","0","5","0","0","0","0","0","0"
"7159","21-12-15 21:00","England","Premier League","2015/2016","Arsenal","Manchester City","4","8","1","4","3","4","0","0","0","0","0","0"
"7160","20-12-15 17:00","England","Premier League","2015/2016","Swansea","West Ham","8","9","4","4","4","5","0","1","0","0","0","1"
"7161","20-12-15 14:30","England","Premier League","2015/2016","Watford","Liverpool","7","9","4","4","3","5","1","0","0","0","1","0"
"7162","19-12-15 18:30","England","Premier League","2015/2016","Newcastle","Aston Villa","3","7","2","1","1","6","1","3","1","0","0","3"
"7163","19-12-15 16:00","England","Premier League","2015/2016","Chelsea","Sunderland","2","2","2","1","0","1","1","3","0","0","1","3"
"7164","19-12-15 16:00","England","Premier League","2015/2016","Everton","Leicester","10","2","4","2","6","0","2","1","0","0","2","1"
"7165","19-12-15 16:00","England","Premier League","2015/2016","Manchester Utd","Norwich","11","0","6","0","5","0","0","0","0","0","0","0"
"7166","19-12-15 16:00","England","Premier League","2015/2016","Southampton","Tottenham","4","7","2","3","2","4","1","1","1","0","0","1"
"7167","19-12-15 16:00","England","Premier League","2015/2016","Stoke","Crystal Palace","7","3","2","1","5","2","2","0","0","0","2","0"
"7168","19-12-15 16:00","England","Premier League","2015/2016","West Brom","Bournemouth","4","8","0","2","4","6","2","1","1","0","1","1"
"7169","14-12-15 21:00","England","Premier League","2015/2016","Leicester","Chelsea","1","8","0","5","1","3","0","0","0","0","0","0"
"7170","13-12-15 17:00","England","Premier League","2015/2016","Liverpool","West Brom","4","4","1","2","3","2","0","0","0","0","0","0"
"7171","13-12-15 17:00","England","Premier League","2015/2016","Tottenham","Newcastle","6","2","4","0","2","2","2","2","0","1","2","1"
"7172","13-12-15 14:30","England","Premier League","2015/2016","Aston Villa","Arsenal","5","5","1","1","4","4","0","0","0","0","0","0"
"7173","12-12-15 18:30","England","Premier League","2015/2016","Bournemouth","Manchester Utd","4","7","3","3","1","4","0","0","0","0","0","0"
"7174","12-12-15 16:00","England","Premier League","2015/2016","Crystal Palace","Southampton","8","5","6","2","2","3","0","0","0","0","0","0"
"7175","12-12-15 16:00","England","Premier League","2015/2016","Manchester City","Swansea","5","5","1","2","4","3","3","1","0","1","3","0"
"7176","12-12-15 16:00","England","Premier League","2015/2016","Sunderland","Watford","8","3","3","1","5","2","1","0","0","0","1","0"
"7177","12-12-15 16:00","England","Premier League","2015/2016","West Ham","Stoke","11","7","4","3","7","4","1","2","0","1","1","1"
"7178","12-12-15 13:45","England","Premier League","2015/2016","Norwich","Everton","5","4","2","2","3","2","1","0","0","0","1","0"
"7179","07-12-15 21:00","England","Premier League","2015/2016","Everton","Crystal Palace","13","6","4","2","9","4","1","2","0","0","1","2"
"7180","06-12-15 17:00","England","Premier League","2015/2016","Newcastle","Liverpool","2","7","1","5","1","2","3","1","1","1","2","0"
"7181","05-12-15 18:30","England","Premier League","2015/2016","Chelsea","Bournemouth","11","4","3","2","8","2","2","1","1","1","1","0"
"7182","05-12-15 16:00","England","Premier League","2015/2016","Arsenal","Sunderland","2","2","0","1","2","1","1","1","1","0","0","1"
"7183","05-12-15 16:00","England","Premier League","2015/2016","Manchester Utd","West Ham","6","2","3","2","3","0","1","0","0","0","1","0"
"7184","05-12-15 16:00","England","Premier League","2015/2016","Southampton","Aston Villa","10","4","5","1","5","3","1","2","1","0","0","2"
"7185","05-12-15 16:00","England","Premier League","2015/2016","Swansea","Leicester","3","8","1","3","2","5","2","3","0","1","2","2"
"7186","05-12-15 16:00","England","Premier League","2015/2016","Watford","Norwich","4","1","2","0","2","1","3","3","0","1","3","2"
"7187","05-12-15 16:00","England","Premier League","2015/2016","West Brom","Tottenham","3","6","1","1","2","5","3","2","0","0","3","2"
"7188","05-12-15 13:45","England","Premier League","2015/2016","Stoke","Manchester City","1","6","1","3","0","3","0","0","0","0","0","0"
"7189","29-11-15 17:15","England","Premier League","2015/2016","Liverpool","Swansea","8","7","4","1","4","6","3","1","1","0","2","1"
"7190","29-11-15 17:15","England","Premier League","2015/2016","Norwich","Arsenal","3","6","0","3","3","3","1","1","0","0","1","1"
"7191","29-11-15 15:05","England","Premier League","2015/2016","West Ham","West Brom","5","2","2","0","3","2","0","2","0","1","0","1"
"7192","29-11-15 13:00","England","Premier League","2015/2016","Tottenham","Chelsea","4","4","3","2","1","2","4","2","3","0","1","2"
"7193","28-11-15 18:30","England","Premier League","2015/2016","Leicester","Manchester Utd","1","8","1","5","0","3","0","1","0","1","0","0"
"7194","28-11-15 16:00","England","Premier League","2015/2016","Aston Villa","Watford","10","10","7","2","3","8","2","3","0","0","2","3"
"7195","28-11-15 16:00","England","Premier League","2015/2016","Bournemouth","Everton","10","5","3","5","7","0","2","0","0","0","2","0"
"7196","28-11-15 16:00","England","Premier League","2015/2016","Crystal Palace","Newcastle","7","5","2","1","5","4","1","1","1","0","0","1"
"7197","28-11-15 16:00","England","Premier League","2015/2016","Manchester City","Southampton","6","4","5","2","1","2","2","1","0","0","2","1"
"7198","28-11-15 16:00","England","Premier League","2015/2016","Sunderland","Stoke","9","5","4","4","5","1","0","4","0","2","0","2"
"7199","23-11-15 21:00","England","Premier League","2015/2016","Crystal Palace","Sunderland","11","2","4","1","7","1","1","3","0","0","1","3"
"7200","22-11-15 17:00","England","Premier League","2015/2016","Tottenham","West Ham","7","6","4","4","3","2","2","2","0","0","2","2"
"7201","21-11-15 18:30","England","Premier League","2015/2016","Manchester City","Liverpool","11","5","5","1","6","4","0","3","0","1","0","2"
"7202","21-11-15 16:00","England","Premier League","2015/2016","Chelsea","Norwich","6","5","4","3","2","2","1","4","1","1","0","3"
"7203","21-11-15 16:00","England","Premier League","2015/2016","Everton","Aston Villa","2","3","1","2","1","1","0","0","0","0","0","0"
"7204","21-11-15 16:00","England","Premier League","2015/2016","Newcastle","Leicester","4","9","2","4","2","5","4","1","1","1","3","0"
"7205","21-11-15 16:00","England","Premier League","2015/2016","Southampton","Stoke","7","3","2","3","5","0","2","0","0","0","2","0"
"7206","21-11-15 16:00","England","Premier League","2015/2016","Swansea","Bournemouth","4","5","2","2","2","3","3","2","0","1","3","1"
"7207","21-11-15 16:00","England","Premier League","2015/2016","West Brom","Arsenal","3","5","0","2","3","3","3","2","1","2","2","0"
"7208","21-11-15 13:45","England","Premier League","2015/2016","Watford","Manchester Utd","4","10","1","4","3","6","1","2","0","0","1","2"
"7209","08-11-15 17:00","England","Premier League","2015/2016","Arsenal","Tottenham","7","6","2","1","5","5","0","1","0","0","0","1"
"7210","08-11-15 17:00","England","Premier League","2015/2016","Liverpool","Crystal Palace","14","6","7","3","7","3","1","2","0","0","1","2"
"7211","08-11-15 14:30","England","Premier League","2015/2016","Aston Villa","Manchester City","3","8","0","3","3","5","0","0","0","0","0","0"
"7212","07-11-15 18:30","England","Premier League","2015/2016","Stoke","Chelsea","1","9","1","6","0","3","0","0","0","0","0","0"
"7213","07-11-15 16:00","England","Premier League","2015/2016","Leicester","Watford","4","2","0","2","4","0","0","1","0","0","0","1"
"7214","07-11-15 16:00","England","Premier League","2015/2016","Manchester Utd","West Brom","5","1","2","1","3","0","0","0","0","0","0","0"
"7215","07-11-15 16:00","England","Premier League","2015/2016","Norwich","Swansea","5","2","2","1","3","1","1","0","0","0","1","0"
"7216","07-11-15 16:00","England","Premier League","2015/2016","Sunderland","Southampton","3","7","1","1","2","6","1","3","1","1","0","2"
"7217","07-11-15 16:00","England","Premier League","2015/2016","West Ham","Everton","3","5","0","3","3","2","1","2","0","1","1","1"
"7218","07-11-15 13:45","England","Premier League","2015/2016","Bournemouth","Newcastle","16","0","9","0","7","0","2","2","0","1","2","1"
"7219","02-11-15 21:00","England","Premier League","2015/2016","Tottenham","Aston Villa","4","3","2","0","2","3","0","0","0","0","0","0"
"7220","01-11-15 17:00","England","Premier League","2015/2016","Southampton","Bournemouth","4","6","4","0","0","6","2","2","1","0","1","2"
"7221","01-11-15 14:30","England","Premier League","2015/2016","Everton","Sunderland","6","1","3","0","3","1","0","0","0","0","0","0"
"7222","31-10-15 16:00","England","Premier League","2015/2016","Crystal Palace","Manchester Utd","7","3","4","2","3","1","0","0","0","0","0","0"
"7223","31-10-15 16:00","England","Premier League","2015/2016","Manchester City","Norwich","12","4","6","2","6","2","2","2","1","0","1","2"
"7224","31-10-15 16:00","England","Premier League","2015/2016","Newcastle","Stoke","11","4","3","2","8","2","1","3","0","0","1","3"
"7225","31-10-15 16:00","England","Premier League","2015/2016","Swansea","Arsenal","4","4","2","0","2","4","2","0","0","0","2","0"
"7226","31-10-15 16:00","England","Premier League","2015/2016","Watford","West Ham","7","2","6","0","1","2","3","0","0","0","3","0"
"7227","31-10-15 16:00","England","Premier League","2015/2016","West Brom","Leicester","6","4","4","2","2","2","0","2","0","0","0","2"
"7228","31-10-15 13:45","England","Premier League","2015/2016","Chelsea","Liverpool","1","7","0","2","1","5","0","0","0","0","0","0"
"7229","25-10-15 17:15","England","Premier League","2015/2016","Liverpool","Southampton","10","7","2","3","8","4","1","2","0","0","1","2"
"7230","25-10-15 15:05","England","Premier League","2015/2016","Bournemouth","Tottenham","4","5","1","2","3","3","0","1","0","1","0","0"
"7231","25-10-15 15:05","England","Premier League","2015/2016","Manchester Utd","Manchester City","6","4","1","3","5","1","0","0","0","0","0","0"
"7232","25-10-15 13:00","England","Premier League","2015/2016","Sunderland","Newcastle","1","10","0","6","1","4","0","2","0","2","0","0"
"7233","24-10-15 18:30","England","Premier League","2015/2016","Arsenal","Everton","7","5","4","3","3","2","0","0","0","0","0","0"
"7234","24-10-15 16:00","England","Premier League","2015/2016","Aston Villa","Swansea","4","6","2","3","2","3","2","3","1","2","1","1"
"7235","24-10-15 16:00","England","Premier League","2015/2016","Leicester","Crystal Palace","3","2","1","0","2","2","3","1","0","0","3","1"
"7236","24-10-15 16:00","England","Premier League","2015/2016","Norwich","West Brom","13","3","5","2","8","1","1","2","1","0","0","2"
"7237","24-10-15 16:00","England","Premier League","2015/2016","Stoke","Watford","11","5","7","1","4","4","3","1","0","0","3","1"
"7238","24-10-15 16:00","England","Premier League","2015/2016","West Ham","Chelsea","7","4","3","3","4","1","0","0","0","0","0","0"
"7239","19-10-15 21:00","England","Premier League","2015/2016","Swansea","Stoke","1","2","1","0","0","2","0","0","0","0","0","0"
"7240","18-10-15 17:00","England","Premier League","2015/2016","Newcastle","Norwich","3","7","0","1","3","6","1","1","1","0","0","1"
"7241","17-10-15 18:30","England","Premier League","2015/2016","Watford","Arsenal","3","9","1","3","2","6","2","1","0","0","2","1"
"7242","17-10-15 16:00","England","Premier League","2015/2016","Chelsea","Aston Villa","4","4","3","0","1","4","1","3","0","0","1","3"
"7243","17-10-15 16:00","England","Premier League","2015/2016","Crystal Palace","West Ham","1","9","1","4","0","5","3","3","2","2","1","1"
"7244","17-10-15 16:00","England","Premier League","2015/2016","Everton","Manchester Utd","5","3","3","1","2","2","2","2","1","0","1","2"
"7245","17-10-15 16:00","England","Premier League","2015/2016","Manchester City","Bournemouth","1","7","1","5","0","2","2","1","2","0","0","1"
"7246","17-10-15 16:00","England","Premier League","2015/2016","Southampton","Leicester","6","7","6","4","0","3","2","0","1","0","1","0"
"7247","17-10-15 16:00","England","Premier League","2015/2016","West Brom","Sunderland","1","5","0","3","1","2","0","0","0","0","0","0"
"7248","17-10-15 13:45","England","Premier League","2015/2016","Tottenham","Liverpool","8","6","6","4","2","2","1","2","0","1","1","1"
"7249","04-10-15 17:00","England","Premier League","2015/2016","Arsenal","Manchester Utd","3","6","2","2","1","4","1","3","0","2","1","1"
"7250","04-10-15 17:00","England","Premier League","2015/2016","Swansea","Tottenham","5","6","2","4","3","2","1","4","1","0","0","4"
"7251","04-10-15 14:30","England","Premier League","2015/2016","Everton","Liverpool","5","11","2","8","3","3","0","0","0","0","0","0"
"7252","03-10-15 18:30","England","Premier League","2015/2016","Chelsea","Southampton","4","6","0","5","4","1","0","0","0","0","0","0"
"7253","03-10-15 16:00","England","Premier League","2015/2016","Aston Villa","Stoke","9","5","2","3","7","2","1","0","1","0","0","0"
"7254","03-10-15 16:00","England","Premier League","2015/2016","Bournemouth","Watford","5","3","0","0","5","3","1","1","1","0","0","1"
"7255","03-10-15 16:00","England","Premier League","2015/2016","Manchester City","Newcastle","6","3","3","1","3","2","0","0","0","0","0","0"
"7256","03-10-15 16:00","England","Premier League","2015/2016","Norwich","Leicester","16","8","3","3","13","5","0","1","0","0","0","1"
"7257","03-10-15 16:00","England","Premier League","2015/2016","Sunderland","West Ham","1","8","1","2","0","6","0","0","0","0","0","0"
"7258","03-10-15 13:45","England","Premier League","2015/2016","Crystal Palace","West Brom","8","3","5","1","3","2","3","3","1","1","2","2"
"7259","28-09-15 21:00","England","Premier League","2015/2016","West Brom","Everton","6","4","3","3","3","1","0","0","0","0","0","0"
"7260","27-09-15 17:00","England","Premier League","2015/2016","Watford","Crystal Palace","6","4","4","3","2","1","4","4","1","0","3","4"
"7261","26-09-15 18:30","England","Premier League","2015/2016","Newcastle","Chelsea","4","6","0","3","4","3","0","0","0","0","0","0"
"7262","26-09-15 16:00","England","Premier League","2015/2016","Leicester","Arsenal","6","5","2","1","4","4","1","1","0","0","1","1"
"7263","26-09-15 16:00","England","Premier League","2015/2016","Liverpool","Aston Villa","11","1","6","1","5","0","0","0","0","0","0","0"
"7264","26-09-15 16:00","England","Premier League","2015/2016","Manchester Utd","Sunderland","5","2","3","0","2","2","0","3","0","1","0","2"
"7265","26-09-15 16:00","England","Premier League","2015/2016","Southampton","Swansea","4","3","2","2","2","1","3","1","1","0","2","1"
"7266","26-09-15 16:00","England","Premier League","2015/2016","Stoke","Bournemouth","3","7","2","5","1","2","1","0","0","0","1","0"
"7267","26-09-15 16:00","England","Premier League","2015/2016","West Ham","Norwich","7","5","6","1","1","4","0","0","0","0","0","0"
"7268","26-09-15 13:45","England","Premier League","2015/2016","Tottenham","Manchester City","5","9","4","5","1","4","0","0","0","0","0","0"
"7269","20-09-15 17:00","England","Premier League","2015/2016","Liverpool","Norwich","6","2","0","0","6","2","1","2","1","0","0","2"
"7270","20-09-15 17:00","England","Premier League","2015/2016","Southampton","Manchester Utd","5","5","2","3","3","2","2","0","0","0","2","0"
"7271","20-09-15 14:30","England","Premier League","2015/2016","Tottenham","Crystal Palace","6","5","4","2","2","3","1","2","0","1","1","1"
"7272","19-09-15 18:30","England","Premier League","2015/2016","Manchester City","West Ham","16","3","3","2","13","1","1","2","0","2","1","0"
"7273","19-09-15 16:00","England","Premier League","2015/2016","Aston Villa","West Brom","2","7","0","4","2","3","0","0","0","0","0","0"
"7274","19-09-15 16:00","England","Premier League","2015/2016","Bournemouth","Sunderland","7","3","4","1","3","2","2","6","0","3","2","3"
"7275","19-09-15 16:00","England","Premier League","2015/2016","Newcastle","Watford","5","5","2","3","3","2","1","2","0","1","1","1"
"7276","19-09-15 16:00","England","Premier League","2015/2016","Stoke","Leicester","3","4","3","2","0","2","1","4","0","0","1","4"
"7277","19-09-15 16:00","England","Premier League","2015/2016","Swansea","Everton","2","4","1","3","1","1","0","0","0","0","0","0"
"7278","19-09-15 13:45","England","Premier League","2015/2016","Chelsea","Arsenal","5","5","2","2","3","3","0","0","0","0","0","0"
"7279","14-09-15 21:00","England","Premier League","2015/2016","West Ham","Newcastle","6","7","1","2","5","5","0","0","0","0","0","0"
"7280","13-09-15 17:00","England","Premier League","2015/2016","Leicester","Aston Villa","4","5","1","4","3","1","2","1","1","0","1","1"
"7281","13-09-15 14:30","England","Premier League","2015/2016","Sunderland","Tottenham","6","8","4","2","2","6","0","0","0","0","0","0"
"7282","12-09-15 18:30","England","Premier League","2015/2016","Manchester Utd","Liverpool","4","4","3","0","1","4","0","0","0","0","0","0"
"7283","12-09-15 16:00","England","Premier League","2015/2016","Arsenal","Stoke","13","1","7","0","6","1","1","1","1","0","0","1"
"7284","12-09-15 16:00","England","Premier League","2015/2016","Crystal Palace","Manchester City","4","4","2","0","2","4","2","3","1","1","1","2"
"7285","12-09-15 16:00","England","Premier League","2015/2016","Norwich","Bournemouth","4","4","1","3","3","1","2","3","2","2","0","1"
"7286","12-09-15 16:00","England","Premier League","2015/2016","Watford","Swansea","1","3","1","0","0","3","1","1","0","0","1","1"
"7287","12-09-15 16:00","England","Premier League","2015/2016","West Brom","Southampton","4","5","3","3","1","2","0","0","0","0","0","0"
"7288","12-09-15 13:45","England","Premier League","2015/2016","Everton","Chelsea","7","14","3","9","4","5","0","0","0","0","0","0"
"7289","30-08-15 17:00","England","Premier League","2015/2016","Swansea","Manchester Utd","0","1","0","1","0","0","2","2","1","2","1","0"
"7290","30-08-15 14:30","England","Premier League","2015/2016","Southampton","Norwich","6","4","4","1","2","3","0","0","0","0","0","0"
"7291","29-08-15 18:30","England","Premier League","2015/2016","Tottenham","Everton","6","2","3","1","3","1","0","0","0","0","0","0"
"7292","29-08-15 16:00","England","Premier League","2015/2016","Aston Villa","Sunderland","5","4","3","1","2","3","0","0","0","0","0","0"
"7293","29-08-15 16:00","England","Premier League","2015/2016","Bournemouth","Leicester","4","4","3","1","1","3","2","4","1","2","1","2"
"7294","29-08-15 16:00","England","Premier League","2015/2016","Chelsea","Crystal Palace","7","7","4","5","3","2","0","0","0","0","0","0"
"7295","29-08-15 16:00","England","Premier League","2015/2016","Liverpool","West Ham","5","7","3","3","2","4","5","2","1","1","4","1"
"7296","29-08-15 16:00","England","Premier League","2015/2016","Manchester City","Watford","9","3","6","2","3","1","1","2","1","1","0","1"
"7297","29-08-15 16:00","England","Premier League","2015/2016","Stoke","West Brom","6","5","4","2","2","3","1","4","0","1","1","3"
"7298","29-08-15 13:45","England","Premier League","2015/2016","Newcastle","Arsenal","0","9","0","3","0","6","0","0","0","0","0","0"
"7299","24-08-15 21:00","England","Premier League","2015/2016","Arsenal","Liverpool","7","8","2","6","5","2","0","0","0","0","0","0"
"7300","23-08-15 17:00","England","Premier League","2015/2016","Everton","Manchester City","8","7","2","3","6","4","0","3","0","2","0","1"
"7301","23-08-15 17:00","England","Premier League","2015/2016","Watford","Southampton","5","2","1","1","4","1","0","2","0","1","0","1"
"7302","23-08-15 14:30","England","Premier League","2015/2016","West Brom","Chelsea","8","7","2","4","6","3","0","0","0","0","0","0"
"7303","22-08-15 16:00","England","Premier League","2015/2016","Crystal Palace","Aston Villa","6","4","0","3","6","1","3","3","1","0","2","3"
"7304","22-08-15 16:00","England","Premier League","2015/2016","Leicester","Tottenham","2","7","1","2","1","5","0","0","0","0","0","0"
"7305","22-08-15 16:00","England","Premier League","2015/2016","Norwich","Stoke","9","0","1","0","8","0","0","0","0","0","0","0"
"7306","22-08-15 16:00","England","Premier League","2015/2016","Sunderland","Swansea","2","4","1","1","1","3","4","2","2","0","2","2"
"7307","22-08-15 16:00","England","Premier League","2015/2016","West Ham","Bournemouth","5","4","3","3","2","1","0","1","0","0","0","1"
"7308","22-08-15 13:45","England","Premier League","2015/2016","Manchester Utd","Newcastle","11","5","3","3","8","2","0","0","0","0","0","0"
"7309","17-08-15 21:00","England","Premier League","2015/2016","Liverpool","Bournemouth","6","8","5","4","1","4","1","4","0","1","1","3"
"7310","16-08-15 17:00","England","Premier League","2015/2016","Manchester City","Chelsea","5","1","4","0","1","1","4","2","2","0","2","2"
"7311","16-08-15 14:30","England","Premier League","2015/2016","Crystal Palace","Arsenal","6","6","3","1","3","5","0","0","0","0","0","0"
"7312","15-08-15 16:00","England","Premier League","2015/2016","Sunderland","Norwich","6","6","2","3","4","3","1","2","1","1","0","1"
"7313","15-08-15 16:00","England","Premier League","2015/2016","Swansea","Newcastle","4","4","3","3","1","1","2","3","0","2","2","1"
"7314","15-08-15 16:00","England","Premier League","2015/2016","Tottenham","Stoke","4","3","3","1","1","2","2","2","1","1","1","1"
"7315","15-08-15 16:00","England","Premier League","2015/2016","Watford","West Brom","2","4","2","2","0","2","0","0","0","0","0","0"
"7316","15-08-15 16:00","England","Premier League","2015/2016","West Ham","Leicester","8","4","3","1","5","3","0","0","0","0","0","0"
"7317","15-08-15 13:45","England","Premier League","2015/2016","Southampton","Everton","9","9","3","3","6","6","0","0","0","0","0","0"
"7318","14-08-15 20:45","England","Premier League","2015/2016","Aston Villa","Manchester Utd","3","5","1","1","2","4","2","2","0","0","2","2"
"7319","10-08-15 21:00","England","Premier League","2015/2016","West Brom","Manchester City","6","6","0","3","6","3","0","0","0","0","0","0"
"7320","09-08-15 17:00","England","Premier League","2015/2016","Stoke","Liverpool","3","5","0","3","3","2","2","4","1","2","1","2"
"7321","09-08-15 14:30","England","Premier League","2015/2016","Arsenal","West Ham","5","4","3","2","2","2","1","3","0","3","1","0"
"7322","09-08-15 14:30","England","Premier League","2015/2016","Newcastle","Southampton","6","6","4","1","2","5","0","0","0","0","0","0"
"7323","08-08-15 18:30","England","Premier League","2015/2016","Chelsea","Swansea","4","8","4","1","0","7","1","3","0","2","1","1"
"7324","08-08-15 16:00","England","Premier League","2015/2016","Bournemouth","Aston Villa","6","3","3","2","3","1","0","0","0","0","0","0"
"7325","08-08-15 16:00","England","Premier League","2015/2016","Everton","Watford","8","2","4","1","4","1","0","0","0","0","0","0"
"7326","08-08-15 16:00","England","Premier League","2015/2016","Leicester","Sunderland","6","3","1","2","5","1","2","4","0","2","2","2"
"7327","08-08-15 16:00","England","Premier League","2015/2016","Norwich","Crystal Palace","1","4","1","0","0","4","1","0","1","0","0","0"
"7328","08-08-15 13:45","England","Premier League","2015/2016","Manchester Utd","Tottenham","1","2","1","1","0","1","2","3","0","1","2","2"