"id","matchDate","Country","League","Season","homeTeam","awayTeam","HBPFT","ABPFT","HBP1H","ABP1H","HBP2H","ABP2H","HTSFT","ATSFT","HTS1H","ATS1H","HTS2H","ATS2H","HSONFT","ASONFT","HSON1H","ASON1H","HSON2H","ASON2H","HSOFFFT","ASOFFFT","HSOFF1H","ASOFF1H","HSOFF2H","ASOFF2H"
"14540","25-05-25 17:00","England","Premier League","2024/2025","Bournemouth","Leicester","63","37","64","36","62","38","20","3","8","2","12","1","7","0","3","0","4","0","7","3","3","2","4","1"
"14541","25-05-25 17:00","England","Premier League","2024/2025","Fulham","Manchester City","47","53","35","65","58","42","13","20","6","12","7","8","3","5","2","3","1","2","6","7","2","4","4","3"
"14542","25-05-25 17:00","England","Premier League","2024/2025","Ipswich","West Ham","41","59","39","61","43","57","14","10","6","7","8","3","4","6","2","3","2","3","5","1","2","1","3","0"
"14543","25-05-25 17:00","England","Premier League","2024/2025","Liverpool","Crystal Palace","69","31","74","26","64","36","14","8","4","3","10","5","3","5","1","1","2","4","7","2","3","1","4","1"
"14544","25-05-25 17:00","England","Premier League","2024/2025","Manchester Utd","Aston Villa","67","33","66","34","68","32","24","6","9","1","15","5","10","1","5","0","5","1","13","2","3","0","10","2"
"14545","25-05-25 17:00","England","Premier League","2024/2025","Newcastle","Everton","66","34","63","37","69","31","17","14","8","6","9","8","6","6","4","3","2","3","7","6","2","2","5","4"
"14546","25-05-25 17:00","England","Premier League","2024/2025","Nottingham","Chelsea","52","48","46","54","57","43","10","6","2","2","8","4","2","2","0","0","2","2","4","2","2","1","2","1"
"14547","25-05-25 17:00","England","Premier League","2024/2025","Southampton","Arsenal","39","61","41","59","37","63","7","23","4","9","3","14","2","8","0","4","2","4","2","5","2","3","0","2"
"14548","25-05-25 17:00","England","Premier League","2024/2025","Tottenham","Brighton","32","68","37","63","27","73","4","24","3","9","1","15","2","9","2","1","0","8","1","7","0","4","1","3"
"14549","25-05-25 17:00","England","Premier League","2024/2025","Wolves","Brentford","48","52","58","42","38","62","18","13","10","7","8","6","6","7","4","5","2","2","8","5","5","2","3","3"
"14550","20-05-25 21:00","England","Premier League","2024/2025","Crystal Palace","Wolves","32","68","34","66","30","70","14","12","7","3","7","9","10","3","5","1","5","2","4","3","2","1","2","2"
"14551","20-05-25 21:00","England","Premier League","2024/2025","Manchester City","Bournemouth","58","42","63","37","53","47","12","8","7","5","5","3","5","2","4","1","1","1","5","4","3","2","2","2"
"14552","19-05-25 21:00","England","Premier League","2024/2025","Brighton","Liverpool","49","51","52","48","46","54","25","18","11","7","14","11","12","5","4","3","8","2","9","6","5","2","4","4"
"14553","18-05-25 17:30","England","Premier League","2024/2025","Arsenal","Newcastle","52","48","58","42","47","53","12","14","5","10","7","4","4","5","2","5","2","0","3","3","1","0","2","3"
"14554","18-05-25 16:00","England","Premier League","2024/2025","Brentford","Fulham","50","50","52","48","48","52","11","16","7","9","4","7","6","7","5","4","1","3","3","0","1","0","2","0"
"14555","18-05-25 16:00","England","Premier League","2024/2025","Leicester","Ipswich","51","49","46","54","56","44","9","20","4","8","5","12","3","2","1","0","2","2","4","9","2","6","2","3"
"14556","18-05-25 15:15","England","Premier League","2024/2025","West Ham","Nottingham","61","39","57","43","64","36","16","10","5","6","11","4","5","5","2","3","3","2","5","2","2","2","3","0"
"14557","18-05-25 13:00","England","Premier League","2024/2025","Everton","Southampton","50","50","57","43","43","57","13","6","8","0","5","6","5","2","4","0","1","2","5","3","3","0","2","3"
"14558","16-05-25 21:15","England","Premier League","2024/2025","Chelsea","Manchester Utd","47","53","46","54","48","52","11","4","7","1","4","3","3","1","1","0","2","1","4","3","3","1","1","2"
"14559","16-05-25 20:30","England","Premier League","2024/2025","Aston Villa","Tottenham","69","31","72","28","66","34","18","3","8","2","10","1","7","1","3","1","4","0","7","1","4","1","3","0"
"14560","11-05-25 17:30","England","Premier League","2024/2025","Liverpool","Arsenal","44","56","39","61","49","51","14","15","6","5","8","10","5","7","4","0","1","7","8","4","2","2","6","2"
"14561","11-05-25 15:15","England","Premier League","2024/2025","Manchester Utd","West Ham","52","48","47","53","57","43","20","9","5","5","15","4","5","4","1","1","4","3","11","3","4","3","7","0"
"14562","11-05-25 15:15","England","Premier League","2024/2025","Nottingham","Leicester","56","44","61","39","51","49","15","10","8","3","7","7","4","6","2","2","2","4","6","4","5","1","1","3"
"14563","11-05-25 15:15","England","Premier League","2024/2025","Tottenham","Crystal Palace","47","53","43","57","51","49","8","23","4","15","4","8","1","10","1","7","0","3","2","6","1","2","1","4"
"14564","11-05-25 13:00","England","Premier League","2024/2025","Newcastle","Chelsea","45","55","57","43","34","66","15","10","12","6","3","4","6","3","5","0","1","3","6","3","4","2","2","1"
"14565","10-05-25 18:30","England","Premier League","2024/2025","Bournemouth","Aston Villa","66","34","64","36","68","32","10","6","2","5","8","1","4","3","1","3","3","0","3","3","0","2","3","1"
"14566","10-05-25 16:00","England","Premier League","2024/2025","Fulham","Everton","64","36","59","41","69","31","18","11","10","5","8","6","6","7","4","3","2","4","8","1","3","1","5","0"
"14567","10-05-25 16:00","England","Premier League","2024/2025","Ipswich","Brentford","50","50","46","54","54","46","11","15","4","5","7","10","4","5","1","2","3","3","5","4","1","2","4","2"
"14568","10-05-25 16:00","England","Premier League","2024/2025","Southampton","Manchester City","28","72","27","73","29","71","2","26","1","8","1","18","0","5","0","1","0","4","0","8","0","3","0","5"
"14569","10-05-25 16:00","England","Premier League","2024/2025","Wolves","Brighton","56","44","60","40","52","48","10","7","8","3","2","4","3","2","2","1","1","1","5","4","4","2","1","2"
"14570","05-05-25 21:00","England","Premier League","2024/2025","Crystal Palace","Nottingham","49","51","44","56","54","46","20","12","9","6","11","6","3","4","1","1","2","3","11","2","4","2","7","0"
"14571","04-05-25 17:30","England","Premier League","2024/2025","Chelsea","Liverpool","35","65","34","66","36","64","17","11","7","4","10","7","7","2","1","1","6","1","6","5","3","1","3","4"
"14572","04-05-25 15:00","England","Premier League","2024/2025","Brentford","Manchester Utd","47","53","51","49","43","57","12","14","5","1","7","13","6","5","3","1","3","4","4","2","2","0","2","2"
"14573","04-05-25 15:00","England","Premier League","2024/2025","Brighton","Newcastle","46","54","45","55","47","53","5","13","2","4","3","9","2","5","1","2","1","3","2","4","0","1","2","3"
"14574","04-05-25 15:00","England","Premier League","2024/2025","West Ham","Tottenham","56","44","59","41","53","47","11","7","3","3","8","4","2","2","1","1","1","1","4","5","1","2","3","3"
"14575","03-05-25 18:30","England","Premier League","2024/2025","Arsenal","Bournemouth","51","49","50","50","52","48","13","9","6","4","7","5","4","2","2","0","2","2","5","5","3","3","2","2"
"14576","03-05-25 16:00","England","Premier League","2024/2025","Everton","Ipswich","57","43","57","43","57","43","8","12","6","8","2","4","3","5","3","3","0","2","4","4","2","3","2","1"
"14577","03-05-25 16:00","England","Premier League","2024/2025","Leicester","Southampton","49","51","44","56","54","46","14","8","8","4","6","4","4","2","3","1","1","1","4","1","2","0","2","1"
"14578","03-05-25 13:30","England","Premier League","2024/2025","Aston Villa","Fulham","52","48","53","47","51","49","10","11","3","4","7","7","3","3","1","1","2","2","5","5","2","2","3","3"
"26896","02-05-25 21:00","England","Premier League","2024/2025","Manchester City","Wolves","64","36","66","34","62","38","9","6","7","5","2","1","2","1","2","1","0","0","5","4","3","3","2","1"
"14580","01-05-25 20:30","England","Premier League","2024/2025","Nottingham","Brentford","55","45","50","50","60","40","14","11","4","6","10","5","5","3","1","2","4","1","4","5","0","3","4","2"
"14581","27-04-25 17:30","England","Premier League","2024/2025","Liverpool","Tottenham","63","37","56","44","70","30","25","8","9","4","16","4","8","3","3","2","5","1","8","3","5","1","3","2"
"14582","27-04-25 15:00","England","Premier League","2024/2025","Bournemouth","Manchester Utd","39","61","42","58","36","64","8","25","5","7","3","18","1","6","1","2","0","4","6","6","4","2","2","4"
"14583","26-04-25 16:00","England","Premier League","2024/2025","Brighton","West Ham","53","47","44","56","62","38","16","12","6","6","10","6","9","4","4","1","5","3","2","4","1","2","1","2"
"14584","26-04-25 16:00","England","Premier League","2024/2025","Newcastle","Ipswich","78","22","72","28","84","16","25","4","10","4","15","0","5","0","2","0","3","0","11","1","5","1","6","0"
"14585","26-04-25 16:00","England","Premier League","2024/2025","Southampton","Fulham","36","64","39","61","33","67","7","26","3","10","4","16","3","5","2","0","1","5","0","16","0","7","0","9"
"14586","26-04-25 16:00","England","Premier League","2024/2025","Wolves","Leicester","56","44","65","35","47","53","20","8","10","4","10","4","6","2","3","1","3","1","8","3","4","1","4","2"
"14587","26-04-25 13:30","England","Premier League","2024/2025","Chelsea","Everton","55","45","55","45","55","45","10","6","5","1","5","5","7","3","3","0","4","3","2","1","1","1","1","0"
"14588","23-04-25 21:00","England","Premier League","2024/2025","Arsenal","Crystal Palace","68","32","65","35","71","29","12","15","5","9","7","6","6","4","3","1","3","3","4","6","2","4","2","2"
"14589","22-04-25 21:00","England","Premier League","2024/2025","Manchester City","Aston Villa","62","38","61","39","63","37","14","7","5","5","9","2","6","3","3","2","3","1","6","3","2","2","4","1"
"14590","21-04-25 21:00","England","Premier League","2024/2025","Tottenham","Nottingham","70","30","67","33","73","27","22","4","10","3","12","1","6","3","2","3","4","0","12","1","5","0","7","1"
"14591","20-04-25 17:30","England","Premier League","2024/2025","Leicester","Liverpool","42","58","40","60","44","56","5","28","2","14","3","14","0","10","0","6","0","4","4","12","2","4","2","8"
"14592","20-04-25 15:00","England","Premier League","2024/2025","Fulham","Chelsea","40","60","41","59","39","61","6","13","2","4","4","9","1","8","1","2","0","6","2","3","0","1","2","2"
"14593","20-04-25 15:00","England","Premier League","2024/2025","Ipswich","Arsenal","25","75","23","77","27","73","4","24","1","11","3","13","0","7","0","2","0","5","2","8","0","6","2","2"
"14594","20-04-25 15:00","England","Premier League","2024/2025","Manchester Utd","Wolves","60","40","62","38","58","42","12","4","3","1","9","3","2","2","1","0","1","2","6","1","1","1","5","0"
"14595","19-04-25 18:30","England","Premier League","2024/2025","Aston Villa","Newcastle","49","51","51","49","47","53","23","10","10","7","13","3","9","3","2","2","7","1","10","4","5","3","5","1"
"14596","19-04-25 16:00","England","Premier League","2024/2025","Brentford","Brighton","46","54","42","58","50","50","16","12","4","7","12","5","8","3","3","2","5","1","5","6","1","3","4","3"
"14597","19-04-25 16:00","England","Premier League","2024/2025","Crystal Palace","Bournemouth","27","73","33","67","21","79","5","15","3","6","2","9","0","4","0","2","0","2","2","6","1","2","1","4"
"14598","19-04-25 16:00","England","Premier League","2024/2025","Everton","Manchester City","33","67","38","62","28","72","9","12","1","3","8","9","3","7","0","2","3","5","2","3","1","1","1","2"
"14599","19-04-25 16:00","England","Premier League","2024/2025","West Ham","Southampton","51","49","57","43","45","55","12","15","5","7","7","8","4","4","2","1","2","3","3","5","1","4","2","1"
"14600","16-04-25 20:30","England","Premier League","2024/2025","Newcastle","Crystal Palace","60","40","62","38","58","42","14","11","9","6","5","5","7","4","5","2","2","2","4","4","3","3","1","1"
"14601","14-04-25 21:00","England","Premier League","2024/2025","Bournemouth","Fulham","41","59","51","49","31","69","12","12","9","9","3","3","3","7","2","4","1","3","5","1","3","1","2","0"
"14602","13-04-25 17:30","England","Premier League","2024/2025","Newcastle","Manchester Utd","48","52","47","53","49","51","13","9","7","4","6","5","6","5","2","3","4","2","6","2","4","0","2","2"
"14603","13-04-25 15:00","England","Premier League","2024/2025","Chelsea","Ipswich","74","26","76","24","72","28","34","13","15","5","19","8","9","4","2","2","7","2","15","8","9","3","6","5"
"14604","13-04-25 15:00","England","Premier League","2024/2025","Liverpool","West Ham","55","45","68","32","42","58","15","12","9","6","6","6","6","5","4","2","2","3","4","6","2","4","2","2"
"14605","13-04-25 15:00","England","Premier League","2024/2025","Wolves","Tottenham","38","62","34","66","42","58","13","11","5","6","8","5","5","4","2","1","3","3","6","5","3","3","3","2"
"14606","12-04-25 18:30","England","Premier League","2024/2025","Arsenal","Brentford","64","36","60","40","68","32","14","3","8","2","6","1","3","2","2","1","1","1","5","1","2","1","3","0"
"14607","12-04-25 16:00","England","Premier League","2024/2025","Brighton","Leicester","59","41","67","33","52","48","21","15","14","6","7","9","7","6","3","2","4","4","9","6","8","2","1","4"
"14608","12-04-25 16:00","England","Premier League","2024/2025","Nottingham","Everton","42","58","43","57","41","59","10","13","5","6","5","7","5","5","3","3","2","2","2","4","1","1","1","3"
"14609","12-04-25 16:00","England","Premier League","2024/2025","Southampton","Aston Villa","40","60","36","64","44","56","7","25","3","12","4","13","2","10","1","3","1","7","4","9","1","5","3","4"
"14610","12-04-25 13:30","England","Premier League","2024/2025","Manchester City","Crystal Palace","68","32","69","31","67","33","21","7","12","4","9","3","9","3","5","2","4","1","7","4","5","2","2","2"
"14611","07-04-25 21:00","England","Premier League","2024/2025","Leicester","Newcastle","58","42","53","47","63","37","7","16","3","10","4","6","2","5","2","4","0","1","4","8","1","3","3","5"
"14612","06-04-25 17:30","England","Premier League","2024/2025","Manchester Utd","Manchester City","42","58","38","62","46","54","13","9","4","4","9","5","2","5","1","1","1","4","5","3","2","2","3","1"
"14613","06-04-25 15:00","England","Premier League","2024/2025","Brentford","Chelsea","41","59","42","58","40","60","9","21","6","4","3","17","2","5","1","1","1","4","5","9","3","2","2","7"
"14614","06-04-25 15:00","England","Premier League","2024/2025","Fulham","Liverpool","38","62","46","54","30","70","12","14","9","2","3","12","6","6","5","1","1","5","4","5","3","0","1","5"
"14615","06-04-25 15:00","England","Premier League","2024/2025","Tottenham","Southampton","51","49","58","42","44","56","13","12","8","6","5","6","8","4","6","1","2","3","2","2","0","2","2","0"
"14616","05-04-25 18:30","England","Premier League","2024/2025","Aston Villa","Nottingham","53","47","62","38","44","56","17","19","8","6","9","13","8","3","4","2","4","1","6","14","3","3","3","11"
"14617","05-04-25 16:00","England","Premier League","2024/2025","Crystal Palace","Brighton","38","62","46","54","30","70","8","11","4","6","4","5","3","5","2","3","1","2","1","3","0","1","1","2"
"14618","05-04-25 16:00","England","Premier League","2024/2025","Ipswich","Wolves","44","56","49","51","39","61","6","22","4","7","2","15","2","7","2","3","0","4","2","9","1","2","1","7"
"14619","05-04-25 16:00","England","Premier League","2024/2025","West Ham","Bournemouth","56","44","56","44","56","44","9","11","2","5","7","6","3","4","0","2","3","2","5","4","2","2","3","2"
"14620","05-04-25 13:30","England","Premier League","2024/2025","Everton","Arsenal","29","71","34","66","24","76","5","14","3","6","2","8","2","5","0","3","2","2","2","3","2","0","0","3"
"14621","03-04-25 21:00","England","Premier League","2024/2025","Chelsea","Tottenham","50","50","55","45","46","54","11","8","6","2","5","6","5","2","2","0","3","2","4","3","2","0","2","3"
"14622","02-04-25 21:00","England","Premier League","2024/2025","Liverpool","Everton","74","26","72","28","76","24","17","5","8","4","9","1","3","0","1","0","2","0","5","2","4","2","1","0"
"14623","02-04-25 20:45","England","Premier League","2024/2025","Bournemouth","Ipswich","64","36","61","39","67","33","24","10","11","6","13","4","7","2","3","1","4","1","10","6","4","3","6","3"
"14624","02-04-25 20:45","England","Premier League","2024/2025","Brighton","Aston Villa","55","45","53","47","57","43","11","8","4","4","7","4","4","5","2","1","2","4","5","3","2","3","3","0"
"14625","02-04-25 20:45","England","Premier League","2024/2025","Manchester City","Leicester","73","27","64","36","82","18","18","2","10","1","8","1","5","0","4","0","1","0","5","2","1","1","4","1"
"14626","02-04-25 20:45","England","Premier League","2024/2025","Newcastle","Brentford","48","52","54","46","42","58","21","12","10","4","11","8","4","3","2","0","2","3","9","3","5","1","4","2"
"14627","02-04-25 20:45","England","Premier League","2024/2025","Southampton","Crystal Palace","43","57","40","60","46","54","8","9","6","3","2","6","2","3","2","1","0","2","3","5","2","1","1","4"
"14628","01-04-25 21:00","England","Premier League","2024/2025","Nottingham","Manchester Utd","32","68","31","69","33","67","8","23","3","10","5","13","2","6","2","3","0","3","4","9","1","4","3","5"
"14629","01-04-25 20:45","England","Premier League","2024/2025","Arsenal","Fulham","52","48","55","45","49","51","17","9","7","2","10","7","4","3","2","0","2","3","6","4","1","0","5","4"
"14630","01-04-25 20:45","England","Premier League","2024/2025","Wolves","West Ham","41","59","53","47","29","71","9","10","6","4","3","6","2","1","2","1","0","0","6","7","3","2","3","5"
"14631","16-03-25 20:00","England","Premier League","2024/2025","Leicester","Manchester Utd","54","46","44","56","64","36","11","18","4","9","7","9","3","5","1","2","2","3","2","8","1","6","1","2"
"14632","16-03-25 14:30","England","Premier League","2024/2025","Arsenal","Chelsea","41","59","45","55","37","63","12","8","7","5","5","3","4","2","2","1","2","1","6","3","5","2","1","1"
"14633","16-03-25 14:30","England","Premier League","2024/2025","Fulham","Tottenham","57","43","60","40","54","46","13","12","6","1","7","11","4","4","1","0","3","4","3","4","0","1","3","3"
"14634","15-03-25 18:30","England","Premier League","2024/2025","Bournemouth","Brentford","59","41","58","42","60","40","17","10","10","5","7","5","5","4","2","2","3","2","7","5","4","2","3","3"
"14635","15-03-25 16:00","England","Premier League","2024/2025","Everton","West Ham","54","46","56","44","52","48","13","9","7","4","6","5","5","4","3","1","2","3","4","4","3","3","1","1"
"14636","15-03-25 16:00","England","Premier League","2024/2025","Ipswich","Nottingham","56","44","49","51","63","37","11","11","5","7","6","4","4","6","0","4","4","2","5","4","3","2","2","2"
"14637","15-03-25 16:00","England","Premier League","2024/2025","Manchester City","Brighton","60","40","55","45","65","35","11","15","6","8","5","7","3","3","3","2","0","1","7","10","3","5","4","5"
"14638","15-03-25 16:00","England","Premier League","2024/2025","Southampton","Wolves","60","40","58","42","62","38","10","5","4","3","6","2","3","3","0","2","3","1","3","2","1","1","2","1"
"14639","10-03-25 21:00","England","Premier League","2024/2025","West Ham","Newcastle","51","49","41","59","60","40","9","9","4","6","5","3","2","3","2","2","0","1","1","3","1","2","0","1"
"14640","09-03-25 17:30","England","Premier League","2024/2025","Manchester Utd","Arsenal","32","68","33","67","31","69","10","17","2","6","8","11","6","6","1","2","5","4","2","6","1","2","1","4"
"14641","09-03-25 15:00","England","Premier League","2024/2025","Chelsea","Leicester","57","43","69","31","45","55","20","3","10","1","10","2","7","3","4","1","3","2","5","0","4","0","1","0"
"14642","09-03-25 15:00","England","Premier League","2024/2025","Tottenham","Bournemouth","61","39","64","36","58","42","12","17","4","8","8","9","4","8","1","5","3","3","3","4","1","0","2","4"
"14643","08-03-25 21:00","England","Premier League","2024/2025","Wolves","Everton","66","34","61","39","71","29","11","12","7","6","4","6","3","4","2","2","1","2","5","1","3","0","2","1"
"14644","08-03-25 18:30","England","Premier League","2024/2025","Brentford","Aston Villa","60","40","51","49","69","31","13","12","2","8","11","4","3","4","1","2","2","2","4","2","0","1","4","1"
"14645","08-03-25 16:00","England","Premier League","2024/2025","Brighton","Fulham","53","47","53","47","53","47","9","6","4","4","5","2","4","1","3","1","1","0","3","2","0","1","3","1"
"14646","08-03-25 16:00","England","Premier League","2024/2025","Crystal Palace","Ipswich","55","45","55","45","55","45","19","15","8","4","11","11","4","8","2","2","2","6","6","4","3","1","3","3"
"14647","08-03-25 16:00","England","Premier League","2024/2025","Liverpool","Southampton","71","29","75","25","67","33","28","6","12","4","16","2","7","4","2","3","5","1","13","0","6","0","7","0"
"14648","08-03-25 13:30","England","Premier League","2024/2025","Nottingham","Manchester City","31","69","32","68","30","70","9","14","2","8","7","6","4","3","1","1","3","2","3","8","1","6","2","2"
"14649","27-02-25 21:00","England","Premier League","2024/2025","West Ham","Leicester","58","42","67","33","49","51","8","10","5","2","3","8","2","2","2","1","0","1","3","3","2","0","1","3"
"14650","26-02-25 21:15","England","Premier League","2024/2025","Liverpool","Newcastle","62","38","64","36","60","40","12","3","5","1","7","2","3","0","1","0","2","0","5","2","3","1","2","1"
"14651","26-02-25 20:30","England","Premier League","2024/2025","Brentford","Everton","52","48","51","49","53","47","12","14","8","5","4","9","3","4","3","1","0","3","6","8","4","4","2","4"
"14652","26-02-25 20:30","England","Premier League","2024/2025","Manchester Utd","Ipswich","44","56","61","39","27","73","10","12","7","4","3","8","6","3","5","2","1","1","1","4","1","2","0","2"
"14653","26-02-25 20:30","England","Premier League","2024/2025","Nottingham","Arsenal","35","65","36","64","34","66","6","13","2","7","4","6","2","1","1","0","1","1","1","3","0","1","1","2"
"14654","26-02-25 20:30","England","Premier League","2024/2025","Tottenham","Manchester City","55","45","50","50","60","40","10","12","2","7","8","5","6","5","2","4","4","1","2","2","0","1","2","1"
"14655","25-02-25 21:15","England","Premier League","2024/2025","Chelsea","Southampton","60","40","63","37","57","43","19","7","7","3","12","4","10","2","4","2","6","0","7","2","3","1","4","1"
"14656","25-02-25 20:30","England","Premier League","2024/2025","Brighton","Bournemouth","43","57","51","49","35","65","11","19","6","7","5","12","4","5","2","2","2","3","4","7","3","1","1","6"
"14657","25-02-25 20:30","England","Premier League","2024/2025","Crystal Palace","Aston Villa","36","64","36","64","36","64","19","6","7","1","12","5","6","2","3","0","3","2","8","3","3","1","5","2"
"14658","25-02-25 20:30","England","Premier League","2024/2025","Wolves","Fulham","60","40","52","48","67","33","18","11","10","5","8","6","5","5","3","3","2","2","7","3","5","1","2","2"
"14659","23-02-25 17:30","England","Premier League","2024/2025","Manchester City","Liverpool","66","34","68","32","64","36","16","8","8","3","8","5","5","4","3","2","2","2","3","2","1","0","2","2"
"14660","23-02-25 15:00","England","Premier League","2024/2025","Newcastle","Nottingham","57","43","70","30","45","55","13","17","10","5","3","12","5","5","5","3","0","2","3","5","2","0","1","5"
"14661","22-02-25 18:30","England","Premier League","2024/2025","Aston Villa","Chelsea","52","48","48","52","56","44","12","15","5","9","7","6","6","7","2","3","4","4","3","5","2","3","1","2"
"14662","22-02-25 16:00","England","Premier League","2024/2025","Arsenal","West Ham","68","32","64","36","72","28","20","5","9","4","11","1","2","2","1","1","1","1","8","3","3","3","5","0"
"14663","22-02-25 16:00","England","Premier League","2024/2025","Bournemouth","Wolves","45","55","52","48","38","62","8","13","7","7","1","6","3","5","3","3","0","2","2","5","2","3","0","2"
"14664","22-02-25 16:00","England","Premier League","2024/2025","Fulham","Crystal Palace","62","38","57","43","67","33","10","10","3","7","7","3","0","5","0","3","0","2","5","3","1","3","4","0"
"14665","22-02-25 16:00","England","Premier League","2024/2025","Ipswich","Tottenham","41","59","33","67","49","51","17","10","12","7","5","3","5","6","5","4","0","2","5","1","4","1","1","0"
"14666","22-02-25 16:00","England","Premier League","2024/2025","Southampton","Brighton","49","51","60","40","38","62","6","18","3","7","3","11","1","12","0","3","1","9","2","3","1","2","1","1"
"14667","22-02-25 13:30","England","Premier League","2024/2025","Everton","Manchester Utd","38","62","43","57","33","67","9","9","4","2","5","7","8","3","4","0","4","3","0","2","0","2","0","0"
"14668","21-02-25 21:00","England","Premier League","2024/2025","Leicester","Brentford","48","52","54","46","42","58","8","14","5","6","3","8","3","6","3","3","0","3","3","3","2","2","1","1"
"14669","19-02-25 20:30","England","Premier League","2024/2025","Aston Villa","Liverpool","52","48","54","46","50","50","9","17","3","10","6","7","4","3","2","1","2","2","3","10","1","6","2","4"
"14670","16-02-25 17:30","England","Premier League","2024/2025","Tottenham","Manchester Utd","57","43","67","33","47","53","22","16","5","8","17","8","7","6","3","2","4","4","6","6","1","5","5","1"
"14671","16-02-25 15:00","England","Premier League","2024/2025","Liverpool","Wolves","50","50","53","47","47","53","10","16","10","6","0","10","3","4","3","1","0","3","6","7","6","4","0","3"
"14672","15-02-25 18:30","England","Premier League","2024/2025","Crystal Palace","Everton","58","42","59","41","57","43","17","11","5","3","12","8","6","6","3","2","3","4","6","1","1","1","5","0"
"14673","15-02-25 16:00","England","Premier League","2024/2025","Aston Villa","Ipswich","75","25","67","33","84","16","25","4","8","3","17","1","6","3","1","2","5","1","10","0","3","0","7","0"
"14674","15-02-25 16:00","England","Premier League","2024/2025","Fulham","Nottingham","56","44","65","35","47","53","24","8","11","2","13","6","10","2","5","1","5","1","8","3","4","1","4","2"
"14675","15-02-25 16:00","England","Premier League","2024/2025","Manchester City","Newcastle","62","38","60","40","64","36","11","3","6","2","5","1","7","1","4","0","3","1","2","1","2","1","0","0"
"14676","15-02-25 16:00","England","Premier League","2024/2025","Southampton","Bournemouth","45","55","39","61","51","49","11","14","1","9","10","5","4","7","0","4","4","3","3","3","1","3","2","0"
"14677","15-02-25 16:00","England","Premier League","2024/2025","West Ham","Brentford","59","41","57","43","61","39","13","14","3","11","10","3","3","5","1","4","2","1","3","5","0","4","3","1"
"14678","15-02-25 13:30","England","Premier League","2024/2025","Leicester","Arsenal","39","61","37","63","41","59","6","11","3","4","3","7","2","5","1","1","1","4","2","3","1","2","1","1"
"14679","14-02-25 21:00","England","Premier League","2024/2025","Brighton","Chelsea","30","70","28","72","32","68","13","8","4","6","9","2","5","0","2","0","3","0","6","6","1","5","5","1"
"14680","12-02-25 20:30","England","Premier League","2024/2025","Everton","Liverpool","37","63","31","69","43","57","10","6","3","3","7","3","3","4","1","2","2","2","5","0","1","0","4","0"
"14681","03-02-25 21:00","England","Premier League","2024/2025","Chelsea","West Ham","67","33","63","37","71","29","23","14","12","4","11","10","4","5","2","3","2","2","9","6","6","1","3","5"
"14682","02-02-25 17:30","England","Premier League","2024/2025","Arsenal","Manchester City","46","54","39","61","53","47","12","7","4","6","8","1","7","4","2","3","5","1","2","3","1","3","1","0"
"14683","02-02-25 15:00","England","Premier League","2024/2025","Brentford","Tottenham","54","46","49","51","59","41","20","13","9","10","11","3","4","2","2","1","2","1","10","5","2","3","8","2"
"14684","02-02-25 15:00","England","Premier League","2024/2025","Manchester Utd","Crystal Palace","66","34","67","33","65","35","17","11","10","7","7","4","2","3","0","1","2","2","6","7","4","5","2","2"
"14685","01-02-25 18:30","England","Premier League","2024/2025","Wolves","Aston Villa","32","68","38","62","26","74","8","10","6","3","2","7","5","3","4","0","1","3","3","2","2","1","1","1"
"14686","01-02-25 16:00","England","Premier League","2024/2025","Bournemouth","Liverpool","49","51","49","51","49","51","14","19","5","11","9","8","3","7","2","6","1","1","8","5","1","2","7","3"
"14687","01-02-25 16:00","England","Premier League","2024/2025","Everton","Leicester","47","53","47","53","47","53","13","9","7","2","6","7","7","1","4","0","3","1","4","2","2","1","2","1"
"14688","01-02-25 16:00","England","Premier League","2024/2025","Ipswich","Southampton","57","43","48","52","66","34","15","9","9","4","6","5","6","4","4","2","2","2","5","1","2","0","3","1"
"14689","01-02-25 16:00","England","Premier League","2024/2025","Newcastle","Fulham","47","53","41","59","53","47","11","15","7","4","4","11","4","4","3","0","1","4","6","4","4","2","2","2"
"14690","01-02-25 13:30","England","Premier League","2024/2025","Nottingham","Brighton","37","63","40","60","34","66","14","10","7","6","7","4","9","5","4","3","5","2","4","3","3","1","1","2"
"14691","26-01-25 20:00","England","Premier League","2024/2025","Fulham","Manchester Utd","51","49","50","50","52","48","9","4","5","1","4","3","3","1","2","0","1","1","6","2","3","1","3","1"
"14692","26-01-25 17:30","England","Premier League","2024/2025","Aston Villa","West Ham","45","55","43","57","47","53","14","14","8","5","6","9","4","4","3","0","1","4","6","6","2","2","4","4"
"14693","26-01-25 15:00","England","Premier League","2024/2025","Crystal Palace","Brentford","47","53","42","58","52","48","16","13","5","6","11","7","5","6","2","2","3","4","7","6","2","3","5","3"
"14694","26-01-25 15:00","England","Premier League","2024/2025","Tottenham","Leicester","60","40","58","42","62","38","15","12","6","8","9","4","6","3","4","1","2","2","5","2","2","1","3","1"
"14695","25-01-25 18:30","England","Premier League","2024/2025","Manchester City","Chelsea","57","43","64","36","50","50","15","10","11","6","4","4","6","4","3","3","3","1","6","3","5","1","1","2"
"14696","25-01-25 16:00","England","Premier League","2024/2025","Bournemouth","Nottingham","50","50","54","46","46","54","17","18","5","7","12","11","11","4","3","1","8","3","3","9","1","5","2","4"
"14697","25-01-25 16:00","England","Premier League","2024/2025","Brighton","Everton","69","31","56","44","81","19","16","4","4","3","12","1","1","2","0","2","1","0","11","2","2","1","9","1"
"14698","25-01-25 16:00","England","Premier League","2024/2025","Liverpool","Ipswich","71","29","72","28","70","30","16","3","10","0","6","3","6","3","5","0","1","3","7","0","3","0","4","0"
"14699","25-01-25 16:00","England","Premier League","2024/2025","Southampton","Newcastle","52","48","52","48","52","48","12","17","4","7","8","10","5","9","2","5","3","4","3","4","2","1","1","3"
"14700","25-01-25 16:00","England","Premier League","2024/2025","Wolves","Arsenal","51","49","50","50","52","48","9","9","3","5","6","4","4","3","0","1","4","2","4","3","2","2","2","1"
"14701","20-01-25 21:00","England","Premier League","2024/2025","Chelsea","Wolves","63","37","64","36","62","38","19","9","11","5","8","4","7","4","3","1","4","3","6","2","4","2","2","0"
"14702","19-01-25 17:30","England","Premier League","2024/2025","Ipswich","Manchester City","32","68","37","63","27","73","8","17","5","9","3","8","4","9","2","5","2","4","1","3","0","2","1","1"
"14703","19-01-25 15:00","England","Premier League","2024/2025","Everton","Tottenham","36","64","37","63","35","65","13","11","9","4","4","7","7","6","7","2","0","4","4","2","1","1","3","1"
"14704","19-01-25 15:00","England","Premier League","2024/2025","Manchester Utd","Brighton","51","49","47","53","55","45","10","6","4","3","6","3","1","3","1","1","0","2","3","1","1","0","2","1"
"14705","19-01-25 15:00","England","Premier League","2024/2025","Nottingham","Southampton","45","55","46","54","44","56","14","10","7","4","7","6","5","4","3","0","2","4","7","2","3","1","4","1"
"14706","18-01-25 18:30","England","Premier League","2024/2025","Arsenal","Aston Villa","65","35","58","42","72","28","18","8","6","3","12","5","6","4","3","1","3","3","7","3","3","1","4","2"
"14707","18-01-25 16:00","England","Premier League","2024/2025","Brentford","Liverpool","39","61","41","59","37","63","11","37","5","19","6","18","6","8","2","5","4","3","4","14","2","6","2","8"
"14708","18-01-25 16:00","England","Premier League","2024/2025","Leicester","Fulham","38","62","35","65","41","59","8","17","4","9","4","8","4","2","2","0","2","2","3","9","2","4","1","5"
"14709","18-01-25 16:00","England","Premier League","2024/2025","West Ham","Crystal Palace","53","47","41","59","67","33","7","12","3","5","4","7","0","7","0","2","0","5","4","4","2","3","2","1"
"14710","18-01-25 13:30","England","Premier League","2024/2025","Newcastle","Bournemouth","55","45","53","47","57","43","13","19","6","8","7","11","5","10","2","4","3","6","3","6","1","3","2","3"
"14711","16-01-25 21:00","England","Premier League","2024/2025","Manchester Utd","Southampton","59","41","52","48","66","34","23","13","10","8","13","5","9","5","1","5","8","0","2","3","2","2","0","1"
"14712","16-01-25 20:30","England","Premier League","2024/2025","Ipswich","Brighton","47","53","40","60","54","46","5","11","4","4","1","7","3","5","3","2","0","3","2","0","1","0","1","0"
"14713","15-01-25 21:00","England","Premier League","2024/2025","Arsenal","Tottenham","53","47","64","36","43","57","14","10","4","2","10","8","4","2","1","2","3","0","4","4","0","0","4","4"
"14714","15-01-25 20:30","England","Premier League","2024/2025","Everton","Aston Villa","50","50","42","58","58","42","10","11","5","9","5","2","3","3","2","2","1","1","6","4","3","3","3","1"
"14715","15-01-25 20:30","England","Premier League","2024/2025","Leicester","Crystal Palace","57","43","62","38","51","49","21","9","11","4","10","5","4","4","3","0","1","4","11","3","4","3","7","0"
"14716","15-01-25 20:30","England","Premier League","2024/2025","Newcastle","Wolves","60","40","65","35","55","45","18","13","10","3","8","10","6","7","4","1","2","6","5","4","2","2","3","2"
"14717","14-01-25 21:00","England","Premier League","2024/2025","Nottingham","Liverpool","29","71","29","71","29","71","6","23","3","9","3","14","3","7","2","0","1","7","1","10","1","7","0","3"
"14718","14-01-25 20:30","England","Premier League","2024/2025","Brentford","Manchester City","44","56","38","62","50","50","18","21","4","8","14","13","6","8","1","2","5","6","9","11","2","4","7","7"
"14719","14-01-25 20:30","England","Premier League","2024/2025","Chelsea","Bournemouth","57","43","52","48","61","39","26","7","13","1","13","6","10","3","5","0","5","3","7","3","4","1","3","2"
"14720","14-01-25 20:30","England","Premier League","2024/2025","West Ham","Fulham","44","56","46","54","42","58","4","21","2","8","2","13","3","5","2","0","1","5","1","11","0","6","1","5"
"14721","06-01-25 21:00","England","Premier League","2024/2025","Wolves","Nottingham","60","40","54","46","66","34","13","11","8","5","5","6","6","3","5","2","1","1","2","6","1","2","1","4"
"14722","05-01-25 17:30","England","Premier League","2024/2025","Liverpool","Manchester Utd","52","48","55","45","49","51","19","13","8","6","11","7","6","4","1","1","5","3","8","1","5","0","3","1"
"14723","05-01-25 15:00","England","Premier League","2024/2025","Fulham","Ipswich","73","27","72","28","74","26","15","7","8","2","7","5","4","3","1","1","3","2","4","3","1","0","3","3"
"14724","04-01-25 18:30","England","Premier League","2024/2025","Brighton","Arsenal","45","55","46","54","44","56","11","9","6","5","5","4","4","3","1","2","3","1","4","4","2","1","2","3"
"14725","04-01-25 16:00","England","Premier League","2024/2025","Aston Villa","Leicester","61","39","61","39","61","39","13","4","3","1","10","3","5","2","1","0","4","2","3","2","0","1","3","1"
"14726","04-01-25 16:00","England","Premier League","2024/2025","Bournemouth","Everton","59","41","59","41","59","41","19","9","11","5","8","4","8","0","4","0","4","0","7","9","4","5","3","4"
"14727","04-01-25 16:00","England","Premier League","2024/2025","Crystal Palace","Chelsea","38","62","36","64","40","60","13","15","4","9","9","6","6","1","1","1","5","0","2","10","1","7","1","3"
"14728","04-01-25 16:00","England","Premier League","2024/2025","Manchester City","West Ham","56","44","58","42","54","46","10","17","6","7","4","10","7","4","4","0","3","4","0","10","0","5","0","5"
"14729","04-01-25 16:00","England","Premier League","2024/2025","Southampton","Brentford","50","50","50","50","50","50","8","20","5","6","3","14","1","11","1","3","0","8","5","7","3","2","2","5"
"14730","04-01-25 13:30","England","Premier League","2024/2025","Tottenham","Newcastle","57","43","45","55","69","31","13","14","4","7","9","7","4","4","2","3","2","1","6","3","1","2","5","1"
"14731","01-01-25 18:30","England","Premier League","2024/2025","Brentford","Arsenal","50","50","38","62","62","38","5","14","4","9","1","5","2","5","2","2","0","3","2","4","1","2","1","2"
"14732","30-12-24 21:00","England","Premier League","2024/2025","Manchester Utd","Newcastle","53","47","49","51","57","43","10","12","3","11","7","1","1","4","0","4","1","0","5","4","3","3","2","1"
"14733","30-12-24 20:45","England","Premier League","2024/2025","Aston Villa","Brighton","60","40","62","38","58","42","20","14","12","5","8","9","4","5","2","3","2","2","7","4","4","1","3","3"
"14734","30-12-24 20:45","England","Premier League","2024/2025","Ipswich","Chelsea","24","76","26","74","22","78","9","20","5","10","4","10","6","5","3","3","3","2","1","7","0","4","1","3"
"14735","29-12-24 18:15","England","Premier League","2024/2025","West Ham","Liverpool","45","55","39","61","51","49","7","22","3","12","4","10","0","13","0","8","0","5","4","7","2","3","2","4"
"14736","29-12-24 16:00","England","Premier League","2024/2025","Crystal Palace","Southampton","47","53","51","49","43","57","19","7","13","4","6","3","10","3","7","2","3","1","3","3","2","1","1","2"
"14737","29-12-24 16:00","England","Premier League","2024/2025","Everton","Nottingham","63","37","58","42","68","32","13","11","5","4","8","7","2","7","0","1","2","6","9","4","5","3","4","1"
"14738","29-12-24 16:00","England","Premier League","2024/2025","Fulham","Bournemouth","52","48","47","53","57","43","11","16","4","9","7","7","6","9","3","4","3","5","3","6","1","4","2","2"
"14739","29-12-24 16:00","England","Premier League","2024/2025","Tottenham","Wolves","48","52","47","53","49","51","13","11","8","4","5","7","3","3","3","1","0","2","7","4","3","2","4","2"
"14740","29-12-24 15:30","England","Premier League","2024/2025","Leicester","Manchester City","53","47","49","51","57","43","11","14","5","9","6","5","4","5","2","4","2","1","5","6","2","3","3","3"
"14741","27-12-24 21:15","England","Premier League","2024/2025","Arsenal","Ipswich","68","32","84","16","53","47","13","3","4","0","9","3","5","0","2","0","3","0","3","0","1","0","2","0"
"14742","27-12-24 20:30","England","Premier League","2024/2025","Brighton","Brentford","58","42","59","41","57","43","24","8","15","2","9","6","7","3","6","0","1","3","12","2","5","1","7","1"
"14743","26-12-24 21:00","England","Premier League","2024/2025","Liverpool","Leicester","68","32","73","27","63","37","19","4","10","4","9","0","7","1","2","1","5","0","6","2","5","2","1","0"
"14744","26-12-24 18:30","England","Premier League","2024/2025","Wolves","Manchester Utd","51","49","42","58","60","40","7","11","4","6","3","5","4","4","2","2","2","2","1","3","1","1","0","2"
"14745","26-12-24 16:00","England","Premier League","2024/2025","Bournemouth","Crystal Palace","52","48","51","49","53","47","18","10","9","4","9","6","4","4","2","2","2","2","10","2","4","1","6","1"
"14746","26-12-24 16:00","England","Premier League","2024/2025","Chelsea","Fulham","47","53","44","56","50","50","12","14","5","5","7","9","8","7","4","2","4","5","1","7","0","3","1","4"
"14747","26-12-24 16:00","England","Premier League","2024/2025","Newcastle","Aston Villa","63","37","62","38","64","36","22","4","9","3","13","1","8","1","4","1","4","0","7","2","3","1","4","1"
"14748","26-12-24 16:00","England","Premier League","2024/2025","Nottingham","Tottenham","29","71","30","70","28","72","10","13","4","7","6","6","3","4","1","3","2","1","5","4","2","1","3","3"
"14749","26-12-24 16:00","England","Premier League","2024/2025","Southampton","West Ham","55","45","48","52","62","38","18","16","11","8","7","8","5","2","5","1","0","1","9","8","3","4","6","4"
"14750","26-12-24 13:30","England","Premier League","2024/2025","Manchester City","Everton","66","34","61","39","71","29","24","8","11","4","13","4","5","3","3","2","2","1","9","3","3","2","6","1"
"14751","22-12-24 17:30","England","Premier League","2024/2025","Tottenham","Liverpool","52","48","48","52","56","44","9","24","5","13","4","11","5","12","2","5","3","7","3","8","3","4","0","4"
"14752","22-12-24 15:00","England","Premier League","2024/2025","Everton","Chelsea","25","75","24","76","26","74","5","12","2","8","3","4","4","5","2","4","2","1","0","3","0","3","0","0"
"14753","22-12-24 15:00","England","Premier League","2024/2025","Fulham","Southampton","57","43","54","46","60","40","16","5","8","1","8","4","5","1","1","0","4","1","6","1","5","0","1","1"
"14754","22-12-24 15:00","England","Premier League","2024/2025","Leicester","Wolves","53","47","55","45","51","49","9","8","4","4","5","4","5","4","3","3","2","1","2","3","0","0","2","3"
"14755","22-12-24 15:00","England","Premier League","2024/2025","Manchester Utd","Bournemouth","60","40","54","46","66","34","23","10","11","5","12","5","7","5","3","3","4","2","10","3","5","1","5","2"
"14756","21-12-24 18:30","England","Premier League","2024/2025","Crystal Palace","Arsenal","41","59","42","58","40","60","15","14","9","7","6","7","6","6","3","3","3","3","6","3","5","2","1","1"
"14757","21-12-24 16:00","England","Premier League","2024/2025","Brentford","Nottingham","64","36","61","39","67","33","7","10","4","4","3","6","3","6","2","3","1","3","2","3","2","1","0","2"
"14758","21-12-24 16:00","England","Premier League","2024/2025","Ipswich","Newcastle","41","59","48","52","34","66","10","15","4","10","6","5","2","7","1","5","1","2","4","7","2","4","2","3"
"14759","21-12-24 16:00","England","Premier League","2024/2025","West Ham","Brighton","46","54","53","47","40","60","11","12","3","2","8","10","4","6","1","1","3","5","3","2","1","0","2","2"
"14760","21-12-24 13:30","England","Premier League","2024/2025","Aston Villa","Manchester City","45","55","33","67","57","43","11","12","6","6","5","6","6","6","4","3","2","3","3","5","1","3","2","2"
"14761","16-12-24 21:00","England","Premier League","2024/2025","Bournemouth","West Ham","51","49","43","57","59","41","29","16","9","9","20","7","9","3","2","2","7","1","6","6","1","3","5","3"
"14762","15-12-24 20:00","England","Premier League","2024/2025","Chelsea","Brentford","62","38","68","32","56","44","26","9","15","1","11","8","8","4","5","0","3","4","10","3","6","0","4","3"
"14763","15-12-24 20:00","England","Premier League","2024/2025","Southampton","Tottenham","41","59","34","66","48","52","9","18","2","16","7","2","3","9","1","8","2","1","4","5","1","4","3","1"
"14764","15-12-24 17:30","England","Premier League","2024/2025","Manchester City","Manchester Utd","51","49","53","47","49","51","10","10","7","4","3","6","3","3","3","0","0","3","4","4","2","2","2","2"
"14765","15-12-24 15:00","England","Premier League","2024/2025","Brighton","Crystal Palace","64","36","49","51","79","21","17","13","6","7","11","6","5","5","1","3","4","2","4","5","3","2","1","3"
"14766","14-12-24 18:30","England","Premier League","2024/2025","Nottingham","Aston Villa","50","50","54","46","46","54","17","8","5","4","12","4","6","2","0","1","6","1","6","4","3","2","3","2"
"14767","14-12-24 16:00","England","Premier League","2024/2025","Arsenal","Everton","76","24","73","27","79","21","13","2","7","1","6","1","5","0","2","0","3","0","3","0","2","0","1","0"
"14768","14-12-24 16:00","England","Premier League","2024/2025","Liverpool","Fulham","60","40","61","39","59","41","16","12","4","6","12","6","4","3","1","1","3","2","7","5","2","2","5","3"
"14769","14-12-24 16:00","England","Premier League","2024/2025","Newcastle","Leicester","59","41","53","47","65","35","27","4","14","3","13","1","11","1","5","0","6","1","9","0","5","0","4","0"
"14770","14-12-24 16:00","England","Premier League","2024/2025","Wolves","Ipswich","54","46","55","45","53","47","16","10","5","4","11","6","6","5","1","3","5","2","5","2","2","0","3","2"
"14771","09-12-24 21:00","England","Premier League","2024/2025","West Ham","Wolves","54","46","57","43","51","49","19","19","12","9","7","10","4","5","2","2","2","3","6","7","3","2","3","5"
"14772","08-12-24 17:30","England","Premier League","2024/2025","Tottenham","Chelsea","38","62","33","67","43","57","13","17","5","8","8","9","5","8","3","3","2","5","5","4","2","2","3","2"
"14773","08-12-24 15:00","England","Premier League","2024/2025","Fulham","Arsenal","33","67","35","65","31","69","2","12","1","5","1","7","2","4","1","1","1","3","0","8","0","4","0","4"
"14774","08-12-24 15:00","England","Premier League","2024/2025","Ipswich","Bournemouth","43","57","43","57","43","57","18","22","10","8","8","14","5","6","4","1","1","5","6","9","4","4","2","5"
"14775","08-12-24 15:00","England","Premier League","2024/2025","Leicester","Brighton","54","46","52","48","56","44","10","16","4","10","6","6","3","7","1","5","2","2","2","6","1","4","1","2"
"14776","07-12-24 18:30","England","Premier League","2024/2025","Manchester Utd","Nottingham","71","29","73","27","69","31","17","11","7","6","10","5","7","3","4","1","3","2","5","4","2","2","3","2"
"14777","07-12-24 16:00","England","Premier League","2024/2025","Aston Villa","Southampton","47","53","48","52","46","54","18","4","8","3","10","1","5","0","2","0","3","0","5","0","1","0","4","0"
"14778","07-12-24 16:00","England","Premier League","2024/2025","Brentford","Newcastle","44","56","47","53","41","59","11","16","4","9","7","7","8","3","3","2","5","1","2","11","1","6","1","5"
"14779","07-12-24 16:00","England","Premier League","2024/2025","Crystal Palace","Manchester City","31","69","39","61","23","77","12","12","5","7","7","5","3","4","1","2","2","2","1","4","1","4","0","0"
"14780","05-12-24 21:15","England","Premier League","2024/2025","Bournemouth","Tottenham","34","66","33","67","35","65","21","12","5","5","16","7","8","4","3","1","5","3","8","5","0","3","8","2"
"14781","05-12-24 20:30","England","Premier League","2024/2025","Fulham","Brighton","44","56","39","61","49","51","6","13","4","9","2","4","2","3","1","2","1","1","3","5","2","3","1","2"
"14782","04-12-24 21:15","England","Premier League","2024/2025","Arsenal","Manchester Utd","50","50","48","52","52","48","14","5","3","2","11","3","6","2","0","0","6","2","3","3","2","2","1","1"
"14783","04-12-24 21:15","England","Premier League","2024/2025","Aston Villa","Brentford","49","51","45","55","53","47","20","9","9","2","11","7","10","1","5","0","5","1","6","4","3","1","3","3"
"14784","04-12-24 20:30","England","Premier League","2024/2025","Everton","Wolves","45","55","45","55","45","55","15","6","8","5","7","1","6","2","4","2","2","0","5","2","2","2","3","0"
"14785","04-12-24 20:30","England","Premier League","2024/2025","Manchester City","Nottingham","66","34","67","33","65","35","17","12","9","8","8","4","7","3","4","2","3","1","7","7","4","5","3","2"
"14786","04-12-24 20:30","England","Premier League","2024/2025","Newcastle","Liverpool","41","59","38","62","45","55","17","16","9","5","8","11","6","5","4","1","2","4","7","5","3","1","4","4"
"14787","04-12-24 20:30","England","Premier League","2024/2025","Southampton","Chelsea","45","55","56","44","34","66","6","26","5","14","1","12","4","13","3","6","1","7","0","7","0","4","0","3"
"14788","03-12-24 21:15","England","Premier League","2024/2025","Leicester","West Ham","39","61","43","57","35","65","8","31","3","20","5","11","6","10","3","7","3","3","2","10","0","5","2","5"
"14789","03-12-24 20:30","England","Premier League","2024/2025","Ipswich","Crystal Palace","54","46","49","51","59","41","9","13","3","9","6","4","2","3","1","1","1","2","4","4","0","3","4","1"
"14790","01-12-24 17:00","England","Premier League","2024/2025","Liverpool","Manchester City","44","56","53","47","34","66","18","8","10","1","8","7","7","2","4","0","3","2","7","3","4","1","3","2"
"14791","01-12-24 14:30","England","Premier League","2024/2025","Chelsea","Aston Villa","64","36","65","35","63","37","17","10","9","3","8","7","8","4","5","2","3","2","6","3","3","1","3","2"
"14792","01-12-24 14:30","England","Premier League","2024/2025","Manchester Utd","Everton","60","40","60","40","60","40","11","8","6","4","5","4","5","2","3","1","2","1","2","3","1","3","1","0"
"14793","01-12-24 14:30","England","Premier League","2024/2025","Tottenham","Fulham","50","50","48","52","52","48","8","14","5","8","3","6","3","6","2","2","1","4","3","4","2","2","1","2"
"14794","30-11-24 18:30","England","Premier League","2024/2025","West Ham","Arsenal","39","61","32","68","46","54","12","16","5","10","7","6","5","7","3","6","2","1","3","5","0","1","3","4"
"14795","30-11-24 16:00","England","Premier League","2024/2025","Brentford","Leicester","60","40","65","35","55","45","13","7","9","2","4","5","6","3","4","2","2","1","3","1","2","0","1","1"
"14796","30-11-24 16:00","England","Premier League","2024/2025","Crystal Palace","Newcastle","49","51","42","58","56","44","16","2","5","1","11","1","4","1","0","0","4","1","7","0","5","0","2","0"
"14797","30-11-24 16:00","England","Premier League","2024/2025","Nottingham","Ipswich","45","55","51","49","40","60","12","7","7","3","5","4","5","3","2","2","3","1","5","2","5","0","0","2"
"14798","30-11-24 16:00","England","Premier League","2024/2025","Wolves","Bournemouth","60","40","60","40","60","40","10","12","6","9","4","3","3","8","1","7","2","1","5","2","3","1","2","1"
"14799","29-11-24 21:00","England","Premier League","2024/2025","Brighton","Southampton","52","48","50","50","54","46","22","10","10","5","12","5","5","2","2","0","3","2","10","2","5","2","5","0"
"14800","25-11-24 21:00","England","Premier League","2024/2025","Newcastle","West Ham","52","48","55","45","49","51","18","15","10","6","8","9","2","6","2","2","0","4","10","3","5","2","5","1"
"14801","24-11-24 17:30","England","Premier League","2024/2025","Ipswich","Manchester Utd","40","60","50","50","30","70","11","11","7","5","4","6","6","4","4","3","2","1","3","5","2","2","1","3"
"14802","24-11-24 15:00","England","Premier League","2024/2025","Southampton","Liverpool","38","62","33","67","42","58","7","27","4","11","3","16","5","11","4","7","1","4","2","7","0","2","2","5"
"14803","23-11-24 18:30","England","Premier League","2024/2025","Manchester City","Tottenham","58","42","52","48","65","35","23","9","10","5","13","4","5","7","2","4","3","3","11","2","6","1","5","1"
"14804","23-11-24 16:00","England","Premier League","2024/2025","Arsenal","Nottingham","66","34","69","31","62","38","19","7","11","2","8","5","7","0","5","0","2","0","7","5","3","2","4","3"
"14805","23-11-24 16:00","England","Premier League","2024/2025","Aston Villa","Crystal Palace","70","30","67","33","73","27","17","13","7","5","10","8","5","6","3","3","2","3","6","6","3","2","3","4"
"14806","23-11-24 16:00","England","Premier League","2024/2025","Bournemouth","Brighton","55","45","47","53","63","37","20","6","6","4","14","2","6","4","2","3","4","1","11","1","4","0","7","1"
"14807","23-11-24 16:00","England","Premier League","2024/2025","Everton","Brentford","59","41","48","52","70","30","27","9","13","6","14","3","5","2","2","1","3","1","12","4","6","3","6","1"
"14808","23-11-24 16:00","England","Premier League","2024/2025","Fulham","Wolves","59","41","52","48","66","34","10","11","5","3","5","8","3","6","1","2","2","4","4","2","3","0","1","2"
"14809","23-11-24 13:30","England","Premier League","2024/2025","Leicester","Chelsea","36","64","30","70","41","59","5","16","2","8","3","8","2","7","0","2","2","5","2","6","2","4","0","2"
"14810","10-11-24 17:30","England","Premier League","2024/2025","Chelsea","Arsenal","49","51","48","52","50","50","17","13","9","5","8","8","3","3","1","1","2","2","6","4","3","1","3","3"
"14811","10-11-24 15:00","England","Premier League","2024/2025","Manchester Utd","Leicester","51","49","58","42","44","56","13","6","9","5","4","1","3","5","2","4","1","1","4","1","2","1","2","0"
"14812","10-11-24 15:00","England","Premier League","2024/2025","Nottingham","Newcastle","43","57","40","60","46","54","9","17","3","7","6","10","3","6","1","2","2","4","3","7","1","3","2","4"
"14813","10-11-24 15:00","England","Premier League","2024/2025","Tottenham","Ipswich","66","34","67","33","65","35","17","8","6","6","11","2","5","3","2","3","3","0","9","2","2","1","7","1"
"14814","09-11-24 21:00","England","Premier League","2024/2025","Liverpool","Aston Villa","63","37","61","39","65","35","14","12","6","9","8","3","5","2","2","2","3","0","6","8","2","5","4","3"
"14815","09-11-24 18:30","England","Premier League","2024/2025","Brighton","Manchester City","39","61","33","67","44","56","10","15","3","9","7","6","4","6","0","5","4","1","4","6","2","2","2","4"
"14816","09-11-24 16:00","England","Premier League","2024/2025","Brentford","Bournemouth","52","48","51","49","53","47","12","15","4","8","8","7","6","3","2","2","4","1","2","3","0","2","2","1"
"14817","09-11-24 16:00","England","Premier League","2024/2025","Crystal Palace","Fulham","35","65","34","66","36","64","13","17","6","9","7","8","5","7","1","3","4","4","6","6","3","3","3","3"
"14818","09-11-24 16:00","England","Premier League","2024/2025","West Ham","Everton","49","51","49","51","49","51","11","18","4","8","7","10","6","4","2","2","4","2","1","8","0","4","1","4"
"14819","09-11-24 16:00","England","Premier League","2024/2025","Wolves","Southampton","29","71","29","71","29","71","8","10","3","7","5","3","4","1","1","1","3","0","1","6","0","4","1","2"
"14820","04-11-24 21:00","England","Premier League","2024/2025","Fulham","Brentford","68","32","65","35","71","29","26","5","9","2","17","3","12","2","4","1","8","1","4","1","2","0","2","1"
"14821","03-11-24 17:30","England","Premier League","2024/2025","Manchester Utd","Chelsea","46","54","46","54","46","54","11","12","4","6","7","6","4","3","1","1","3","2","4","4","2","2","2","2"
"14822","03-11-24 15:00","England","Premier League","2024/2025","Tottenham","Aston Villa","51","49","54","46","48","52","16","12","8","7","8","5","6","1","0","1","6","0","8","8","6","4","2","4"
"14823","02-11-24 18:30","England","Premier League","2024/2025","Wolves","Crystal Palace","57","43","52","48","62","38","11","19","3","8","8","11","6","7","0","3","6","4","4","7","3","1","1","6"
"14824","02-11-24 16:00","England","Premier League","2024/2025","Bournemouth","Manchester City","35","65","41","59","29","71","12","18","5","4","7","14","6","4","3","0","3","4","4","10","1","2","3","8"
"14825","02-11-24 16:00","England","Premier League","2024/2025","Ipswich","Leicester","43","57","46","54","40","60","14","20","11","5","3","15","2","6","1","2","1","4","6","6","6","2","0","4"
"14826","02-11-24 16:00","England","Premier League","2024/2025","Liverpool","Brighton","49","51","47","53","51","49","16","13","5","7","11","6","8","5","1","4","7","1","2","4","1","2","1","2"
"14827","02-11-24 16:00","England","Premier League","2024/2025","Nottingham","West Ham","53","47","40","60","67","33","19","4","10","1","9","3","6","2","2","1","4","1","10","2","5","0","5","2"
"14828","02-11-24 16:00","England","Premier League","2024/2025","Southampton","Everton","65","35","66","34","64","36","9","16","2","6","7","10","2","5","0","2","2","3","5","8","2","3","3","5"
"14829","02-11-24 13:30","England","Premier League","2024/2025","Newcastle","Arsenal","36","64","42","58","30","70","9","10","4","6","5","4","4","1","1","1","3","0","2","6","1","4","1","2"
"14830","27-10-24 17:30","England","Premier League","2024/2025","Arsenal","Liverpool","45","55","52","48","38","62","9","9","6","3","3","6","3","4","2","2","1","2","4","3","3","1","1","2"
"14831","27-10-24 15:00","England","Premier League","2024/2025","Chelsea","Newcastle","51","49","59","41","44","56","17","11","9","8","8","3","7","3","4","2","3","1","6","5","2","3","4","2"
"14832","27-10-24 15:00","England","Premier League","2024/2025","Crystal Palace","Tottenham","34","66","33","67","35","65","14","11","7","8","7","3","6","3","3","1","3","2","7","4","3","4","4","0"
"14833","27-10-24 15:00","England","Premier League","2024/2025","West Ham","Manchester Utd","43","57","43","57","43","57","12","18","1","8","11","10","3","5","0","2","3","3","8","7","1","4","7","3"
"14834","26-10-24 18:30","England","Premier League","2024/2025","Everton","Fulham","40","60","39","61","41","59","10","14","4","8","6","6","5","3","2","2","3","1","3","9","1","4","2","5"
"14835","26-10-24 16:00","England","Premier League","2024/2025","Aston Villa","Bournemouth","57","43","57","43","57","43","18","11","8","6","10","5","8","3","4","2","4","1","5","4","2","3","3","1"
"14836","26-10-24 16:00","England","Premier League","2024/2025","Brentford","Ipswich","65","35","67","33","63","37","20","11","5","7","15","4","9","5","2","4","7","1","5","6","0","3","5","3"
"14837","26-10-24 16:00","England","Premier League","2024/2025","Brighton","Wolves","51","49","60","40","42","58","19","14","13","3","6","11","6","7","3","1","3","6","5","2","4","1","1","1"
"14838","26-10-24 16:00","England","Premier League","2024/2025","Manchester City","Southampton","58","42","53","47","63","37","22","5","10","1","12","4","8","2","4","0","4","2","7","2","3","1","4","1"
"14839","25-10-24 21:00","England","Premier League","2024/2025","Leicester","Nottingham","64","36","61","39","67","33","11","20","7","9","4","11","1","5","1","3","0","2","7","9","5","1","2","8"
"14840","21-10-24 21:00","England","Premier League","2024/2025","Nottingham","Crystal Palace","50","50","51","49","49","51","20","20","9","9","11","11","6","7","2","3","4","4","5","7","3","4","2","3"
"14841","20-10-24 17:30","England","Premier League","2024/2025","Liverpool","Chelsea","43","57","45","55","41","59","8","12","4","3","4","9","5","2","3","0","2","2","2","6","0","2","2","4"
"14842","20-10-24 15:00","England","Premier League","2024/2025","Wolves","Manchester City","22","78","21","79","23","77","3","22","2","10","1","12","2","7","2","3","0","4","1","7","0","3","1","4"
"14843","19-10-24 18:30","England","Premier League","2024/2025","Bournemouth","Arsenal","48","52","50","50","46","54","13","6","7","3","6","3","4","1","2","0","2","1","4","4","1","2","3","2"
"14844","19-10-24 16:00","England","Premier League","2024/2025","Fulham","Aston Villa","52","48","43","57","61","39","10","14","6","5","4","9","4","5","2","2","2","3","5","5","3","2","2","3"
"14845","19-10-24 16:00","England","Premier League","2024/2025","Ipswich","Everton","55","45","56","44","54","46","13","11","5","6","8","5","2","8","0","5","2","3","8","3","4","1","4","2"
"14846","19-10-24 16:00","England","Premier League","2024/2025","Manchester Utd","Brentford","50","50","53","47","47","53","23","8","10","6","13","2","11","2","3","2","8","0","6","4","3","3","3","1"
"14847","19-10-24 16:00","England","Premier League","2024/2025","Newcastle","Brighton","60","40","64","36","56","44","21","10","8","3","13","7","6","5","2","1","4","4","6","3","2","1","4","2"
"14848","19-10-24 16:00","England","Premier League","2024/2025","Southampton","Leicester","41","59","45","55","37","63","14","18","7","7","7","11","7","4","4","0","3","4","5","10","3","5","2","5"
"14849","19-10-24 13:30","England","Premier League","2024/2025","Tottenham","West Ham","57","43","61","39","53","47","22","11","12","5","10","6","7","4","2","2","5","2","9","4","5","3","4","1"
"14850","06-10-24 17:30","England","Premier League","2024/2025","Brighton","Tottenham","41","59","37","63","45","55","11","13","5","6","6","7","4","3","0","2","4","1","5","7","4","2","1","5"
"14851","06-10-24 15:00","England","Premier League","2024/2025","Aston Villa","Manchester Utd","54","46","50","50","58","42","11","10","4","2","7","8","1","4","0","2","1","2","7","4","2","0","5","4"
"14852","06-10-24 15:00","England","Premier League","2024/2025","Chelsea","Nottingham","66","34","65","35","67","33","22","16","9","6","13","10","8","9","2","2","6","7","9","1","4","1","5","0"
"14853","05-10-24 18:30","England","Premier League","2024/2025","Everton","Newcastle","32","68","29","71","35","65","8","14","3","5","5","9","2","3","2","1","0","2","5","6","0","3","5","3"
"14854","05-10-24 16:00","England","Premier League","2024/2025","Arsenal","Southampton","59","41","72","28","46","54","29","8","13","2","16","6","6","2","1","1","5","1","13","4","5","0","8","4"
"14855","05-10-24 16:00","England","Premier League","2024/2025","Brentford","Wolves","44","56","49","51","39","61","19","17","9","8","10","9","12","6","6","3","6","3","4","6","1","3","3","3"
"14856","05-10-24 16:00","England","Premier League","2024/2025","Leicester","Bournemouth","44","56","51","49","37","63","6","17","5","6","1","11","2","2","2","1","0","1","4","11","3","2","1","9"
"14857","05-10-24 16:00","England","Premier League","2024/2025","Manchester City","Fulham","58","42","65","35","51","49","20","11","15","7","5","4","7","4","4","2","3","2","5","2","4","2","1","0"
"14858","05-10-24 16:00","England","Premier League","2024/2025","West Ham","Ipswich","53","47","62","38","44","56","23","9","12","5","11","4","13","2","7","1","6","1","6","4","3","2","3","2"
"14859","05-10-24 13:30","England","Premier League","2024/2025","Crystal Palace","Liverpool","32","68","28","72","36","64","9","16","1","9","8","7","5","4","1","2","4","2","4","7","0","4","4","3"
"14860","30-09-24 21:00","England","Premier League","2024/2025","Bournemouth","Southampton","40","60","50","50","30","70","14","9","6","3","8","6","6","3","4","1","2","2","2","3","0","1","2","2"
"14861","29-09-24 17:30","England","Premier League","2024/2025","Manchester Utd","Tottenham","39","61","37","63","41","59","11","24","3","12","8","12","2","11","2","4","0","7","6","7","1","4","5","3"
"14862","29-09-24 15:00","England","Premier League","2024/2025","Ipswich","Aston Villa","44","56","36","64","52","48","15","7","6","4","9","3","5","3","3","2","2","1","5","4","2","2","3","2"
"14863","28-09-24 18:30","England","Premier League","2024/2025","Wolves","Liverpool","45","55","45","55","45","55","8","10","3","5","5","5","3","6","2","3","1","3","4","3","1","1","3","2"
"14864","28-09-24 16:00","England","Premier League","2024/2025","Arsenal","Leicester","75","25","76","24","74","26","36","5","11","1","25","4","16","3","5","0","11","3","13","1","3","0","10","1"
"14865","28-09-24 16:00","England","Premier League","2024/2025","Brentford","West Ham","57","43","50","50","64","36","8","19","4","8","4","11","3","3","1","0","2","3","4","11","2","5","2","6"
"14866","28-09-24 16:00","England","Premier League","2024/2025","Chelsea","Brighton","41","59","36","64","46","54","15","15","7","9","8","6","7","5","4","4","3","1","4","5","2","3","2","2"
"14867","28-09-24 16:00","England","Premier League","2024/2025","Everton","Crystal Palace","41","59","41","59","41","59","8","17","4","9","4","8","2","5","0","4","2","1","5","7","3","2","2","5"
"14868","28-09-24 16:00","England","Premier League","2024/2025","Nottingham","Fulham","41","59","34","66","48","52","11","14","5","7","6","7","1","2","0","1","1","1","5","5","2","3","3","2"
"14869","28-09-24 13:30","England","Premier League","2024/2025","Newcastle","Manchester City","38","62","41","59","35","65","10","16","6","8","4","8","4","6","2","3","2","3","2","4","0","1","2","3"
"14870","22-09-24 17:30","England","Premier League","2024/2025","Manchester City","Arsenal","78","22","66","34","90","10","33","5","5","4","28","1","11","3","2","2","9","1","10","2","2","2","8","0"
"14871","22-09-24 15:00","England","Premier League","2024/2025","Brighton","Nottingham","71","29","65","35","77","23","14","4","6","2","8","2","3","3","2","2","1","1","6","0","4","0","2","0"
"14872","21-09-24 18:30","England","Premier League","2024/2025","Crystal Palace","Manchester Utd","33","67","30","70","36","64","9","15","2","13","7","2","4","6","1","5","3","1","4","6","0","6","4","0"
"14873","21-09-24 16:00","England","Premier League","2024/2025","Aston Villa","Wolves","53","47","41","59","65","35","9","10","2","10","7","0","4","4","0","4","4","0","0","0","0","0","0","0"
"14874","21-09-24 16:00","England","Premier League","2024/2025","Fulham","Newcastle","39","61","40","60","38","62","22","15","11","4","11","11","11","4","7","1","4","3","8","8","3","2","5","6"
"14875","21-09-24 16:00","England","Premier League","2024/2025","Leicester","Everton","58","42","46","54","70","30","12","16","4","10","8","6","2","5","1","3","1","2","7","7","2","5","5","2"
"14876","21-09-24 16:00","England","Premier League","2024/2025","Liverpool","Bournemouth","59","41","64","36","54","46","19","19","10","5","9","14","13","6","8","2","5","4","3","9","2","3","1","6"
"14877","21-09-24 16:00","England","Premier League","2024/2025","Southampton","Ipswich","54","46","53","47","55","45","11","13","3","7","8","6","3","6","1","3","2","3","5","3","2","2","3","1"
"14878","21-09-24 16:00","England","Premier League","2024/2025","Tottenham","Brentford","48","52","53","47","43","57","23","6","16","4","7","2","10","6","5","4","5","2","3","0","2","0","1","0"
"14879","21-09-24 13:30","England","Premier League","2024/2025","West Ham","Chelsea","52","48","48","52","56","44","15","12","9","5","6","7","7","5","3","2","4","3","4","4","3","2","1","2"
"14880","15-09-24 17:30","England","Premier League","2024/2025","Wolves","Newcastle","49","51","37","63","60","40","12","14","5","3","7","11","5","6","2","1","3","5","5","4","2","1","3","3"
"14881","15-09-24 15:00","England","Premier League","2024/2025","Tottenham","Arsenal","64","36","67","33","61","39","15","8","5","6","10","2","5","4","1","3","4","1","6","1","2","1","4","0"
"14882","14-09-24 21:00","England","Premier League","2024/2025","Bournemouth","Chelsea","33","67","31","69","35","65","19","10","10","4","9","6","7","3","4","1","3","2","9","5","5","2","4","3"
"14883","14-09-24 18:30","England","Premier League","2024/2025","Aston Villa","Everton","73","27","77","23","69","31","17","6","7","3","10","3","8","2","4","2","4","0","6","3","1","0","5","3"
"14884","14-09-24 16:00","England","Premier League","2024/2025","Brighton","Ipswich","70","30","71","29","69","31","21","6","6","1","15","5","6","1","4","0","2","1","5","4","1","1","4","3"
"14885","14-09-24 16:00","England","Premier League","2024/2025","Crystal Palace","Leicester","67","33","63","37","71","29","20","9","9","5","11","4","4","4","2","2","2","2","6","4","4","3","2","1"
"14886","14-09-24 16:00","England","Premier League","2024/2025","Fulham","West Ham","54","46","51","49","57","43","21","11","11","5","10","6","5","3","4","0","1","3","8","5","3","3","5","2"
"14887","14-09-24 16:00","England","Premier League","2024/2025","Liverpool","Nottingham","70","30","70","30","70","30","14","5","8","1","6","4","5","3","4","0","1","3","6","2","3","1","3","1"
"14888","14-09-24 16:00","England","Premier League","2024/2025","Manchester City","Brentford","54","46","48","52","60","40","18","8","7","6","11","2","7","5","3","4","4","1","6","2","2","1","4","1"
"14889","14-09-24 13:30","England","Premier League","2024/2025","Southampton","Manchester Utd","44","56","52","48","36","64","6","18","5","10","1","8","4","10","3","8","1","2","1","3","1","1","0","2"
"14890","01-09-24 17:00","England","Premier League","2024/2025","Manchester Utd","Liverpool","53","47","46","54","60","40","8","11","2","3","6","8","3","3","1","2","2","1","5","8","1","1","4","7"
"14891","01-09-24 14:30","England","Premier League","2024/2025","Chelsea","Crystal Palace","63","37","61","39","65","35","13","9","7","3","6","6","7","3","3","1","4","2","4","1","3","1","1","0"
"14892","01-09-24 14:30","England","Premier League","2024/2025","Newcastle","Tottenham","34","66","35","65","33","67","9","20","6","8","3","12","3","6","1","2","2","4","4","6","4","2","0","4"
"14893","31-08-24 18:30","England","Premier League","2024/2025","West Ham","Manchester City","32","68","31","69","33","67","10","23","3","12","7","11","2","8","2","5","0","3","7","11","1","5","6","6"
"14894","31-08-24 16:00","England","Premier League","2024/2025","Brentford","Southampton","37","63","38","62","36","64","20","18","10","8","10","10","7","6","4","3","3","3","8","7","4","3","4","4"
"14895","31-08-24 16:00","England","Premier League","2024/2025","Everton","Bournemouth","47","53","57","43","37","63","18","17","4","4","14","13","8","7","1","0","7","7","10","7","3","2","7","5"
"14896","31-08-24 16:00","England","Premier League","2024/2025","Ipswich","Fulham","48","52","41","59","55","45","11","9","6","4","5","5","4","4","3","2","1","2","4","2","3","1","1","1"
"14897","31-08-24 16:00","England","Premier League","2024/2025","Leicester","Aston Villa","57","43","58","42","56","44","9","10","2","5","7","5","3","5","2","3","1","2","4","4","0","1","4","3"
"14898","31-08-24 16:00","England","Premier League","2024/2025","Nottingham","Wolves","52","48","46","54","58","42","16","11","6","8","10","3","5","3","2","3","3","0","7","4","4","3","3","1"
"14899","31-08-24 13:30","England","Premier League","2024/2025","Arsenal","Brighton","36","64","48","52","24","76","11","22","6","3","5","19","7","4","5","1","2","3","1","11","0","1","1","10"
"14900","25-08-24 17:30","England","Premier League","2024/2025","Liverpool","Brentford","62","38","55","45","69","31","19","8","5","5","14","3","8","2","2","1","6","1","4","3","2","2","2","1"
"14901","25-08-24 15:00","England","Premier League","2024/2025","Bournemouth","Newcastle","39","61","49","51","29","71","16","14","5","2","11","12","4","5","3","1","1","4","8","6","1","1","7","5"
"14902","25-08-24 15:00","England","Premier League","2024/2025","Wolves","Chelsea","38","62","37","63","39","61","12","14","8","6","4","8","4","8","4","4","0","4","8","3","4","1","4","2"
"14903","24-08-24 18:30","England","Premier League","2024/2025","Aston Villa","Arsenal","39","61","35","65","43","57","11","9","3","3","8","6","3","4","1","1","2","3","5","4","1","2","4","2"
"14904","24-08-24 16:00","England","Premier League","2024/2025","Crystal Palace","West Ham","59","41","51","49","67","33","14","18","8","9","6","9","2","3","1","0","1","3","8","10","4","5","4","5"
"14905","24-08-24 16:00","England","Premier League","2024/2025","Fulham","Leicester","55","45","59","41","51","49","18","10","10","5","8","5","6","4","5","3","1","1","8","4","2","2","6","2"
"14906","24-08-24 16:00","England","Premier League","2024/2025","Manchester City","Ipswich","76","24","74","26","78","22","14","2","9","2","5","0","5","2","4","2","1","0","4","0","4","0","0","0"
"14907","24-08-24 16:00","England","Premier League","2024/2025","Southampton","Nottingham","65","35","57","43","73","27","5","23","4","12","1","11","1","8","1","4","0","4","1","8","1","4","0","4"
"14908","24-08-24 16:00","England","Premier League","2024/2025","Tottenham","Everton","71","29","75","25","67","33","13","10","9","9","4","1","7","1","5","1","2","0","4","7","3","7","1","0"
"14909","24-08-24 13:30","England","Premier League","2024/2025","Brighton","Manchester Utd","48","52","47","53","49","51","14","11","3","5","11","6","5","4","1","1","4","3","8","5","2","4","6","1"
"14910","19-08-24 21:00","England","Premier League","2024/2025","Leicester","Tottenham","29","71","27","73","31","69","7","15","1","10","6","5","3","7","0","4","3","3","3","2","1","2","2","0"
"14911","18-08-24 17:30","England","Premier League","2024/2025","Chelsea","Manchester City","48","52","52","48","44","56","10","11","4","7","6","4","3","5","1","3","2","2","2","4","1","2","1","2"
"14912","18-08-24 15:00","England","Premier League","2024/2025","Brentford","Crystal Palace","46","54","52","48","40","60","9","14","3","4","6","10","5","6","2","1","3","5","3","4","1","2","2","2"
"14913","17-08-24 18:30","England","Premier League","2024/2025","West Ham","Aston Villa","51","49","51","49","51","49","14","15","5","8","9","7","3","3","2","2","1","1","8","7","2","3","6","4"
"14914","17-08-24 16:00","England","Premier League","2024/2025","Arsenal","Wolves","53","47","64","36","42","58","18","9","12","4","6","5","6","3","4","1","2","2","7","5","6","2","1","3"
"14915","17-08-24 16:00","England","Premier League","2024/2025","Everton","Brighton","37","63","46","54","28","72","9","10","6","5","3","5","1","5","1","1","0","4","6","5","5","4","1","1"
"14916","17-08-24 16:00","England","Premier League","2024/2025","Newcastle","Southampton","22","78","28","72","16","84","3","19","3","4","0","15","1","5","1","0","0","5","0","6","0","3","0","3"
"14917","17-08-24 16:00","England","Premier League","2024/2025","Nottingham","Bournemouth","53","47","58","42","49","51","14","15","9","7","5","8","8","5","5","2","3","3","3","8","2","5","1","3"
"14918","17-08-24 13:30","England","Premier League","2024/2025","Ipswich","Liverpool","38","62","44","56","32","68","7","18","4","3","3","15","2","5","2","0","0","5","3","6","1","1","2","5"
"14919","16-08-24 21:00","England","Premier League","2024/2025","Manchester Utd","Fulham","55","45","63","37","47","53","14","10","6","3","8","7","5","2","3","1","2","1","8","6","3","2","5","4"
"3909","19-05-24 17:00","England","Premier League","2023/2024","Arsenal","Everton","69","31","67","33","71","29","26","5","12","4","14","1","5","2","3","1","2","1","21","3","9","3","12","0"
"3910","19-05-24 17:00","England","Premier League","2023/2024","Brentford","Newcastle","54","46","56","44","52","48","10","12","3","8","7","4","5","7","1","5","4","2","5","5","2","3","3","2"
"3911","19-05-24 17:00","England","Premier League","2023/2024","Brighton","Manchester Utd","56","44","58","42","54","46","17","11","10","3","7","8","3","4","2","2","1","2","14","7","8","1","6","6"
"3912","19-05-24 17:00","England","Premier League","2023/2024","Burnley","Nottingham","69","31","71","29","66","34","20","12","10","5","10","7","3","6","0","2","3","4","17","6","10","3","7","3"
"3913","19-05-24 17:00","England","Premier League","2023/2024","Chelsea","Bournemouth","63","37","65","35","61","39","16","22","8","10","8","12","6","5","2","3","4","2","10","17","6","7","4","10"
"3914","19-05-24 17:00","England","Premier League","2023/2024","Crystal Palace","Aston Villa","53","47","46","54","60","40","15","8","7","7","8","1","9","2","5","2","4","0","6","6","2","5","4","1"
"3915","19-05-24 17:00","England","Premier League","2023/2024","Liverpool","Wolves","66","34","68","32","64","36","36","4","21","2","15","2","14","3","9","1","5","2","22","1","12","1","10","0"
"3916","19-05-24 17:00","England","Premier League","2023/2024","Luton","Fulham","37","63","41","59","33","67","15","16","10","5","5","11","6","8","4","2","2","6","9","8","6","3","3","5"
"3917","19-05-24 17:00","England","Premier League","2023/2024","Manchester City","West Ham","70","30","68","32","72","28","28","3","15","2","13","1","12","2","10","2","2","0","16","1","5","0","11","1"
"3918","19-05-24 17:00","England","Premier League","2023/2024","Sheffield Utd","Tottenham","23","77","27","73","19","81","6","18","5","10","1","8","1","9","1","5","0","4","5","9","4","5","1","4"
"3919","15-05-24 21:00","England","Premier League","2023/2024","Manchester Utd","Newcastle","44","56","40","60","49","51","17","21","9","7","8","14","8","8","4","2","4","6","9","13","5","5","4","8"
"3920","15-05-24 20:45","England","Premier League","2023/2024","Brighton","Chelsea","51","49","46","54","56","44","12","13","5","8","7","5","2","6","1","4","1","2","10","7","4","4","6","3"
"3921","14-05-24 21:00","England","Premier League","2023/2024","Tottenham","Manchester City","53","47","55","45","51","49","10","8","3","3","7","5","5","5","1","1","4","4","5","3","2","2","3","1"
"3922","13-05-24 21:00","England","Premier League","2023/2024","Aston Villa","Liverpool","41","59","42","58","40","60","19","14","8","6","11","8","5","7","1","2","4","5","14","7","7","4","7","3"
"3923","12-05-24 17:30","England","Premier League","2023/2024","Manchester Utd","Arsenal","54","46","50","50","58","42","14","11","8","5","6","6","2","5","0","2","2","3","12","6","8","3","4","3"
"3924","11-05-24 18:30","England","Premier League","2023/2024","Nottingham","Chelsea","32","68","29","71","35","65","20","12","10","5","10","7","4","5","3","2","1","3","16","7","7","3","9","4"
"3925","11-05-24 16:00","England","Premier League","2023/2024","Bournemouth","Brentford","48","52","41","59","55","45","13","11","6","5","7","6","4","5","2","2","2","3","9","6","4","3","5","3"
"3926","11-05-24 16:00","England","Premier League","2023/2024","Everton","Sheffield Utd","57","43","60","40","54","46","15","13","7","3","8","10","6","1","5","1","1","0","9","12","2","2","7","10"
"3927","11-05-24 16:00","England","Premier League","2023/2024","Newcastle","Brighton","56","44","59","41","53","47","18","15","10","10","8","5","7","4","4","3","3","1","11","11","6","7","5","4"
"3928","11-05-24 16:00","England","Premier League","2023/2024","Tottenham","Burnley","63","37","59","41","67","33","21","7","8","4","13","3","9","3","3","3","6","0","12","4","5","1","7","3"
"3929","11-05-24 16:00","England","Premier League","2023/2024","West Ham","Luton","58","42","56","44","60","40","24","4","10","3","14","1","8","1","1","1","7","0","16","3","9","2","7","1"
"3930","11-05-24 16:00","England","Premier League","2023/2024","Wolves","Crystal Palace","62","38","61","39","63","37","14","13","3","9","11","4","8","3","2","2","6","1","6","10","1","7","5","3"
"3931","11-05-24 13:30","England","Premier League","2023/2024","Fulham","Manchester City","35","65","33","67","37","63","1","16","0","7","1","9","1","9","0","3","1","6","0","7","0","4","0","3"
"3932","06-05-24 21:00","England","Premier League","2023/2024","Crystal Palace","Manchester Utd","43","57","36","64","50","50","18","7","5","4","13","3","10","2","3","0","7","2","8","5","2","4","6","1"
"3933","05-05-24 17:30","England","Premier League","2023/2024","Liverpool","Tottenham","44","56","47","53","41","59","25","11","13","1","12","10","13","6","8","0","5","6","12","5","5","1","7","4"
"3934","05-05-24 15:00","England","Premier League","2023/2024","Brighton","Aston Villa","52","48","55","45","49","51","15","2","6","1","9","1","8","1","4","1","4","0","7","1","2","0","5","1"
"3935","05-05-24 15:00","England","Premier League","2023/2024","Chelsea","West Ham","69","31","65","35","73","27","25","13","14","3","11","10","14","2","7","0","7","2","11","11","7","3","4","8"
"3936","04-05-24 18:30","England","Premier League","2023/2024","Manchester City","Wolves","58","42","53","47","63","37","20","2","7","0","13","2","12","1","5","0","7","1","8","1","2","0","6","1"
"3937","04-05-24 16:00","England","Premier League","2023/2024","Brentford","Fulham","55","45","52","48","58","42","7","15","5","6","2","9","3","3","3","1","0","2","4","12","2","5","2","7"
"3938","04-05-24 16:00","England","Premier League","2023/2024","Burnley","Newcastle","47","53","51","49","43","57","17","23","8","15","9","8","5","11","3","6","2","5","12","12","5","9","7","3"
"3939","04-05-24 16:00","England","Premier League","2023/2024","Sheffield Utd","Nottingham","54","46","49","51","59","41","17","15","9","8","8","7","5","4","3","1","2","3","12","11","6","7","6","4"
"3940","04-05-24 13:30","England","Premier League","2023/2024","Arsenal","Bournemouth","56","44","61","39","51","49","24","7","16","1","8","6","9","2","5","0","4","2","15","5","11","1","4","4"
"3941","03-05-24 21:00","England","Premier League","2023/2024","Luton","Everton","50","50","45","55","55","45","18","10","5","6","13","4","5","3","2","1","3","2","13","7","3","5","10","2"
"3942","02-05-24 20:30","England","Premier League","2023/2024","Chelsea","Tottenham","38","62","48","52","28","72","16","19","11","3","5","16","5","3","3","0","2","3","11","16","8","3","3","13"
"3943","28-04-24 17:30","England","Premier League","2023/2024","Nottingham","Manchester City","33","67","33","67","33","67","14","11","8","7","6","4","2","5","1","2","1","3","12","6","7","5","5","1"
"3944","28-04-24 15:00","England","Premier League","2023/2024","Bournemouth","Brighton","30","70","29","71","31","69","15","13","6","5","9","8","6","1","2","1","4","0","9","12","4","4","5","8"
"3945","28-04-24 15:00","England","Premier League","2023/2024","Tottenham","Arsenal","62","38","71","29","54","46","14","9","8","4","6","5","2","3","0","2","2","1","12","6","8","2","4","4"
"3946","27-04-24 21:00","England","Premier League","2023/2024","Aston Villa","Chelsea","28","72","27","73","29","71","9","21","5","8","4","13","4","5","3","1","1","4","5","16","2","7","3","9"
"3947","27-04-24 18:30","England","Premier League","2023/2024","Everton","Brentford","48","52","47","53","49","51","18","10","12","4","6","6","1","4","0","0","1","4","17","6","12","4","5","2"
"3948","27-04-24 16:00","England","Premier League","2023/2024","Fulham","Crystal Palace","53","47","54","46","52","48","9","14","4","7","5","7","2","4","1","1","1","3","7","10","3","6","4","4"
"3949","27-04-24 16:00","England","Premier League","2023/2024","Manchester Utd","Burnley","47","53","49","51","45","55","27","16","12","9","15","7","10","7","2","5","8","2","17","9","10","4","7","5"
"3950","27-04-24 16:00","England","Premier League","2023/2024","Newcastle","Sheffield Utd","59","41","58","42","60","40","20","15","10","10","10","5","7","5","2","3","5","2","13","10","8","7","5","3"
"3951","27-04-24 16:00","England","Premier League","2023/2024","Wolves","Luton","58","42","60","40","56","44","13","9","7","5","6","4","5","6","3","4","2","2","8","3","4","1","4","2"
"3952","27-04-24 13:30","England","Premier League","2023/2024","West Ham","Liverpool","29","71","24","76","34","66","11","28","6","11","5","17","8","8","5","2","3","6","3","20","1","9","2","11"
"3953","25-04-24 21:00","England","Premier League","2023/2024","Brighton","Manchester City","35","65","36","64","34","66","7","14","3","9","4","5","3","6","2","3","1","3","4","8","1","6","3","2"
"3954","24-04-24 21:00","England","Premier League","2023/2024","Crystal Palace","Newcastle","47","53","51","49","43","57","20","7","9","1","11","6","7","2","3","0","4","2","13","5","6","1","7","4"
"3955","24-04-24 21:00","England","Premier League","2023/2024","Everton","Liverpool","23","77","24","76","22","78","16","23","8","9","8","14","6","7","3","3","3","4","10","16","5","6","5","10"
"3956","24-04-24 21:00","England","Premier League","2023/2024","Manchester Utd","Sheffield Utd","71","29","83","17","60","40","25","10","17","3","8","7","13","4","7","2","6","2","12","6","10","1","2","5"
"3957","24-04-24 20:45","England","Premier League","2023/2024","Wolves","Bournemouth","63","37","59","41","67","33","15","21","5","11","10","10","4","6","2","5","2","1","11","15","3","6","8","9"
"3958","23-04-24 21:00","England","Premier League","2023/2024","Arsenal","Chelsea","44","56","42","58","46","54","27","7","13","5","14","2","10","1","3","0","7","1","17","6","10","5","7","1"
"3959","21-04-24 17:30","England","Premier League","2023/2024","Fulham","Liverpool","39","61","34","66","44","56","12","14","7","7","5","7","5","7","3","2","2","5","7","7","4","5","3","2"
"3960","21-04-24 16:00","England","Premier League","2023/2024","Aston Villa","Bournemouth","56","44","64","36","48","52","15","14","7","7","8","7","5","6","1","2","4","4","10","8","6","5","4","3"
"3961","21-04-24 16:00","England","Premier League","2023/2024","Crystal Palace","West Ham","61","39","65","35","56","44","18","4","13","3","5","1","7","1","5","1","2","0","11","3","8","2","3","1"
"3962","21-04-24 14:30","England","Premier League","2023/2024","Everton","Nottingham","41","59","42","58","40","60","7","8","3","5","4","3","4","3","2","3","2","0","3","5","1","2","2","3"
"3963","20-04-24 20:30","England","Premier League","2023/2024","Wolves","Arsenal","46","54","48","52","44","56","5","24","3","8","2","16","3","9","2","4","1","5","2","15","1","4","1","11"
"3964","20-04-24 16:00","England","Premier League","2023/2024","Luton","Brentford","52","48","56","44","48","52","6","21","4","9","2","12","3","9","2","3","1","6","3","12","2","6","1","6"
"3965","20-04-24 16:00","England","Premier League","2023/2024","Sheffield Utd","Burnley","49","51","47","53","51","49","18","16","8","9","10","7","11","9","5","4","6","5","7","7","3","5","4","2"
"3966","15-04-24 21:00","England","Premier League","2023/2024","Chelsea","Everton","59","41","63","37","55","45","14","10","8","4","6","6","10","2","5","1","5","1","4","8","3","3","1","5"
"3967","14-04-24 17:30","England","Premier League","2023/2024","Arsenal","Aston Villa","51","49","56","44","46","54","18","11","14","6","4","5","4","2","3","0","1","2","14","9","11","6","3","3"
"3968","14-04-24 15:00","England","Premier League","2023/2024","West Ham","Fulham","58","42","55","45","61","39","15","18","12","10","3","8","4","10","3","6","1","4","11","8","9","4","2","4"
"4668","14-04-24 15:00","England","Premier League","2023/2024","Liverpool","Crystal Palace","70","30","63","37","77","23","21","8","7","6","14","2","6","5","3","4","3","1","15","3","4","2","11","1"
"3969","13-04-24 18:30","England","Premier League","2023/2024","Bournemouth","Manchester Utd","43","57","39","61","47","53","20","8","12","5","8","3","5","2","5","1","0","1","15","6","7","4","8","2"
"3970","13-04-24 16:00","England","Premier League","2023/2024","Brentford","Sheffield Utd","53","47","54","46","52","48","9","8","6","3","3","5","5","2","3","1","2","1","4","6","3","2","1","4"
"3971","13-04-24 16:00","England","Premier League","2023/2024","Burnley","Brighton","44","56","52","48","34","66","11","20","5","9","6","11","3","8","0","5","3","3","8","12","5","4","3","8"
"3972","13-04-24 16:00","England","Premier League","2023/2024","Manchester City","Luton","74","26","76","24","72","28","37","4","19","0","18","4","13","2","6","0","7","2","24","2","13","0","11","2"
"3973","13-04-24 16:00","England","Premier League","2023/2024","Nottingham","Wolves","46","54","42","58","50","50","18","11","9","6","9","5","9","4","3","2","6","2","9","7","6","4","3","3"
"3974","13-04-24 13:30","England","Premier League","2023/2024","Newcastle","Tottenham","27","73","33","67","21","79","18","11","10","5","8","6","5","2","2","1","3","1","13","9","8","4","5","5"
"3975","07-04-24 19:00","England","Premier League","2023/2024","Tottenham","Nottingham","64","36","65","35","63","37","17","13","8","7","9","6","7","6","2","4","5","2","10","7","6","3","4","4"
"3976","07-04-24 18:30","England","Premier League","2023/2024","Sheffield Utd","Chelsea","32","68","27","73","37","63","11","6","5","3","6","3","6","3","4","1","2","2","5","3","1","2","4","1"
"3977","07-04-24 16:30","England","Premier League","2023/2024","Manchester Utd","Liverpool","38","62","43","57","33","67","9","28","0","14","9","14","5","7","0","4","5","3","4","21","0","10","4","11"
"3978","06-04-24 18:30","England","Premier League","2023/2024","Brighton","Arsenal","55","45","42","58","68","32","10","20","6","9","4","11","2","7","1","2","1","5","8","13","5","7","3","6"
"3979","06-04-24 16:00","England","Premier League","2023/2024","Aston Villa","Brentford","70","30","75","25","65","35","11","8","4","2","7","6","3","3","1","0","2","3","8","5","3","2","5","3"
"3980","06-04-24 16:00","England","Premier League","2023/2024","Everton","Burnley","37","63","41","59","32","68","12","6","5","4","7","2","3","1","1","1","2","0","9","5","4","3","5","2"
"3981","06-04-24 16:00","England","Premier League","2023/2024","Fulham","Newcastle","67","33","71","29","63","37","14","12","10","2","4","10","4","5","3","0","1","5","10","7","7","2","3","5"
"3982","06-04-24 16:00","England","Premier League","2023/2024","Luton","Bournemouth","56","44","53","47","59","41","19","8","4","5","15","3","9","1","0","0","9","1","10","7","4","5","6","2"
"3983","06-04-24 16:00","England","Premier League","2023/2024","Wolves","West Ham","58","42","64","36","52","48","14","11","11","2","3","9","7","4","6","0","1","4","7","7","5","2","2","5"
"3984","06-04-24 13:30","England","Premier League","2023/2024","Crystal Palace","Manchester City","24","76","24","76","24","76","7","18","3","9","4","9","4","8","1","5","3","3","3","10","2","4","1","6"
"3985","04-04-24 21:15","England","Premier League","2023/2024","Chelsea","Manchester Utd","57","43","47","53","67","33","28","19","11","13","17","6","10","5","4","4","6","1","18","14","7","9","11","5"
"3986","04-04-24 20:30","England","Premier League","2023/2024","Liverpool","Sheffield Utd","83","17","83","17","83","17","29","5","14","3","15","2","9","3","5","2","4","1","20","2","9","1","11","1"
"3987","03-04-24 21:15","England","Premier League","2023/2024","Manchester City","Aston Villa","67","33","65","35","69","31","25","8","10","3","15","5","11","3","5","1","6","2","14","5","5","2","9","3"
"3988","03-04-24 20:30","England","Premier League","2023/2024","Arsenal","Luton","58","42","63","37","53","47","13","5","11","2","2","3","4","1","3","1","1","0","9","4","8","1","1","3"
"3989","03-04-24 20:30","England","Premier League","2023/2024","Brentford","Brighton","33","67","35","65","31","69","5","24","3","9","2","15","2","6","2","3","0","3","3","18","1","6","2","12"
"3990","02-04-24 21:15","England","Premier League","2023/2024","West Ham","Tottenham","32","68","30","70","34","66","11","13","5","4","6","9","4","4","2","2","2","2","7","9","3","2","4","7"
"3991","02-04-24 20:45","England","Premier League","2023/2024","Bournemouth","Crystal Palace","50","50","53","47","47","53","11","3","6","2","5","1","6","2","2","2","4","0","5","1","4","0","1","1"
"3992","02-04-24 20:45","England","Premier League","2023/2024","Burnley","Wolves","51","49","49","51","53","47","13","8","5","5","8","3","6","2","2","1","4","1","7","6","3","4","4","2"
"3993","02-04-24 20:30","England","Premier League","2023/2024","Newcastle","Everton","58","42","62","38","54","46","18","10","10","4","8","6","6","3","4","1","2","2","12","7","6","3","6","4"
"3994","02-04-24 20:30","England","Premier League","2023/2024","Nottingham","Fulham","33","67","37","63","29","71","16","18","8","5","8","13","4","3","4","1","0","2","12","15","4","4","8","11"
"3995","31-03-24 17:30","England","Premier League","2023/2024","Manchester City","Arsenal","72","28","72","28","72","28","12","6","3","4","9","2","1","2","1","1","0","1","11","4","2","3","9","1"
"3996","31-03-24 15:00","England","Premier League","2023/2024","Liverpool","Brighton","55","45","57","43","53","47","30","9","14","3","16","6","8","3","4","1","4","2","22","6","10","2","12","4"
"3997","30-03-24 21:00","England","Premier League","2023/2024","Brentford","Manchester Utd","47","53","45","55","49","51","31","11","14","3","17","8","5","5","1","1","4","4","26","6","13","2","13","4"
"3998","30-03-24 18:30","England","Premier League","2023/2024","Aston Villa","Wolves","48","52","50","50","46","54","11","13","4","7","7","6","5","3","2","2","3","1","6","10","2","5","4","5"
"3999","30-03-24 16:00","England","Premier League","2023/2024","Bournemouth","Everton","49","51","48","52","50","50","11","7","6","3","5","4","4","3","2","1","2","2","7","4","4","2","3","2"
"4000","30-03-24 16:00","England","Premier League","2023/2024","Chelsea","Burnley","69","31","62","38","76","24","33","18","16","11","17","7","13","7","7","3","6","4","20","11","9","8","11","3"
"4001","30-03-24 16:00","England","Premier League","2023/2024","Nottingham","Crystal Palace","59","41","57","43","61","39","12","10","5","5","7","5","5","3","1","2","4","1","7","7","4","3","3","4"
"4002","30-03-24 16:00","England","Premier League","2023/2024","Sheffield Utd","Fulham","26","74","26","74","26","74","8","24","4","8","4","16","4","9","1","3","3","6","4","15","3","5","1","10"
"4003","30-03-24 16:00","England","Premier League","2023/2024","Tottenham","Luton","70","30","73","27","67","33","17","7","7","4","10","3","4","3","1","1","3","2","13","4","6","3","7","1"
"4004","30-03-24 13:30","England","Premier League","2023/2024","Newcastle","West Ham","60","40","62","38","58","42","24","10","12","6","12","4","9","4","4","3","5","1","15","6","8","3","7","3"
"4005","17-03-24 15:00","England","Premier League","2023/2024","West Ham","Aston Villa","31","69","37","63","25","75","13","13","9","4","4","9","5","5","3","2","2","3","8","8","6","2","2","6"
"4006","16-03-24 18:30","England","Premier League","2023/2024","Fulham","Tottenham","43","57","42","58","44","56","16","14","7","5","9","9","7","5","3","1","4","4","9","9","4","4","5","5"
"4007","16-03-24 16:00","England","Premier League","2023/2024","Burnley","Brentford","60","40","61","39","59","41","17","9","7","3","10","6","6","5","2","2","4","3","11","4","5","1","6","3"
"4008","16-03-24 16:00","England","Premier League","2023/2024","Luton","Nottingham","60","40","58","42","62","38","10","16","4","6","6","10","4","6","2","3","2","3","6","10","2","3","4","7"
"4009","13-03-24 20:30","England","Premier League","2023/2024","Bournemouth","Luton","59","41","61","39","57","43","24","8","11","4","13","4","10","4","3","3","7","1","14","4","8","1","6","3"
"4010","11-03-24 21:00","England","Premier League","2023/2024","Chelsea","Newcastle","45","55","42","58","48","52","12","11","7","5","5","6","8","3","4","1","4","2","4","8","3","4","1","4"
"4011","10-03-24 16:45","England","Premier League","2023/2024","Liverpool","Manchester City","53","47","53","47","53","47","19","10","7","7","12","3","6","6","1","4","5","2","13","4","6","3","7","1"
"4012","10-03-24 15:00","England","Premier League","2023/2024","Brighton","Nottingham","64","36","63","37","65","35","10","9","7","3","3","6","3","4","2","1","1","3","7","5","5","2","2","3"
"4013","10-03-24 15:00","England","Premier League","2023/2024","West Ham","Burnley","52","48","49","51","55","45","22","11","3","4","19","7","4","4","0","2","4","2","18","7","3","2","15","5"
"4014","10-03-24 14:00","England","Premier League","2023/2024","Aston Villa","Tottenham","31","69","31","69","31","69","10","9","5","1","5","8","1","5","0","0","1","5","9","4","5","1","4","3"
"4015","09-03-24 18:30","England","Premier League","2023/2024","Arsenal","Brentford","72","28","72","28","72","28","17","9","7","4","10","5","6","4","3","2","3","2","11","5","4","2","7","3"
"4016","09-03-24 16:00","England","Premier League","2023/2024","Bournemouth","Sheffield Utd","70","30","69","31","71","29","32","13","13","8","19","5","12","9","5","7","7","2","20","4","8","1","12","3"
"4017","09-03-24 16:00","England","Premier League","2023/2024","Crystal Palace","Luton","50","50","54","46","46","54","21","8","9","3","12","5","4","2","2","0","2","2","17","6","7","3","10","3"
"4018","09-03-24 16:00","England","Premier League","2023/2024","Wolves","Fulham","48","52","56","44","40","60","8","23","1","8","7","15","3","7","0","3","3","4","5","16","1","5","4","11"
"4019","09-03-24 13:30","England","Premier League","2023/2024","Manchester Utd","Everton","51","49","53","47","49","51","15","23","9","11","6","12","8","6","5","2","3","4","7","17","4","9","3","8"
"4020","04-03-24 21:00","England","Premier League","2023/2024","Sheffield Utd","Arsenal","19","81","20","80","18","82","4","22","1","16","3","6","0","10","0","7","0","3","4","12","1","9","3","3"
"4021","03-03-24 16:30","England","Premier League","2023/2024","Manchester City","Manchester Utd","73","27","74","26","72","28","27","3","18","2","9","1","8","1","3","1","5","0","19","2","15","1","4","1"
"4022","03-03-24 14:00","England","Premier League","2023/2024","Burnley","Bournemouth","75","25","75","25","75","25","20","10","13","5","7","5","6","3","4","1","2","2","14","7","9","4","5","3"
"4023","02-03-24 18:30","England","Premier League","2023/2024","Luton","Aston Villa","47","53","44","56","50","50","13","12","3","10","10","2","5","8","0","6","5","2","8","4","3","4","5","0"
"4024","02-03-24 16:00","England","Premier League","2023/2024","Brentford","Chelsea","32","68","28","72","36","64","14","17","4","8","10","9","5","6","1","3","4","3","9","11","3","5","6","6"
"4025","02-03-24 16:00","England","Premier League","2023/2024","Everton","West Ham","55","45","56","44","54","46","22","12","5","5","17","7","11","5","2","1","9","4","11","7","3","4","8","3"
"4026","02-03-24 16:00","England","Premier League","2023/2024","Fulham","Brighton","29","71","29","71","29","71","12","15","4","4","8","11","5","5","3","1","2","4","7","10","1","3","6","7"
"4027","02-03-24 16:00","England","Premier League","2023/2024","Newcastle","Wolves","44","56","37","63","51","49","14","12","8","5","6","7","7","3","4","0","3","3","7","9","4","5","3","4"
"4028","02-03-24 16:00","England","Premier League","2023/2024","Nottingham","Liverpool","30","70","27","73","33","67","8","22","3","8","5","14","2","2","1","0","1","2","6","20","2","8","4","12"
"4029","02-03-24 16:00","England","Premier League","2023/2024","Tottenham","Crystal Palace","78","22","82","18","74","26","14","4","2","3","12","1","6","1","1","0","5","1","8","3","1","3","7","0"
"4030","26-02-24 21:00","England","Premier League","2023/2024","West Ham","Brentford","41","59","43","57","39","61","17","14","14","2","3","12","6","8","3","1","3","7","11","6","11","1","0","5"
"4031","25-02-24 14:30","England","Premier League","2023/2024","Wolves","Sheffield Utd","63","37","70","30","56","44","13","12","8","4","5","8","2","4","1","2","1","2","11","8","7","2","4","6"
"4032","24-02-24 21:00","England","Premier League","2023/2024","Arsenal","Newcastle","55","45","64","36","44","56","18","3","11","0","7","3","8","2","4","0","4","2","10","1","7","0","3","1"
"4033","24-02-24 18:30","England","Premier League","2023/2024","Bournemouth","Manchester City","38","62","33","67","43","57","13","15","4","9","9","6","4","6","2","4","2","2","9","9","2","5","7","4"
"4034","24-02-24 16:00","England","Premier League","2023/2024","Aston Villa","Nottingham","58","42","58","42","58","42","16","10","7","4","9","6","6","3","4","1","2","2","10","7","3","3","7","4"
"4035","24-02-24 16:00","England","Premier League","2023/2024","Brighton","Everton","65","35","60","40","70","30","23","6","10","0","13","6","7","3","3","0","4","3","16","3","7","0","9","3"
"4036","24-02-24 16:00","England","Premier League","2023/2024","Crystal Palace","Burnley","56","44","58","42","54","46","15","2","6","0","9","2","6","0","1","0","5","0","9","2","5","0","4","2"
"4037","24-02-24 16:00","England","Premier League","2023/2024","Manchester Utd","Fulham","57","43","50","50","64","36","21","17","8","8","13","9","9","5","2","3","7","2","12","12","6","5","6","7"
"4038","21-02-24 20:30","England","Premier League","2023/2024","Liverpool","Luton","61","39","57","43","65","35","29","12","12","5","17","7","13","3","3","2","10","1","16","9","9","3","7","6"
"4039","20-02-24 20:30","England","Premier League","2023/2024","Manchester City","Brentford","70","30","68","32","72","28","25","6","17","5","8","1","11","2","6","2","5","0","14","4","11","3","3","1"
"4040","19-02-24 21:00","England","Premier League","2023/2024","Everton","Crystal Palace","63","37","51","49","75","25","19","10","6","5","13","5","4","4","0","2","4","2","15","6","6","3","9","3"
"4041","18-02-24 17:30","England","Premier League","2023/2024","Luton","Manchester Utd","58","42","59","41","57","43","22","21","11","8","11","13","4","9","2","4","2","5","18","12","9","4","9","8"
"4042","18-02-24 15:00","England","Premier League","2023/2024","Sheffield Utd","Brighton","21","79","22","78","20","80","6","24","3","13","3","11","1","10","1","6","0","4","5","14","2","7","3","7"
"4043","17-02-24 18:30","England","Premier League","2023/2024","Manchester City","Chelsea","70","30","67","33","73","27","31","9","14","3","17","6","5","6","2","3","3","3","26","3","12","0","14","3"
"4044","17-02-24 16:00","England","Premier League","2023/2024","Burnley","Arsenal","35","65","32","68","38","62","8","16","2","4","6","12","0","7","0","2","0","5","8","9","2","2","6","7"
"4045","17-02-24 16:00","England","Premier League","2023/2024","Fulham","Aston Villa","52","48","52","48","52","48","15","12","6","8","9","4","4","3","1","2","3","1","11","9","5","6","6","3"
"4046","17-02-24 16:00","England","Premier League","2023/2024","Newcastle","Bournemouth","63","37","62","38","64","36","17","12","8","5","9","7","5","7","2","3","3","4","12","5","6","2","6","3"
"4047","17-02-24 16:00","England","Premier League","2023/2024","Nottingham","West Ham","48","52","48","52","48","52","19","10","8","5","11","5","8","3","5","1","3","2","11","7","3","4","8","3"
"4048","17-02-24 16:00","England","Premier League","2023/2024","Tottenham","Wolves","71","29","64","36","78","22","15","12","5","6","10","6","4","7","0","4","4","3","11","5","5","2","6","3"
"4049","17-02-24 13:30","England","Premier League","2023/2024","Brentford","Liverpool","37","63","35","65","39","61","15","15","8","5","7","10","6","8","3","4","3","4","9","7","5","1","4","6"
"4050","12-02-24 21:00","England","Premier League","2023/2024","Crystal Palace","Chelsea","23","77","20","80","26","74","13","14","6","1","7","13","4","5","3","0","1","5","9","9","3","1","6","8"
"4051","11-02-24 17:30","England","Premier League","2023/2024","Aston Villa","Manchester Utd","56","44","58","42","54","46","23","17","10","7","13","10","10","5","3","1","7","4","13","12","7","6","6","6"
"4052","11-02-24 15:00","England","Premier League","2023/2024","West Ham","Arsenal","29","71","28","72","30","70","5","25","1","15","4","10","1","12","0","7","1","5","4","13","1","8","3","5"
"4053","10-02-24 18:30","England","Premier League","2023/2024","Nottingham","Newcastle","38","62","30","70","46","54","13","7","3","5","10","2","3","5","2","4","1","1","10","2","1","1","9","1"
"4054","10-02-24 16:00","England","Premier League","2023/2024","Fulham","Bournemouth","50","50","58","42","42","58","7","25","5","9","2","16","6","4","4","1","2","3","1","21","1","8","0","13"
"4055","10-02-24 16:00","England","Premier League","2023/2024","Liverpool","Burnley","71","29","69","31","73","27","25","9","9","6","16","3","10","4","4","3","6","1","15","5","5","3","10","2"
"4056","10-02-24 16:00","England","Premier League","2023/2024","Luton","Sheffield Utd","75","25","70","30","80","20","20","7","6","5","14","2","5","3","1","2","4","1","15","4","5","3","10","1"
"4057","10-02-24 16:00","England","Premier League","2023/2024","Tottenham","Brighton","52","48","53","47","51","49","16","6","7","4","9","2","6","3","2","3","4","0","10","3","5","1","5","2"
"4058","10-02-24 16:00","England","Premier League","2023/2024","Wolves","Brentford","72","28","67","33","77","23","17","9","5","7","12","2","5","6","3","4","2","2","12","3","2","3","10","0"
"4059","10-02-24 13:30","England","Premier League","2023/2024","Manchester City","Everton","72","28","74","26","70","30","19","5","10","4","9","1","3","1","0","1","3","0","16","4","10","3","6","1"
"4060","05-02-24 21:00","England","Premier League","2023/2024","Brentford","Manchester City","28","72","28","72","28","72","9","25","3","17","6","8","3","15","2","10","1","5","6","10","1","7","5","3"
"4061","04-02-24 17:30","England","Premier League","2023/2024","Arsenal","Liverpool","43","57","46","54","40","60","15","10","8","3","7","7","7","1","4","0","3","1","8","9","4","3","4","6"
"4062","04-02-24 15:00","England","Premier League","2023/2024","Bournemouth","Nottingham","44","56","45","55","43","57","9","8","6","5","3","3","2","6","2","5","0","1","7","2","4","0","3","2"
"4063","04-02-24 15:00","England","Premier League","2023/2024","Chelsea","Wolves","64","36","61","39","67","33","15","14","5","7","10","7","6","7","2","3","4","4","9","7","3","4","6","3"
"4064","04-02-24 15:00","England","Premier League","2023/2024","Manchester Utd","West Ham","51","49","53","47","49","51","12","22","3","12","9","10","5","3","3","2","2","1","7","19","0","10","7","9"
"4065","03-02-24 18:30","England","Premier League","2023/2024","Sheffield Utd","Aston Villa","34","66","29","71","39","61","10","14","2","11","8","3","5","10","1","8","4","2","5","4","1","3","4","1"
"4066","03-02-24 16:00","England","Premier League","2023/2024","Brighton","Crystal Palace","69","31","75","25","63","37","13","7","8","3","5","4","6","5","5","2","1","3","7","2","3","1","4","1"
"4067","03-02-24 16:00","England","Premier League","2023/2024","Burnley","Fulham","44","56","40","60","48","52","12","15","6","5","6","10","4","7","1","3","3","4","8","8","5","2","3","6"
"4068","03-02-24 16:00","England","Premier League","2023/2024","Newcastle","Luton","54","46","49","51","59","41","19","11","6","7","13","4","6","8","3","4","3","4","13","3","3","3","10","0"
"4069","03-02-24 13:30","England","Premier League","2023/2024","Everton","Tottenham","43","57","47","53","39","61","14","9","9","4","5","5","5","6","3","3","2","3","9","3","6","1","3","2"
"4070","01-02-24 21:15","England","Premier League","2023/2024","Wolves","Manchester Utd","53","47","45","55","61","39","16","21","4","8","12","13","7","8","2","2","5","6","9","13","2","6","7","7"
"4071","01-02-24 20:30","England","Premier League","2023/2024","West Ham","Bournemouth","49","51","52","48","46","54","9","9","3","6","6","3","3","4","2","3","1","1","6","5","1","3","5","2"
"4072","31-01-24 21:15","England","Premier League","2023/2024","Liverpool","Chelsea","51","49","54","46","48","52","28","4","15","1","13","3","13","3","6","1","7","2","15","1","9","0","6","1"
"4073","31-01-24 20:30","England","Premier League","2023/2024","Manchester City","Burnley","74","26","75","25","73","27","14","8","7","3","7","5","4","3","3","0","1","3","10","5","4","3","6","2"
"4074","31-01-24 20:30","England","Premier League","2023/2024","Tottenham","Brentford","68","32","72","28","64","36","19","9","6","4","13","5","5","5","1","3","4","2","14","4","5","1","9","3"
"4075","30-01-24 21:15","England","Premier League","2023/2024","Aston Villa","Newcastle","61","39","52","48","70","30","12","14","3","9","9","5","6","5","1","4","5","1","6","9","2","5","4","4"
"4076","30-01-24 21:00","England","Premier League","2023/2024","Crystal Palace","Sheffield Utd","53","47","59","41","48","52","12","9","9","3","3","6","4","5","2","3","2","2","8","4","7","0","1","4"
"4077","30-01-24 20:45","England","Premier League","2023/2024","Fulham","Everton","70","30","70","30","70","30","25","21","10","10","15","11","6","4","2","3","4","1","19","17","8","7","11","10"
"4078","30-01-24 20:45","England","Premier League","2023/2024","Luton","Brighton","41","59","40","60","42","58","18","9","11","5","7","4","8","2","4","0","4","2","10","7","7","5","3","2"
"4079","30-01-24 20:30","England","Premier League","2023/2024","Nottingham","Arsenal","27","73","18","82","36","64","9","19","2","9","7","10","3","3","0","1","3","2","6","16","2","8","4","8"
"4080","22-01-24 20:45","England","Premier League","2023/2024","Brighton","Wolves","71","29","68","32","74","26","11","8","7","3","4","5","4","3","3","1","1","2","7","5","4","2","3","3"
"4081","21-01-24 17:30","England","Premier League","2023/2024","Bournemouth","Liverpool","39","61","40","60","38","62","11","14","3","4","8","10","1","7","1","2","0","5","10","7","2","2","8","5"
"4082","21-01-24 15:00","England","Premier League","2023/2024","Sheffield Utd","West Ham","57","43","55","45","59","41","21","16","12","7","9","9","6","5","5","3","1","2","15","11","7","4","8","7"
"4083","20-01-24 18:30","England","Premier League","2023/2024","Brentford","Nottingham","48","52","51","49","45","55","11","12","5","6","6","6","5","3","1","2","4","1","6","9","4","4","2","5"
"4084","20-01-24 13:30","England","Premier League","2023/2024","Arsenal","Crystal Palace","61","39","64","36","58","42","22","12","9","6","13","6","7","5","2","3","5","2","15","7","7","3","8","4"
"4085","14-01-24 17:30","England","Premier League","2023/2024","Manchester Utd","Tottenham","36","64","37","63","35","65","9","16","6","10","3","6","2","6","2","4","0","2","7","10","4","6","3","4"
"4086","14-01-24 15:00","England","Premier League","2023/2024","Everton","Aston Villa","31","69","30","70","32","68","10","16","7","6","3","10","2","5","2","2","0","3","8","11","5","4","3","7"
"4087","13-01-24 18:30","England","Premier League","2023/2024","Newcastle","Manchester City","27","73","31","69","23","77","12","27","7","11","5","16","5","11","3","3","2","8","7","16","4","8","3","8"
"4088","13-01-24 13:30","England","Premier League","2023/2024","Chelsea","Fulham","55","45","59","41","51","49","17","14","9","5","8","9","3","4","2","2","1","2","14","10","7","3","7","7"
"4089","12-01-24 20:45","England","Premier League","2023/2024","Burnley","Luton","39","61","42","58","36","64","13","14","6","7","7","7","7","5","2","2","5","3","6","9","4","5","2","4"
"4090","02-01-24 20:30","England","Premier League","2023/2024","West Ham","Brighton","32","68","37","63","27","73","6","22","4","5","2","17","2","8","1","3","1","5","4","14","3","2","1","12"
"4091","01-01-24 21:00","England","Premier League","2023/2024","Liverpool","Newcastle","62","38","63","37","61","39","34","5","18","1","16","4","15","3","5","0","10","3","19","2","13","1","6","1"
"4092","31-12-23 15:00","England","Premier League","2023/2024","Fulham","Arsenal","39","61","44","56","34","66","15","13","7","8","8","5","4","3","2","3","2","0","11","10","5","5","6","5"
"4093","31-12-23 15:00","England","Premier League","2023/2024","Tottenham","Bournemouth","51","49","55","45","47","53","12","24","5","12","7","12","6","4","3","1","3","3","6","20","2","11","4","9"
"4094","30-12-23 18:30","England","Premier League","2023/2024","Nottingham","Manchester Utd","46","54","47","53","45","55","8","10","6","1","2","9","2","5","0","1","2","4","6","5","6","0","0","5"
"4095","30-12-23 16:00","England","Premier League","2023/2024","Aston Villa","Burnley","65","35","62","38","68","32","14","8","7","6","7","2","7","5","3","3","4","2","7","3","4","3","3","0"
"4096","30-12-23 16:00","England","Premier League","2023/2024","Crystal Palace","Brentford","48","52","56","44","40","60","13","9","5","4","8","5","6","4","3","2","3","2","7","5","2","2","5","3"
"4097","30-12-23 16:00","England","Premier League","2023/2024","Manchester City","Sheffield Utd","82","18","82","18","82","18","18","4","8","3","10","1","4","2","2","2","2","0","14","2","6","1","8","1"
"4098","30-12-23 16:00","England","Premier League","2023/2024","Wolves","Everton","53","47","52","48","54","46","12","10","4","4","8","6","6","0","1","0","5","0","6","10","3","4","3","6"
"4099","30-12-23 13:30","England","Premier League","2023/2024","Luton","Chelsea","51","49","48","52","54","46","15","12","5","7","10","5","6","8","0","6","6","2","9","4","5","1","4","3"
"4100","28-12-23 21:15","England","Premier League","2023/2024","Arsenal","West Ham","74","26","73","27","75","25","30","6","9","3","21","3","8","3","2","1","6","2","22","3","7","2","15","1"
"4101","28-12-23 20:30","England","Premier League","2023/2024","Brighton","Tottenham","46","54","43","57","49","51","15","19","11","7","4","12","9","3","6","0","3","3","6","16","5","7","1","9"
"4102","27-12-23 21:15","England","Premier League","2023/2024","Everton","Manchester City","28","72","26","74","30","70","7","23","4","12","3","11","2","9","2","4","0","5","5","14","2","8","3","6"
"4103","27-12-23 20:30","England","Premier League","2023/2024","Brentford","Wolves","60","40","53","47","67","33","14","11","6","8","8","3","4","5","2","3","2","2","10","6","4","5","6","1"
"4104","27-12-23 20:30","England","Premier League","2023/2024","Chelsea","Crystal Palace","64","36","63","37","65","35","9","13","6","5","3","8","4","5","3","2","1","3","5","8","3","3","2","5"
"4105","26-12-23 21:00","England","Premier League","2023/2024","Manchester Utd","Aston Villa","46","54","50","50","42","58","13","10","7","6","6","4","7","4","3","2","4","2","6","6","4","4","2","2"
"4106","26-12-23 18:30","England","Premier League","2023/2024","Burnley","Liverpool","31","69","32","68","30","70","9","19","2","14","7","5","0","10","0","8","0","2","9","9","2","6","7","3"
"4107","26-12-23 16:00","England","Premier League","2023/2024","Bournemouth","Fulham","42","58","50","50","34","66","16","8","8","6","8","2","4","3","1","1","3","2","12","5","7","5","5","0"
"4108","26-12-23 16:00","England","Premier League","2023/2024","Sheffield Utd","Luton","51","49","51","49","51","49","21","12","10","8","11","4","6","4","1","2","5","2","15","8","9","6","6","2"
"4109","26-12-23 13:30","England","Premier League","2023/2024","Newcastle","Nottingham","62","38","60","40","64","36","19","15","6","7","13","8","7","6","3","2","4","4","12","9","3","5","9","4"
"4110","24-12-23 14:00","England","Premier League","2023/2024","Wolves","Chelsea","31","69","38","62","25","75","14","16","5","8","9","8","6","5","0","2","6","3","8","11","5","6","3","5"
"4111","23-12-23 18:30","England","Premier League","2023/2024","Liverpool","Arsenal","51","49","54","46","48","52","13","13","4","7","9","6","3","2","1","2","2","0","10","11","3","5","7","6"
"4112","23-12-23 16:00","England","Premier League","2023/2024","Fulham","Burnley","66","34","59","41","73","27","19","7","12","1","7","6","5","2","3","0","2","2","14","5","9","1","5","4"
"4113","23-12-23 16:00","England","Premier League","2023/2024","Luton","Newcastle","35","65","37","63","33","67","16","15","9","7","7","8","5","2","4","1","1","1","11","13","5","6","6","7"
"4114","23-12-23 16:00","England","Premier League","2023/2024","Nottingham","Bournemouth","32","68","29","71","35","65","11","18","5","9","6","9","5","7","2","3","3","4","6","11","3","6","3","5"
"4115","23-12-23 16:00","England","Premier League","2023/2024","Tottenham","Everton","60","40","64","36","56","44","13","18","5","9","8","9","6","8","4","5","2","3","7","10","1","4","6","6"
"4116","23-12-23 13:30","England","Premier League","2023/2024","West Ham","Manchester Utd","35","65","38","62","32","68","12","11","4","6","8","5","5","3","1","3","4","0","7","8","3","3","4","5"
"4117","22-12-23 21:00","England","Premier League","2023/2024","Aston Villa","Sheffield Utd","78","22","79","21","77","23","11","5","6","0","5","5","4","2","1","0","3","2","7","3","5","0","2","3"
"4118","21-12-23 21:00","England","Premier League","2023/2024","Crystal Palace","Brighton","34","66","40","60","28","72","11","18","7","4","4","14","3","6","3","2","0","4","8","12","4","2","4","10"
"4119","17-12-23 17:30","England","Premier League","2023/2024","Liverpool","Manchester Utd","68","32","67","33","69","31","34","6","15","2","19","4","8","1","3","0","5","1","26","5","12","2","14","3"
"4120","17-12-23 15:00","England","Premier League","2023/2024","Arsenal","Brighton","49","51","58","42","40","60","26","6","15","0","11","6","9","1","3","0","6","1","17","5","12","0","5","5"
"4121","17-12-23 15:00","England","Premier League","2023/2024","Brentford","Aston Villa","33","67","37","63","29","71","4","15","3","9","1","6","3","5","2","3","1","2","1","10","1","6","0","4"
"4122","17-12-23 15:00","England","Premier League","2023/2024","West Ham","Wolves","44","56","52","48","36","64","13","14","8","7","5","7","4","3","3","2","1","1","9","11","5","5","4","6"
"4123","16-12-23 18:30","England","Premier League","2023/2024","Burnley","Everton","62","38","63","37","61","39","14","9","5","6","9","3","2","6","0","4","2","2","12","3","5","2","7","1"
"4124","16-12-23 16:00","England","Premier League","2023/2024","Chelsea","Sheffield Utd","78","22","80","20","76","24","15","6","5","3","10","3","6","1","1","0","5","1","9","5","4","3","5","2"
"4125","16-12-23 16:00","England","Premier League","2023/2024","Manchester City","Crystal Palace","74","26","74","26","74","26","19","5","14","2","5","3","9","2","5","0","4","2","10","3","9","2","1","1"
"4126","16-12-23 16:00","England","Premier League","2023/2024","Newcastle","Fulham","71","29","72","28","70","30","27","6","11","4","16","2","10","4","2","3","8","1","17","2","9","1","8","1"
"4127","15-12-23 21:00","England","Premier League","2023/2024","Nottingham","Tottenham","33","67","22","78","43","57","15","12","4","6","11","6","1","6","0","3","1","3","14","6","4","3","10","3"
"4128","10-12-23 17:30","England","Premier League","2023/2024","Tottenham","Newcastle","57","43","65","35","49","51","23","9","12","4","11","5","12","3","5","1","7","2","11","6","7","3","4","3"
"4129","10-12-23 15:00","England","Premier League","2023/2024","Everton","Chelsea","28","72","29","71","27","73","9","16","2","5","7","11","5","4","0","1","5","3","4","12","2","4","2","8"
"4130","10-12-23 15:00","England","Premier League","2023/2024","Fulham","West Ham","63","37","62","38","64","36","14","9","10","4","4","5","8","5","5","3","3","2","6","4","5","1","1","3"
"4131","10-12-23 15:00","England","Premier League","2023/2024","Luton","Manchester City","34","66","30","70","38","62","4","18","2","10","2","8","2","6","2","3","0","3","2","12","0","7","2","5"
"4132","09-12-23 18:30","England","Premier League","2023/2024","Aston Villa","Arsenal","39","61","47","53","29","71","10","12","5","8","5","4","3","5","1","4","2","1","7","7","4","4","3","3"
"4133","09-12-23 16:00","England","Premier League","2023/2024","Brighton","Burnley","72","28","67","33","77","23","29","6","10","4","19","2","11","3","3","2","8","1","18","3","7","2","11","1"
"4134","09-12-23 16:00","England","Premier League","2023/2024","Manchester Utd","Bournemouth","69","31","73","27","65","35","20","10","8","7","12","3","3","4","2","2","1","2","17","6","6","5","11","1"
"4135","09-12-23 16:00","England","Premier League","2023/2024","Sheffield Utd","Brentford","40","60","41","59","39","61","9","10","4","4","5","6","4","4","1","1","3","3","5","6","3","3","2","3"
"4136","09-12-23 16:00","England","Premier League","2023/2024","Wolves","Nottingham","68","32","73","27","63","37","10","8","5","3","5","5","4","2","2","2","2","0","6","6","3","1","3","5"
"4137","09-12-23 13:30","England","Premier League","2023/2024","Crystal Palace","Liverpool","24","76","23","77","25","75","8","14","1","6","7","8","4","2","1","0","3","2","4","12","0","6","4","6"
"4138","07-12-23 21:15","England","Premier League","2023/2024","Tottenham","West Ham","75","25","76","24","74","26","23","11","13","4","10","7","7","5","6","1","1","4","16","6","7","3","9","3"
"4139","07-12-23 20:30","England","Premier League","2023/2024","Everton","Newcastle","39","61","36","64","42","58","21","13","13","5","8","8","6","3","2","2","4","1","15","10","11","3","4","7"
"4140","06-12-23 21:15","England","Premier League","2023/2024","Aston Villa","Manchester City","46","54","49","51","42","58","22","2","12","2","10","0","7","2","4","2","3","0","15","0","8","0","7","0"
"4141","06-12-23 21:15","England","Premier League","2023/2024","Manchester Utd","Chelsea","45","55","48","52","42","58","28","13","18","5","10","8","9","3","7","3","2","0","19","10","11","2","8","8"
"4142","06-12-23 20:30","England","Premier League","2023/2024","Brighton","Brentford","61","39","62","38","60","40","18","8","8","2","10","6","7","2","3","1","4","1","11","6","5","1","6","5"
"4143","06-12-23 20:30","England","Premier League","2023/2024","Crystal Palace","Bournemouth","59","41","53","47","67","33","16","11","7","8","9","3","3","4","3","3","0","1","13","7","4","5","9","2"
"4144","06-12-23 20:30","England","Premier League","2023/2024","Fulham","Nottingham","64","36","62","38","66","34","14","4","8","2","6","2","6","1","3","0","3","1","8","3","5","2","3","1"
"4145","06-12-23 20:30","England","Premier League","2023/2024","Sheffield Utd","Liverpool","24","76","20","80","28","72","6","15","3","9","3","6","1","8","1","5","0","3","5","7","2","4","3","3"
"4146","05-12-23 21:15","England","Premier League","2023/2024","Luton","Arsenal","33","67","35","65","31","69","6","23","2","8","4","15","4","9","2","6","2","3","2","14","0","2","2","12"
"4147","05-12-23 20:30","England","Premier League","2023/2024","Wolves","Burnley","51","49","58","42","43","57","7","12","3","8","4","4","4","3","2","3","2","0","3","9","1","5","2","4"
"4148","03-12-23 17:30","England","Premier League","2023/2024","Manchester City","Tottenham","55","45","62","38","48","52","18","8","12","2","6","6","4","4","2","1","2","3","14","4","10","1","4","3"
"4149","03-12-23 15:00","England","Premier League","2023/2024","Bournemouth","Aston Villa","37","63","44","56","30","70","15","11","9","8","6","3","7","3","4","2","3","1","8","8","5","6","3","2"
"4150","03-12-23 15:00","England","Premier League","2023/2024","Chelsea","Brighton","32","68","43","57","22","78","8","18","5","4","3","14","5","9","3","1","2","8","3","9","2","3","1","6"
"4151","03-12-23 15:00","England","Premier League","2023/2024","Liverpool","Fulham","62","38","65","35","59","41","26","9","9","6","17","3","12","5","4","3","8","2","14","4","5","3","9","1"
"4152","03-12-23 15:00","England","Premier League","2023/2024","West Ham","Crystal Palace","55","45","49","51","61","39","9","9","4","5","5","4","3","2","2","0","1","2","6","7","2","5","4","2"
"4153","02-12-23 21:00","England","Premier League","2023/2024","Newcastle","Manchester Utd","58","42","60","40","56","44","22","8","14","2","8","6","4","1","2","1","2","0","18","7","12","1","6","6"
"4154","02-12-23 18:30","England","Premier League","2023/2024","Nottingham","Everton","62","38","62","38","62","38","13","12","3","6","10","6","2","3","0","2","2","1","11","9","3","4","8","5"
"4155","02-12-23 16:00","England","Premier League","2023/2024","Arsenal","Wolves","56","44","60","40","52","48","19","6","12","2","7","4","6","3","4","0","2","3","13","3","8","2","5","1"
"4156","02-12-23 16:00","England","Premier League","2023/2024","Brentford","Luton","69","31","77","23","61","39","27","7","11","0","16","7","6","1","2","0","4","1","21","6","9","0","12","6"
"4157","02-12-23 16:00","England","Premier League","2023/2024","Burnley","Sheffield Utd","64","36","53","47","75","25","19","6","6","3","13","3","7","3","2","1","5","2","12","3","4","2","8","1"
"4158","27-11-23 21:00","England","Premier League","2023/2024","Fulham","Wolves","60","40","56","44","64","36","12","10","6","2","6","8","6","6","2","1","4","5","6","4","4","1","2","3"
"4159","26-11-23 17:30","England","Premier League","2023/2024","Everton","Manchester Utd","50","50","45","55","55","45","24","9","10","2","14","7","6","4","4","1","2","3","18","5","6","1","12","4"
"4160","26-11-23 15:00","England","Premier League","2023/2024","Tottenham","Aston Villa","62","38","64","36","60","40","18","15","7","5","11","10","8","5","3","1","5","4","10","10","4","4","6","6"
"4161","25-11-23 18:30","England","Premier League","2023/2024","Brentford","Arsenal","36","64","31","69","41","59","9","15","3","9","6","6","3","4","1","2","2","2","6","11","2","7","4","4"
"4162","25-11-23 16:00","England","Premier League","2023/2024","Burnley","West Ham","51","49","52","48","50","50","11","11","5","2","6","9","5","3","2","1","3","2","6","8","3","1","3","7"
"4163","25-11-23 16:00","England","Premier League","2023/2024","Luton","Crystal Palace","39","61","42","58","36","64","8","16","3","7","5","9","3","8","1","4","2","4","5","8","2","3","3","5"
"4164","25-11-23 16:00","England","Premier League","2023/2024","Newcastle","Chelsea","55","45","56","44","54","46","14","7","6","6","8","1","5","4","1","4","4","0","9","3","5","2","4","1"
"4165","25-11-23 16:00","England","Premier League","2023/2024","Nottingham","Brighton","46","54","37","63","54","46","18","11","7","8","11","3","5","5","2","3","3","2","13","6","5","5","8","1"
"4166","25-11-23 16:00","England","Premier League","2023/2024","Sheffield Utd","Bournemouth","45","55","43","57","47","53","10","23","2","11","8","12","2","11","0","5","2","6","8","12","2","6","6","6"
"4167","25-11-23 13:30","England","Premier League","2023/2024","Manchester City","Liverpool","60","40","62","38","58","42","16","8","5","4","11","4","5","3","4","1","1","2","11","5","1","3","10","2"
"4168","12-11-23 17:30","England","Premier League","2023/2024","Chelsea","Manchester City","45","55","41","59","49","51","17","15","11","8","6","7","9","10","5","5","4","5","8","5","6","3","2","2"
"4169","12-11-23 15:00","England","Premier League","2023/2024","Aston Villa","Fulham","51","49","59","41","43","57","12","9","7","2","5","7","6","5","3","2","3","3","6","4","4","0","2","4"
"4170","12-11-23 15:00","England","Premier League","2023/2024","Brighton","Sheffield Utd","61","39","71","29","50","50","11","9","6","4","5","5","6","1","4","0","2","1","5","8","2","4","3","4"
"4171","12-11-23 15:00","England","Premier League","2023/2024","Liverpool","Brentford","59","41","69","31","50","50","17","16","8","4","9","12","10","3","5","1","5","2","7","13","3","3","4","10"
"4172","12-11-23 15:00","England","Premier League","2023/2024","West Ham","Nottingham","54","46","55","45","53","47","16","10","3","4","13","6","6","5","2","3","4","2","10","5","1","1","9","4"
"4173","11-11-23 18:30","England","Premier League","2023/2024","Bournemouth","Newcastle","48","52","50","50","46","54","19","8","7","3","12","5","10","5","4","2","6","3","9","3","3","1","6","2"
"4174","11-11-23 16:00","England","Premier League","2023/2024","Arsenal","Burnley","63","37","68","32","59","41","16","8","10","4","6","4","6","5","3","4","3","1","10","3","7","0","3","3"
"4175","11-11-23 16:00","England","Premier League","2023/2024","Crystal Palace","Everton","67","33","59","41","75","25","13","8","5","4","8","4","4","4","2","2","2","2","9","4","3","2","6","2"
"4176","11-11-23 16:00","England","Premier League","2023/2024","Manchester Utd","Luton","64","36","75","25","54","46","15","10","7","4","8","6","4","4","1","3","3","1","11","6","6","1","5","5"
"4177","11-11-23 13:30","England","Premier League","2023/2024","Wolves","Tottenham","42","58","37","63","47","53","17","6","9","2","8","4","4","2","2","1","2","1","13","4","7","1","6","3"
"4178","06-11-23 21:00","England","Premier League","2023/2024","Tottenham","Chelsea","39","61","48","52","30","70","8","17","4","7","4","10","5","8","3","2","2","6","3","9","1","5","2","4"
"4179","05-11-23 17:30","England","Premier League","2023/2024","Luton","Liverpool","26","74","26","74","26","74","8","24","4","11","4","13","5","6","1","3","4","3","3","18","3","8","0","10"
"4180","05-11-23 15:00","England","Premier League","2023/2024","Nottingham","Aston Villa","26","74","32","68","20","80","5","13","3","4","2","9","3","3","1","1","2","2","2","10","2","3","0","7"
"4181","04-11-23 18:30","England","Premier League","2023/2024","Newcastle","Arsenal","40","60","48","52","33","67","9","14","4","8","5","6","2","1","0","1","2","0","7","13","4","7","3","6"
"4182","04-11-23 16:00","England","Premier League","2023/2024","Brentford","West Ham","59","41","64","36","54","46","16","12","8","6","8","6","4","2","2","2","2","0","12","10","6","4","6","6"
"4183","04-11-23 16:00","England","Premier League","2023/2024","Burnley","Crystal Palace","67","33","64","36","70","30","17","4","7","2","10","2","5","3","0","2","5","1","12","1","7","0","5","1"
"4184","04-11-23 16:00","England","Premier League","2023/2024","Everton","Brighton","20","80","16","84","24","76","10","7","6","3","4","4","4","2","3","1","1","1","6","5","3","2","3","3"
"4185","04-11-23 16:00","England","Premier League","2023/2024","Manchester City","Bournemouth","66","34","72","28","60","40","21","5","15","2","6","3","8","1","4","0","4","1","13","4","11","2","2","2"
"4186","04-11-23 16:00","England","Premier League","2023/2024","Sheffield Utd","Wolves","38","62","38","62","38","62","11","10","1","7","10","3","2","3","0","1","2","2","9","7","1","6","8","1"
"4187","04-11-23 13:30","England","Premier League","2023/2024","Fulham","Manchester Utd","45","55","41","59","49","51","18","12","8","5","10","7","3","5","0","1","3","4","15","7","8","4","7","3"
"4188","29-10-23 16:30","England","Premier League","2023/2024","Manchester Utd","Manchester City","40","60","39","61","41","59","7","21","4","7","3","14","3","10","2","4","1","6","4","11","2","3","2","8"
"4189","29-10-23 15:00","England","Premier League","2023/2024","Aston Villa","Luton","71","29","78","22","64","36","17","7","14","0","3","7","6","1","4","0","2","1","11","6","10","0","1","6"
"4190","29-10-23 15:00","England","Premier League","2023/2024","Brighton","Fulham","71","29","72","28","70","30","18","10","8","3","10","7","7","5","4","0","3","5","11","5","4","3","7","2"
"4191","29-10-23 15:00","England","Premier League","2023/2024","Liverpool","Nottingham","73","27","74","26","72","28","21","9","13","2","8","7","8","1","7","0","1","1","13","8","6","2","7","6"
"4192","29-10-23 14:00","England","Premier League","2023/2024","West Ham","Everton","64","36","59","41","69","31","12","10","2","4","10","6","2","4","1","1","1","3","10","6","1","3","9","3"
"4193","28-10-23 18:30","England","Premier League","2023/2024","Wolves","Newcastle","43","57","41","59","45","55","11","13","7","9","4","4","6","5","4","4","2","1","5","8","3","5","2","3"
"4194","28-10-23 16:00","England","Premier League","2023/2024","Arsenal","Sheffield Utd","67","33","66","34","68","32","13","2","5","2","8","0","8","0","3","0","5","0","5","2","2","2","3","0"
"4195","28-10-23 16:00","England","Premier League","2023/2024","Bournemouth","Burnley","45","55","53","47","37","63","13","6","8","4","5","2","6","3","3","2","3","1","7","3","5","2","2","1"
"4196","28-10-23 13:30","England","Premier League","2023/2024","Chelsea","Brentford","69","31","67","33","71","29","17","7","10","2","7","5","2","5","2","1","0","4","15","2","8","1","7","1"
"4197","27-10-23 21:00","England","Premier League","2023/2024","Crystal Palace","Tottenham","24","76","28","72","20","80","13","10","8","3","5","7","3","1","2","0","1","1","10","9","6","3","4","6"
"4198","23-10-23 21:00","England","Premier League","2023/2024","Tottenham","Fulham","56","44","66","34","46","54","15","10","10","5","5","5","5","3","4","1","1","2","10","7","6","4","4","3"
"4199","22-10-23 17:30","England","Premier League","2023/2024","Aston Villa","West Ham","58","42","62","38","54","46","15","14","10","6","5","8","7","4","4","1","3","3","8","10","6","5","2","5"
"4200","21-10-23 21:00","England","Premier League","2023/2024","Sheffield Utd","Manchester Utd","38","62","44","56","32","68","12","14","7","6","5","8","6","5","4","3","2","2","6","9","3","3","3","6"
"4201","21-10-23 18:30","England","Premier League","2023/2024","Chelsea","Arsenal","43","57","38","62","48","52","11","13","7","2","4","11","5","3","2","0","3","3","6","10","5","2","1","8"
"4202","21-10-23 16:00","England","Premier League","2023/2024","Bournemouth","Wolves","34","66","43","57","25","75","7","21","4","6","3","15","4","7","2","1","2","6","3","14","2","5","1","9"
"4203","21-10-23 16:00","England","Premier League","2023/2024","Brentford","Burnley","50","50","55","45","45","55","23","6","15","3","8","3","10","1","7","1","3","0","13","5","8","2","5","3"
"4204","21-10-23 16:00","England","Premier League","2023/2024","Manchester City","Brighton","55","45","64","36","46","54","10","5","5","1","5","4","6","3","3","1","3","2","4","2","2","0","2","2"
"4205","21-10-23 16:00","England","Premier League","2023/2024","Newcastle","Crystal Palace","60","40","64","36","56","44","10","17","8","2","2","15","7","3","5","0","2","3","3","14","3","2","0","12"
"4206","21-10-23 16:00","England","Premier League","2023/2024","Nottingham","Luton","57","43","66","34","49","51","19","13","8","4","11","9","8","4","3","1","5","3","11","9","5","3","6","6"
"4207","21-10-23 13:30","England","Premier League","2023/2024","Liverpool","Everton","77","23","73","27","81","19","26","6","11","3","15","3","6","1","1","1","5","0","20","5","10","2","10","3"
"4208","08-10-23 17:30","England","Premier League","2023/2024","Arsenal","Manchester City","49","51","45","55","53","47","12","4","5","3","7","1","2","1","0","1","2","0","10","3","5","2","5","1"
"4209","08-10-23 15:00","England","Premier League","2023/2024","Brighton","Liverpool","46","54","46","54","46","54","14","14","8","6","6","8","3","4","1","3","2","1","11","10","7","3","4","7"
"4210","08-10-23 15:00","England","Premier League","2023/2024","West Ham","Newcastle","35","65","29","71","41","59","5","10","1","3","4","7","3","3","1","0","2","3","2","7","0","3","2","4"
"4211","08-10-23 15:00","England","Premier League","2023/2024","Wolves","Aston Villa","46","54","50","50","42","58","8","18","3","8","5","10","3","4","0","1","3","3","5","14","3","7","2","7"
"4212","07-10-23 18:30","England","Premier League","2023/2024","Crystal Palace","Nottingham","52","48","47","53","57","43","8","16","2","6","6","10","2","5","0","2","2","3","6","11","2","4","4","7"
"4213","07-10-23 16:00","England","Premier League","2023/2024","Burnley","Chelsea","37","63","32","68","43","57","10","9","2","5","8","4","3","5","1","1","2","4","7","4","1","4","6","0"
"4214","07-10-23 16:00","England","Premier League","2023/2024","Everton","Bournemouth","48","52","47","53","49","51","25","11","12","4","13","7","8","4","3","0","5","4","17","7","9","4","8","3"
"4215","07-10-23 16:00","England","Premier League","2023/2024","Fulham","Sheffield Utd","60","40","57","43","63","37","20","5","10","0","10","5","6","2","2","0","4","2","14","3","8","0","6","3"
"4216","07-10-23 16:00","England","Premier League","2023/2024","Manchester Utd","Brentford","64","36","60","40","68","32","21","11","7","8","14","3","8","3","1","1","7","2","13","8","6","7","7","1"
"4217","07-10-23 13:30","England","Premier League","2023/2024","Luton","Tottenham","33","67","18","82","48","52","12","15","3","12","9","3","2","4","0","3","2","1","10","11","3","9","7","2"
"4218","03-10-23 20:30","England","Premier League","2023/2024","Luton","Burnley","49","51","46","54","52","48","18","14","4","7","14","7","3","4","0","1","3","3","15","10","4","6","11","4"
"4219","02-10-23 21:00","England","Premier League","2023/2024","Fulham","Chelsea","56","44","54","46","58","42","10","11","1","5","9","6","3","4","0","2","3","2","7","7","1","3","6","4"
"4220","01-10-23 15:00","England","Premier League","2023/2024","Nottingham","Brentford","41","59","53","47","29","71","6","18","3","3","3","15","1","5","0","1","1","4","5","13","3","2","2","11"
"4221","30-09-23 18:30","England","Premier League","2023/2024","Tottenham","Liverpool","65","35","57","43","73","27","24","12","8","9","16","3","8","4","4","3","4","1","16","8","4","6","12","2"
"4222","30-09-23 16:00","England","Premier League","2023/2024","Bournemouth","Arsenal","42","58","38","62","46","54","8","15","5","6","3","9","1","8","1","3","0","5","7","7","4","3","3","4"
"4223","30-09-23 16:00","England","Premier League","2023/2024","Everton","Luton","68","32","70","30","66","34","23","9","13","7","10","2","5","2","5","2","0","0","18","7","8","5","10","2"
"4224","30-09-23 16:00","England","Premier League","2023/2024","Manchester Utd","Crystal Palace","77","23","72","28","82","18","19","8","7","4","12","4","4","2","1","1","3","1","15","6","6","3","9","3"
"4225","30-09-23 16:00","England","Premier League","2023/2024","Newcastle","Burnley","53","47","54","46","52","48","20","8","8","3","12","5","8","2","4","1","4","1","12","6","4","2","8","4"
"4226","30-09-23 16:00","England","Premier League","2023/2024","West Ham","Sheffield Utd","52","48","54","46","50","50","20","16","12","5","8","11","9","2","7","0","2","2","11","14","5","5","6","9"
"4227","30-09-23 16:00","England","Premier League","2023/2024","Wolves","Manchester City","32","68","31","69","33","67","3","23","1","13","2","10","1","8","0","2","1","6","2","15","1","11","1","4"
"4228","30-09-23 13:30","England","Premier League","2023/2024","Aston Villa","Brighton","38","62","42","58","34","66","19","11","14","2","5","9","9","3","5","1","4","2","10","8","9","1","1","7"
"4229","24-09-23 17:30","England","Premier League","2023/2024","Sheffield Utd","Newcastle","42","58","46","54","38","62","9","22","6","12","3","10","1","15","1","8","0","7","8","7","5","4","3","3"
"4230","24-09-23 15:00","England","Premier League","2023/2024","Arsenal","Tottenham","47","53","39","61","55","45","13","13","7","7","6","6","6","5","3","3","3","2","7","8","4","4","3","4"
"4231","24-09-23 15:00","England","Premier League","2023/2024","Brighton","Bournemouth","62","38","62","38","62","38","13","12","7","4","6","8","4","4","2","1","2","3","9","8","5","3","4","5"
"4232","24-09-23 15:00","England","Premier League","2023/2024","Chelsea","Aston Villa","53","47","54","46","52","48","10","15","3","5","7","10","4","7","2","3","2","4","6","8","1","2","5","6"
"4233","24-09-23 15:00","England","Premier League","2023/2024","Liverpool","West Ham","64","36","65","35","63","37","22","11","11","7","11","4","7","4","2","2","5","2","15","7","9","5","6","2"
"4234","23-09-23 21:00","England","Premier League","2023/2024","Burnley","Manchester Utd","62","38","58","42","66","34","12","11","6","5","6","6","4","4","2","2","2","2","8","7","4","3","4","4"
"4235","23-09-23 18:30","England","Premier League","2023/2024","Brentford","Everton","57","43","56","44","58","42","12","18","7","9","5","9","2","6","1","2","1","4","10","12","6","7","4","5"
"4236","23-09-23 16:00","England","Premier League","2023/2024","Crystal Palace","Fulham","51","49","51","49","51","49","7","10","3","4","4","6","3","5","1","4","2","1","4","5","2","0","2","5"
"4237","23-09-23 16:00","England","Premier League","2023/2024","Luton","Wolves","56","44","55","45","57","43","20","3","9","0","11","3","4","3","2","0","2","3","16","0","7","0","9","0"
"4238","23-09-23 16:00","England","Premier League","2023/2024","Manchester City","Nottingham","57","43","77","23","37","63","7","10","6","1","1","9","4","3","4","0","0","3","3","7","2","1","1","6"
"4239","18-09-23 20:45","England","Premier League","2023/2024","Nottingham","Burnley","46","54","46","54","46","54","14","10","6","3","8","7","4","3","2","3","2","0","10","7","4","0","6","7"
"4240","17-09-23 17:30","England","Premier League","2023/2024","Everton","Arsenal","26","74","22","78","30","70","8","13","4","3","4","10","1","4","1","1","0","3","7","9","3","2","4","7"
"4241","17-09-23 15:00","England","Premier League","2023/2024","Bournemouth","Chelsea","36","64","33","67","39","61","13","14","5","5","8","9","4","6","2","2","2","4","9","8","3","3","6","5"
"4242","16-09-23 18:30","England","Premier League","2023/2024","Newcastle","Brentford","56","44","53","47","59","41","9","11","4","2","5","9","2","2","1","1","1","1","7","9","3","1","4","8"
"4243","16-09-23 16:00","England","Premier League","2023/2024","Aston Villa","Crystal Palace","67","33","66","34","68","32","16","6","7","2","9","4","5","3","1","0","4","3","11","3","6","2","5","1"
"4244","16-09-23 16:00","England","Premier League","2023/2024","Fulham","Luton","78","22","76","24","80","20","13","7","5","3","8","4","2","2","1","1","1","1","11","5","4","2","7","3"
"4245","16-09-23 16:00","England","Premier League","2023/2024","Manchester Utd","Brighton","44","56","42","58","46","54","14","10","8","3","6","7","4","8","1","1","3","7","10","2","7","2","3","0"
"4246","16-09-23 16:00","England","Premier League","2023/2024","Tottenham","Sheffield Utd","70","30","68","32","72","28","28","7","12","3","16","4","10","5","7","2","3","3","18","2","5","1","13","1"
"4247","16-09-23 16:00","England","Premier League","2023/2024","West Ham","Manchester City","32","68","36","64","28","72","6","29","3","17","3","12","3","15","2","7","1","8","3","14","1","10","2","4"
"4248","16-09-23 13:30","England","Premier League","2023/2024","Wolves","Liverpool","34","66","36","64","32","68","11","16","8","5","3","11","2","6","2","2","0","4","9","10","6","3","3","7"
"4249","03-09-23 17:30","England","Premier League","2023/2024","Arsenal","Manchester Utd","55","45","44","56","65","35","17","10","6","3","11","7","5","2","1","1","4","1","12","8","5","2","7","6"
"4250","03-09-23 15:00","England","Premier League","2023/2024","Crystal Palace","Wolves","43","57","40","60","46","54","16","12","6","9","10","3","11","4","3","1","8","3","5","8","3","8","2","0"
"4251","03-09-23 15:00","England","Premier League","2023/2024","Liverpool","Aston Villa","64","36","70","30","58","42","17","9","8","3","9","6","4","3","2","0","2","3","13","6","6","3","7","3"
"4252","02-09-23 18:30","England","Premier League","2023/2024","Brighton","Newcastle","56","44","60","40","52","48","15","9","12","4","3","5","6","2","4","0","2","2","9","7","8","4","1","3"
"4253","02-09-23 16:00","England","Premier League","2023/2024","Brentford","Bournemouth","61","39","55","45","67","33","21","12","6","7","15","5","7","5","2","3","5","2","14","7","4","4","10","3"
"4254","02-09-23 16:00","England","Premier League","2023/2024","Burnley","Tottenham","46","54","48","52","44","56","16","21","4","13","12","8","4","11","1","5","3","6","12","10","3","8","9","2"
"4255","02-09-23 16:00","England","Premier League","2023/2024","Chelsea","Nottingham","76","24","69","31","83","17","21","7","11","3","10","4","2","3","1","0","1","3","19","4","10","3","9","1"
"4256","02-09-23 16:00","England","Premier League","2023/2024","Manchester City","Fulham","68","32","59","41","77","23","7","6","3","3","4","3","5","4","2","2","3","2","2","2","1","1","1","1"
"4257","02-09-23 13:30","England","Premier League","2023/2024","Sheffield Utd","Everton","45","55","46","54","44","56","13","16","6","9","7","7","8","6","4","3","4","3","5","10","2","6","3","4"
"4258","01-09-23 21:00","England","Premier League","2023/2024","Luton","West Ham","39","61","33","67","45","55","16","9","8","6","8","3","1","3","0","1","1","2","15","6","8","5","7","1"
"4259","27-08-23 17:30","England","Premier League","2023/2024","Newcastle","Liverpool","60","40","54","46","66","34","23","9","8","4","15","5","8","4","4","2","4","2","15","5","4","2","11","3"
"4260","27-08-23 15:00","England","Premier League","2023/2024","Burnley","Aston Villa","57","43","56","44","58","42","9","16","2","8","7","8","2","6","0","4","2","2","7","10","2","4","5","6"
"4261","27-08-23 15:00","England","Premier League","2023/2024","Sheffield Utd","Manchester City","20","80","17","83","23","77","6","30","0","12","6","18","2","9","0","3","2","6","4","21","0","9","4","12"
"4262","26-08-23 18:30","England","Premier League","2023/2024","Brighton","West Ham","78","22","84","16","72","28","26","12","9","4","17","8","10","7","2","2","8","5","16","5","7","2","9","3"
"4263","26-08-23 16:00","England","Premier League","2023/2024","Arsenal","Fulham","71","29","72","28","70","30","19","8","8","6","11","2","11","3","4","1","7","2","8","5","4","5","4","0"
"4264","26-08-23 16:00","England","Premier League","2023/2024","Brentford","Crystal Palace","60","40","61","39","59","41","12","15","5","5","7","10","1","5","1","1","0","4","11","10","4","4","7","6"
"4265","26-08-23 16:00","England","Premier League","2023/2024","Everton","Wolves","47","53","42","58","52","48","15","11","8","6","7","5","7","2","2","0","5","2","8","9","6","6","2","3"
"4266","26-08-23 16:00","England","Premier League","2023/2024","Manchester Utd","Nottingham","67","33","70","30","64","36","18","9","9","3","9","6","9","4","5","2","4","2","9","5","4","1","5","4"
"4267","26-08-23 13:30","England","Premier League","2023/2024","Bournemouth","Tottenham","43","57","48","52","38","62","11","17","6","9","5","8","3","6","2","5","1","1","8","11","4","4","4","7"
"4268","25-08-23 21:00","England","Premier League","2023/2024","Chelsea","Luton","67","33","70","30","64","36","19","11","7","3","12","8","8","1","2","0","6","1","11","10","5","3","6","7"
"4269","21-08-23 21:00","England","Premier League","2023/2024","Crystal Palace","Arsenal","46","54","31","69","61","39","14","14","4","9","10","5","2","3","1","1","1","2","12","11","3","8","9","3"
"4270","20-08-23 17:30","England","Premier League","2023/2024","West Ham","Chelsea","24","76","21","79","27","73","12","17","6","11","6","6","6","4","2","3","4","1","6","13","4","8","2","5"
"4271","20-08-23 15:00","England","Premier League","2023/2024","Aston Villa","Everton","60","40","66","34","54","46","13","9","7","3","6","6","7","2","4","1","3","1","6","7","3","2","3","5"
"4272","19-08-23 21:00","England","Premier League","2023/2024","Manchester City","Newcastle","59","41","60","40","58","42","14","7","10","2","4","5","4","1","1","0","3","1","10","6","9","2","1","4"
"4273","19-08-23 18:30","England","Premier League","2023/2024","Tottenham","Manchester Utd","56","44","57","43","55","45","17","22","7","14","10","8","6","6","3","3","3","3","11","16","4","11","7","5"
"4274","19-08-23 16:00","England","Premier League","2023/2024","Fulham","Brentford","55","45","56","44","54","46","10","17","4","8","6","9","2","8","0","4","2","4","8","9","4","4","4","5"
"4275","19-08-23 16:00","England","Premier League","2023/2024","Liverpool","Bournemouth","65","35","71","29","59","41","26","13","14","3","12","10","10","5","5","2","5","3","16","8","9","1","7","7"
"4276","19-08-23 16:00","England","Premier League","2023/2024","Wolves","Brighton","45","55","41","59","49","51","16","16","8","6","8","10","5","8","2","2","3","6","11","8","6","4","5","4"
"4277","18-08-23 20:45","England","Premier League","2023/2024","Nottingham","Sheffield Utd","50","50","48","52","52","48","16","7","9","1","7","6","4","3","2","1","2","2","12","4","7","0","5","4"
"4278","14-08-23 21:00","England","Premier League","2023/2024","Manchester Utd","Wolves","51","49","61","39","41","59","15","23","8","5","7","18","3","6","1","0","2","6","12","17","7","5","5","12"
"4279","13-08-23 17:30","England","Premier League","2023/2024","Chelsea","Liverpool","65","35","65","35","65","35","10","13","7","7","3","6","4","1","2","1","2","0","4","7","4","5","0","2"
"4280","13-08-23 15:00","England","Premier League","2023/2024","Brentford","Tottenham","31","69","35","65","26","74","11","18","5","5","6","13","6","6","4","2","2","4","5","12","1","3","4","9"
"4281","12-08-23 18:30","England","Premier League","2023/2024","Newcastle","Aston Villa","53","47","55","45","51","49","17","16","5","7","12","9","13","6","4","2","9","4","4","10","1","5","3","5"
"4282","12-08-23 16:00","England","Premier League","2023/2024","Bournemouth","West Ham","63","37","65","35","60","40","14","16","3","10","11","6","5","3","2","2","3","1","9","13","1","8","8","5"
"4283","12-08-23 16:00","England","Premier League","2023/2024","Brighton","Luton","71","29","72","28","70","30","27","9","15","6","12","3","12","3","3","1","9","2","15","6","12","5","3","1"
"4284","12-08-23 16:00","England","Premier League","2023/2024","Everton","Fulham","41","59","31","69","51","49","19","9","9","1","10","8","9","2","4","0","5","2","10","7","5","1","5","6"
"4285","12-08-23 16:00","England","Premier League","2023/2024","Sheffield Utd","Crystal Palace","33","67","33","67","33","67","8","24","4","14","4","10","1","8","1","3","0","5","7","16","3","11","4","5"
"4286","12-08-23 13:30","England","Premier League","2023/2024","Arsenal","Nottingham","79","21","84","16","74","26","15","6","7","1","8","5","7","2","3","0","4","2","8","4","4","1","4","3"
"4287","11-08-23 21:00","England","Premier League","2023/2024","Burnley","Manchester City","35","65","23","77","47","53","6","17","4","5","2","12","1","8","1","3","0","5","5","9","3","2","2","7"
"4288","28-05-23 17:30","England","Premier League","2022/2023","Arsenal","Wolves","51","49","51","49","51","49","14","6","8","2","6","4","8","0","4","0","4","0","6","6","4","2","2","4"
"4289","28-05-23 17:30","England","Premier League","2022/2023","Aston Villa","Brighton","41","59","45","55","37","63","12","8","6","5","6","3","5","4","3","3","2","1","7","4","3","2","4","2"
"4290","28-05-23 17:30","England","Premier League","2022/2023","Brentford","Manchester City","34","66","32","68","36","64","11","17","5","6","6","11","4","3","1","1","3","2","7","14","4","5","3","9"
"4291","28-05-23 17:30","England","Premier League","2022/2023","Chelsea","Newcastle","65","35","61","39","69","31","22","13","9","11","13","2","5","4","3","4","2","0","17","9","6","7","11","2"
"4292","28-05-23 17:30","England","Premier League","2022/2023","Crystal Palace","Nottingham","66","34","66","34","66","34","15","7","6","3","9","4","3","4","1","2","2","2","12","3","5","1","7","2"
"4293","28-05-23 17:30","England","Premier League","2022/2023","Everton","Bournemouth","38","62","47","53","28","72","13","7","7","5","6","2","6","2","3","0","3","2","7","5","4","5","3","0"
"4294","28-05-23 17:30","England","Premier League","2022/2023","Leeds","Tottenham","52","48","50","50","54","46","19","11","9","4","10","7","2","7","1","2","1","5","17","4","8","2","9","2"
"4295","28-05-23 17:30","England","Premier League","2022/2023","Leicester","West Ham","48","52","54","46","42","58","13","16","8","5","5","11","4","3","2","1","2","2","9","13","6","4","3","9"
"4296","28-05-23 17:30","England","Premier League","2022/2023","Manchester Utd","Fulham","53","47","59","41","47","53","21","10","13","4","8","6","8","3","5","2","3","1","13","7","8","2","5","5"
"4297","28-05-23 17:30","England","Premier League","2022/2023","Southampton","Liverpool","31","69","36","64","26","74","15","30","8","7","7","23","10","8","5","2","5","6","5","22","3","5","2","17"
"4298","25-05-23 21:00","England","Premier League","2022/2023","Manchester Utd","Chelsea","41","59","39","61","43","57","18","14","4","7","14","7","9","5","2","0","7","5","9","9","2","7","7","2"
"4299","24-05-23 21:00","England","Premier League","2022/2023","Brighton","Manchester City","40","60","40","60","40","60","20","13","11","6","9","7","7","4","5","2","2","2","13","9","6","4","7","5"
"4300","22-05-23 21:00","England","Premier League","2022/2023","Newcastle","Leicester","77","23","81","19","73","27","23","1","14","0","9","1","4","1","2","0","2","1","19","0","12","0","7","0"
"4301","21-05-23 17:00","England","Premier League","2022/2023","Manchester City","Chelsea","65","35","64","36","66","34","15","13","9","5","6","8","2","6","2","1","0","5","13","7","7","4","6","3"
"4302","21-05-23 15:00","England","Premier League","2022/2023","Brighton","Southampton","63","37","59","41","67","33","26","5","11","2","15","3","8","1","4","0","4","1","18","4","7","2","11","2"
"4303","21-05-23 14:30","England","Premier League","2022/2023","West Ham","Leeds","59","41","59","41","59","41","19","12","6","5","13","7","9","3","3","3","6","0","10","9","3","2","7","7"
"4304","20-05-23 18:30","England","Premier League","2022/2023","Nottingham","Arsenal","18","82","19","81","17","83","6","11","2","6","4","5","2","3","1","2","1","1","4","8","1","4","3","4"
"4305","20-05-23 16:00","England","Premier League","2022/2023","Bournemouth","Manchester Utd","41","59","41","59","41","59","10","20","5","9","5","11","4","5","2","2","2","3","6","15","3","7","3","8"
"4306","20-05-23 16:00","England","Premier League","2022/2023","Fulham","Crystal Palace","49","51","61","39","36","64","11","11","6","1","5","10","4","5","1","1","3","4","7","6","5","0","2","6"
"4307","20-05-23 16:00","England","Premier League","2022/2023","Liverpool","Aston Villa","66","34","62","38","70","30","10","6","4","4","6","2","5","3","0","2","5","1","5","3","4","2","1","1"
"4308","20-05-23 16:00","England","Premier League","2022/2023","Wolves","Everton","53","47","58","42","48","52","13","19","7","8","6","11","5","4","3","1","2","3","8","15","4","7","4","8"
"4309","20-05-23 13:30","England","Premier League","2022/2023","Tottenham","Brentford","62","38","53","47","71","29","22","11","10","4","12","7","8","4","4","0","4","4","14","7","6","4","8","3"
"4310","18-05-23 20:30","England","Premier League","2022/2023","Newcastle","Brighton","34","66","42","58","25","75","22","8","11","3","11","5","9","2","3","1","6","1","13","6","8","2","5","4"
"4311","15-05-23 21:00","England","Premier League","2022/2023","Leicester","Liverpool","33","67","26","74","40","60","4","16","1","8","3","8","4","5","1","3","3","2","0","11","0","5","0","6"
"4312","14-05-23 17:30","England","Premier League","2022/2023","Arsenal","Brighton","41","59","38","62","44","56","14","12","8","3","6","9","2","6","1","1","1","5","12","6","7","2","5","4"
"4313","14-05-23 15:00","England","Premier League","2022/2023","Brentford","West Ham","53","47","55","45","51","49","24","4","13","2","11","2","10","4","7","2","3","2","14","0","6","0","8","0"
"4314","14-05-23 15:00","England","Premier League","2022/2023","Everton","Manchester City","37","63","26","74","48","52","7","9","2","6","5","3","3","4","0","3","3","1","4","5","2","3","2","2"
"4315","13-05-23 16:00","England","Premier League","2022/2023","Aston Villa","Tottenham","49","51","56","44","42","58","8","5","4","0","4","5","4","2","2","0","2","2","4","3","2","0","2","3"
"4316","13-05-23 16:00","England","Premier League","2022/2023","Chelsea","Nottingham","76","24","73","27","79","21","14","11","5","4","9","7","6","2","1","1","5","1","8","9","4","3","4","6"
"4317","13-05-23 16:00","England","Premier League","2022/2023","Crystal Palace","Bournemouth","60","40","54","46","66","34","17","5","10","3","7","2","5","0","1","0","4","0","12","5","9","3","3","2"
"4318","13-05-23 16:00","England","Premier League","2022/2023","Manchester Utd","Wolves","48","52","49","51","47","53","27","5","16","1","11","4","9","0","4","0","5","0","18","5","12","1","6","4"
"4319","13-05-23 16:00","England","Premier League","2022/2023","Southampton","Fulham","35","65","31","69","39","61","5","9","2","4","3","5","1","4","1","1","0","3","4","5","1","3","3","2"
"4320","13-05-23 13:30","England","Premier League","2022/2023","Leeds","Newcastle","36","64","32","68","40","60","9","18","4","8","5","10","4","5","3","2","1","3","5","13","1","6","4","7"
"4321","08-05-23 21:00","England","Premier League","2022/2023","Nottingham","Southampton","36","64","34","66","38","62","9","19","7","7","2","12","4","5","3","1","1","4","5","14","4","6","1","8"
"4322","08-05-23 18:30","England","Premier League","2022/2023","Brighton","Everton","78","22","73","27","83","17","23","10","3","7","20","3","5","5","0","2","5","3","18","5","3","5","15","0"
"4323","08-05-23 16:00","England","Premier League","2022/2023","Fulham","Leicester","57","43","62","38","52","48","17","18","11","7","6","11","7","9","5","3","2","6","10","9","6","4","4","5"
"4324","07-05-23 20:00","England","Premier League","2022/2023","West Ham","Manchester Utd","35","65","35","65","35","65","15","19","4","11","11","8","4","4","3","1","1","3","11","15","1","10","10","5"
"4325","07-05-23 17:30","England","Premier League","2022/2023","Newcastle","Arsenal","54","46","52","48","56","44","12","10","6","6","6","4","5","6","2","4","3","2","7","4","4","2","3","2"
"4326","06-05-23 18:30","England","Premier League","2022/2023","Liverpool","Brentford","54","46","59","41","49","51","15","5","8","3","7","2","5","1","3","1","2","0","10","4","5","2","5","2"
"4327","06-05-23 16:00","England","Premier League","2022/2023","Bournemouth","Chelsea","34","66","33","67","35","65","10","11","4","5","6","6","4","5","2","3","2","2","6","6","2","2","4","4"
"4328","06-05-23 16:00","England","Premier League","2022/2023","Manchester City","Leeds","81","19","84","16","78","22","18","4","11","2","7","2","6","2","4","1","2","1","12","2","7","1","5","1"
"4329","06-05-23 16:00","England","Premier League","2022/2023","Tottenham","Crystal Palace","58","42","58","42","58","42","8","7","4","3","4","4","3","2","1","1","2","1","5","5","3","2","2","3"
"4330","06-05-23 16:00","England","Premier League","2022/2023","Wolves","Aston Villa","38","62","38","62","38","62","6","16","2","9","4","7","2","3","1","3","1","0","4","13","1","6","3","7"
"4331","04-05-23 21:00","England","Premier League","2022/2023","Brighton","Manchester Utd","60","40","59","41","61","39","22","16","7","10","15","6","6","5","2","3","4","2","16","11","5","7","11","4"
"4332","03-05-23 21:00","England","Premier League","2022/2023","Liverpool","Fulham","57","43","66","34","48","52","15","9","8","5","7","4","3","3","2","2","1","1","12","6","6","3","6","3"
"4333","03-05-23 21:00","England","Premier League","2022/2023","Manchester City","West Ham","69","31","80","20","57","43","16","6","8","3","8","3","7","2","2","1","5","1","9","4","6","2","3","2"
"4334","02-05-23 21:00","England","Premier League","2022/2023","Arsenal","Chelsea","55","45","55","45","55","45","16","7","8","2","8","5","10","4","5","1","5","3","6","3","3","1","3","2"
"4335","01-05-23 21:00","England","Premier League","2022/2023","Leicester","Everton","55","45","47","53","63","37","15","23","6","14","9","9","6","8","5","4","1","4","9","15","1","10","8","5"
"4336","30-04-23 17:30","England","Premier League","2022/2023","Liverpool","Tottenham","68","32","74","26","62","38","12","10","7","4","5","6","4","7","3","4","1","3","8","3","4","0","4","3"
"4337","30-04-23 15:00","England","Premier League","2022/2023","Bournemouth","Leeds","43","57","52","48","34","66","12","15","5","7","7","8","7","6","3","2","4","4","5","9","2","5","3","4"
"4338","30-04-23 15:00","England","Premier League","2022/2023","Fulham","Manchester City","37","63","31","69","43","57","4","12","2","8","2","4","1","9","1","6","0","3","3","3","1","2","2","1"
"4339","30-04-23 15:00","England","Premier League","2022/2023","Manchester Utd","Aston Villa","57","43","64","36","50","50","14","7","7","2","7","5","6","1","3","1","3","0","8","6","4","1","4","5"
"4340","30-04-23 15:00","England","Premier League","2022/2023","Newcastle","Southampton","64","36","63","37","65","35","22","4","5","4","17","0","5","3","0","3","5","0","17","1","5","1","12","0"
"4341","29-04-23 16:00","England","Premier League","2022/2023","Brentford","Nottingham","69","31","62","38","76","24","14","5","8","2","6","3","8","3","6","1","2","2","6","2","2","1","4","1"
"4342","29-04-23 16:00","England","Premier League","2022/2023","Brighton","Wolves","57","43","52","48","62","38","22","10","10","3","12","7","8","2","6","1","2","1","14","8","4","2","10","6"
"4343","29-04-23 13:30","England","Premier League","2022/2023","Crystal Palace","West Ham","60","40","64","36","56","44","16","8","9","6","7","2","6","4","3","3","3","1","10","4","6","3","4","1"
"4344","27-04-23 21:15","England","Premier League","2022/2023","Tottenham","Manchester Utd","40","60","39","61","41","59","18","17","6","11","12","6","7","8","3","6","4","2","11","9","3","5","8","4"
"4345","27-04-23 20:45","England","Premier League","2022/2023","Everton","Newcastle","40","60","38","62","42","58","13","15","10","3","3","12","5","8","4","2","1","6","8","7","6","1","2","6"
"4346","27-04-23 20:45","England","Premier League","2022/2023","Southampton","Bournemouth","56","44","51","49","61","39","11","16","6","7","5","9","2","2","2","1","0","1","9","14","4","6","5","8"
"4347","26-04-23 21:00","England","Premier League","2022/2023","Manchester City","Arsenal","52","48","60","40","44","56","14","8","8","2","6","6","9","2","6","0","3","2","3","3","1","2","2","1"
"4348","26-04-23 20:45","England","Premier League","2022/2023","Chelsea","Brentford","73","27","68","32","78","22","15","7","7","1","8","6","4","1","2","0","2","1","8","5","3","1","5","4"
"4349","26-04-23 20:45","England","Premier League","2022/2023","West Ham","Liverpool","27","73","25","75","29","71","7","20","4","12","3","8","2","4","1","3","1","1","4","9","2","5","2","4"
"4350","26-04-23 20:30","England","Premier League","2022/2023","Nottingham","Brighton","25","75","26","74","24","76","12","17","7","8","5","9","5","7","3","5","2","2","5","6","2","1","3","5"
"4351","25-04-23 21:00","England","Premier League","2022/2023","Leeds","Leicester","41","59","44","56","38","62","13","15","3","3","10","12","3","3","1","0","2","3","6","6","2","2","4","4"
"4352","25-04-23 20:45","England","Premier League","2022/2023","Aston Villa","Fulham","52","48","67","33","37","63","14","1","9","1","5","0","3","0","3","0","0","0","4","1","1","1","3","0"
"4353","25-04-23 20:30","England","Premier League","2022/2023","Wolves","Crystal Palace","41","59","51","49","30","70","9","14","5","4","4","10","3","4","1","2","2","2","4","4","3","1","1","3"
"4354","23-04-23 15:00","England","Premier League","2022/2023","Bournemouth","West Ham","64","36","68","32","60","40","17","18","5","9","12","9","5","10","3","6","2","4","7","4","1","2","6","2"
"4355","23-04-23 15:00","England","Premier League","2022/2023","Newcastle","Tottenham","57","43","59","41","55","45","25","11","14","4","11","7","8","3","6","1","2","2","5","5","4","3","1","2"
"4356","22-04-23 16:00","England","Premier League","2022/2023","Brentford","Aston Villa","42","58","46","54","38","62","16","14","5","6","11","8","5","2","2","1","3","1","6","11","1","5","5","6"
"4357","22-04-23 16:00","England","Premier League","2022/2023","Crystal Palace","Everton","57","43","56","44","58","42","12","10","4","7","8","3","2","5","1","5","1","0","5","3","2","0","3","3"
"4358","22-04-23 16:00","England","Premier League","2022/2023","Leicester","Wolves","42","58","42","58","42","58","15","16","7","7","8","9","8","3","4","1","4","2","4","7","1","3","3","4"
"4359","22-04-23 16:00","England","Premier League","2022/2023","Liverpool","Nottingham","81","19","86","14","76","24","18","11","10","1","8","10","6","5","2","1","4","4","7","5","4","0","3","5"
"4360","22-04-23 13:30","England","Premier League","2022/2023","Fulham","Leeds","49","51","52","48","46","54","12","10","7","3","5","7","5","2","2","1","3","1","3","4","2","1","1","3"
"4361","21-04-23 21:00","England","Premier League","2022/2023","Arsenal","Southampton","74","26","66","34","81","19","25","8","14","6","11","2","6","6","3","5","3","1","11","1","7","0","4","1"
"4362","17-04-23 21:00","England","Premier League","2022/2023","Leeds","Liverpool","26","74","25","75","27","73","13","13","7","5","6","8","3","7","1","2","2","5","7","4","5","2","2","2"
"4363","16-04-23 17:30","England","Premier League","2022/2023","Nottingham","Manchester Utd","32","68","30","70","34","66","6","22","4","7","2","15","0","8","0","4","0","4","4","9","2","3","2","6"
"4364","16-04-23 15:00","England","Premier League","2022/2023","West Ham","Arsenal","28","72","26","74","30","70","16","11","9","4","7","7","3","5","2","2","1","3","6","4","3","2","3","2"
"4365","15-04-23 18:30","England","Premier League","2022/2023","Manchester City","Leicester","71","29","75","25","67","33","12","10","8","3","4","7","4","4","3","0","1","4","5","3","3","1","2","2"
"4366","15-04-23 16:00","England","Premier League","2022/2023","Chelsea","Brighton","42","58","32","68","52","48","8","26","3","12","5","14","2","10","1","5","1","5","5","10","2","6","3","4"
"4367","15-04-23 16:00","England","Premier League","2022/2023","Everton","Fulham","46","54","50","50","41","59","15","21","8","7","7","14","7","7","4","3","3","4","6","9","4","3","2","6"
"4368","15-04-23 16:00","England","Premier League","2022/2023","Southampton","Crystal Palace","58","42","58","42","58","42","11","9","7","2","4","7","4","2","2","0","2","2","4","4","2","1","2","3"
"4369","15-04-23 16:00","England","Premier League","2022/2023","Tottenham","Bournemouth","57","43","46","54","70","30","24","9","10","5","14","4","8","6","4","2","4","4","8","2","2","2","6","0"
"4370","15-04-23 16:00","England","Premier League","2022/2023","Wolves","Brentford","51","49","53","47","49","51","11","10","6","4","5","6","9","3","4","0","5","3","0","3","0","2","0","1"
"4371","15-04-23 13:30","England","Premier League","2022/2023","Aston Villa","Newcastle","52","48","55","45","49","51","16","8","8","3","8","5","6","2","2","1","4","1","6","3","4","0","2","3"
"4372","09-04-23 17:30","England","Premier League","2022/2023","Liverpool","Arsenal","59","41","53","47","65","35","21","9","8","5","13","4","6","5","1","3","5","2","10","2","5","1","5","1"
"4373","09-04-23 15:00","England","Premier League","2022/2023","Leeds","Crystal Palace","48","52","45","55","51","49","11","16","10","8","1","8","7","8","7","3","0","5","4","4","3","2","1","2"
"4374","08-04-23 18:30","England","Premier League","2022/2023","Southampton","Manchester City","27","73","31","69","23","77","4","13","1","5","3","8","1","8","0","3","1","5","2","2","1","1","1","1"
"4375","08-04-23 16:00","England","Premier League","2022/2023","Aston Villa","Nottingham","65","35","69","31","61","39","8","6","3","2","5","4","3","2","1","1","2","1","4","1","2","0","2","1"
"4376","08-04-23 16:00","England","Premier League","2022/2023","Brentford","Newcastle","41","59","36","64","46","54","12","10","6","2","6","8","6","4","3","0","3","4","4","4","1","0","3","4"
"4377","08-04-23 16:00","England","Premier League","2022/2023","Fulham","West Ham","77","23","78","22","76","24","16","9","7","1","9","8","3","5","0","1","3","4","2","4","1","0","1","4"
"4378","08-04-23 16:00","England","Premier League","2022/2023","Leicester","Bournemouth","51","49","46","54","56","44","14","19","4","7","10","12","4","7","0","2","4","5","8","2","2","2","6","0"
"4379","08-04-23 16:00","England","Premier League","2022/2023","Tottenham","Brighton","35","65","37","63","33","67","9","17","4","10","5","7","3","4","1","4","2","0","4","5","2","2","2","3"
"4380","08-04-23 16:00","England","Premier League","2022/2023","Wolves","Chelsea","38","62","45","55","31","69","9","13","5","4","4","9","4","1","3","1","1","0","3","4","0","1","3","3"
"4381","08-04-23 13:30","England","Premier League","2022/2023","Manchester Utd","Everton","64","36","59","41","69","31","29","15","21","5","8","10","11","1","6","0","5","1","10","6","9","2","1","4"
"4382","05-04-23 21:00","England","Premier League","2022/2023","Manchester Utd","Brentford","65","35","73","27","57","43","18","6","13","1","5","5","3","1","2","0","1","1","8","4","5","1","3","3"
"4383","05-04-23 21:00","England","Premier League","2022/2023","West Ham","Newcastle","42","58","44","56","40","60","7","15","6","5","1","10","2","8","2","2","0","6","3","5","3","3","0","2"
"4384","04-04-23 21:00","England","Premier League","2022/2023","Chelsea","Liverpool","50","50","46","54","54","46","12","7","6","6","6","1","3","4","2","3","1","1","7","0","2","0","5","0"
"4385","04-04-23 20:45","England","Premier League","2022/2023","Bournemouth","Brighton","36","64","39","61","33","67","14","16","8","4","6","12","3","6","2","2","1","4","6","9","4","2","2","7"
"4386","04-04-23 20:45","England","Premier League","2022/2023","Leeds","Nottingham","63","37","76","24","50","50","21","13","9","4","12","9","6","1","3","1","3","0","6","4","3","2","3","2"
"4387","04-04-23 20:45","England","Premier League","2022/2023","Leicester","Aston Villa","36","64","38","62","34","66","9","15","6","6","3","9","4","5","4","1","0","4","4","5","1","1","3","4"
"4388","03-04-23 21:00","England","Premier League","2022/2023","Everton","Tottenham","39","61","35","65","43","57","15","8","6","3","9","5","6","2","1","1","5","1","5","5","3","2","2","3"
"4389","02-04-23 17:30","England","Premier League","2022/2023","Newcastle","Manchester Utd","46","54","52","48","40","60","22","6","11","2","11","4","6","1","3","0","3","1","9","3","3","2","6","1"
"4390","02-04-23 15:00","England","Premier League","2022/2023","West Ham","Southampton","43","57","47","53","38","62","12","9","3","4","9","5","2","3","1","1","1","2","7","4","2","1","5","3"
"4391","01-04-23 18:30","England","Premier League","2022/2023","Chelsea","Aston Villa","69","31","70","30","68","32","27","5","14","3","13","2","8","2","6","1","2","1","15","3","6","2","9","1"
"4392","01-04-23 16:00","England","Premier League","2022/2023","Arsenal","Leeds","67","33","65","35","69","31","13","7","6","3","7","4","6","5","2","3","4","2","2","1","1","0","1","1"
"4393","01-04-23 16:00","England","Premier League","2022/2023","Bournemouth","Fulham","43","57","36","64","50","50","12","10","3","6","9","4","7","2","1","2","6","0","3","6","2","4","1","2"
"4394","01-04-23 16:00","England","Premier League","2022/2023","Brighton","Brentford","72","28","69","31","75","25","33","7","16","5","17","2","15","5","8","3","7","2","8","1","2","1","6","0"
"4395","01-04-23 16:00","England","Premier League","2022/2023","Crystal Palace","Leicester","51","49","58","42","44","56","31","3","20","0","11","3","9","2","5","0","4","2","8","0","4","0","4","0"
"4396","01-04-23 16:00","England","Premier League","2022/2023","Nottingham","Wolves","28","72","31","69","25","75","17","8","8","3","9","5","7","1","4","0","3","1","7","3","2","1","5","2"
"4397","01-04-23 13:30","England","Premier League","2022/2023","Manchester City","Liverpool","68","32","61","39","75","25","17","4","8","3","9","1","8","1","2","1","6","0","3","0","3","0","0","0"
"4398","19-03-23 15:00","England","Premier League","2022/2023","Arsenal","Crystal Palace","62","38","68","32","56","44","15","9","9","2","6","7","5","5","3","1","2","4","5","1","3","0","2","1"
"4399","18-03-23 18:30","England","Premier League","2022/2023","Chelsea","Everton","69","31","72","28","66","34","20","12","10","3","10","9","7","3","3","0","4","3","3","4","2","1","1","3"
"4400","18-03-23 16:00","England","Premier League","2022/2023","Aston Villa","Bournemouth","56","44","58","42","54","46","20","9","6","4","14","5","9","3","2","2","7","1","3","3","1","1","2","2"
"4401","18-03-23 16:00","England","Premier League","2022/2023","Brentford","Leicester","53","47","54","46","52","48","11","14","9","7","2","7","2","1","2","0","0","1","2","6","2","4","0","2"
"4402","18-03-23 16:00","England","Premier League","2022/2023","Southampton","Tottenham","50","50","48","52","52","48","19","17","8","9","11","8","7","3","0","1","7","2","7","9","6","5","1","4"
"4403","18-03-23 16:00","England","Premier League","2022/2023","Wolves","Leeds","66","34","63","37","69","31","23","11","8","6","15","5","8","4","1","1","7","3","9","5","4","4","5","1"
"4404","17-03-23 21:00","England","Premier League","2022/2023","Nottingham","Newcastle","38","62","47","53","29","71","5","15","2","6","3","9","3","4","2","1","1","3","2","5","0","2","2","3"
"4405","15-03-23 20:30","England","Premier League","2022/2023","Brighton","Crystal Palace","57","43","60","40","54","46","11","11","5","8","6","3","5","3","2","3","3","0","5","6","2","4","3","2"
"4406","15-03-23 20:30","England","Premier League","2022/2023","Southampton","Brentford","66","34","62","38","70","30","7","11","3","7","4","4","1","5","0","3","1","2","3","2","1","2","2","0"
"4407","12-03-23 17:30","England","Premier League","2022/2023","Newcastle","Wolves","42","58","51","49","33","67","19","7","13","2","6","5","8","4","5","1","3","3","3","3","1","1","2","2"
"4408","12-03-23 15:00","England","Premier League","2022/2023","Fulham","Arsenal","45","55","46","54","44","56","12","15","2","7","10","8","2","7","0","5","2","2","6","3","2","2","4","1"
"4409","12-03-23 15:00","England","Premier League","2022/2023","Manchester Utd","Southampton","47","53","55","45","39","61","10","17","5","6","5","11","4","4","3","2","1","2","3","4","2","0","1","4"
"4410","12-03-23 15:00","England","Premier League","2022/2023","West Ham","Aston Villa","41","59","36","64","46","54","17","12","8","6","9","6","6","4","3","3","3","1","8","4","4","1","4","3"
"4411","11-03-23 18:30","England","Premier League","2022/2023","Crystal Palace","Manchester City","32","68","28","72","36","64","4","14","2","8","2","6","0","4","0","1","0","3","0","5","0","3","0","2"
"4412","11-03-23 16:00","England","Premier League","2022/2023","Everton","Brentford","33","67","41","59","25","75","13","12","9","3","4","9","6","4","4","2","2","2","5","6","3","1","2","5"
"4413","11-03-23 16:00","England","Premier League","2022/2023","Leeds","Brighton","38","62","36","64","40","60","12","14","7","9","5","5","4","2","2","1","2","1","3","8","1","5","2","3"
"4414","11-03-23 16:00","England","Premier League","2022/2023","Leicester","Chelsea","49","51","54","46","44","56","17","12","9","5","8","7","7","6","4","2","3","4","4","3","1","1","3","2"
"4415","11-03-23 16:00","England","Premier League","2022/2023","Tottenham","Nottingham","55","45","59","41","51","49","15","9","8","1","7","8","7","5","3","0","4","5","3","2","3","0","0","2"
"4416","11-03-23 13:30","England","Premier League","2022/2023","Bournemouth","Liverpool","31","69","34","66","28","72","5","15","3","9","2","6","2","6","1","5","1","1","3","8","2","4","1","4"
"4417","06-03-23 21:00","England","Premier League","2022/2023","Brentford","Fulham","36","64","35","65","37","63","14","9","8","3","6","6","6","5","3","1","3","4","7","4","5","2","2","2"
"4418","05-03-23 17:30","England","Premier League","2022/2023","Liverpool","Manchester Utd","60","40","60","40","60","40","18","8","8","4","10","4","8","4","1","3","7","1","5","3","3","1","2","2"
"4419","05-03-23 15:00","England","Premier League","2022/2023","Nottingham","Everton","57","43","52","48","63","37","10","10","5","9","5","1","4","3","2","3","2","0","2","2","1","1","1","1"
"4420","04-03-23 18:30","England","Premier League","2022/2023","Southampton","Leicester","35","65","42","58","28","72","11","11","8","5","3","6","5","0","4","0","1","0","2","7","1","2","1","5"
"4421","04-03-23 16:00","England","Premier League","2022/2023","Arsenal","Bournemouth","81","19","85","15","77","23","31","4","14","2","17","2","9","4","3","2","6","2","10","0","4","0","6","0"
"4422","04-03-23 16:00","England","Premier League","2022/2023","Aston Villa","Crystal Palace","58","42","57","43","59","41","8","3","4","1","4","2","1","0","0","0","1","0","4","2","3","0","1","2"
"4423","04-03-23 16:00","England","Premier League","2022/2023","Brighton","West Ham","66","34","76","24","56","44","20","3","4","3","16","0","9","2","3","2","6","0","7","0","1","0","6","0"
"4424","04-03-23 16:00","England","Premier League","2022/2023","Chelsea","Leeds","58","42","58","42","58","42","13","11","8","3","5","8","3","2","2","1","1","1","8","6","5","2","3","4"
"4425","04-03-23 16:00","England","Premier League","2022/2023","Wolves","Tottenham","46","54","44","56","48","52","8","22","0","11","8","11","5","6","0","3","5","3","3","7","0","4","3","3"
"4426","04-03-23 13:30","England","Premier League","2022/2023","Manchester City","Newcastle","56","44","56","44","56","44","11","5","6","2","5","3","3","2","1","0","2","2","6","1","3","1","3","0"
"4427","01-03-23 21:00","England","Premier League","2022/2023","Liverpool","Wolves","57","43","60","40","54","46","15","4","7","4","8","0","6","1","2","1","4","0","6","2","4","2","2","0"
"4428","01-03-23 20:45","England","Premier League","2022/2023","Arsenal","Everton","73","27","66","34","80","20","15","8","3","4","12","4","5","5","2","2","3","3","5","2","1","1","4","1"
"4429","26-02-23 14:30","England","Premier League","2022/2023","Tottenham","Chelsea","41","59","43","57","39","61","8","10","3","4","5","6","3","2","0","1","3","1","4","5","2","1","2","4"
"4430","25-02-23 20:45","England","Premier League","2022/2023","Crystal Palace","Liverpool","36","64","30","70","42","58","6","12","3","6","3","6","0","4","0","2","0","2","4","5","3","2","1","3"
"4431","25-02-23 18:30","England","Premier League","2022/2023","Bournemouth","Manchester City","34","66","33","67","35","65","13","20","6","10","7","10","2","5","1","4","1","1","5","8","3","2","2","6"
"4432","25-02-23 16:00","England","Premier League","2022/2023","Everton","Aston Villa","47","53","42","58","52","48","15","9","7","3","8","6","5","5","3","1","2","4","7","4","3","2","4","2"
"4433","25-02-23 16:00","England","Premier League","2022/2023","Leeds","Southampton","60","40","65","35","55","45","14","8","7","4","7","4","4","2","1","1","3","1","6","3","4","2","2","1"
"4434","25-02-23 16:00","England","Premier League","2022/2023","Leicester","Arsenal","34","66","27","73","41","59","1","10","0","7","1","3","0","2","0","0","0","2","1","3","0","3","1","0"
"4435","25-02-23 16:00","England","Premier League","2022/2023","West Ham","Nottingham","49","51","52","48","46","54","18","8","9","2","9","6","5","3","1","2","4","1","8","3","4","0","4","3"
"4436","24-02-23 21:00","England","Premier League","2022/2023","Fulham","Wolves","50","50","48","52","52","48","10","8","5","4","5","4","5","2","2","2","3","0","2","5","1","2","1","3"
"4437","19-02-23 17:30","England","Premier League","2022/2023","Tottenham","West Ham","57","43","62","38","52","48","16","6","7","2","9","4","6","1","2","0","4","1","4","4","2","2","2","2"
"4438","19-02-23 15:00","England","Premier League","2022/2023","Manchester Utd","Leicester","57","43","55","45","59","41","26","19","8","11","18","8","8","3","1","2","7","1","9","9","3","7","6","2"
"4439","18-02-23 18:30","England","Premier League","2022/2023","Newcastle","Liverpool","37","63","39","61","35","65","14","13","9","6","5","7","4","7","3","4","1","3","7","4","4","0","3","4"
"4440","18-02-23 16:00","England","Premier League","2022/2023","Brentford","Crystal Palace","59","41","52","48","66","34","12","10","5","3","7","7","5","4","3","3","2","1","6","3","2","0","4","3"
"4441","18-02-23 16:00","England","Premier League","2022/2023","Brighton","Fulham","65","35","59","41","71","29","21","5","7","0","14","5","7","2","2","0","5","2","10","0","2","0","8","0"
"4442","18-02-23 16:00","England","Premier League","2022/2023","Chelsea","Southampton","61","39","49","51","73","27","17","8","6","7","11","1","5","5","2","4","3","1","5","3","3","3","2","0"
"4443","18-02-23 16:00","England","Premier League","2022/2023","Everton","Leeds","50","50","54","46","46","54","15","8","7","5","8","3","6","0","3","0","3","0","7","4","3","3","4","1"
"4444","18-02-23 16:00","England","Premier League","2022/2023","Nottingham","Manchester City","26","74","15","85","37","63","4","23","2","9","2","14","1","6","0","1","1","5","2","11","1","4","1","7"
"4445","18-02-23 16:00","England","Premier League","2022/2023","Wolves","Bournemouth","69","31","68","32","70","30","15","5","8","1","7","4","4","1","2","0","2","1","5","1","2","0","3","1"
"4446","18-02-23 13:30","England","Premier League","2022/2023","Aston Villa","Arsenal","33","67","32","68","34","66","7","20","4","2","3","18","5","5","2","2","3","3","1","8","1","0","0","8"
"4447","15-02-23 20:30","England","Premier League","2022/2023","Arsenal","Manchester City","64","36","60","40","68","32","10","9","7","4","3","5","1","6","1","1","0","5","4","1","3","1","1","0"
"4448","13-02-23 21:00","England","Premier League","2022/2023","Liverpool","Everton","59","41","68","32","50","50","15","6","8","4","7","2","6","1","2","0","4","1","4","4","3","3","1","1"
"4449","12-02-23 17:30","England","Premier League","2022/2023","Manchester City","Aston Villa","67","33","69","31","65","35","17","6","11","2","6","4","9","2","5","0","4","2","3","2","2","1","1","1"
"4450","12-02-23 15:00","England","Premier League","2022/2023","Leeds","Manchester Utd","33","67","31","69","35","65","16","11","4","3","12","8","6","5","2","2","4","3","4","4","1","1","3","3"
"4451","11-02-23 18:30","England","Premier League","2022/2023","Bournemouth","Newcastle","33","67","32","68","34","66","11","15","6","6","5","9","5","7","3","3","2","4","5","5","2","2","3","3"
"4452","11-02-23 16:00","England","Premier League","2022/2023","Arsenal","Brentford","69","31","70","30","68","32","23","9","9","6","14","3","7","2","2","1","5","1","10","4","5","3","5","1"
"4453","11-02-23 16:00","England","Premier League","2022/2023","Crystal Palace","Brighton","25","75","27","73","23","77","6","17","3","8","3","9","1","7","0","3","1","4","2","5","1","2","1","3"
"4454","11-02-23 16:00","England","Premier League","2022/2023","Fulham","Nottingham","50","50","51","49","49","51","16","10","9","3","7","7","3","1","2","0","1","1","11","7","5","3","6","4"
"4455","11-02-23 16:00","England","Premier League","2022/2023","Leicester","Tottenham","50","50","54","46","46","54","15","11","8","7","7","4","7","4","5","2","2","2","6","6","2","5","4","1"
"4456","11-02-23 16:00","England","Premier League","2022/2023","Southampton","Wolves","41","59","38","62","44","56","17","11","12","2","5","9","2","2","1","0","1","2","10","2","7","1","3","1"
"4457","11-02-23 13:30","England","Premier League","2022/2023","West Ham","Chelsea","28","72","28","72","28","72","10","12","6","9","4","3","2","4","2","4","0","0","5","4","2","2","3","2"
"4458","08-02-23 21:00","England","Premier League","2022/2023","Manchester Utd","Leeds","66","34","69","31","63","37","24","8","11","3","13","5","7","2","3","2","4","0","9","4","4","1","5","3"
"4459","05-02-23 17:30","England","Premier League","2022/2023","Tottenham","Manchester City","36","64","33","67","39","61","12","15","6","7","6","8","3","5","1","3","2","2","5","5","1","2","4","3"
"4460","05-02-23 15:00","England","Premier League","2022/2023","Nottingham","Leeds","30","70","35","65","25","75","6","10","2","7","4","3","2","4","1","3","1","1","2","3","0","2","2","1"
"4461","04-02-23 18:30","England","Premier League","2022/2023","Newcastle","West Ham","63","37","59","41","67","33","8","10","2","8","6","2","2","1","1","1","1","0","3","5","1","3","2","2"
"4462","04-02-23 16:00","England","Premier League","2022/2023","Aston Villa","Leicester","63","37","54","46","72","28","19","9","7","4","12","5","4","5","2","3","2","2","6","4","2","1","4","3"
"4463","04-02-23 16:00","England","Premier League","2022/2023","Brentford","Southampton","48","52","55","45","41","59","14","14","9","2","5","12","4","6","2","0","2","6","6","4","4","1","2","3"
"4464","04-02-23 16:00","England","Premier League","2022/2023","Brighton","Bournemouth","72","28","70","30","74","26","20","12","12","4","8","8","6","2","2","1","4","1","7","7","4","2","3","5"
"4465","04-02-23 16:00","England","Premier League","2022/2023","Manchester Utd","Crystal Palace","54","46","61","39","47","53","14","10","12","2","2","8","5","3","4","1","1","2","5","5","4","1","1","4"
"4466","04-02-23 16:00","England","Premier League","2022/2023","Wolves","Liverpool","42","58","49","51","35","65","12","22","7","8","5","14","6","4","5","1","1","3","5","8","2","5","3","3"
"4467","04-02-23 13:30","England","Premier League","2022/2023","Everton","Arsenal","30","70","25","75","35","65","12","15","8","5","4","10","4","3","2","2","2","1","5","7","4","2","1","5"
"4468","03-02-23 21:00","England","Premier League","2022/2023","Chelsea","Fulham","67","33","62","38","72","28","12","10","5","2","7","8","3","4","0","1","3","3","7","3","4","1","3","2"
"4469","23-01-23 21:15","England","Premier League","2022/2023","Fulham","Tottenham","53","47","47","53","59","41","10","10","7","7","3","3","5","3","4","2","1","1","4","4","2","3","2","1"
"4470","22-01-23 17:30","England","Premier League","2022/2023","Arsenal","Manchester Utd","57","43","51","49","63","37","25","6","11","2","14","4","5","4","2","2","3","2","7","0","4","0","3","0"
"4471","22-01-23 15:00","England","Premier League","2022/2023","Leeds","Brentford","59","41","56","44","62","38","9","6","4","4","5","2","5","0","1","0","4","0","1","5","1","3","0","2"
"4472","22-01-23 15:00","England","Premier League","2022/2023","Manchester City","Wolves","55","45","62","38","48","52","13","10","7","0","6","10","7","1","4","0","3","1","5","5","3","0","2","5"
"4473","21-01-23 18:30","England","Premier League","2022/2023","Crystal Palace","Newcastle","39","61","39","61","39","61","6","16","3","8","3","8","1","7","0","3","1","4","1","7","1","5","0","2"
"4474","21-01-23 16:00","England","Premier League","2022/2023","Bournemouth","Nottingham","43","57","46","54","40","60","16","20","9","9","7","11","4","5","4","2","0","3","8","11","4","5","4","6"
"4475","21-01-23 16:00","England","Premier League","2022/2023","Leicester","Brighton","36","64","41","59","31","69","9","13","5","6","4","7","2","4","1","1","1","3","2","6","1","3","1","3"
"4476","21-01-23 16:00","England","Premier League","2022/2023","Southampton","Aston Villa","37","63","28","72","46","54","8","16","1","9","7","7","5","5","1","3","4","2","2","8","0","5","2","3"
"4477","21-01-23 16:00","England","Premier League","2022/2023","West Ham","Everton","32","68","40","60","23","77","11","5","6","2","5","3","4","2","3","0","1","2","4","1","2","1","2","0"
"4478","21-01-23 13:30","England","Premier League","2022/2023","Liverpool","Chelsea","48","52","49","51","47","53","15","11","5","6","10","5","3","2","1","2","2","0","6","6","3","4","3","2"
"4479","19-01-23 21:00","England","Premier League","2022/2023","Manchester City","Tottenham","58","42","60","40","56","44","16","9","7","6","9","3","6","3","2","3","4","0","5","4","2","2","3","2"
"4480","18-01-23 21:00","England","Premier League","2022/2023","Crystal Palace","Manchester Utd","39","61","37","63","41","59","10","15","3","10","7","5","5","4","1","3","4","1","3","8","1","5","2","3"
"4481","15-01-23 17:30","England","Premier League","2022/2023","Tottenham","Arsenal","51","49","44","56","58","42","17","14","4","9","13","5","7","5","2","3","5","2","4","5","1","3","3","2"
"4482","15-01-23 15:00","England","Premier League","2022/2023","Chelsea","Crystal Palace","63","37","69","31","57","43","15","10","6","4","9","6","5","5","1","3","4","2","5","2","2","1","3","1"
"4483","15-01-23 15:00","England","Premier League","2022/2023","Newcastle","Fulham","62","38","57","43","67","33","20","5","11","2","9","3","5","0","4","0","1","0","7","4","2","1","5","3"
"4484","14-01-23 18:30","England","Premier League","2022/2023","Brentford","Bournemouth","50","50","61","39","39","61","12","7","4","3","8","4","4","2","1","1","3","1","7","3","2","1","5","2"
"4485","14-01-23 16:00","England","Premier League","2022/2023","Brighton","Liverpool","62","38","64","36","60","40","16","6","6","3","10","3","9","2","3","0","6","2","3","3","1","2","2","1"
"4486","14-01-23 16:00","England","Premier League","2022/2023","Everton","Southampton","53","47","49","51","57","43","12","13","7","6","5","7","4","5","3","2","1","3","5","2","3","1","2","1"
"4487","14-01-23 16:00","England","Premier League","2022/2023","Nottingham","Leicester","39","61","46","54","32","68","15","6","6","5","9","1","5","1","2","1","3","0","4","3","2","2","2","1"
"4488","14-01-23 16:00","England","Premier League","2022/2023","Wolves","West Ham","58","42","68","32","47","53","17","16","11","4","6","12","4","4","2","2","2","2","6","5","4","0","2","5"
"4489","14-01-23 13:30","England","Premier League","2022/2023","Manchester Utd","Manchester City","30","70","31","69","29","71","8","5","4","2","4","3","4","1","2","0","2","1","1","2","1","1","0","1"
"4490","13-01-23 21:00","England","Premier League","2022/2023","Aston Villa","Leeds","54","46","55","45","53","47","11","16","1","7","10","9","5","4","1","2","4","2","4","4","0","1","4","3"
"4491","12-01-23 21:00","England","Premier League","2022/2023","Fulham","Chelsea","48","52","46","54","50","50","8","20","6","14","2","6","3","10","2","5","1","5","3","3","2","3","1","0"
"4492","05-01-23 21:00","England","Premier League","2022/2023","Chelsea","Manchester City","48","52","46","54","50","50","8","12","4","5","4","7","2","3","1","1","1","2","3","6","0","2","3","4"
"4493","04-01-23 21:00","England","Premier League","2022/2023","Aston Villa","Wolves","56","44","46","54","66","34","13","10","2","4","11","6","4","3","1","2","3","1","3","4","1","1","2","3"
"4494","04-01-23 21:00","England","Premier League","2022/2023","Crystal Palace","Tottenham","47","53","46","54","48","52","19","14","9","5","10","9","4","6","2","1","2","5","9","3","3","1","6","2"
"4495","04-01-23 20:45","England","Premier League","2022/2023","Leeds","West Ham","63","37","61","39","65","35","14","15","4","7","10","8","6","2","2","1","4","1","6","11","1","4","5","7"
"4496","04-01-23 20:30","England","Premier League","2022/2023","Southampton","Nottingham","62","38","54","46","70","30","8","11","2","7","6","4","0","1","0","1","0","0","6","9","2","6","4","3"
"4497","03-01-23 21:00","England","Premier League","2022/2023","Manchester Utd","Bournemouth","59","41","63","37","55","45","18","7","5","2","13","5","6","4","1","0","5","4","6","2","2","1","4","1"
"4498","03-01-23 20:45","England","Premier League","2022/2023","Arsenal","Newcastle","67","33","63","37","71","29","17","8","7","6","10","2","4","1","1","1","3","0","8","5","3","3","5","2"
"4499","03-01-23 20:45","England","Premier League","2022/2023","Everton","Brighton","49","51","53","47","45","55","10","19","6","7","4","12","4","8","3","1","1","7","5","6","2","3","3","3"
"4500","03-01-23 20:45","England","Premier League","2022/2023","Leicester","Fulham","61","39","51","49","70","30","15","11","6","9","9","2","6","2","2","2","4","0","6","7","2","6","4","1"
"4501","02-01-23 18:30","England","Premier League","2022/2023","Brentford","Liverpool","27","73","25","75","29","71","10","16","9","8","1","8","7","6","6","4","1","2","2","3","2","1","0","2"
"4502","01-01-23 17:30","England","Premier League","2022/2023","Nottingham","Chelsea","28","72","20","80","36","64","12","7","3","6","9","1","5","2","2","2","3","0","4","2","0","1","4","1"
"4503","01-01-23 15:00","England","Premier League","2022/2023","Tottenham","Aston Villa","59","41","57","43","61","39","6","13","3","3","3","10","2","4","2","0","0","4","2","4","0","2","2","2"
"4504","31-12-22 18:30","England","Premier League","2022/2023","Brighton","Arsenal","68","32","67","33","69","31","9","14","3","8","6","6","5","7","2","3","3","4","2","3","0","1","2","2"
"4505","31-12-22 16:00","England","Premier League","2022/2023","Bournemouth","Crystal Palace","59","41","55","45","63","37","6","15","1","10","5","5","2","6","0","4","2","2","3","4","1","3","2","1"
"4506","31-12-22 16:00","England","Premier League","2022/2023","Fulham","Southampton","62","38","71","29","53","47","8","9","4","6","4","3","2","3","0","2","2","1","5","4","3","3","2","1"
"4507","31-12-22 16:00","England","Premier League","2022/2023","Manchester City","Everton","74","26","69","31","78","22","16","2","5","0","11","2","3","1","1","0","2","1","6","0","2","0","4","0"
"4508","31-12-22 16:00","England","Premier League","2022/2023","Newcastle","Leeds","59","41","50","50","69","31","16","8","9","6","7","2","5","1","3","0","2","1","9","3","4","3","5","0"
"4509","31-12-22 13:30","England","Premier League","2022/2023","Wolves","Manchester Utd","46","54","46","54","46","54","10","16","5","7","5","9","3","6","1","2","2","4","1","5","0","2","1","3"
"4510","30-12-22 21:00","England","Premier League","2022/2023","Liverpool","Leicester","57","43","59","41","55","45","21","7","9","2","12","5","5","2","1","1","4","1","10","3","5","0","5","3"
"4511","30-12-22 20:45","England","Premier League","2022/2023","West Ham","Brentford","63","37","65","35","61","39","20","9","9","4","11","5","5","6","2","4","3","2","9","2","4","0","5","2"
"4512","28-12-22 21:00","England","Premier League","2022/2023","Leeds","Manchester City","31","69","26","74","40","60","9","26","1","16","8","10","1","9","0","5","1","4","4","12","1","9","3","3"
"4513","27-12-22 21:00","England","Premier League","2022/2023","Manchester Utd","Nottingham","66","34","70","30","62","38","17","8","6","2","11","6","8","3","3","1","5","2","3","3","1","1","2","2"
"4514","27-12-22 18:30","England","Premier League","2022/2023","Chelsea","Bournemouth","60","40","69","31","51","49","15","9","7","1","8","8","5","4","4","1","1","3","7","4","2","0","5","4"
"4515","26-12-22 21:00","England","Premier League","2022/2023","Arsenal","West Ham","66","34","72","28","60","40","16","8","6","3","10","5","5","4","1","2","4","2","6","4","2","1","4","3"
"4516","26-12-22 18:30","England","Premier League","2022/2023","Aston Villa","Liverpool","47","53","39","61","55","45","12","16","4","8","8","8","6","9","3","6","3","3","3","6","1","2","2","4"
"4517","26-12-22 16:00","England","Premier League","2022/2023","Crystal Palace","Fulham","36","64","44","56","28","72","4","23","2","5","2","18","0","11","0","2","0","9","3","6","2","2","1","4"
"4518","26-12-22 16:00","England","Premier League","2022/2023","Everton","Wolves","58","42","59","41","57","43","12","7","4","3","8","4","6","4","4","2","2","2","4","2","0","0","4","2"
"4519","26-12-22 16:00","England","Premier League","2022/2023","Leicester","Newcastle","60","40","47","53","73","27","8","12","2","7","6","5","2","5","0","4","2","1","2","4","1","1","1","3"
"4520","26-12-22 16:00","England","Premier League","2022/2023","Southampton","Brighton","34","66","30","70","38","62","14","7","7","4","7","3","4","4","2","3","2","1","7","2","4","1","3","1"
"4521","26-12-22 13:30","England","Premier League","2022/2023","Brentford","Tottenham","39","61","42","58","36","64","9","15","4","6","5","9","5","8","3","3","2","5","3","2","1","0","2","2"
"4522","13-11-22 17:30","England","Premier League","2022/2023","Fulham","Manchester Utd","53","47","52","48","54","46","14","14","4","7","10","7","7","9","2","4","5","5","5","3","2","2","3","1"
"4523","13-11-22 15:00","England","Premier League","2022/2023","Brighton","Aston Villa","65","35","57","43","73","27","7","8","2","5","5","3","2","2","1","1","1","1","1","3","0","1","1","2"
"4524","12-11-22 20:45","England","Premier League","2022/2023","Wolves","Arsenal","37","63","30","70","44","56","11","14","3","6","8","8","2","4","0","0","2","4","6","7","2","4","4","3"
"4525","12-11-22 18:30","England","Premier League","2022/2023","Newcastle","Chelsea","49","51","57","43","41","59","10","5","5","1","5","4","3","2","0","1","3","1","3","2","2","0","1","2"
"4526","12-11-22 16:00","England","Premier League","2022/2023","Bournemouth","Everton","36","64","38","62","34","66","16","15","9","7","7","8","9","3","6","1","3","2","4","6","1","2","3","4"
"4527","12-11-22 16:00","England","Premier League","2022/2023","Liverpool","Southampton","60","40","66","34","54","46","15","9","8","4","7","5","7","5","7","1","0","4","6","3","1","2","5","1"
"4528","12-11-22 16:00","England","Premier League","2022/2023","Nottingham","Crystal Palace","32","68","34","66","30","70","9","8","2","4","7","4","2","0","0","0","2","0","6","7","2","4","4","3"
"4529","12-11-22 16:00","England","Premier League","2022/2023","Tottenham","Leeds","55","45","55","45","55","45","14","12","7","5","7","7","8","5","4","4","4","1","3","2","1","0","2","2"
"4530","12-11-22 16:00","England","Premier League","2022/2023","West Ham","Leicester","54","46","47","53","62","38","18","9","8","5","10","4","6","6","3","4","3","2","9","2","4","1","5","1"
"4531","12-11-22 13:30","England","Premier League","2022/2023","Manchester City","Brentford","75","25","74","26","76","24","29","10","15","6","14","4","6","8","2","4","4","4","9","1","4","1","5","0"
"4532","06-11-22 17:30","England","Premier League","2022/2023","Tottenham","Liverpool","47","53","36","64","58","42","14","13","3","9","11","4","5","6","2","4","3","2","6","3","0","1","6","2"
"4533","06-11-22 15:00","England","Premier League","2022/2023","Aston Villa","Manchester Utd","42","58","50","50","34","66","6","8","4","5","2","3","4","3","2","2","2","1","2","2","2","1","0","1"
"4534","06-11-22 15:00","England","Premier League","2022/2023","Southampton","Newcastle","55","45","50","50","60","40","16","7","4","4","12","3","5","4","1","1","4","3","6","2","1","2","5","0"
"4535","06-11-22 15:00","England","Premier League","2022/2023","West Ham","Crystal Palace","42","58","37","63","47","53","5","15","3","8","2","7","2","6","1","4","1","2","3","2","2","1","1","1"
"4536","06-11-22 13:00","England","Premier League","2022/2023","Chelsea","Arsenal","44","56","38","62","50","50","5","14","3","7","2","7","1","2","1","0","0","2","1","9","1","5","0","4"
"4537","05-11-22 18:30","England","Premier League","2022/2023","Everton","Leicester","49","51","47","53","51","49","12","22","7","15","5","7","2","8","1","4","1","4","5","7","4","5","1","2"
"4538","05-11-22 16:00","England","Premier League","2022/2023","Leeds","Bournemouth","61","39","61","39","61","39","18","9","3","7","15","2","4","6","1","5","3","1","6","2","1","1","5","1"
"4539","05-11-22 16:00","England","Premier League","2022/2023","Manchester City","Fulham","71","29","73","27","69","31","16","4","10","1","6","3","5","2","4","1","1","1","5","1","3","0","2","1"
"4540","05-11-22 16:00","England","Premier League","2022/2023","Nottingham","Brentford","48","52","39","61","57","43","15","6","6","3","9","3","7","2","6","1","1","1","6","3","0","1","6","2"
"4541","05-11-22 16:00","England","Premier League","2022/2023","Wolves","Brighton","29","71","30","70","28","72","8","19","2","8","6","11","5","8","2","3","3","5","1","7","0","2","1","5"
"4542","30-10-22 17:15","England","Premier League","2022/2023","Manchester Utd","West Ham","53","47","55","45","51","49","16","13","9","3","7","10","3","5","3","0","0","5","7","2","3","0","4","2"
"4543","30-10-22 15:00","England","Premier League","2022/2023","Arsenal","Nottingham","69","31","72","28","66","34","24","5","10","4","14","1","10","2","2","1","8","1","5","2","3","2","2","0"
"4544","29-10-22 20:45","England","Premier League","2022/2023","Liverpool","Leeds","69","31","69","31","69","31","22","14","6","9","16","5","10","6","3","2","7","4","8","6","3","6","5","0"
"4545","29-10-22 18:30","England","Premier League","2022/2023","Fulham","Everton","57","43","56","44","58","42","24","9","11","8","13","1","6","4","4","4","2","0","10","3","4","2","6","1"
"4546","29-10-22 16:00","England","Premier League","2022/2023","Bournemouth","Tottenham","31","69","35","65","27","73","6","23","4","5","2","18","4","7","2","2","2","5","2","10","2","3","0","7"
"4547","29-10-22 16:00","England","Premier League","2022/2023","Brentford","Wolves","58","42","58","42","58","42","12","13","3","7","9","6","3","4","0","0","3","4","6","6","3","5","3","1"
"4548","29-10-22 16:00","England","Premier League","2022/2023","Brighton","Chelsea","41","59","52","48","30","70","19","15","9","6","10","9","9","7","4","4","5","3","7","5","4","1","3","4"
"4549","29-10-22 16:00","England","Premier League","2022/2023","Crystal Palace","Southampton","45","55","51","49","39","61","12","14","9","4","3","10","3","4","3","0","0","4","4","6","3","2","1","4"
"4550","29-10-22 16:00","England","Premier League","2022/2023","Newcastle","Aston Villa","60","40","58","42","62","38","20","3","6","3","14","0","7","0","3","0","4","0","10","0","2","0","8","0"
"4551","29-10-22 13:30","England","Premier League","2022/2023","Leicester","Manchester City","36","64","34","66","38","62","10","15","2","10","8","5","5","5","1","4","4","1","4","6","1","4","3","2"
"4552","24-10-22 21:00","England","Premier League","2022/2023","West Ham","Bournemouth","54","46","61","39","47","53","20","5","11","3","9","2","4","3","2","2","2","1","8","2","5","1","3","1"
"4553","23-10-22 17:30","England","Premier League","2022/2023","Tottenham","Newcastle","52","48","49","51","55","45","17","13","13","5","4","8","5","5","3","3","2","2","4","3","3","1","1","2"
"4554","23-10-22 15:00","England","Premier League","2022/2023","Aston Villa","Brentford","45","55","50","50","40","60","19","12","15","6","4","6","11","3","8","1","3","2","3","5","3","2","0","3"
"4555","23-10-22 15:00","England","Premier League","2022/2023","Leeds","Fulham","57","43","56","44","58","42","14","11","5","4","9","7","5","5","1","3","4","2","4","3","1","0","3","3"
"4556","23-10-22 15:00","England","Premier League","2022/2023","Southampton","Arsenal","40","60","39","61","41","59","10","12","5","8","5","4","3","3","1","3","2","0","3","4","0","2","3","2"
"4557","23-10-22 15:00","England","Premier League","2022/2023","Wolves","Leicester","61","39","63","37","58","42","21","5","13","2","8","3","5","4","4","2","1","2","7","1","2","0","5","1"
"4558","22-10-22 18:30","England","Premier League","2022/2023","Chelsea","Manchester Utd","48","52","47","53","49","51","6","13","3","8","3","5","2","6","1","4","1","2","3","6","2","3","1","3"
"4559","22-10-22 16:00","England","Premier League","2022/2023","Everton","Crystal Palace","46","54","51","49","41","59","9","9","5","4","4","5","6","2","3","2","3","0","1","4","1","1","0","3"
"4560","22-10-22 16:00","England","Premier League","2022/2023","Manchester City","Brighton","48","52","55","45","41","59","10","8","4","3","6","5","4","2","2","0","2","2","3","3","1","2","2","1"
"4561","22-10-22 13:30","England","Premier League","2022/2023","Nottingham","Liverpool","25","75","26","74","24","76","10","15","3","5","7","10","7","7","3","2","4","5","1","7","0","2","1","5"
"4562","20-10-22 21:15","England","Premier League","2022/2023","Leicester","Leeds","47","53","51","49","43","57","5","14","2","4","3","10","1","2","1","0","0","2","1","8","0","3","1","5"
"4563","20-10-22 20:30","England","Premier League","2022/2023","Fulham","Aston Villa","61","39","55","45","67","33","18","12","13","8","5","4","8","6","7","5","1","1","5","3","3","2","2","1"
"4564","19-10-22 21:15","England","Premier League","2022/2023","Manchester Utd","Tottenham","52","48","52","48","52","48","28","9","19","5","9","4","10","2","5","1","5","1","9","5","7","3","2","2"
"4565","19-10-22 20:30","England","Premier League","2022/2023","Bournemouth","Southampton","53","47","47","53","59","41","15","9","6","3","9","6","3","3","1","2","2","1","8","2","3","0","5","2"
"4566","19-10-22 20:30","England","Premier League","2022/2023","Brentford","Chelsea","34","66","36","64","32","68","8","14","2","3","6","11","5","5","2","1","3","4","2","3","0","2","2","1"
"4567","19-10-22 20:30","England","Premier League","2022/2023","Liverpool","West Ham","54","46","61","39","47","53","22","8","11","3","11","5","7","3","4","1","3","2","8","4","5","1","3","3"
"4568","19-10-22 20:30","England","Premier League","2022/2023","Newcastle","Everton","50","50","59","41","41","59","16","1","8","1","8","0","4","0","3","0","1","0","9","1","5","1","4","0"
"4569","18-10-22 21:15","England","Premier League","2022/2023","Crystal Palace","Wolves","51","49","56","44","46","54","14","10","6","4","8","6","4","4","1","2","3","2","5","5","4","2","1","3"
"4570","18-10-22 20:30","England","Premier League","2022/2023","Brighton","Nottingham","70","30","68","32","72","28","19","3","12","0","7","3","7","0","4","0","3","0","7","3","5","0","2","3"
"4571","16-10-22 17:30","England","Premier League","2022/2023","Liverpool","Manchester City","37","63","45","55","29","71","13","16","3","8","10","8","2","6","1","3","1","3","8","4","1","2","7","2"
"4572","16-10-22 15:00","England","Premier League","2022/2023","Aston Villa","Chelsea","41","59","42","58","40","60","18","8","11","4","7","4","7","4","6","2","1","2","7","3","3","2","4","1"
"4573","16-10-22 15:00","England","Premier League","2022/2023","Leeds","Arsenal","47","53","35","65","59","41","16","9","8","7","8","2","4","4","1","4","3","0","5","2","2","1","3","1"
"4574","16-10-22 15:00","England","Premier League","2022/2023","Manchester Utd","Newcastle","63","37","62","38","64","36","15","9","6","7","9","2","2","2","1","2","1","0","8","5","4","3","4","2"
"4575","16-10-22 15:00","England","Premier League","2022/2023","Southampton","West Ham","39","61","43","57","35","65","10","25","8","10","2","15","8","4","7","0","1","4","1","9","0","7","1","2"
"4576","15-10-22 18:30","England","Premier League","2022/2023","Tottenham","Everton","62","38","60","40","64","36","21","4","10","4","11","0","7","0","1","0","6","0","6","3","5","3","1","0"
"4577","15-10-22 16:00","England","Premier League","2022/2023","Fulham","Bournemouth","69","31","65","35","73","27","19","10","12","5","7","5","4","6","2","4","2","2","8","4","5","1","3","3"
"4578","15-10-22 16:00","England","Premier League","2022/2023","Wolves","Nottingham","58","42","63","37","53","47","9","10","6","4","3","6","2","2","0","1","2","1","5","6","5","2","0","4"
"4579","15-10-22 13:30","England","Premier League","2022/2023","Leicester","Crystal Palace","53","47","54","46","52","48","14","8","4","5","10","3","5","1","2","0","3","1","5","5","0","4","5","1"
"4580","14-10-22 21:00","England","Premier League","2022/2023","Brentford","Brighton","28","72","36","64","20","80","7","21","4","9","3","12","3","7","1","3","2","4","4","4","3","2","1","2"
"4581","10-10-22 21:00","England","Premier League","2022/2023","Nottingham","Aston Villa","40","60","43","57","37","63","6","12","3","6","3","6","3","2","2","1","1","1","1","2","0","0","1","2"
"4582","09-10-22 20:00","England","Premier League","2022/2023","Everton","Manchester Utd","39","61","30","70","48","52","11","12","1","8","10","4","2","4","1","4","1","0","3","5","0","1","3","4"
"4583","09-10-22 17:30","England","Premier League","2022/2023","Arsenal","Liverpool","44","56","38","62","50","50","11","8","3","5","8","3","7","3","3","2","4","1","1","2","0","2","1","0"
"4584","09-10-22 15:00","England","Premier League","2022/2023","Crystal Palace","Leeds","55","45","58","42","51","49","13","10","1","7","12","3","5","4","1","3","4","1","5","2","0","2","5","0"
"4585","09-10-22 15:00","England","Premier League","2022/2023","West Ham","Fulham","50","50","52","48","48","52","17","8","9","4","8","4","8","2","4","2","4","0","4","4","3","2","1","2"
"4586","08-10-22 18:30","England","Premier League","2022/2023","Brighton","Tottenham","59","41","56","44","62","38","14","8","8","6","6","2","4","3","3","3","1","0","5","4","3","2","2","2"
"4587","08-10-22 16:00","England","Premier League","2022/2023","Bournemouth","Leicester","44","56","46","54","42","58","10","9","5","5","5","4","4","5","2","3","2","2","2","2","0","1","2","1"
"4588","08-10-22 16:00","England","Premier League","2022/2023","Chelsea","Wolves","57","43","69","31","45","55","20","8","15","4","5","4","7","2","4","1","3","1","10","5","8","3","2","2"
"4589","08-10-22 16:00","England","Premier League","2022/2023","Manchester City","Southampton","66","34","64","36","68","32","21","5","12","1","9","4","8","0","5","0","3","0","9","3","5","1","4","2"
"4590","08-10-22 16:00","England","Premier League","2022/2023","Newcastle","Brentford","54","46","61","39","47","53","16","6","7","1","9","5","6","3","4","1","2","2","4","1","0","0","4","1"
"4591","03-10-22 21:00","England","Premier League","2022/2023","Leicester","Nottingham","52","48","60","40","44","56","17","10","12","4","5","6","7","3","5","0","2","3","7","5","5","2","2","3"
"4592","02-10-22 17:30","England","Premier League","2022/2023","Leeds","Aston Villa","44","56","63","37","24","76","6","19","4","7","2","12","1","7","0","5","1","2","2","8","2","0","0","8"
"4593","02-10-22 15:00","England","Premier League","2022/2023","Manchester City","Manchester Utd","54","46","62","38","44","56","22","12","15","3","7","9","10","8","7","2","3","6","6","1","4","0","2","1"
"4594","01-10-22 18:30","England","Premier League","2022/2023","West Ham","Wolves","39","61","37","63","41","59","18","15","7","5","11","10","5","4","2","3","3","1","5","7","3","1","2","6"
"4595","01-10-22 16:00","England","Premier League","2022/2023","Bournemouth","Brentford","42","58","43","57","41","59","7","13","2","8","5","5","1","4","0","4","1","0","4","5","1","4","3","1"
"4596","01-10-22 16:00","England","Premier League","2022/2023","Crystal Palace","Chelsea","36","64","27","73","45","55","7","13","5","8","2","5","3","3","2","1","1","2","4","7","3","5","1","2"
"4597","01-10-22 16:00","England","Premier League","2022/2023","Fulham","Newcastle","31","69","24","76","39","61","4","19","0","13","4","6","1","10","0","7","1","3","2","4","0","3","2","1"
"4598","01-10-22 16:00","England","Premier League","2022/2023","Liverpool","Brighton","54","46","54","46","54","46","15","6","9","4","6","2","7","6","3","4","4","2","6","0","4","0","2","0"
"4599","01-10-22 16:00","England","Premier League","2022/2023","Southampton","Everton","54","46","46","54","62","38","22","12","5","5","17","7","6","5","1","2","5","3","9","4","3","1","6","3"
"4600","01-10-22 13:30","England","Premier League","2022/2023","Arsenal","Tottenham","65","35","59","41","71","29","22","7","9","4","13","3","9","3","4","3","5","0","9","2","4","1","5","1"
"4601","18-09-22 15:15","England","Premier League","2022/2023","Everton","West Ham","53","47","55","45","51","49","7","14","2","4","5","10","2","4","0","2","2","2","4","3","2","0","2","3"
"4602","18-09-22 13:00","England","Premier League","2022/2023","Brentford","Arsenal","36","64","36","64","36","64","5","13","2","7","3","6","2","7","1","3","1","4","3","4","1","3","2","1"
"4603","17-09-22 18:30","England","Premier League","2022/2023","Tottenham","Leicester","44","56","40","60","48","52","16","19","6","13","10","6","11","7","3","4","8","3","2","7","1","5","1","2"
"4604","17-09-22 16:00","England","Premier League","2022/2023","Newcastle","Bournemouth","72","28","68","32","76","24","20","10","6","3","14","7","7","3","4","1","3","2","8","5","2","2","6","3"
"4605","17-09-22 13:30","England","Premier League","2022/2023","Wolves","Manchester City","41","59","39","61","43","57","6","16","5","9","1","7","1","7","1","4","0","3","4","5","3","2","1","3"
"4606","16-09-22 21:00","England","Premier League","2022/2023","Aston Villa","Southampton","53","47","56","44","50","50","11","7","8","2","3","5","3","1","3","0","0","1","3","3","1","1","2","2"
"4607","16-09-22 21:00","England","Premier League","2022/2023","Nottingham","Fulham","41","59","30","70","52","48","11","15","6","6","5","9","3","7","1","2","2","5","5","3","2","1","3","2"
"4608","04-09-22 17:30","England","Premier League","2022/2023","Manchester Utd","Arsenal","39","61","46","54","32","68","10","16","5","8","5","8","6","3","3","1","3","2","3","8","2","3","1","5"
"4609","04-09-22 15:00","England","Premier League","2022/2023","Brighton","Leicester","54","46","52","48","56","44","23","6","11","4","12","2","11","4","2","3","9","1","5","1","5","0","0","1"
"4610","03-09-22 18:30","England","Premier League","2022/2023","Aston Villa","Manchester City","28","72","27","73","29","71","3","13","1","4","2","9","1","4","0","0","1","4","1","5","0","2","1","3"
"4611","03-09-22 16:00","England","Premier League","2022/2023","Brentford","Leeds","31","69","33","67","29","71","14","17","6","6","8","11","8","6","3","2","5","4","5","7","2","2","3","5"
"4612","03-09-22 16:00","England","Premier League","2022/2023","Chelsea","West Ham","69","31","70","30","68","32","8","6","4","1","4","5","3","3","0","0","3","3","2","2","1","1","1","1"
"4613","03-09-22 16:00","England","Premier League","2022/2023","Newcastle","Crystal Palace","52","48","50","50","54","46","23","19","14","7","9","12","6","9","5","4","1","5","7","4","3","1","4","3"
"4614","03-09-22 16:00","England","Premier League","2022/2023","Nottingham","Bournemouth","52","48","51","49","53","47","11","8","7","1","4","7","3","3","2","0","1","3","3","2","1","0","2","2"
"4615","03-09-22 16:00","England","Premier League","2022/2023","Tottenham","Fulham","52","48","57","43","47","53","23","9","10","3","13","6","10","3","3","0","7","3","7","5","4","3","3","2"
"4616","03-09-22 16:00","England","Premier League","2022/2023","Wolves","Southampton","51","49","56","44","46","54","7","12","4","6","3","6","2","1","2","0","0","1","4","7","2","4","2","3"
"4617","03-09-22 13:30","England","Premier League","2022/2023","Everton","Liverpool","39","61","35","65","43","57","14","23","6","6","8","17","3","8","1","1","2","7","6","9","3","3","3","6"
"4618","01-09-22 21:00","England","Premier League","2022/2023","Leicester","Manchester Utd","54","46","48","52","60","40","10","9","2","6","8","3","2","2","1","2","1","0","5","5","1","2","4","3"
"4619","31-08-22 21:00","England","Premier League","2022/2023","Liverpool","Newcastle","72","28","72","28","72","28","23","5","5","4","18","1","6","2","0","2","6","0","8","3","2","2","6","1"
"4620","31-08-22 20:45","England","Premier League","2022/2023","West Ham","Tottenham","38","62","40","60","36","64","14","12","7","6","7","6","4","3","3","3","1","0","8","2","3","0","5","2"
"4621","31-08-22 20:30","England","Premier League","2022/2023","Arsenal","Aston Villa","59","41","67","33","51","49","22","4","15","2","7","2","9","3","7","1","2","2","6","1","3","1","3","0"
"4622","31-08-22 20:30","England","Premier League","2022/2023","Bournemouth","Wolves","34","66","39","61","29","71","5","17","1","6","4","11","2","4","0","2","2","2","2","9","1","3","1","6"
"4623","31-08-22 20:30","England","Premier League","2022/2023","Manchester City","Nottingham","75","25","77","23","73","27","17","8","9","1","8","7","9","1","4","0","5","1","6","4","4","1","2","3"
"4624","30-08-22 21:00","England","Premier League","2022/2023","Leeds","Everton","69","31","70","30","68","32","14","7","2","4","12","3","5","2","0","1","5","1","8","2","2","1","6","1"
"4625","30-08-22 20:45","England","Premier League","2022/2023","Southampton","Chelsea","32","68","35","65","29","71","9","10","6","4","3","6","7","4","4","3","3","1","0","2","0","1","0","1"
"4626","30-08-22 20:30","England","Premier League","2022/2023","Crystal Palace","Brentford","49","51","53","47","45","55","13","9","7","2","6","7","4","3","2","0","2","3","6","5","2","1","4","4"
"4627","30-08-22 20:30","England","Premier League","2022/2023","Fulham","Brighton","39","61","45","55","33","67","10","7","3","2","7","5","3","4","2","1","1","3","7","3","1","1","6","2"
"4628","28-08-22 17:30","England","Premier League","2022/2023","Nottingham","Tottenham","55","45","59","41","51","49","17","18","9","5","8","13","1","7","1","1","0","6","9","7","4","3","5","4"
"4629","28-08-22 15:00","England","Premier League","2022/2023","Aston Villa","West Ham","58","42","60","40","56","44","9","7","5","1","4","6","3","2","2","0","1","2","4","3","2","1","2","2"
"4630","28-08-22 15:00","England","Premier League","2022/2023","Wolves","Newcastle","36","64","35","65","37","63","10","21","5","9","5","12","4","6","2","3","2","3","2","4","2","1","0","3"
"4631","27-08-22 18:30","England","Premier League","2022/2023","Arsenal","Fulham","72","28","74","26","70","30","22","11","8","4","14","7","8","3","1","0","7","3","4","6","3","3","1","3"
"4632","27-08-22 16:00","England","Premier League","2022/2023","Brentford","Everton","58","42","49","51","67","33","20","14","9","9","11","5","5","7","2","5","3","2","9","2","4","0","5","2"
"4633","27-08-22 16:00","England","Premier League","2022/2023","Brighton","Leeds","43","57","47","53","38","62","13","10","7","2","6","8","4","2","2","0","2","2","8","3","4","0","4","3"
"4634","27-08-22 16:00","England","Premier League","2022/2023","Chelsea","Leicester","45","55","64","36","26","74","7","17","3","3","4","14","3","5","1","1","2","4","2","7","1","1","1","6"
"4635","27-08-22 16:00","England","Premier League","2022/2023","Liverpool","Bournemouth","69","31","70","30","68","32","19","5","10","3","9","2","12","2","7","2","5","0","6","2","3","1","3","1"
"4636","27-08-22 16:00","England","Premier League","2022/2023","Manchester City","Crystal Palace","75","25","75","25","75","25","18","2","7","2","11","0","5","2","0","2","5","0","9","0","5","0","4","0"
"4637","27-08-22 13:30","England","Premier League","2022/2023","Southampton","Manchester Utd","48","52","40","60","56","44","17","11","7","8","10","3","5","6","3","4","2","2","10","2","3","1","7","1"
"4638","22-08-22 21:00","England","Premier League","2022/2023","Manchester Utd","Liverpool","30","70","30","70","30","70","13","17","6","6","7","11","5","5","2","0","3","5","4","7","1","4","3","3"
"4639","21-08-22 17:30","England","Premier League","2022/2023","Newcastle","Manchester City","31","69","32","68","30","70","12","21","8","9","4","12","6","10","5","5","1","5","4","4","2","2","2","2"
"4640","21-08-22 15:00","England","Premier League","2022/2023","Leeds","Chelsea","40","60","41","59","39","61","12","14","8","5","4","9","6","3","5","1","1","2","4","4","3","3","1","1"
"4641","21-08-22 15:00","England","Premier League","2022/2023","West Ham","Brighton","49","51","47","53","51","49","13","11","4","6","9","5","3","2","0","1","3","1","3","5","2","2","1","3"
"4642","20-08-22 18:30","England","Premier League","2022/2023","Bournemouth","Arsenal","42","58","26","74","58","42","6","14","0","8","6","6","1","6","0","3","1","3","5","4","0","1","5","3"
"4643","20-08-22 16:00","England","Premier League","2022/2023","Crystal Palace","Aston Villa","51","49","56","44","45","55","17","13","6","3","11","10","9","5","3","2","6","3","5","6","2","1","3","5"
"4644","20-08-22 16:00","England","Premier League","2022/2023","Everton","Nottingham","48","52","47","53","49","51","19","14","7","6","12","8","8","5","3","3","5","2","6","6","3","2","3","4"
"4645","20-08-22 16:00","England","Premier League","2022/2023","Fulham","Brentford","44","56","45","55","43","57","18","13","10","5","8","8","9","5","5","3","4","2","4","4","1","1","3","3"
"4646","20-08-22 16:00","England","Premier League","2022/2023","Leicester","Southampton","62","38","70","30","54","46","6","9","5","2","1","7","1","3","0","1","1","2","3","5","3","1","0","4"
"4647","20-08-22 13:30","England","Premier League","2022/2023","Tottenham","Wolves","50","50","50","50","50","50","11","20","1","12","10","8","4","3","1","2","3","1","5","8","0","7","5","1"
"4648","15-08-22 21:00","England","Premier League","2022/2023","Liverpool","Crystal Palace","73","27","75","25","71","29","24","7","17","4","7","3","4","3","3","3","1","0","10","4","6","1","4","3"
"4649","14-08-22 17:30","England","Premier League","2022/2023","Chelsea","Tottenham","64","36","68","32","60","40","16","10","8","2","8","8","3","5","2","1","1","4","6","2","3","0","3","2"
"4650","14-08-22 15:00","England","Premier League","2022/2023","Nottingham","West Ham","43","57","50","50","36","64","13","19","11","8","2","11","6","5","4","2","2","3","4","8","4","4","0","4"
"4651","13-08-22 18:30","England","Premier League","2022/2023","Brentford","Manchester Utd","33","67","32","68","34","66","13","15","7","8","6","7","7","4","4","2","3","2","3","7","2","3","1","4"
"4652","13-08-22 16:00","England","Premier League","2022/2023","Arsenal","Leicester","50","50","55","45","44","56","19","6","10","1","9","5","7","2","3","1","4","1","8","3","5","0","3","3"
"4653","13-08-22 16:00","England","Premier League","2022/2023","Brighton","Newcastle","55","45","48","52","62","38","13","4","6","3","7","1","7","1","4","1","3","0","3","2","1","1","2","1"
"4654","13-08-22 16:00","England","Premier League","2022/2023","Manchester City","Bournemouth","67","33","68","32","66","34","19","3","12","2","7","1","7","1","5","1","2","0","6","1","3","0","3","1"
"4655","13-08-22 16:00","England","Premier League","2022/2023","Southampton","Leeds","43","57","37","63","49","51","14","13","6","5","8","8","4","5","0","2","4","3","7","4","5","2","2","2"
"4656","13-08-22 16:00","England","Premier League","2022/2023","Wolves","Fulham","60","40","60","40","60","40","7","9","5","4","2","5","1","3","1","0","0","3","5","5","4","3","1","2"
"4657","13-08-22 13:30","England","Premier League","2022/2023","Aston Villa","Everton","57","43","62","38","52","48","12","15","2","4","10","11","4","4","1","0","3","4","4","2","1","1","3","1"
"4658","07-08-22 17:30","England","Premier League","2022/2023","West Ham","Manchester City","25","75","21","79","29","71","6","14","3","6","3","8","1","2","0","1","1","1","2","8","1","3","1","5"
"4659","07-08-22 15:00","England","Premier League","2022/2023","Leicester","Brentford","55","45","62","38","48","52","14","8","8","2","6","6","5","3","3","1","2","2","6","4","4","1","2","3"
"4660","07-08-22 15:00","England","Premier League","2022/2023","Manchester Utd","Brighton","63","37","62","38","64","36","17","15","5","12","12","3","5","4","2","3","3","1","5","6","2","4","3","2"
"4661","06-08-22 18:30","England","Premier League","2022/2023","Everton","Chelsea","37","63","32","68","42","58","8","15","3","10","5","5","4","6","1","5","3","1","3","3","2","1","1","2"
"4662","06-08-22 16:00","England","Premier League","2022/2023","Bournemouth","Aston Villa","34","66","34","66","34","66","7","15","4","8","3","7","3","2","2","2","1","0","2","7","1","4","1","3"
"4663","06-08-22 16:00","England","Premier League","2022/2023","Leeds","Wolves","39","61","47","53","31","69","12","15","7","7","5","8","4","6","3","4","1","2","5","6","2","3","3","3"
"4664","06-08-22 16:00","England","Premier League","2022/2023","Newcastle","Nottingham","62","38","65","35","59","41","23","5","14","3","9","2","10","0","6","0","4","0","8","3","5","1","3","2"
"4665","06-08-22 16:00","England","Premier League","2022/2023","Tottenham","Southampton","58","42","59","41","57","43","18","10","9","3","9","7","8","2","5","1","3","1","6","5","2","2","4","3"
"4666","06-08-22 13:30","England","Premier League","2022/2023","Fulham","Liverpool","33","67","28","72","38","62","9","11","5","3","4","8","3","4","1","0","2","4","2","5","1","2","1","3"
"4667","05-08-22 21:00","England","Premier League","2022/2023","Crystal Palace","Arsenal","56","44","44","56","68","32","10","10","3","5","7","5","2","2","1","2","1","0","2","4","0","1","2","3"
"4669","22-05-22 17:00","England","Premier League","2021/2022","Arsenal","Everton","74","26","77","23","71","29","26","6","17","3","9","3","9","2","4","2","5","0","8","3","5","1","3","2"
"4670","22-05-22 17:00","England","Premier League","2021/2022","Brentford","Leeds","49","51","43","57","55","45","14","14","9","4","5","10","5","6","3","0","2","6","7","6","5","4","2","2"
"4671","22-05-22 17:00","England","Premier League","2021/2022","Brighton","West Ham","50","50","48","52","52","48","18","7","5","3","13","4","7","2","1","1","6","1","4","2","1","1","3","1"
"4672","22-05-22 17:00","England","Premier League","2021/2022","Burnley","Newcastle","51","49","40","60","62","38","12","8","2","3","10","5","5","6","1","3","4","3","4","2","1","0","3","2"
"4673","22-05-22 17:00","England","Premier League","2021/2022","Chelsea","Watford","72","28","72","28","72","28","19","8","11","4","8","4","8","3","3","1","5","2","6","2","4","1","2","1"
"4674","22-05-22 17:00","England","Premier League","2021/2022","Crystal Palace","Manchester Utd","38","62","35","65","42","58","6","10","4","6","2","4","3","4","3","1","0","3","3","2","1","1","2","1"
"4675","22-05-22 17:00","England","Premier League","2021/2022","Leicester","Southampton","51","49","54","46","48","52","12","7","5","2","7","5","6","2","0","0","6","2","4","5","3","2","1","3"
"4676","22-05-22 17:00","England","Premier League","2021/2022","Liverpool","Wolves","63","37","63","37","63","37","29","7","12","3","17","4","8","5","2","2","6","3","7","2","6","1","1","1"
"4677","22-05-22 17:00","England","Premier League","2021/2022","Manchester City","Aston Villa","72","28","70","30","74","26","24","4","9","3","15","1","5","2","1","1","4","1","10","1","2","1","8","0"
"4678","22-05-22 17:00","England","Premier League","2021/2022","Norwich","Tottenham","40","60","38","62","42","58","9","19","4","10","5","9","0","13","0","6","0","7","5","4","2","2","3","2"
"4679","19-05-22 21:00","England","Premier League","2021/2022","Aston Villa","Burnley","71","29","75","25","67","33","22","10","9","4","13","6","9","5","2","1","7","4","7","2","4","1","3","1"
"4680","19-05-22 21:00","England","Premier League","2021/2022","Chelsea","Leicester","67","33","72","28","62","38","20","2","10","1","10","1","7","1","2","1","5","0","5","1","3","0","2","1"
"4681","19-05-22 20:45","England","Premier League","2021/2022","Everton","Crystal Palace","43","57","34","66","52","48","12","7","5","5","7","2","6","5","2","3","4","2","4","2","3","2","1","0"
"4682","17-05-22 20:45","England","Premier League","2021/2022","Southampton","Liverpool","29","71","27","73","31","69","4","24","1","12","3","12","2","5","1","3","1","2","0","10","0","5","0","5"
"4683","16-05-22 21:00","England","Premier League","2021/2022","Newcastle","Arsenal","51","49","67","33","35","65","16","11","4","6","12","5","4","2","1","1","3","1","7","4","2","2","5","2"
"4684","15-05-22 17:30","England","Premier League","2021/2022","Everton","Brentford","28","72","35","65","21","79","10","18","9","8","1","10","5","7","4","3","1","4","5","10","5","4","0","6"
"4685","15-05-22 15:00","England","Premier League","2021/2022","Aston Villa","Crystal Palace","48","52","45","55","51","49","13","16","4","10","9","6","4","4","0","2","4","2","5","6","4","5","1","1"
"4686","15-05-22 15:00","England","Premier League","2021/2022","Leeds","Brighton","50","50","51","49","49","51","20","15","9","10","11","5","6","6","2","5","4","1","10","7","5","3","5","4"
"4687","15-05-22 15:00","England","Premier League","2021/2022","Watford","Leicester","40","60","37","63","43","57","13","13","6","6","7","7","5","7","2","3","3","4","8","6","4","3","4","3"
"4688","15-05-22 15:00","England","Premier League","2021/2022","West Ham","Manchester City","22","78","22","78","22","78","6","31","3","13","3","18","2","8","2","2","0","6","3","10","1","5","2","5"
"4689","15-05-22 15:00","England","Premier League","2021/2022","Wolves","Norwich","64","36","62","38","66","34","17","11","9","7","8","4","4","2","1","2","3","0","7","8","5","4","2","4"
"4690","15-05-22 13:00","England","Premier League","2021/2022","Tottenham","Burnley","69","31","78","22","60","40","21","8","13","1","8","7","8","1","5","1","3","0","7","6","4","0","3","6"
"4691","12-05-22 20:45","England","Premier League","2021/2022","Tottenham","Arsenal","58","42","53","47","63","37","16","9","8","5","8","4","6","5","2","3","4","2","5","2","4","1","1","1"
"4692","11-05-22 21:15","England","Premier League","2021/2022","Wolves","Manchester City","34","66","35","65","33","67","7","15","3","7","4","8","3","5","1","3","2","2","3","9","1","4","2","5"
"4693","11-05-22 20:45","England","Premier League","2021/2022","Leicester","Norwich","65","35","64","36","66","34","20","9","15","8","5","1","8","5","5","5","3","0","5","4","4","3","1","1"
"4694","11-05-22 20:45","England","Premier League","2021/2022","Watford","Everton","48","52","52","48","44","56","6","16","4","6","2","10","0","5","0","0","0","5","5","4","3","2","2","2"
"4695","11-05-22 20:30","England","Premier League","2021/2022","Leeds","Chelsea","32","68","33","67","31","69","5","17","2","7","3","10","0","4","0","2","0","2","4","10","2","3","2","7"
"4696","10-05-22 21:00","England","Premier League","2021/2022","Aston Villa","Liverpool","39","61","41","59","37","63","9","17","6","8","3","9","4","6","3","3","1","3","5","8","3","4","2","4"
"4697","08-05-22 17:30","England","Premier League","2021/2022","Manchester City","Newcastle","71","29","62","38","82","18","21","7","10","2","11","5","9","3","5","1","4","2","8","3","4","0","4","3"
"4698","08-05-22 15:00","England","Premier League","2021/2022","Arsenal","Leeds","63","37","57","43","69","31","19","3","11","0","8","3","9","2","6","0","3","2","8","0","4","0","4","0"
"4699","08-05-22 15:00","England","Premier League","2021/2022","Leicester","Everton","66","34","69","31","63","37","16","10","5","4","11","6","9","4","3","4","6","0","6","3","1","0","5","3"
"4700","08-05-22 15:00","England","Premier League","2021/2022","Norwich","West Ham","37","63","38","62","36","64","8","13","4","9","4","4","2","5","0","3","2","2","2","3","0","2","2","1"
"4701","07-05-22 20:45","England","Premier League","2021/2022","Liverpool","Tottenham","65","35","64","36","66","34","22","8","11","3","11","5","3","3","2","1","1","2","6","2","3","1","3","1"
"4702","07-05-22 18:30","England","Premier League","2021/2022","Brighton","Manchester Utd","42","58","50","50","34","66","17","15","9","4","8","11","6","5","1","0","5","5","7","7","5","3","2","4"
"4703","07-05-22 16:00","England","Premier League","2021/2022","Brentford","Southampton","40","60","34","66","46","54","18","19","9","10","9","9","5","4","4","2","1","2","8","10","5","5","3","5"
"4704","07-05-22 16:00","England","Premier League","2021/2022","Burnley","Aston Villa","49","51","60","40","38","62","14","12","11","5","3","7","6","7","5","3","1","4","7","2","5","1","2","1"
"4705","07-05-22 16:00","England","Premier League","2021/2022","Chelsea","Wolves","59","41","70","30","48","52","19","14","8","7","11","7","6","4","2","1","4","3","8","9","3","6","5","3"
"4706","07-05-22 16:00","England","Premier League","2021/2022","Crystal Palace","Watford","68","32","71","29","65","35","15","6","8","4","7","2","7","1","4","1","3","0","4","2","2","0","2","2"
"4707","02-05-22 21:00","England","Premier League","2021/2022","Manchester Utd","Brentford","65","35","70","30","60","40","9","12","3","5","6","7","5","4","2","1","3","3","3","5","1","4","2","1"
"4708","01-05-22 17:30","England","Premier League","2021/2022","West Ham","Arsenal","56","44","50","50","63","37","8","13","6","4","2","9","3","7","3","2","0","5","1","4","1","0","0","4"
"4709","01-05-22 15:00","England","Premier League","2021/2022","Everton","Chelsea","22","78","26","74","18","82","9","17","4","3","5","14","4","5","1","0","3","5","4","7","2","2","2","5"
"4710","01-05-22 15:00","England","Premier League","2021/2022","Tottenham","Leicester","39","61","43","57","35","65","13","6","7","4","6","2","7","2","2","1","5","1","4","3","3","2","1","1"
"4711","30-04-22 18:30","England","Premier League","2021/2022","Leeds","Manchester City","41","59","38","62","44","56","7","19","2","5","5","14","2","6","0","2","2","4","1","6","1","1","0","5"
"4712","30-04-22 16:00","England","Premier League","2021/2022","Aston Villa","Norwich","45","55","40","60","50","50","21","9","8","6","13","3","6","3","3","2","3","1","8","6","2","4","6","2"
"4713","30-04-22 16:00","England","Premier League","2021/2022","Southampton","Crystal Palace","39","61","35","65","43","57","8","14","3","7","5","7","3","5","3","3","0","2","3","3","0","3","3","0"
"4714","30-04-22 16:00","England","Premier League","2021/2022","Watford","Burnley","47","53","56","44","38","62","13","17","5","6","8","11","1","6","0","0","1","6","9","5","4","3","5","2"
"4715","30-04-22 16:00","England","Premier League","2021/2022","Wolves","Brighton","49","51","44","56","54","46","11","17","4","7","7","10","1","9","0","5","1","4","5","4","2","2","3","2"
"4716","30-04-22 13:30","England","Premier League","2021/2022","Newcastle","Liverpool","34","66","28","72","40","60","4","24","2","8","2","16","2","10","1","3","1","7","1","10","1","5","0","5"
"4717","28-04-22 20:45","England","Premier League","2021/2022","Manchester Utd","Chelsea","35","65","35","65","35","65","6","21","3","11","3","10","3","6","1","5","2","1","1","9","1","3","0","6"
"4718","25-04-22 21:00","England","Premier League","2021/2022","Crystal Palace","Leeds","53","47","49","51","57","43","17","9","6","4","11","5","7","2","2","1","5","1","6","4","2","1","4","3"
"4719","24-04-22 17:30","England","Premier League","2021/2022","Liverpool","Everton","83","17","86","14","80","20","18","9","3","3","15","6","4","1","0","0","4","1","11","4","3","1","8","3"
"4720","24-04-22 15:00","England","Premier League","2021/2022","Brighton","Southampton","49","51","50","50","48","52","8","18","5","7","3","11","5","5","4","3","1","2","0","6","0","1","0","5"
"4721","24-04-22 15:00","England","Premier League","2021/2022","Burnley","Wolves","36","64","39","61","33","67","14","10","6","5","8","5","5","4","2","2","3","2","5","1","4","1","1","0"
"4722","24-04-22 15:00","England","Premier League","2021/2022","Chelsea","West Ham","67","33","70","30","64","36","26","6","6","3","20","3","5","2","0","0","5","2","9","2","3","2","6","0"
"4723","23-04-22 18:30","England","Premier League","2021/2022","Brentford","Tottenham","44","56","52","48","35","65","15","9","7","2","8","7","2","0","0","0","2","0","6","4","2","2","4","2"
"4724","23-04-22 16:00","England","Premier League","2021/2022","Leicester","Aston Villa","64","36","67","33","61","39","5","11","2","3","3","8","2","3","1","1","1","2","3","4","1","2","2","2"
"4725","23-04-22 16:00","England","Premier League","2021/2022","Manchester City","Watford","74","26","72","28","76","24","21","5","11","2","10","3","8","2","5","1","3","1","7","2","3","1","4","1"
"4726","23-04-22 16:00","England","Premier League","2021/2022","Norwich","Newcastle","45","55","44","56","46","54","5","13","2","6","3","7","2","7","0","2","2","5","3","6","2","4","1","2"
"4727","23-04-22 13:30","England","Premier League","2021/2022","Arsenal","Manchester Utd","55","45","62","38","48","52","14","14","11","11","3","3","7","5","6","3","1","2","5","6","3","5","2","1"
"4728","21-04-22 20:45","England","Premier League","2021/2022","Burnley","Southampton","43","57","48","52","38","62","16","11","11","7","5","4","6","3","6","0","0","3","4","4","1","4","3","0"
"4729","20-04-22 21:00","England","Premier League","2021/2022","Manchester City","Brighton","65","35","66","34","64","36","17","2","7","0","10","2","5","1","1","0","4","1","4","1","4","0","0","1"
"4730","20-04-22 20:45","England","Premier League","2021/2022","Chelsea","Arsenal","68","32","59","41","77","23","11","14","6","8","5","6","2","4","2","2","0","2","5","7","3","4","2","3"
"4731","20-04-22 20:45","England","Premier League","2021/2022","Everton","Leicester","37","63","33","67","41","59","13","11","4","5","9","6","3","3","0","2","3","1","8","1","3","0","5","1"
"4732","20-04-22 20:45","England","Premier League","2021/2022","Newcastle","Crystal Palace","36","64","51","49","20","80","13","10","10","1","3","9","4","2","4","1","0","1","3","6","1","0","2","6"
"4733","19-04-22 21:00","England","Premier League","2021/2022","Liverpool","Manchester Utd","72","28","76","24","68","32","14","2","9","0","5","2","5","1","3","0","2","1","6","0","4","0","2","0"
"4734","17-04-22 15:15","England","Premier League","2021/2022","Newcastle","Leicester","31","69","37","63","25","75","16","8","10","4","6","4","7","2","5","2","2","0","8","2","4","1","4","1"
"4735","17-04-22 15:15","England","Premier League","2021/2022","West Ham","Burnley","61","39","59","41","63","37","21","9","8","5","13","4","8","1","2","1","6","0","8","6","2","2","6","4"
"4736","16-04-22 16:00","England","Premier League","2021/2022","Manchester Utd","Norwich","61","39","58","42","64","36","20","15","12","6","8","9","9","4","5","2","4","2","5","7","4","3","1","4"
"4737","16-04-22 16:00","England","Premier League","2021/2022","Southampton","Arsenal","24","76","31","69","17","83","9","23","7","4","2","19","3","6","2","2","1","4","1","12","1","1","0","11"
"4738","16-04-22 16:00","England","Premier League","2021/2022","Watford","Brentford","51","49","54","46","48","52","17","16","8","11","9","5","4","5","1","3","3","2","8","7","5","5","3","2"
"4739","16-04-22 13:30","England","Premier League","2021/2022","Tottenham","Brighton","48","52","51","49","45","55","5","12","1","5","4","7","0","5","0","2","0","3","3","5","1","1","2","4"
"4740","10-04-22 17:30","England","Premier League","2021/2022","Manchester City","Liverpool","55","45","54","46","56","44","11","6","7","2","4","4","5","4","4","2","1","2","4","2","1","0","3","2"
"4741","10-04-22 15:00","England","Premier League","2021/2022","Brentford","West Ham","47","53","44","56","50","50","15","5","9","2","6","3","7","1","4","1","3","0","3","3","2","1","1","2"
"4742","10-04-22 15:00","England","Premier League","2021/2022","Leicester","Crystal Palace","51","49","60","40","42","58","12","11","6","4","6","7","3","3","2","1","1","2","3","3","2","2","1","1"
"4743","10-04-22 15:00","England","Premier League","2021/2022","Norwich","Burnley","45","55","44","56","46","54","17","18","6","11","11","7","6","4","3","3","3","1","6","9","2","4","4","5"
"4744","09-04-22 18:30","England","Premier League","2021/2022","Aston Villa","Tottenham","52","48","56","44","48","52","19","11","14","6","5","5","8","5","7","2","1","3","5","1","3","1","2","0"
"4745","09-04-22 16:00","England","Premier League","2021/2022","Arsenal","Brighton","65","35","54","46","76","24","20","8","6","5","14","3","4","3","1","1","3","2","5","4","1","4","4","0"
"4746","09-04-22 16:00","England","Premier League","2021/2022","Southampton","Chelsea","29","71","32","68","26","74","4","24","3","12","1","12","1","14","0","9","1","5","0","8","0","3","0","5"
"4747","09-04-22 16:00","England","Premier League","2021/2022","Watford","Leeds","48","52","42","58","55","45","8","10","4","4","4","6","1","5","0","2","1","3","7","5","4","2","3","3"
"4748","09-04-22 13:30","England","Premier League","2021/2022","Everton","Manchester Utd","33","67","35","65","31","69","7","12","4","3","3","9","3","4","2","2","1","2","2","1","1","0","1","1"
"4749","08-04-22 21:00","England","Premier League","2021/2022","Newcastle","Wolves","41","59","50","50","32","68","12","5","5","1","7","4","4","2","0","0","4","2","3","2","1","1","2","1"
"4750","06-04-22 20:30","England","Premier League","2021/2022","Burnley","Everton","51","49","57","43","45","55","13","16","4","5","9","11","4","4","1","3","3","1","6","4","3","0","3","4"
"4751","04-04-22 21:00","England","Premier League","2021/2022","Crystal Palace","Arsenal","31","69","43","57","19","81","6","12","4","2","2","10","5","3","3","0","2","3","1","8","1","1","0","7"
"4752","03-04-22 17:30","England","Premier League","2021/2022","Tottenham","Newcastle","60","40","65","35","55","45","19","8","8","4","11","4","6","1","2","1","4","0","8","3","4","1","4","2"
"4753","03-04-22 15:00","England","Premier League","2021/2022","West Ham","Everton","56","44","53","47","59","41","11","13","5","5","6","8","5","2","2","0","3","2","4","6","1","1","3","5"
"4754","02-04-22 18:30","England","Premier League","2021/2022","Manchester Utd","Leicester","54","46","57","43","51","49","11","11","3","6","8","5","5","3","2","0","3","3","5","6","1","5","4","1"
"4755","02-04-22 16:00","England","Premier League","2021/2022","Brighton","Norwich","63","37","58","42","68","32","31","6","14","1","17","5","4","0","1","0","3","0","18","3","10","1","8","2"
"4756","02-04-22 16:00","England","Premier League","2021/2022","Burnley","Manchester City","23","77","21","79","25","75","3","18","2","6","1","12","1","6","0","3","1","3","2","9","2","3","0","6"
"4757","02-04-22 16:00","England","Premier League","2021/2022","Chelsea","Brentford","71","29","69","31","73","27","21","17","7","6","14","11","8","6","5","1","3","5","9","5","2","3","7","2"
"4758","02-04-22 16:00","England","Premier League","2021/2022","Leeds","Southampton","56","44","51","49","61","39","12","14","8","7","4","7","3","6","2","3","1","3","2","4","1","1","1","3"
"4759","02-04-22 16:00","England","Premier League","2021/2022","Wolves","Aston Villa","48","52","47","53","49","51","11","15","7","4","4","11","5","5","3","1","2","4","3","7","2","3","1","4"
"4760","02-04-22 13:30","England","Premier League","2021/2022","Liverpool","Watford","73","27","71","29","75","25","20","5","9","4","11","1","3","2","2","2","1","0","10","2","4","1","6","1"
"4761","20-03-22 17:30","England","Premier League","2021/2022","Tottenham","West Ham","53","47","53","47","53","47","17","6","5","4","12","2","4","1","1","1","3","0","8","5","3","3","5","2"
"4762","20-03-22 15:00","England","Premier League","2021/2022","Leicester","Brentford","53","47","57","43","49","51","12","15","4","2","8","13","4","6","2","1","2","5","6","3","2","0","4","3"
"4763","19-03-22 13:30","England","Premier League","2021/2022","Aston Villa","Arsenal","47","53","42","58","52","48","8","10","0","4","8","6","1","3","0","2","1","1","6","3","0","2","6","1"
"4764","18-03-22 21:00","England","Premier League","2021/2022","Wolves","Leeds","48","52","51","49","45","55","14","15","8","5","6","10","8","6","4","0","4","6","4","7","3","4","1","3"
"4765","17-03-22 20:45","England","Premier League","2021/2022","Everton","Newcastle","38","62","36","64","40","60","9","17","1","6","8","11","3","6","1","2","2","4","3","6","0","2","3","4"
"4766","16-03-22 21:15","England","Premier League","2021/2022","Arsenal","Liverpool","48","52","45","55","51","49","9","9","4","3","5","6","2","3","0","1","2","2","3","2","2","1","1","1"
"4767","16-03-22 20:30","England","Premier League","2021/2022","Brighton","Tottenham","48","52","43","57","53","47","15","17","7","9","8","8","0","7","0","2","0","5","7","4","3","3","4","1"
"4768","14-03-22 21:00","England","Premier League","2021/2022","Crystal Palace","Manchester City","26","74","26","74","26","74","7","19","3","14","4","5","1","4","0","4","1","0","5","9","3","6","2","3"
"4769","13-03-22 17:30","England","Premier League","2021/2022","Arsenal","Leicester","46","54","45","55","47","53","21","6","9","3","12","3","8","3","3","2","5","1","4","1","1","1","3","0"
"4770","13-03-22 15:00","England","Premier League","2021/2022","Chelsea","Newcastle","73","27","70","30","76","24","8","7","5","4","3","3","3","2","0","1","3","1","4","5","4","3","0","2"
"4771","13-03-22 15:00","England","Premier League","2021/2022","Everton","Wolves","38","62","44","56","32","68","8","14","4","4","4","10","2","3","2","1","0","2","6","5","2","1","4","4"
"4772","13-03-22 15:00","England","Premier League","2021/2022","Leeds","Norwich","53","47","55","45","51","49","13","12","7","5","6","7","7","4","3","1","4","3","5","4","4","2","1","2"
"4773","13-03-22 15:00","England","Premier League","2021/2022","Southampton","Watford","63","37","59","41","67","33","13","9","6","5","7","4","7","5","3","3","4","2","5","3","3","1","2","2"
"4774","13-03-22 15:00","England","Premier League","2021/2022","West Ham","Aston Villa","48","52","49","51","47","53","11","13","4","3","7","10","4","7","1","2","3","5","5","2","3","0","2","2"
"4775","12-03-22 18:30","England","Premier League","2021/2022","Manchester Utd","Tottenham","44","56","45","55","43","57","10","10","6","9","4","1","6","3","3","3","3","0","3","2","2","1","1","1"
"4776","12-03-22 16:00","England","Premier League","2021/2022","Brentford","Burnley","55","45","54","46","56","44","13","7","6","3","7","4","4","1","2","0","2","1","4","5","1","3","3","2"
"4777","12-03-22 13:30","England","Premier League","2021/2022","Brighton","Liverpool","52","48","47","53","57","43","8","18","3","9","5","9","3","9","1","6","2","3","4","6","2","3","2","3"
"4778","10-03-22 20:45","England","Premier League","2021/2022","Leeds","Aston Villa","51","49","52","48","50","50","4","15","0","6","4","9","1","9","0","4","1","5","2","2","0","0","2","2"
"4779","10-03-22 20:30","England","Premier League","2021/2022","Norwich","Chelsea","34","66","26","74","42","58","8","15","2","10","6","5","3","7","1","5","2","2","4","5","1","4","3","1"
"4780","10-03-22 20:30","England","Premier League","2021/2022","Southampton","Newcastle","68","32","65","35","72","28","14","8","7","3","7","5","5","4","2","1","3","3","4","1","3","1","1","0"
"4781","10-03-22 20:30","England","Premier League","2021/2022","Wolves","Watford","66","34","65","35","67","33","10","9","4","6","6","3","5","0","2","0","3","0","4","5","1","3","3","2"
"4782","07-03-22 21:00","England","Premier League","2021/2022","Tottenham","Everton","55","45","49","51","61","39","14","6","6","1","8","5","7","0","4","0","3","0","5","2","1","0","4","2"
"4783","06-03-22 17:30","England","Premier League","2021/2022","Manchester City","Manchester Utd","69","31","60","40","79","21","24","5","10","5","14","0","10","2","5","2","5","0","6","1","2","1","4","0"
"4784","06-03-22 15:00","England","Premier League","2021/2022","Watford","Arsenal","43","57","43","57","43","57","13","16","5","9","8","7","7","4","4","2","3","2","3","9","1","5","2","4"
"4785","05-03-22 18:30","England","Premier League","2021/2022","Liverpool","West Ham","69","31","75","25","63","37","22","13","10","10","12","3","5","5","2","5","3","0","10","5","6","3","4","2"
"4786","05-03-22 16:00","England","Premier League","2021/2022","Aston Villa","Southampton","38","62","40","60","36","64","14","11","9","4","5","7","9","1","6","0","3","1","4","7","3","3","1","4"
"4787","05-03-22 16:00","England","Premier League","2021/2022","Burnley","Chelsea","27","73","21","79","33","67","6","11","4","6","2","5","1","5","1","1","0","4","2","0","2","0","0","0"
"4788","05-03-22 16:00","England","Premier League","2021/2022","Newcastle","Brighton","32","68","35","65","28","72","10","15","7","9","3","6","4","4","4","1","0","3","4","3","3","3","1","0"
"4789","05-03-22 16:00","England","Premier League","2021/2022","Norwich","Brentford","60","40","57","43","63","37","15","10","8","7","7","3","7","6","3","4","4","2","3","1","2","1","1","0"
"4790","05-03-22 16:00","England","Premier League","2021/2022","Wolves","Crystal Palace","64","36","59","41","69","31","12","12","4","10","8","2","5","8","3","6","2","2","4","1","0","1","4","0"
"4791","05-03-22 13:30","England","Premier League","2021/2022","Leicester","Leeds","51","49","55","45","47","53","7","19","3","9","4","10","4","4","2","2","2","2","0","9","0","4","0","5"
"4792","01-03-22 20:45","England","Premier League","2021/2022","Burnley","Leicester","45","55","43","57","47","53","9","22","3","11","6","11","2","6","0","3","2","3","4","6","1","4","3","2"
"4793","27-02-22 15:00","England","Premier League","2021/2022","West Ham","Wolves","39","61","47","53","31","69","13","14","8","3","5","11","4","1","2","0","2","1","8","4","5","2","3","2"
"4794","26-02-22 18:30","England","Premier League","2021/2022","Everton","Manchester City","33","67","35","65","31","69","6","13","4","5","2","8","2","8","1","2","1","6","3","3","2","2","1","1"
"4795","26-02-22 16:30","England","Premier League","2021/2022","Brighton","Aston Villa","65","35","56","44","76","24","12","9","6","4","6","5","1","4","0","2","1","2","6","2","3","1","3","1"
"4796","26-02-22 16:00","England","Premier League","2021/2022","Brentford","Newcastle","37","63","35","65","39","61","6","26","0","14","6","12","1","11","0","8","1","3","3","10","0","3","3","7"
"4797","26-02-22 16:00","England","Premier League","2021/2022","Crystal Palace","Burnley","58","42","55","45","61","39","11","5","8","2","3","3","4","1","3","0","1","1","2","2","1","1","1","1"
"4798","26-02-22 16:00","England","Premier League","2021/2022","Manchester Utd","Watford","67","33","66","34","68","32","22","10","10","4","12","6","3","2","1","0","2","2","12","5","7","1","5","4"
"4799","26-02-22 13:30","England","Premier League","2021/2022","Leeds","Tottenham","50","50","59","41","41","59","19","15","8","7","11","8","3","11","0","5","3","6","10","2","3","1","7","1"
"4800","25-02-22 21:00","England","Premier League","2021/2022","Southampton","Norwich","59","41","65","35","53","47","27","8","13","4","14","4","9","1","5","0","4","1","12","3","6","1","6","2"
"4801","24-02-22 20:45","England","Premier League","2021/2022","Arsenal","Wolves","55","45","53","47","57","43","26","6","10","3","16","3","5","2","2","1","3","1","11","4","5","2","6","2"
"4802","23-02-22 20:45","England","Premier League","2021/2022","Liverpool","Leeds","64","36","65","35","63","37","23","3","13","0","10","3","15","2","8","0","7","2","5","1","3","0","2","1"
"4803","23-02-22 20:30","England","Premier League","2021/2022","Burnley","Tottenham","34","66","36","64","32","68","15","12","5","3","10","9","4","2","1","0","3","2","6","7","0","2","6","5"
"4804","23-02-22 20:30","England","Premier League","2021/2022","Watford","Crystal Palace","45","55","42","58","48","52","8","7","4","4","4","3","1","5","1","3","0","2","4","2","1","1","3","1"
"4805","20-02-22 17:30","England","Premier League","2021/2022","Wolves","Leicester","36","64","33","67","39","61","11","17","7","7","4","10","3","7","2","3","1","4","5","6","3","3","2","3"
"4806","20-02-22 15:00","England","Premier League","2021/2022","Leeds","Manchester Utd","54","46","54","46","54","46","16","15","6","9","10","6","6","9","1","5","5","4","6","2","3","2","3","0"
"4807","19-02-22 18:30","England","Premier League","2021/2022","Manchester City","Tottenham","71","29","67","33","75","25","21","6","11","2","10","4","4","5","1","1","3","4","11","1","7","1","4","0"
"4808","19-02-22 16:00","England","Premier League","2021/2022","Arsenal","Brentford","67","33","80","20","54","46","24","6","16","2","8","4","8","2","2","0","6","2","8","1","7","0","1","1"
"4809","19-02-22 16:00","England","Premier League","2021/2022","Aston Villa","Watford","60","40","54","46","66","34","20","8","10","3","10","5","1","4","0","1","1","3","11","3","6","1","5","2"
"4810","19-02-22 16:00","England","Premier League","2021/2022","Brighton","Burnley","69","31","63","37","75","25","11","10","4","4","7","6","1","4","1","2","0","2","6","2","2","1","4","1"
"4811","19-02-22 16:00","England","Premier League","2021/2022","Crystal Palace","Chelsea","42","58","35","65","49","51","7","9","3","5","4","4","0","3","0","2","0","1","5","3","2","2","3","1"
"4812","19-02-22 16:00","England","Premier League","2021/2022","Liverpool","Norwich","70","30","68","32","72","28","29","6","15","2","14","4","8","1","4","0","4","1","11","4","7","2","4","2"
"4813","19-02-22 16:00","England","Premier League","2021/2022","Southampton","Everton","56","44","60","40","52","48","19","9","9","3","10","6","11","0","5","0","6","0","5","5","2","1","3","4"
"4814","19-02-22 13:30","England","Premier League","2021/2022","West Ham","Newcastle","47","53","40","60","54","46","11","14","6","10","5","4","3","3","3","2","0","1","2","5","1","3","1","2"
"4815","15-02-22 21:15","England","Premier League","2021/2022","Manchester Utd","Brighton","50","50","40","60","60","40","19","10","3","8","16","2","7","3","1","3","6","0","4","6","0","4","4","2"
"4816","13-02-22 17:30","England","Premier League","2021/2022","Leicester","West Ham","55","45","60","40","50","50","13","8","4","3","9","5","2","3","1","1","1","2","7","2","2","1","5","1"
"4817","13-02-22 15:00","England","Premier League","2021/2022","Burnley","Liverpool","33","67","32","68","34","66","8","11","5","9","3","2","5","4","3","4","2","0","3","4","2","2","1","2"
"4818","13-02-22 15:00","England","Premier League","2021/2022","Newcastle","Aston Villa","37","63","42","58","32","68","10","11","6","3","4","8","2","1","1","0","1","1","4","6","4","1","0","5"
"4819","13-02-22 15:00","England","Premier League","2021/2022","Tottenham","Wolves","59","41","51","49","67","33","17","11","7","7","10","4","7","7","3","6","4","1","5","1","2","0","3","1"
"4820","12-02-22 18:30","England","Premier League","2021/2022","Norwich","Manchester City","28","72","27","73","29","71","8","22","5","10","3","12","3","9","1","4","2","5","4","8","3","4","1","4"
"4821","12-02-22 16:00","England","Premier League","2021/2022","Brentford","Crystal Palace","43","57","46","54","40","60","9","6","7","3","2","3","2","3","1","1","1","2","5","2","4","2","1","0"
"4822","12-02-22 16:00","England","Premier League","2021/2022","Everton","Leeds","42","58","47","53","37","63","21","7","12","4","9","3","10","0","7","0","3","0","2","4","1","2","1","2"
"4823","12-02-22 16:00","England","Premier League","2021/2022","Watford","Brighton","35","65","29","71","41","59","9","11","3","5","6","6","1","6","0","3","1","3","5","2","3","2","2","0"
"4824","12-02-22 13:30","England","Premier League","2021/2022","Manchester Utd","Southampton","52","48","46","54","58","42","12","13","5","7","7","6","8","4","4","2","4","2","2","6","0","4","2","2"
"4825","10-02-22 20:45","England","Premier League","2021/2022","Liverpool","Leicester","65","35","65","35","65","35","22","5","8","2","14","3","11","1","5","1","6","0","7","3","2","1","5","2"
"4826","10-02-22 20:45","England","Premier League","2021/2022","Wolves","Arsenal","58","42","56","44","60","40","15","12","5","9","10","3","4","2","2","2","2","0","7","3","2","1","5","2"
"4827","09-02-22 21:00","England","Premier League","2021/2022","Aston Villa","Leeds","40","60","37","63","43","57","12","16","8","7","4","9","4","8","3","4","1","4","6","5","4","2","2","3"
"4828","09-02-22 20:45","England","Premier League","2021/2022","Manchester City","Brentford","75","25","75","25","75","25","15","6","5","4","10","2","7","2","1","1","6","1","6","2","4","2","2","0"
"4829","09-02-22 20:45","England","Premier League","2021/2022","Norwich","Crystal Palace","28","72","33","67","23","77","5","13","2","5","3","8","1","5","1","1","0","4","2","4","0","1","2","3"
"4830","09-02-22 20:45","England","Premier League","2021/2022","Tottenham","Southampton","47","53","38","62","55","45","8","23","2","15","6","8","3","10","2","6","1","4","2","10","0","7","2","3"
"4831","08-02-22 21:00","England","Premier League","2021/2022","Burnley","Manchester Utd","36","64","38","62","34","66","9","22","0","12","9","10","3","5","0","5","3","0","5","5","0","2","5","3"
"4832","08-02-22 20:45","England","Premier League","2021/2022","Newcastle","Everton","39","61","43","57","35","65","20","11","11","6","9","5","9","3","3","1","6","2","6","3","4","3","2","0"
"4833","08-02-22 20:45","England","Premier League","2021/2022","West Ham","Watford","65","35","64","36","66","34","9","6","5","3","4","3","3","1","1","0","2","1","4","4","3","3","1","1"
"4834","05-02-22 19:00","England","Premier League","2021/2022","Burnley","Watford","52","48","49","51","55","45","13","11","4","4","9","7","2","5","1","1","1","4","7","4","2","3","5","1"
"4835","23-01-22 17:30","England","Premier League","2021/2022","Chelsea","Tottenham","65","35","75","25","55","45","15","6","7","2","8","4","7","3","1","1","6","2","5","2","4","1","1","1"
"4836","23-01-22 15:00","England","Premier League","2021/2022","Arsenal","Burnley","76","24","75","25","77","23","20","10","12","5","8","5","5","1","2","1","3","0","8","6","5","2","3","4"
"4837","23-01-22 15:00","England","Premier League","2021/2022","Crystal Palace","Liverpool","43","57","34","66","52","48","8","14","2","11","6","3","5","7","2","5","3","2","3","6","0","6","3","0"
"4838","23-01-22 15:00","England","Premier League","2021/2022","Leicester","Brighton","43","57","51","49","35","65","15","14","11","4","4","10","5","5","3","1","2","4","3","4","2","2","1","2"
"4839","22-01-22 18:30","England","Premier League","2021/2022","Southampton","Manchester City","26","74","26","74","26","74","7","20","2","5","5","15","3","5","1","1","2","4","3","8","1","3","2","5"
"4840","22-01-22 16:00","England","Premier League","2021/2022","Brentford","Wolves","50","50","48","52","52","48","11","7","4","4","7","3","1","2","0","0","1","2","5","3","1","3","4","0"
"4841","22-01-22 16:00","England","Premier League","2021/2022","Leeds","Newcastle","63","37","63","37","63","37","13","15","8","9","5","6","4","3","1","1","3","2","4","4","4","2","0","2"
"4842","22-01-22 16:00","England","Premier League","2021/2022","Manchester Utd","West Ham","57","43","55","45","59","41","18","6","5","1","13","5","3","1","0","0","3","1","9","3","1","0","8","3"
"4843","22-01-22 13:30","England","Premier League","2021/2022","Everton","Aston Villa","49","51","44","56","54","46","15","8","0","7","15","1","1","3","0","3","1","0","7","4","0","3","7","1"
"4844","21-01-22 21:00","England","Premier League","2021/2022","Watford","Norwich","68","32","70","30","66","34","15","7","8","3","7","4","4","2","2","0","2","2","7","2","3","1","4","1"
"4845","19-01-22 21:00","England","Premier League","2021/2022","Brentford","Manchester Utd","44","56","32","68","56","44","18","13","8","4","10","9","8","5","3","0","5","5","4","2","2","1","2","1"
"4846","19-01-22 20:30","England","Premier League","2021/2022","Leicester","Tottenham","49","51","54","46","44","56","14","27","5","14","9","13","4","10","2","5","2","5","5","10","2","6","3","4"
"4847","18-01-22 21:00","England","Premier League","2021/2022","Brighton","Chelsea","43","57","46","54","40","60","10","15","4","4","6","11","2","3","0","2","2","1","3","5","2","2","1","3"
"4848","16-01-22 15:00","England","Premier League","2021/2022","Liverpool","Brentford","68","32","74","26","61","39","27","6","12","2","15","4","13","1","5","0","8","1","8","3","4","2","4","1"
"4849","16-01-22 15:00","England","Premier League","2021/2022","West Ham","Leeds","48","52","38","62","58","42","15","18","6","9","9","9","5","5","1","4","4","1","6","9","3","5","3","4"
"4850","15-01-22 18:30","England","Premier League","2021/2022","Aston Villa","Manchester Utd","55","45","45","55","65","35","13","13","4","7","9","6","9","6","3","4","6","2","4","4","1","2","3","2"
"4851","15-01-22 16:00","England","Premier League","2021/2022","Newcastle","Watford","52","48","62","38","42","58","12","18","10","9","2","9","1","5","0","1","1","4","8","6","7","3","1","3"
"4852","15-01-22 16:00","England","Premier League","2021/2022","Norwich","Everton","40","60","44","56","36","64","14","12","6","7","8","5","3","5","2","3","1","2","6","1","3","1","3","0"
"4853","15-01-22 16:00","England","Premier League","2021/2022","Wolves","Southampton","41","59","45","55","36","64","9","13","4","5","5","8","5","10","2","5","3","5","3","3","1","0","2","3"
"4854","15-01-22 13:30","England","Premier League","2021/2022","Manchester City","Chelsea","56","44","67","33","45","55","11","4","5","0","6","4","6","1","3","0","3","1","3","2","1","0","2","2"
"4855","14-01-22 21:00","England","Premier League","2021/2022","Brighton","Crystal Palace","64","36","60","40","69","31","19","3","8","1","11","2","4","1","3","0","1","1","10","1","2","0","8","1"
"4856","12-01-22 20:45","England","Premier League","2021/2022","West Ham","Norwich","62","38","62","38","62","38","13","7","7","4","6","3","5","3","3","2","2","1","5","3","3","1","2","2"
"4857","11-01-22 20:45","England","Premier League","2021/2022","Southampton","Brentford","49","51","56","44","42","58","12","5","8","2","4","3","6","4","2","2","4","2","4","0","4","0","0","0"
"4858","03-01-22 18:30","England","Premier League","2021/2022","Manchester Utd","Wolves","51","49","46","54","56","44","9","19","4","14","5","5","2","6","1","4","1","2","4","7","1","5","3","2"
"4859","02-01-22 17:30","England","Premier League","2021/2022","Chelsea","Liverpool","55","45","58","42","52","48","15","10","7","6","8","4","6","6","3","4","3","2","5","2","2","0","3","2"
"4860","02-01-22 15:00","England","Premier League","2021/2022","Brentford","Aston Villa","45","55","49","51","41","59","10","16","4","6","6","10","4","5","1","1","3","4","6","6","3","3","3","3"
"4861","02-01-22 15:00","England","Premier League","2021/2022","Everton","Brighton","50","50","43","57","57","43","17","12","5","8","12","4","6","5","2","4","4","1","7","3","2","1","5","2"
"4862","02-01-22 15:00","England","Premier League","2021/2022","Leeds","Burnley","55","45","52","48","58","42","22","8","14","4","8","4","7","2","5","1","2","1","6","4","4","1","2","3"
"4863","01-01-22 18:30","England","Premier League","2021/2022","Crystal Palace","West Ham","63","37","60","40","66","34","22","10","12","8","10","2","6","5","3","5","3","0","11","4","6","2","5","2"
"4864","01-01-22 16:00","England","Premier League","2021/2022","Watford","Tottenham","26","74","26","74","26","74","6","21","2","8","4","13","4","9","2","3","2","6","2","6","0","3","2","3"
"4865","01-01-22 13:30","England","Premier League","2021/2022","Arsenal","Manchester City","29","71","32","68","26","74","7","15","5","4","2","11","2","2","2","0","0","2","4","6","2","3","2","3"
"4866","30-12-21 21:15","England","Premier League","2021/2022","Manchester Utd","Burnley","57","43","57","43","57","43","18","10","12","6","6","4","6","3","4","1","2","2","9","4","6","2","3","2"
"4867","29-12-21 21:15","England","Premier League","2021/2022","Brentford","Manchester City","24","76","19","81","29","71","6","12","4","4","2","8","2","3","2","1","0","2","2","5","2","0","0","5"
"4868","29-12-21 20:30","England","Premier League","2021/2022","Chelsea","Brighton","48","52","45","55","51","49","11","18","6","9","5","9","5","6","4","3","1","3","3","8","0","4","3","4"
"4869","28-12-21 21:00","England","Premier League","2021/2022","Leicester","Liverpool","37","63","38","62","36","64","6","21","5","11","1","10","1","4","0","2","1","2","2","12","2","7","0","5"
"4870","28-12-21 16:00","England","Premier League","2021/2022","Crystal Palace","Norwich","51","49","48","52","54","46","19","12","9","7","10","5","6","3","3","2","3","1","6","2","2","0","4","2"
"4871","28-12-21 16:00","England","Premier League","2021/2022","Southampton","Tottenham","35","65","46","54","24","76","9","21","4","4","5","17","2","11","1","3","1","8","3","5","3","1","0","4"
"4872","28-12-21 16:00","England","Premier League","2021/2022","Watford","West Ham","43","57","37","63","49","51","14","13","4","10","10","3","5","6","1","3","4","3","5","3","2","3","3","0"
"4873","27-12-21 21:00","England","Premier League","2021/2022","Newcastle","Manchester Utd","30","70","31","69","29","71","13","13","4","4","9","9","8","4","2","1","6","3","3","3","1","0","2","3"
"4874","26-12-21 21:00","England","Premier League","2021/2022","Brighton","Brentford","50","50","65","35","35","65","15","16","8","6","7","10","5","6","3","0","2","6","7","6","3","3","4","3"
"4875","26-12-21 18:30","England","Premier League","2021/2022","Aston Villa","Chelsea","42","58","38","62","46","54","8","10","5","3","3","7","1","4","1","1","0","3","2","3","0","0","2","3"
"4876","26-12-21 16:00","England","Premier League","2021/2022","Manchester City","Leicester","72","28","74","26","70","30","17","14","10","8","7","6","9","8","6","3","3","5","3","5","2","4","1","1"
"4877","26-12-21 16:00","England","Premier League","2021/2022","Norwich","Arsenal","35","65","34","66","36","64","4","16","2","8","2","8","2","6","2","3","0","3","1","4","0","3","1","1"
"4878","26-12-21 16:00","England","Premier League","2021/2022","Tottenham","Crystal Palace","60","40","51","49","69","31","17","4","8","3","9","1","6","0","4","0","2","0","6","2","2","2","4","0"
"4879","26-12-21 16:00","England","Premier League","2021/2022","West Ham","Southampton","56","44","48","52","64","36","11","11","3","6","8","5","5","6","2","3","3","3","3","2","0","2","3","0"
"4880","19-12-21 17:30","England","Premier League","2021/2022","Tottenham","Liverpool","43","57","30","70","56","44","10","18","5","12","5","6","5","6","3","5","2","1","3","6","1","4","2","2"
"4881","19-12-21 15:00","England","Premier League","2021/2022","Newcastle","Manchester City","28","72","36","64","20","80","5","18","3","6","2","12","1","7","0","3","1","4","4","8","3","3","1","5"
"4882","19-12-21 15:00","England","Premier League","2021/2022","Wolves","Chelsea","37","63","45","55","29","71","4","8","4","3","0","5","1","1","1","0","0","1","1","1","1","0","0","1"
"4883","18-12-21 18:30","England","Premier League","2021/2022","Leeds","Arsenal","51","49","49","51","53","47","9","21","4","15","5","6","2","12","0","11","2","1","6","3","4","1","2","2"
"4884","16-12-21 21:00","England","Premier League","2021/2022","Liverpool","Newcastle","74","26","76","24","72","28","23","5","12","2","11","3","8","3","6","2","2","1","9","2","5","0","4","2"
"4885","16-12-21 20:45","England","Premier League","2021/2022","Chelsea","Everton","80","20","81","19","79","21","23","5","13","2","10","3","10","3","6","1","4","2","10","1","5","0","5","1"
"4886","15-12-21 21:00","England","Premier League","2021/2022","Arsenal","West Ham","56","44","56","44","56","44","21","7","9","3","12","4","8","1","3","0","5","1","5","3","2","2","3","1"
"4887","15-12-21 20:30","England","Premier League","2021/2022","Brighton","Wolves","59","41","55","45","63","37","12","8","7","3","5","5","2","5","2","2","0","3","7","2","5","0","2","2"
"4888","15-12-21 20:30","England","Premier League","2021/2022","Crystal Palace","Southampton","60","40","51","49","69","31","9","15","3","8","6","7","6","4","2","3","4","1","2","7","1","4","1","3"
"4889","14-12-21 21:00","England","Premier League","2021/2022","Manchester City","Leeds","64","36","64","36","64","36","31","6","14","1","17","5","15","3","5","1","10","2","9","2","5","0","4","2"
"4890","14-12-21 20:45","England","Premier League","2021/2022","Norwich","Aston Villa","50","50","49","51","51","49","7","17","3","10","4","7","3","6","1","3","2","3","1","3","0","2","1","1"
"4891","12-12-21 17:30","England","Premier League","2021/2022","Crystal Palace","Everton","61","39","69","31","53","47","17","12","10","5","7","7","6","6","4","3","2","3","5","1","3","0","2","1"
"4892","12-12-21 15:00","England","Premier League","2021/2022","Burnley","West Ham","40","60","41","59","39","61","9","16","2","6","7","10","1","3","0","1","1","2","5","8","2","3","3","5"
"4893","12-12-21 15:00","England","Premier League","2021/2022","Leicester","Newcastle","47","53","56","44","38","62","8","12","3","4","5","8","5","3","2","0","3","3","2","3","1","2","1","1"
"4894","11-12-21 18:30","England","Premier League","2021/2022","Norwich","Manchester Utd","47","53","42","58","52","48","11","13","2","6","9","7","5","5","1","4","4","1","1","4","0","1","1","3"
"4895","11-12-21 16:00","England","Premier League","2021/2022","Arsenal","Southampton","62","38","51","49","73","27","15","11","3","6","12","5","5","6","3","3","2","3","7","2","0","1","7","1"
"4896","11-12-21 16:00","England","Premier League","2021/2022","Chelsea","Leeds","58","42","66","34","50","50","16","12","11","5","5","7","6","5","3","2","3","3","5","1","4","1","1","0"
"4897","11-12-21 16:00","England","Premier League","2021/2022","Liverpool","Aston Villa","63","37","63","37","63","37","20","4","7","2","13","2","5","0","3","0","2","0","8","2","1","2","7","0"
"4898","11-12-21 13:30","England","Premier League","2021/2022","Manchester City","Wolves","71","29","67","33","75","25","24","2","7","1","17","1","10","1","2","0","8","1","8","1","5","1","3","0"
"4899","10-12-21 21:00","England","Premier League","2021/2022","Brentford","Watford","63","37","61","39","65","35","14","6","6","4","8","2","5","2","2","1","3","1","4","3","3","2","1","1"
"4900","06-12-21 21:00","England","Premier League","2021/2022","Everton","Arsenal","36","64","37","63","35","65","11","10","4","2","7","8","5","3","0","1","5","2","3","4","2","1","1","3"
"4901","05-12-21 17:30","England","Premier League","2021/2022","Aston Villa","Leicester","41","59","47","53","35","65","13","12","5","8","8","4","4","5","2","4","2","1","4","5","1","3","3","2"
"4902","05-12-21 15:00","England","Premier League","2021/2022","Leeds","Brentford","63","37","57","43","69","31","13","9","5","3","8","6","6","3","2","1","4","2","4","2","2","1","2","1"
"4903","05-12-21 15:00","England","Premier League","2021/2022","Manchester Utd","Crystal Palace","61","39","66","34","56","44","16","8","12","5","4","3","3","2","2","2","1","0","7","3","4","1","3","2"
"4904","05-12-21 15:00","England","Premier League","2021/2022","Tottenham","Norwich","41","59","39","61","43","57","17","10","9","5","8","5","7","1","2","1","5","0","8","6","5","1","3","5"
"4905","04-12-21 18:30","England","Premier League","2021/2022","Watford","Manchester City","23","77","20","80","26","74","11","26","3","13","8","13","4","13","2","8","2","5","6","8","1","4","5","4"
"4906","04-12-21 16:00","England","Premier League","2021/2022","Newcastle","Burnley","48","52","47","53","49","51","19","10","7","6","12","4","4","1","1","1","3","0","4","5","3","2","1","3"
"4907","04-12-21 16:00","England","Premier League","2021/2022","Southampton","Brighton","44","56","44","56","44","56","14","14","11","7","3","7","4","4","4","2","0","2","6","4","4","2","2","2"
"4908","04-12-21 16:00","England","Premier League","2021/2022","Wolves","Liverpool","33","67","35","65","31","69","3","17","1","4","2","13","1","5","0","0","1","5","2","8","1","3","1","5"
"4909","04-12-21 13:30","England","Premier League","2021/2022","West Ham","Chelsea","36","64","32","68","40","60","11","19","7","12","4","7","5","7","3","6","2","1","6","4","4","1","2","3"
"4910","02-12-21 21:15","England","Premier League","2021/2022","Manchester Utd","Arsenal","45","55","57","43","33","67","14","17","8","8","6","9","10","8","5","3","5","5","3","5","3","2","0","3"
"4911","02-12-21 20:30","England","Premier League","2021/2022","Tottenham","Brentford","47","53","53","47","40","60","11","6","5","1","6","5","6","2","3","0","3","2","3","3","2","1","1","2"
"4912","01-12-21 21:15","England","Premier League","2021/2022","Aston Villa","Manchester City","36","64","40","60","32","68","9","17","4","11","5","6","3","7","1","5","2","2","3","5","0","3","3","2"
"4913","01-12-21 21:15","England","Premier League","2021/2022","Everton","Liverpool","31","69","33","67","29","71","8","16","4","9","4","7","2","7","1","5","1","2","2","5","1","2","1","3"
"4914","01-12-21 20:30","England","Premier League","2021/2022","Southampton","Leicester","45","55","43","57","47","53","15","15","9","3","6","12","7","6","6","3","1","3","4","6","1","0","3","6"
"4915","01-12-21 20:30","England","Premier League","2021/2022","Watford","Chelsea","50","50","50","50","50","50","13","8","8","4","5","4","6","4","4","1","2","3","3","3","2","3","1","0"
"4916","01-12-21 20:30","England","Premier League","2021/2022","West Ham","Brighton","34","66","33","67","35","65","14","9","6","5","8","4","6","3","2","1","4","2","6","4","4","2","2","2"
"4917","01-12-21 20:30","England","Premier League","2021/2022","Wolves","Burnley","65","35","67","33","63","37","16","6","6","3","10","3","2","1","2","0","0","1","9","3","4","2","5","1"
"4918","30-11-21 21:15","England","Premier League","2021/2022","Leeds","Crystal Palace","62","38","56","44","68","32","15","9","5","2","10","7","3","1","0","0","3","1","3","4","2","1","1","3"
"4919","30-11-21 20:30","England","Premier League","2021/2022","Newcastle","Norwich","31","69","38","62","24","76","9","16","5","9","4","7","1","6","0","3","1","3","6","5","4","3","2","2"
"4920","28-11-21 17:30","England","Premier League","2021/2022","Chelsea","Manchester Utd","66","34","68","32","64","36","24","3","10","1","14","2","6","2","4","0","2","2","10","1","4","1","6","0"
"4921","28-11-21 15:00","England","Premier League","2021/2022","Brentford","Everton","40","60","45","55","35","65","6","14","3","6","3","8","4","5","3","2","1","3","2","4","0","1","2","3"
"4922","28-11-21 15:00","England","Premier League","2021/2022","Leicester","Watford","57","43","59","41","55","45","18","16","8","10","10","6","8","5","4","2","4","3","4","7","3","4","1","3"
"4923","28-11-21 15:00","England","Premier League","2021/2022","Manchester City","West Ham","69","31","69","31","69","31","19","5","13","2","6","3","9","3","5","1","4","2","6","1","5","0","1","1"
"4924","27-11-21 18:30","England","Premier League","2021/2022","Brighton","Leeds","57","43","57","43","57","43","20","11","12","4","8","7","4","4","2","0","2","4","14","5","9","2","5","3"
"4925","27-11-21 16:00","England","Premier League","2021/2022","Crystal Palace","Aston Villa","63","37","55","45","71","29","8","10","3","8","5","2","3","3","0","2","3","1","4","5","2","4","2","1"
"4926","27-11-21 16:00","England","Premier League","2021/2022","Liverpool","Southampton","64","36","64","36","64","36","20","7","12","3","8","4","6","3","3","2","3","1","9","1","6","1","3","0"
"4927","27-11-21 16:00","England","Premier League","2021/2022","Norwich","Wolves","44","56","46","54","42","58","14","5","7","3","7","2","4","2","2","1","2","1","7","3","4","2","3","1"
"4928","27-11-21 13:30","England","Premier League","2021/2022","Arsenal","Newcastle","66","34","78","22","54","46","24","9","12","4","12","5","6","5","2","2","4","3","12","2","8","2","4","0"
"4929","21-11-21 17:30","England","Premier League","2021/2022","Tottenham","Leeds","43","57","40","60","46","54","13","18","2","6","11","12","4","7","0","2","4","5","3","7","0","3","3","4"
"4930","21-11-21 15:00","England","Premier League","2021/2022","Manchester City","Everton","77","23","79","21","75","25","17","4","9","3","8","1","7","1","4","1","3","0","6","0","3","0","3","0"
"4931","20-11-21 18:30","England","Premier League","2021/2022","Liverpool","Arsenal","63","37","64","36","62","38","19","5","11","3","8","2","9","3","5","1","4","2","3","0","2","0","1","0"
"4932","20-11-21 16:00","England","Premier League","2021/2022","Aston Villa","Brighton","37","63","40","60","34","66","9","6","2","3","7","3","5","2","1","2","4","0","1","0","0","0","1","0"
"4933","20-11-21 16:00","England","Premier League","2021/2022","Burnley","Crystal Palace","40","60","38","62","42","58","15","18","7","11","8","7","9","8","4","6","5","2","4","6","2","5","2","1"
"4934","20-11-21 16:00","England","Premier League","2021/2022","Newcastle","Brentford","52","48","55","45","49","51","23","10","16","7","7","3","9","4","7","4","2","0","9","4","5","1","4","3"
"4935","20-11-21 16:00","England","Premier League","2021/2022","Norwich","Southampton","37","63","34","66","40","60","8","17","1","12","7","5","4","5","1","4","3","1","2","4","0","3","2","1"
"4936","20-11-21 16:00","England","Premier League","2021/2022","Watford","Manchester Utd","39","61","38","62","40","60","20","9","11","2","9","7","7","3","4","1","3","2","6","5","2","0","4","5"
"4937","20-11-21 16:00","England","Premier League","2021/2022","Wolves","West Ham","53","47","65","35","41","59","15","8","7","3","8","5","5","3","2","2","3","1","7","3","4","1","3","2"
"4938","20-11-21 13:30","England","Premier League","2021/2022","Leicester","Chelsea","38","62","30","70","46","54","4","16","0","9","4","7","3","7","0","4","3","3","1","7","0","3","1","4"
"4939","07-11-21 17:30","England","Premier League","2021/2022","West Ham","Liverpool","31","69","31","69","31","69","7","16","1","7","6","9","3","5","0","1","3","4","2","5","0","2","2","3"
"4940","07-11-21 15:00","England","Premier League","2021/2022","Arsenal","Watford","61","39","71","29","51","49","14","7","7","2","7","5","6","1","3","0","3","1","6","2","4","0","2","2"
"4941","07-11-21 15:00","England","Premier League","2021/2022","Everton","Tottenham","45","55","41","59","49","51","12","8","6","5","6","3","2","0","1","0","1","0","4","4","2","2","2","2"
"4942","07-11-21 15:00","England","Premier League","2021/2022","Leeds","Leicester","56","44","60","40","52","48","18","9","7","3","11","6","5","3","4","2","1","1","9","6","1","1","8","5"
"4943","06-11-21 18:30","England","Premier League","2021/2022","Brighton","Newcastle","66","34","67","33","65","35","14","6","5","2","9","4","5","1","3","0","2","1","6","4","2","2","4","2"
"4944","06-11-21 16:00","England","Premier League","2021/2022","Brentford","Norwich","64","36","59","41","69","31","19","9","9","3","10","6","7","5","1","3","6","2","5","3","2","0","3","3"
"4945","06-11-21 16:00","England","Premier League","2021/2022","Chelsea","Burnley","70","30","73","27","67","33","25","5","11","1","14","4","4","2","3","1","1","1","10","2","6","0","4","2"
"4946","06-11-21 16:00","England","Premier League","2021/2022","Crystal Palace","Wolves","60","40","64","36","56","44","13","4","3","2","10","2","6","2","1","1","5","1","5","2","2","1","3","1"
"4947","06-11-21 13:30","England","Premier League","2021/2022","Manchester Utd","Manchester City","33","67","31","69","35","65","5","16","3","10","2","6","1","5","1","5","0","0","3","7","2","3","1","4"
"4948","05-11-21 21:00","England","Premier League","2021/2022","Southampton","Aston Villa","56","44","70","30","43","57","9","14","7","4","2","10","3","3","2","2","1","1","4","7","4","2","0","5"
"4949","01-11-21 21:00","England","Premier League","2021/2022","Wolves","Everton","62","38","70","30","54","46","10","14","8","3","2","11","4","5","4","0","0","5","3","5","1","3","2","2"
"4950","31-10-21 17:30","England","Premier League","2021/2022","Aston Villa","West Ham","42","58","57","43","27","73","9","21","6","11","3","10","3","9","2","4","1","5","5","5","4","3","1","2"
"4951","31-10-21 15:00","England","Premier League","2021/2022","Norwich","Leeds","48","52","50","50","46","54","14","13","7","4","7","9","3","6","0","2","3","4","6","2","5","1","1","1"
"4952","30-10-21 18:30","England","Premier League","2021/2022","Tottenham","Manchester Utd","58","42","52","48","64","36","9","10","7","8","2","2","0","4","0","2","0","2","6","2","5","2","1","0"
"4953","30-10-21 16:00","England","Premier League","2021/2022","Burnley","Brentford","41","59","46","54","36","64","15","12","10","2","5","10","6","5","6","2","0","3","9","3","4","0","5","3"
"4954","30-10-21 16:00","England","Premier League","2021/2022","Liverpool","Brighton","58","42","60","40","56","44","14","9","4","4","10","5","3","6","2","3","1","3","5","2","1","1","4","1"
"4955","30-10-21 16:00","England","Premier League","2021/2022","Manchester City","Crystal Palace","68","32","73","27","63","37","14","8","8","1","6","7","3","3","1","1","2","2","4","4","1","0","3","4"
"4956","30-10-21 16:00","England","Premier League","2021/2022","Newcastle","Chelsea","21","79","25","75","17","83","6","19","2","6","4","13","1","6","0","0","1","6","2","6","2","3","0","3"
"4957","30-10-21 16:00","England","Premier League","2021/2022","Watford","Southampton","39","61","33","67","45","55","10","12","5","8","5","4","4","1","2","1","2","0","6","6","3","5","3","1"
"4958","30-10-21 13:30","England","Premier League","2021/2022","Leicester","Arsenal","64","36","63","37","65","35","16","9","5","5","11","4","8","5","4","4","4","1","5","1","0","0","5","1"
"4959","24-10-21 17:30","England","Premier League","2021/2022","Manchester Utd","Liverpool","37","63","47","53","27","73","12","19","9","11","3","8","4","8","3","6","1","2","6","5","5","3","1","2"
"4960","24-10-21 15:00","England","Premier League","2021/2022","Brentford","Leicester","54","46","63","37","46","54","15","10","9","2","6","8","5","6","3","1","2","5","6","3","4","1","2","2"
"4961","24-10-21 15:00","England","Premier League","2021/2022","West Ham","Tottenham","38","62","38","62","38","62","13","7","8","7","5","0","4","4","1","4","3","0","5","2","5","2","0","0"
"4962","23-10-21 18:30","England","Premier League","2021/2022","Brighton","Manchester City","48","52","48","52","48","52","10","23","3","14","7","9","5","14","1","9","4","5","4","3","2","1","2","2"
"4963","23-10-21 16:00","England","Premier League","2021/2022","Crystal Palace","Newcastle","75","25","78","22","72","28","14","6","4","3","10","3","3","2","1","1","2","1","5","3","1","2","4","1"
"4964","23-10-21 16:00","England","Premier League","2021/2022","Everton","Watford","50","50","49","51","51","49","15","20","9","7","6","13","4","8","3","1","1","7","6","7","2","4","4","3"
"4965","23-10-21 16:00","England","Premier League","2021/2022","Leeds","Wolves","63","37","63","37","63","37","18","8","7","3","11","5","4","4","2","1","2","3","9","2","3","1","6","1"
"4966","23-10-21 16:00","England","Premier League","2021/2022","Southampton","Burnley","61","39","57","43","65","35","16","9","8","3","8","6","4","5","1","2","3","3","7","3","4","0","3","3"
"4967","23-10-21 13:30","England","Premier League","2021/2022","Chelsea","Norwich","62","38","62","38","62","38","23","3","9","1","14","2","13","1","6","0","7","1","7","1","2","1","5","0"
"4968","22-10-21 21:00","England","Premier League","2021/2022","Arsenal","Aston Villa","54","46","55","45","52","48","22","10","14","0","8","10","9","4","5","0","4","4","8","3","7","0","1","3"
"4969","18-10-21 21:00","England","Premier League","2021/2022","Arsenal","Crystal Palace","54","46","43","57","65","35","17","9","5","4","12","5","6","6","3","3","3","3","7","3","1","1","6","2"
"4970","17-10-21 17:30","England","Premier League","2021/2022","Newcastle","Tottenham","36","64","42","58","30","70","7","14","4","8","3","6","1","4","1","4","0","0","4","3","3","1","1","2"
"4971","17-10-21 15:00","England","Premier League","2021/2022","Everton","West Ham","39","61","31","69","47","53","15","16","5","7","10","9","2","4","1","1","1","3","9","4","3","3","6","1"
"4972","16-10-21 18:30","England","Premier League","2021/2022","Brentford","Chelsea","44","56","38","62","50","50","17","5","2","4","15","1","7","1","0","1","7","0","3","3","1","2","2","1"
"4973","16-10-21 16:00","England","Premier League","2021/2022","Aston Villa","Wolves","48","52","55","45","40","60","14","9","8","3","6","6","5","4","3","1","2","3","7","3","5","1","2","2"
"4974","16-10-21 16:00","England","Premier League","2021/2022","Leicester","Manchester Utd","49","51","51","49","47","53","22","18","6","8","16","10","11","6","3","3","8","3","6","9","1","3","5","6"
"4975","16-10-21 16:00","England","Premier League","2021/2022","Manchester City","Burnley","71","29","71","29","71","29","15","7","8","3","7","4","6","2","4","1","2","1","5","4","2","2","3","2"
"4976","16-10-21 16:00","England","Premier League","2021/2022","Norwich","Brighton","35","65","34","66","36","64","15","11","7","5","8","6","3","3","2","2","1","1","5","4","2","1","3","3"
"4977","16-10-21 16:00","England","Premier League","2021/2022","Southampton","Leeds","45","55","52","48","38","62","19","3","12","1","7","2","5","0","2","0","3","0","12","2","8","1","4","1"
"4978","16-10-21 13:30","England","Premier League","2021/2022","Watford","Liverpool","23","77","17","83","30","70","6","19","0","7","6","12","2","8","0","3","2","5","3","6","0","1","3","5"
"4979","03-10-21 17:30","England","Premier League","2021/2022","Liverpool","Manchester City","48","52","45","55","51","49","6","12","1","7","5","5","4","3","0","1","4","2","0","4","0","3","0","1"
"4980","03-10-21 15:00","England","Premier League","2021/2022","Crystal Palace","Leicester","60","40","57","43","63","37","18","9","5","6","13","3","4","5","2","4","2","1","9","2","1","1","8","1"
"4981","03-10-21 15:00","England","Premier League","2021/2022","Tottenham","Aston Villa","56","44","62","38","49","51","17","14","6","5","11","9","8","3","3","0","5","3","6","5","2","2","4","3"
"4982","03-10-21 15:00","England","Premier League","2021/2022","West Ham","Brentford","60","40","57","43","63","37","18","13","6","9","12","4","5","6","1","3","4","3","6","3","2","3","4","0"
"4983","02-10-21 18:30","England","Premier League","2021/2022","Brighton","Arsenal","58","42","60","40","56","44","21","8","8","4","13","4","2","2","0","1","2","1","12","5","6","2","6","3"
"4984","02-10-21 16:00","England","Premier League","2021/2022","Burnley","Norwich","56","44","53","47","59","41","14","11","7","4","7","7","4","2","2","1","2","1","3","3","0","1","3","2"
"4985","02-10-21 16:00","England","Premier League","2021/2022","Chelsea","Southampton","62","38","54","46","70","30","20","6","10","4","10","2","9","2","4","1","5","1","6","3","3","3","3","0"
"4986","02-10-21 16:00","England","Premier League","2021/2022","Leeds","Watford","67","33","65","35","69","31","20","5","12","3","8","2","4","1","3","0","1","1","10","2","6","2","4","0"
"4987","02-10-21 16:00","England","Premier League","2021/2022","Wolves","Newcastle","52","48","56","44","48","52","7","8","5","3","2","5","3","2","2","2","1","0","3","3","2","1","1","2"
"4988","02-10-21 13:30","England","Premier League","2021/2022","Manchester Utd","Everton","71","29","67","33","75","25","13","12","5","7","8","5","6","2","4","1","2","1","6","6","1","3","5","3"
"4989","27-09-21 21:00","England","Premier League","2021/2022","Crystal Palace","Brighton","47","53","56","44","38","62","8","8","7","3","1","5","3","4","3","1","0","3","2","2","1","2","1","0"
"4990","26-09-21 17:30","England","Premier League","2021/2022","Arsenal","Tottenham","47","53","58","42","36","64","12","10","6","4","6","6","7","4","4","1","3","3","4","5","1","3","3","2"
"4991","26-09-21 15:00","England","Premier League","2021/2022","Southampton","Wolves","57","43","50","50","64","36","18","5","7","1","11","4","6","3","2","1","4","2","5","0","2","0","3","0"
"4992","25-09-21 18:30","England","Premier League","2021/2022","Brentford","Liverpool","33","67","37","63","29","71","12","16","6","10","6","6","4","6","2","4","2","2","6","6","3","3","3","3"
"4993","25-09-21 16:00","England","Premier League","2021/2022","Everton","Norwich","47","53","53","47","41","59","11","10","4","3","7","7","4","2","2","1","2","1","3","5","0","1","3","4"
"4994","25-09-21 16:00","England","Premier League","2021/2022","Leeds","West Ham","54","46","50","50","58","42","15","20","10","10","5","10","5","7","3","3","2","4","4","9","3","6","1","3"
"4995","25-09-21 16:00","England","Premier League","2021/2022","Leicester","Burnley","67","33","67","33","67","33","22","9","11","5","11","4","5","3","3","2","2","1","6","4","5","2","1","2"
"4996","25-09-21 16:00","England","Premier League","2021/2022","Watford","Newcastle","52","48","49","51","55","45","15","20","6","11","9","9","4","6","2","2","2","4","6","8","2","4","4","4"
"4997","25-09-21 13:30","England","Premier League","2021/2022","Chelsea","Manchester City","41","59","33","67","49","51","5","15","1","6","4","9","0","4","0","0","0","4","1","5","0","3","1","2"
"4998","25-09-21 13:30","England","Premier League","2021/2022","Manchester Utd","Aston Villa","59","41","60","40","58","42","28","7","15","4","13","3","4","3","2","1","2","2","11","3","4","2","7","1"
"4999","19-09-21 17:30","England","Premier League","2021/2022","Tottenham","Chelsea","47","53","52","48","42","58","8","20","6","6","2","14","2","10","1","0","1","10","4","3","3","3","1","0"
"5000","19-09-21 15:00","England","Premier League","2021/2022","Brighton","Leicester","37","63","41","59","33","67","12","14","9","3","3","11","5","3","4","0","1","3","4","5","3","1","1","4"
"5001","19-09-21 15:00","England","Premier League","2021/2022","West Ham","Manchester Utd","40","60","36","64","44","56","13","17","6","10","7","7","4","10","2","7","2","3","5","4","3","2","2","2"
"5002","18-09-21 18:30","England","Premier League","2021/2022","Aston Villa","Everton","56","44","54","46","58","42","15","11","7","5","8","6","3","1","1","1","2","0","6","5","3","2","3","3"
"5003","18-09-21 16:00","England","Premier League","2021/2022","Burnley","Arsenal","45","55","38","62","52","48","18","13","6","6","12","7","3","3","1","1","2","2","10","4","5","2","5","2"
"5004","18-09-21 16:00","England","Premier League","2021/2022","Liverpool","Crystal Palace","60","40","70","30","50","50","25","13","14","7","11","6","10","2","5","1","5","1","5","5","3","3","2","2"
"5005","18-09-21 16:00","England","Premier League","2021/2022","Manchester City","Southampton","64","36","63","37","65","35","16","10","8","3","8","7","1","2","0","1","1","1","8","2","4","0","4","2"
"5006","18-09-21 16:00","England","Premier League","2021/2022","Norwich","Watford","49","51","43","57","55","45","12","12","5","7","7","5","5","8","2","4","3","4","3","3","2","2","1","1"
"5007","18-09-21 13:30","England","Premier League","2021/2022","Wolves","Brentford","62","38","56","44","68","32","11","9","7","4","4","5","0","3","0","3","0","0","8","5","5","1","3","4"
"5008","17-09-21 21:00","England","Premier League","2021/2022","Newcastle","Leeds","35","65","35","65","35","65","17","22","7","13","10","9","7","9","3","5","4","4","8","9","3","6","5","3"
"5009","13-09-21 21:00","England","Premier League","2021/2022","Everton","Burnley","52","48","46","54","58","42","14","11","4","6","10","5","6","6","2","3","4","3","4","3","2","2","2","1"
"5010","12-09-21 17:30","England","Premier League","2021/2022","Leeds","Liverpool","44","56","42","58","46","54","9","30","5","13","4","17","4","9","2","3","2","6","4","6","2","4","2","2"
"5011","11-09-21 18:30","England","Premier League","2021/2022","Chelsea","Aston Villa","57","43","60","40","54","46","12","18","5","11","7","7","4","6","2","4","2","2","6","3","2","2","4","1"
"5012","11-09-21 16:00","England","Premier League","2021/2022","Arsenal","Norwich","52","48","52","48","52","48","30","10","10","4","20","6","7","1","1","1","6","0","13","3","6","1","7","2"
"5013","11-09-21 16:00","England","Premier League","2021/2022","Brentford","Brighton","41","59","48","52","34","66","7","4","6","1","1","3","1","2","1","1","0","1","6","1","5","0","1","1"
"5014","11-09-21 16:00","England","Premier League","2021/2022","Leicester","Manchester City","39","61","33","67","45","55","6","25","2","12","4","13","1","8","0","5","1","3","3","7","1","1","2","6"
"5015","11-09-21 16:00","England","Premier League","2021/2022","Manchester Utd","Newcastle","64","36","70","30","58","42","21","12","15","6","6","6","7","3","3","0","4","3","9","6","8","4","1","2"
"5016","11-09-21 16:00","England","Premier League","2021/2022","Southampton","West Ham","42","58","39","61","45","55","11","13","3","5","8","8","3","3","1","0","2","3","5","3","1","1","4","2"
"5017","11-09-21 16:00","England","Premier League","2021/2022","Watford","Wolves","44","56","40","60","48","52","6","14","4","8","2","6","2","5","2","3","0","2","4","6","2","3","2","3"
"5018","11-09-21 13:30","England","Premier League","2021/2022","Crystal Palace","Tottenham","62","38","59","41","65","35","18","2","7","0","11","2","4","1","1","0","3","1","7","1","3","0","4","1"
"5019","29-08-21 17:30","England","Premier League","2021/2022","Wolves","Manchester Utd","44","56","44","56","44","56","15","10","9","5","6","5","6","3","3","0","3","3","6","5","3","4","3","1"
"5020","29-08-21 15:00","England","Premier League","2021/2022","Burnley","Leeds","36","64","37","63","35","65","12","12","3","6","9","6","3","2","0","0","3","2","5","5","3","4","2","1"
"5021","29-08-21 15:00","England","Premier League","2021/2022","Tottenham","Watford","58","42","62","38","54","46","15","9","8","5","7","4","8","2","4","1","4","1","4","4","2","1","2","3"
"5022","28-08-21 18:30","England","Premier League","2021/2022","Liverpool","Chelsea","66","34","63","37","69","31","24","6","9","4","15","2","7","3","2","2","5","1","12","1","7","1","5","0"
"5023","28-08-21 16:00","England","Premier League","2021/2022","Aston Villa","Brentford","46","54","46","54","46","54","7","9","4","5","3","4","5","2","3","2","2","0","2","1","1","1","1","0"
"5024","28-08-21 16:00","England","Premier League","2021/2022","Brighton","Everton","66","34","68","32","64","36","14","14","4","6","10","8","3","5","0","2","3","3","5","4","2","3","3","1"
"5025","28-08-21 16:00","England","Premier League","2021/2022","Newcastle","Southampton","36","64","38","62","34","66","10","22","4","11","6","11","5","6","1","3","4","3","5","7","3","5","2","2"
"5026","28-08-21 16:00","England","Premier League","2021/2022","Norwich","Leicester","45","55","50","50","40","60","14","9","5","4","9","5","4","3","3","2","1","1","6","5","2","1","4","4"
"5027","28-08-21 16:00","England","Premier League","2021/2022","West Ham","Crystal Palace","46","54","46","54","46","54","14","9","8","1","6","8","4","2","1","0","3","2","3","3","0","0","3","3"
"5028","28-08-21 13:30","England","Premier League","2021/2022","Manchester City","Arsenal","81","19","74","26","88","12","25","1","6","1","19","0","10","0","3","0","7","0","5","1","2","1","3","0"
"5029","23-08-21 21:00","England","Premier League","2021/2022","West Ham","Leicester","51","49","41","59","61","39","19","5","9","2","10","3","7","1","2","0","5","1","10","2","5","2","5","0"
"5030","22-08-21 17:30","England","Premier League","2021/2022","Arsenal","Chelsea","35","65","39","61","31","69","6","22","2","10","4","12","3","5","1","3","2","2","2","6","1","2","1","4"
"5031","22-08-21 15:00","England","Premier League","2021/2022","Southampton","Manchester Utd","36","64","35","65","37","63","8","15","4","8","4","7","3","4","1","2","2","2","4","7","2","4","2","3"
"5032","22-08-21 15:00","England","Premier League","2021/2022","Wolves","Tottenham","58","42","59","41","57","43","25","8","8","1","17","7","6","6","3","1","3","5","9","0","4","0","5","0"
"5033","21-08-21 18:30","England","Premier League","2021/2022","Brighton","Watford","57","43","68","32","45","55","13","10","4","2","9","8","3","1","2","0","1","1","5","5","1","1","4","4"
"5034","21-08-21 16:00","England","Premier League","2021/2022","Aston Villa","Newcastle","47","53","60","40","34","66","10","9","5","3","5","6","2","1","1","0","1","1","7","7","4","3","3","4"
"5035","21-08-21 16:00","England","Premier League","2021/2022","Crystal Palace","Brentford","53","47","50","50","56","44","7","14","2","10","5","4","2","3","1","2","1","1","5","7","1","4","4","3"
"5036","21-08-21 16:00","England","Premier League","2021/2022","Leeds","Everton","70","30","73","27","67","33","17","17","9","7","8","10","4","8","3","2","1","6","6","5","3","2","3","3"
"5037","21-08-21 16:00","England","Premier League","2021/2022","Manchester City","Norwich","67","33","64","36","70","30","16","1","6","0","10","1","4","0","1","0","3","0","5","1","2","0","3","1"
"5038","21-08-21 13:30","England","Premier League","2021/2022","Liverpool","Burnley","67","33","65","35","69","31","27","9","10","3","17","6","9","3","2","2","7","1","10","5","6","1","4","4"
"5039","15-08-21 17:30","England","Premier League","2021/2022","Tottenham","Manchester City","35","65","32","68","38","62","13","18","6","8","7","10","3","4","0","0","3","4","5","9","3","4","2","5"
"5040","15-08-21 15:00","England","Premier League","2021/2022","Newcastle","West Ham","47","53","44","56","50","50","17","18","11","9","6","9","3","9","3","3","0","6","7","4","4","2","3","2"
"5041","14-08-21 18:30","England","Premier League","2021/2022","Norwich","Liverpool","50","50","51","49","49","51","14","19","4","10","10","9","3","8","1","4","2","4","8","7","2","3","6","4"
"5042","14-08-21 16:00","England","Premier League","2021/2022","Burnley","Brighton","36","64","31","69","41","59","14","14","7","6","7","8","3","8","3","2","0","6","8","4","4","3","4","1"
"5043","14-08-21 16:00","England","Premier League","2021/2022","Chelsea","Crystal Palace","62","38","67","33","57","43","13","4","9","0","4","4","6","1","4","0","2","1","5","2","4","0","1","2"
"5044","14-08-21 16:00","England","Premier League","2021/2022","Everton","Southampton","48","52","50","50","46","54","14","6","5","3","9","3","6","3","1","2","5","1","5","1","3","1","2","0"
"5045","14-08-21 16:00","England","Premier League","2021/2022","Leicester","Wolves","56","44","64","36","47","53","9","17","7","3","2","14","5","3","5","0","0","3","3","7","2","2","1","5"
"5046","14-08-21 16:00","England","Premier League","2021/2022","Watford","Aston Villa","38","62","41","59","34","66","13","11","9","2","4","9","7","2","4","0","3","2","4","6","4","1","0","5"
"5047","14-08-21 13:30","England","Premier League","2021/2022","Manchester Utd","Leeds","49","51","46","54","52","48","16","10","11","5","5","5","8","3","4","2","4","1","5","6","4","2","1","4"
"5048","13-08-21 21:00","England","Premier League","2021/2022","Brentford","Arsenal","35","65","38","62","32","68","8","22","5","7","3","15","3","4","1","1","2","3","5","14","4","5","1","9"
"5049","23-05-21 17:00","England","Premier League","2020/2021","Arsenal","Brighton","54","46","61","39","46","54","16","5","11","2","5","3","5","1","3","0","2","1","7","3","4","1","3","2"
"5050","23-05-21 17:00","England","Premier League","2020/2021","Aston Villa","Chelsea","29","71","32","68","26","74","6","23","4","9","2","14","3","7","2","4","1","3","3","11","2","4","1","7"
"5051","23-05-21 17:00","England","Premier League","2020/2021","Fulham","Newcastle","64","36","59","41","69","31","14","10","8","6","6","4","0","4","0","3","0","1","7","3","4","1","3","2"
"5052","23-05-21 17:00","England","Premier League","2020/2021","Leeds","West Brom","64","36","64","36","64","36","17","14","4","4","13","10","9","5","2","1","7","4","3","6","1","2","2","4"
"5053","23-05-21 17:00","England","Premier League","2020/2021","Leicester","Tottenham","47","53","46","54","48","52","10","11","5","4","5","7","6","4","3","1","3","3","2","2","0","0","2","2"
"5054","23-05-21 17:00","England","Premier League","2020/2021","Liverpool","Crystal Palace","70","30","68","32","72","28","19","5","12","4","7","1","5","4","2","3","3","1","10","1","7","1","3","0"
"5055","23-05-21 17:00","England","Premier League","2020/2021","Manchester City","Everton","68","32","66","34","70","30","21","8","8","7","13","1","11","3","4","3","7","0","6","2","3","1","3","1"
"5056","23-05-21 17:00","England","Premier League","2020/2021","Sheffield Utd","Burnley","43","57","38","62","48","52","12","10","6","6","6","4","3","3","2","3","1","0","7","3","3","1","4","2"
"5057","23-05-21 17:00","England","Premier League","2020/2021","West Ham","Southampton","37","63","44","56","30","70","14","17","9","8","5","9","7","5","6","2","1","3","6","8","3","4","3","4"
"5058","23-05-21 17:00","England","Premier League","2020/2021","Wolves","Manchester Utd","57","43","51","49","63","37","14","9","5","7","9","2","4","4","1","3","3","1","6","5","3","4","3","1"
"5059","19-05-21 21:15","England","Premier League","2020/2021","Burnley","Liverpool","41","59","37","63","45","55","10","20","5","13","5","7","4","3","1","1","3","2","3","9","2","7","1","2"
"5060","19-05-21 21:15","England","Premier League","2020/2021","West Brom","West Ham","52","48","48","52","56","44","14","21","8","12","6","9","4","9","3","4","1","5","5","9","2","5","3","4"
"5061","19-05-21 20:00","England","Premier League","2020/2021","Crystal Palace","Arsenal","31","69","37","63","25","75","12","6","5","3","7","3","6","3","2","1","4","2","4","1","2","0","2","1"
"5062","19-05-21 19:00","England","Premier League","2020/2021","Everton","Wolves","41","59","42","58","40","60","14","9","6","7","8","2","4","3","2","2","2","1","4","2","1","2","3","0"
"5063","19-05-21 19:00","England","Premier League","2020/2021","Newcastle","Sheffield Utd","50","50","66","34","33","67","16","11","12","2","4","9","5","1","4","0","1","1","9","9","6","2","3","7"
"5064","19-05-21 19:00","England","Premier League","2020/2021","Tottenham","Aston Villa","61","39","60","40","62","38","10","20","2","11","8","9","4","4","1","3","3","1","2","9","0","6","2","3"
"5065","18-05-21 21:15","England","Premier League","2020/2021","Chelsea","Leicester","59","41","64","36","54","46","17","7","11","1","6","6","6","3","3","0","3","3","5","3","4","1","1","2"
"5066","18-05-21 20:00","England","Premier League","2020/2021","Brighton","Manchester City","63","37","54","46","72","28","19","8","7","4","12","4","6","4","1","1","5","3","4","2","2","1","2","1"
"5067","18-05-21 19:00","England","Premier League","2020/2021","Manchester Utd","Fulham","57","43","64","36","50","50","13","8","6","2","7","6","6","5","3","2","3","3","5","2","3","0","2","2"
"5068","18-05-21 19:00","England","Premier League","2020/2021","Southampton","Leeds","51","49","47","53","55","45","18","15","9","5","9","10","3","7","2","0","1","7","11","6","5","4","6","2"
"5069","16-05-21 20:00","England","Premier League","2020/2021","Everton","Sheffield Utd","62","38","58","42","66","34","16","10","8","6","8","4","6","3","4","3","2","0","5","3","2","1","3","2"
"5070","16-05-21 17:30","England","Premier League","2020/2021","West Brom","Liverpool","24","76","26","74","22","78","10","26","5","13","5","13","3","6","1","3","2","3","6","10","3","5","3","5"
"5071","16-05-21 15:05","England","Premier League","2020/2021","Tottenham","Wolves","62","38","62","38","62","38","24","15","10","4","14","11","13","3","5","1","8","2","9","7","3","2","6","5"
"5072","16-05-21 13:00","England","Premier League","2020/2021","Crystal Palace","Aston Villa","46","54","41","59","51","49","23","19","11","9","12","10","8","5","4","3","4","2","3","8","2","4","1","4"
"5073","15-05-21 21:00","England","Premier League","2020/2021","Brighton","West Ham","51","49","44","56","58","42","10","15","2","4","8","11","2","3","0","2","2","1","2","8","0","2","2","6"
"5074","15-05-21 16:00","England","Premier League","2020/2021","Southampton","Fulham","46","54","42","58","50","50","11","10","4","5","7","5","7","3","3","1","4","2","2","4","1","3","1","1"
"5075","15-05-21 13:30","England","Premier League","2020/2021","Burnley","Leeds","48","52","46","54","50","50","16","16","4","9","12","7","4","6","1","2","3","4","8","5","2","4","6","1"
"5076","14-05-21 21:00","England","Premier League","2020/2021","Newcastle","Manchester City","18","82","18","82","18","82","11","15","5","8","6","7","5","6","2","4","3","2","3","7","2","4","1","3"
"5077","13-05-21 21:15","England","Premier League","2020/2021","Manchester Utd","Liverpool","53","47","45","55","61","39","18","17","7","10","11","7","3","8","1","4","2","4","8","5","4","2","4","3"
"5078","13-05-21 19:00","England","Premier League","2020/2021","Aston Villa","Everton","58","42","58","42","58","42","13","15","6","3","7","12","2","5","1","2","1","3","7","9","3","1","4","8"
"5079","12-05-21 21:15","England","Premier League","2020/2021","Chelsea","Arsenal","68","32","63","37","73","27","19","5","8","2","11","3","5","2","3","1","2","1","9","1","3","0","6","1"
"5080","11-05-21 21:15","England","Premier League","2020/2021","Southampton","Crystal Palace","63","37","68","32","58","42","13","11","6","4","7","7","6","4","3","3","3","1","3","2","1","0","2","2"
"5081","11-05-21 19:00","England","Premier League","2020/2021","Manchester Utd","Leicester","53","47","51","49","55","45","4","12","1","3","3","9","1","3","1","1","0","2","3","3","0","0","3","3"
"5082","10-05-21 21:00","England","Premier League","2020/2021","Fulham","Burnley","68","32","63","37","73","27","21","14","6","12","15","2","3","5","2","4","1","1","11","6","2","6","9","0"
"5083","09-05-21 20:00","England","Premier League","2020/2021","Arsenal","West Brom","66","34","68","32","64","36","15","12","9","7","6","5","7","1","4","0","3","1","5","7","4","5","1","2"
"5084","09-05-21 17:30","England","Premier League","2020/2021","West Ham","Everton","69","31","63","37","75","25","11","9","6","5","5","4","0","3","0","3","0","0","6","4","2","2","4","2"
"5085","09-05-21 15:05","England","Premier League","2020/2021","Aston Villa","Manchester Utd","41","59","39","61","43","57","11","18","5","9","6","9","5","7","2","4","3","3","3","4","2","3","1","1"
"5086","09-05-21 13:00","England","Premier League","2020/2021","Wolves","Brighton","60","40","53","47","67","33","16","5","3","5","13","0","6","3","1","3","5","0","3","1","1","1","2","0"
"5087","08-05-21 21:15","England","Premier League","2020/2021","Liverpool","Southampton","54","46","52","48","56","44","14","12","9","8","5","4","6","6","4","3","2","3","5","4","3","4","2","0"
"5088","08-05-21 18:30","England","Premier League","2020/2021","Manchester City","Chelsea","48","52","57","43","39","61","16","12","7","6","9","6","4","5","3","1","1","4","6","4","2","3","4","1"
"5089","08-05-21 16:00","England","Premier League","2020/2021","Sheffield Utd","Crystal Palace","49","51","47","53","51","49","7","21","2","12","5","9","0","8","0","4","0","4","6","7","2","5","4","2"
"5090","08-05-21 13:30","England","Premier League","2020/2021","Leeds","Tottenham","53","47","58","42","48","52","16","11","8","3","8","8","7","3","4","1","3","2","5","4","1","0","4","4"
"5091","07-05-21 21:00","England","Premier League","2020/2021","Leicester","Newcastle","68","32","67","33","69","31","25","14","7","9","18","5","9","6","4","3","5","3","7","4","1","3","6","1"
"5092","03-05-21 21:15","England","Premier League","2020/2021","Burnley","West Ham","45","55","42","58","48","52","8","22","2","10","6","12","3","4","2","3","1","1","3","12","0","4","3","8"
"5093","03-05-21 19:00","England","Premier League","2020/2021","West Brom","Wolves","42","58","39","61","45","55","10","20","4","11","6","9","4","10","1","6","3","4","5","6","3","4","2","2"
"5094","02-05-21 20:15","England","Premier League","2020/2021","Tottenham","Sheffield Utd","66","34","74","26","58","42","20","8","10","4","10","4","11","1","5","0","6","1","6","3","4","2","2","1"
"5095","02-05-21 15:00","England","Premier League","2020/2021","Newcastle","Arsenal","38","62","39","61","37","63","5","19","3","13","2","6","1","5","1","4","0","1","3","10","2","7","1","3"
"5096","01-05-21 21:00","England","Premier League","2020/2021","Everton","Aston Villa","48","52","52","48","44","56","16","13","9","10","7","3","3","5","2","4","1","1","7","5","2","4","5","1"
"5097","01-05-21 18:30","England","Premier League","2020/2021","Chelsea","Fulham","49","51","56","44","42","58","9","10","4","7","5","3","5","3","3","3","2","0","1","4","0","2","1","2"
"5098","01-05-21 16:00","England","Premier League","2020/2021","Brighton","Leeds","42","58","38","62","46","54","17","11","8","6","9","5","5","2","3","2","2","0","8","5","3","2","5","3"
"5099","01-05-21 13:30","England","Premier League","2020/2021","Crystal Palace","Manchester City","30","70","28","72","32","68","9","20","6","5","3","15","4","3","2","0","2","3","4","10","3","3","1","7"
"5100","30-04-21 21:00","England","Premier League","2020/2021","Southampton","Leicester","29","71","33","67","22","78","5","23","3","5","2","18","3","9","2","4","1","5","0","9","0","1","0","8"
"5101","26-04-21 21:00","England","Premier League","2020/2021","Leicester","Crystal Palace","67","33","65","35","69","31","13","4","6","2","7","2","5","2","1","1","4","1","6","1","3","0","3","1"
"5102","25-04-21 20:00","England","Premier League","2020/2021","Aston Villa","West Brom","70","30","67","33","73","27","24","10","7","5","17","5","11","4","4","2","7","2","7","5","2","3","5","2"
"5103","25-04-21 15:00","England","Premier League","2020/2021","Leeds","Manchester Utd","44","56","48","52","40","60","6","16","3","9","3","7","3","4","1","2","2","2","1","7","1","5","0","2"
"5104","25-04-21 13:00","England","Premier League","2020/2021","Wolves","Burnley","59","41","57","43","61","39","12","14","9","9","3","5","2","7","2","4","0","3","5","6","3","4","2","2"
"5105","24-04-21 21:00","England","Premier League","2020/2021","Sheffield Utd","Brighton","32","68","33","67","31","69","7","17","5","4","2","13","3","4","1","1","2","3","1","8","1","1","0","7"
"5106","24-04-21 18:30","England","Premier League","2020/2021","West Ham","Chelsea","45","55","36","64","54","46","9","17","3","6","6","11","2","6","0","3","2","3","4","6","2","2","2","4"
"5107","24-04-21 13:30","England","Premier League","2020/2021","Liverpool","Newcastle","69","31","71","29","67","33","22","7","12","2","10","5","9","4","4","1","5","3","8","1","5","0","3","1"
"5108","23-04-21 21:00","England","Premier League","2020/2021","Arsenal","Everton","59","41","59","41","59","41","14","8","6","7","8","1","3","1","1","1","2","0","3","3","0","3","3","0"
"5109","22-04-21 21:00","England","Premier League","2020/2021","Leicester","West Brom","73","27","72","28","74","26","17","4","12","2","5","2","7","1","6","1","1","0","5","3","3","1","2","2"
"5110","21-04-21 21:15","England","Premier League","2020/2021","Aston Villa","Manchester City","28","72","22","78","34","66","8","13","6","8","2","5","3","3","2","3","1","0","3","7","2","3","1","4"
"5111","21-04-21 19:00","England","Premier League","2020/2021","Tottenham","Southampton","62","38","58","42","66","34","12","10","6","9","6","1","3","5","0","4","3","1","5","3","4","3","1","0"
"5112","20-04-21 21:15","England","Premier League","2020/2021","Chelsea","Brighton","64","36","63","37","65","35","7","11","3","4","4","7","4","2","2","1","2","1","2","4","1","1","1","3"
"5113","19-04-21 21:00","England","Premier League","2020/2021","Leeds","Liverpool","62","38","52","48","72","28","12","17","4","10","8","7","5","7","2","4","3","3","4","6","2","3","2","3"
"5114","18-04-21 17:00","England","Premier League","2020/2021","Manchester Utd","Burnley","69","31","73","27","65","35","17","10","7","3","10","7","9","3","2","1","7","2","4","4","3","2","1","2"
"5115","18-04-21 14:30","England","Premier League","2020/2021","Arsenal","Fulham","69","31","66","34","72","28","18","3","3","2","15","1","5","1","1","0","4","1","8","0","2","0","6","0"
"5116","17-04-21 21:15","England","Premier League","2020/2021","Wolves","Sheffield Utd","48","52","56","44","40","60","10","8","4","2","6","6","5","2","2","1","3","1","3","2","1","1","2","1"
"5117","17-04-21 13:30","England","Premier League","2020/2021","Newcastle","West Ham","35","65","30","70","40","60","16","16","11","4","5","12","8","6","6","1","2","5","1","4","0","2","1","2"
"5118","16-04-21 21:00","England","Premier League","2020/2021","Everton","Tottenham","53","47","50","50","56","44","18","12","10","4","8","8","7","3","5","1","2","2","8","4","3","1","5","3"
"5119","12-04-21 21:15","England","Premier League","2020/2021","Brighton","Everton","55","45","55","45","55","45","23","8","9","4","14","4","3","1","2","0","1","1","10","6","4","4","6","2"
"5120","12-04-21 19:00","England","Premier League","2020/2021","West Brom","Southampton","40","60","51","49","29","71","15","14","13","5","2","9","6","4","5","2","1","2","6","10","5","3","1","7"
"5121","11-04-21 20:00","England","Premier League","2020/2021","Sheffield Utd","Arsenal","45","55","41","59","49","51","7","14","2","8","5","6","2","5","1","2","1","3","2","3","1","2","1","1"
"5122","11-04-21 17:30","England","Premier League","2020/2021","Tottenham","Manchester Utd","47","53","52","48","42","58","12","12","3","1","9","11","3","7","1","0","2","7","6","2","1","0","5","2"
"5123","11-04-21 15:05","England","Premier League","2020/2021","West Ham","Leicester","36","64","46","54","26","74","4","15","3","4","1","11","4","4","3","2","1","2","0","5","0","1","0","4"
"5124","11-04-21 13:00","England","Premier League","2020/2021","Burnley","Newcastle","57","43","49","51","65","35","24","10","11","5","13","5","4","5","2","1","2","4","14","2","6","2","8","0"
"5125","10-04-21 18:30","England","Premier League","2020/2021","Crystal Palace","Chelsea","36","64","33","67","39","61","1","23","0","12","1","11","1","10","0","7","1","3","0","6","0","2","0","4"
"5126","10-04-21 16:00","England","Premier League","2020/2021","Liverpool","Aston Villa","67","33","67","33","67","33","23","9","12","4","11","5","10","5","3","4","7","1","6","4","5","0","1","4"
"5127","10-04-21 13:30","England","Premier League","2020/2021","Manchester City","Leeds","71","29","63","37","79","21","29","2","11","1","18","1","7","2","1","1","6","1","11","0","6","0","5","0"
"5128","09-04-21 21:00","England","Premier League","2020/2021","Fulham","Wolves","50","50","47","53","53","47","14","7","3","2","11","5","3","3","0","1","3","2","7","4","2","1","5","3"
"5129","05-04-21 21:15","England","Premier League","2020/2021","Wolves","West Ham","66","34","63","37","69","31","20","9","13","7","7","2","5","6","3","5","2","1","13","3","9","2","4","1"
"5130","05-04-21 19:00","England","Premier League","2020/2021","Everton","Crystal Palace","47","53","47","53","47","53","15","13","7","6","8","7","7","6","2","1","5","5","7","4","5","2","2","2"
"5131","04-04-21 20:30","England","Premier League","2020/2021","Manchester Utd","Brighton","58","42","63","37","53","47","15","5","3","5","12","0","7","3","0","3","7","0","6","0","3","0","3","0"
"5132","04-04-21 17:30","England","Premier League","2020/2021","Aston Villa","Fulham","53","47","55","45","51","49","14","13","6","8","8","5","4","6","0","3","4","3","5","4","3","3","2","1"
"5133","04-04-21 15:05","England","Premier League","2020/2021","Newcastle","Tottenham","41","59","42","58","40","60","22","11","11","4","11","7","6","5","4","3","2","2","7","4","3","0","4","4"
"5134","04-04-21 13:00","England","Premier League","2020/2021","Southampton","Burnley","53","47","62","38","44","56","24","7","14","3","10","4","9","5","3","3","6","2","3","2","1","0","2","2"
"5135","03-04-21 21:00","England","Premier League","2020/2021","Arsenal","Liverpool","36","64","35","65","37","63","3","16","1","6","2","10","2","7","1","1","1","6","0","6","0","4","0","2"
"5136","03-04-21 18:30","England","Premier League","2020/2021","Leicester","Manchester City","43","57","38","62","49","51","5","11","0","6","5","5","2","4","0","1","2","3","2","6","0","5","2","1"
"5137","03-04-21 16:00","England","Premier League","2020/2021","Leeds","Sheffield Utd","54","46","57","43","51","49","23","9","12","5","11","4","8","1","5","1","3","0","9","4","4","1","5","3"
"5138","03-04-21 13:30","England","Premier League","2020/2021","Chelsea","West Brom","66","34","66","34","66","34","18","14","8","6","10","8","8","7","5","3","3","4","6","4","2","2","4","2"
"5139","21-03-21 20:30","England","Premier League","2020/2021","Aston Villa","Tottenham","50","50","49","51","51","49","8","9","0","5","8","4","1","3","0","1","1","2","2","3","0","2","2","1"
"5140","21-03-21 16:00","England","Premier League","2020/2021","West Ham","Arsenal","37","63","38","62","36","64","15","16","8","6","7","10","5","7","3","2","2","5","7","4","4","2","3","2"
"5141","20-03-21 21:00","England","Premier League","2020/2021","Brighton","Newcastle","65","35","74","26","56","44","11","3","8","1","3","2","6","1","4","0","2","1","1","2","1","1","0","1"
"5142","19-03-21 21:00","England","Premier League","2020/2021","Fulham","Leeds","52","48","44","56","60","40","13","13","5","2","8","11","6","4","4","1","2","3","4","7","1","0","3","7"
"5143","15-03-21 21:00","England","Premier League","2020/2021","Wolves","Liverpool","53","47","52","48","54","46","10","12","4","5","6","7","5","4","2","1","3","3","2","5","1","1","1","4"
"6565","14-03-21 20:15","England","Premier League","2020/2021","Manchester Utd","West Ham","62","38","66","34","58","42","15","7","8","0","7","7","4","0","2","0","2","0","4","3","2","0","2","3"
"6566","14-03-21 17:30","England","Premier League","2020/2021","Arsenal","Tottenham","53","47","57","43","49","51","13","6","10","1","3","5","3","3","1","1","2","2","8","2","7","0","1","2"
"6567","14-03-21 15:00","England","Premier League","2020/2021","Leicester","Sheffield Utd","72","28","70","30","74","26","19","1","7","0","12","1","10","0","3","0","7","0","4","1","1","0","3","1"
"6568","14-03-21 13:00","England","Premier League","2020/2021","Southampton","Brighton","59","41","55","45","63","37","9","8","7","4","2","4","4","6","3","4","1","2","1","0","1","0","0","0"
"5144","13-03-21 21:00","England","Premier League","2020/2021","Fulham","Manchester City","46","54","44","56","48","52","3","8","1","4","2","4","0","7","0","3","0","4","0","1","0","1","0","0"
"5145","13-03-21 18:30","England","Premier League","2020/2021","Everton","Burnley","66","34","68","32","64","36","14","14","6","10","8","4","4","5","3","3","1","2","5","6","1","4","4","2"
"5146","13-03-21 16:00","England","Premier League","2020/2021","Crystal Palace","West Brom","44","56","49","51","39","61","6","12","3","5","3","7","4","1","2","0","2","1","1","6","1","3","0","3"
"5147","13-03-21 13:30","England","Premier League","2020/2021","Leeds","Chelsea","38","62","40","60","36","64","7","15","1","7","6","8","4","8","1","3","3","5","0","2","0","1","0","1"
"5148","12-03-21 21:00","England","Premier League","2020/2021","Newcastle","Aston Villa","49","51","50","50","48","52","12","15","5","5","7","10","3","6","1","2","2","4","4","4","2","2","2","2"
"5149","10-03-21 19:00","England","Premier League","2020/2021","Manchester City","Southampton","58","42","55","45","61","39","17","11","7","6","10","5","10","6","4","4","6","2","5","3","2","2","3","1"
"5150","08-03-21 21:00","England","Premier League","2020/2021","West Ham","Leeds","35","65","39","61","31","69","16","17","9","2","7","15","5","2","4","0","1","2","6","10","3","1","3","9"
"5151","08-03-21 19:00","England","Premier League","2020/2021","Chelsea","Everton","65","35","67","33","63","37","19","7","8","4","11","3","9","1","1","1","8","0","6","4","4","2","2","2"
"5152","07-03-21 20:15","England","Premier League","2020/2021","Tottenham","Crystal Palace","64","36","62","38","66","34","12","5","4","1","8","4","5","1","2","1","3","0","4","3","1","0","3","3"
"5153","07-03-21 17:30","England","Premier League","2020/2021","Manchester City","Manchester Utd","66","34","67","33","65","35","23","8","13","4","10","4","6","6","4","3","2","3","10","0","3","0","7","0"
"5154","07-03-21 15:00","England","Premier League","2020/2021","Liverpool","Fulham","63","37","52","48","74","26","16","10","5","8","11","2","3","3","2","2","1","1","11","5","3","4","8","1"
"5155","07-03-21 13:00","England","Premier League","2020/2021","West Brom","Newcastle","53","47","52","48","54","46","13","9","5","4","8","5","3","5","3","2","0","3","6","2","1","0","5","2"
"5156","06-03-21 21:00","England","Premier League","2020/2021","Brighton","Leicester","37","63","39","61","35","65","7","8","4","3","3","5","2","4","1","2","1","2","3","4","1","1","2","3"
"5157","06-03-21 18:30","England","Premier League","2020/2021","Aston Villa","Wolves","49","51","53","47","45","55","9","10","5","3","4","7","1","2","0","0","1","2","5","6","3","1","2","5"
"5158","06-03-21 16:00","England","Premier League","2020/2021","Sheffield Utd","Southampton","51","49","40","60","62","38","8","15","3","7","5","8","2","7","1","2","1","5","5","4","2","2","3","2"
"5159","06-03-21 13:30","England","Premier League","2020/2021","Burnley","Arsenal","41","59","41","59","41","59","9","15","4","5","5","10","5","3","3","1","2","2","4","6","1","3","3","3"
"5160","04-03-21 21:15","England","Premier League","2020/2021","Liverpool","Chelsea","54","46","53","47","55","45","7","11","2","6","5","5","1","5","0","2","1","3","4","5","2","3","2","2"
"5161","04-03-21 19:00","England","Premier League","2020/2021","Fulham","Tottenham","60","40","54","46","66","34","11","9","4","6","7","3","3","2","0","1","3","1","7","5","4","4","3","1"
"5162","04-03-21 19:00","England","Premier League","2020/2021","West Brom","Everton","48","52","41","59","55","45","11","11","4","6","7","5","3","3","2","1","1","2","3","2","1","0","2","2"
"5163","03-03-21 21:15","England","Premier League","2020/2021","Crystal Palace","Manchester Utd","37","63","34","66","40","60","8","11","3","7","5","4","2","1","0","1","2","0","3","6","1","3","2","3"
"5164","03-03-21 19:00","England","Premier League","2020/2021","Burnley","Leicester","40","60","30","70","50","50","12","16","6","5","6","11","7","4","5","3","2","1","5","6","1","2","4","4"
"5165","03-03-21 19:00","England","Premier League","2020/2021","Sheffield Utd","Aston Villa","28","72","39","61","17","83","9","16","8","5","1","11","2","4","2","1","0","3","5","5","4","3","1","2"
"5166","02-03-21 21:00","England","Premier League","2020/2021","Manchester City","Wolves","72","28","74","26","70","30","22","6","10","0","12","6","10","1","2","0","8","1","4","2","3","0","1","2"
"5167","01-03-21 21:00","England","Premier League","2020/2021","Everton","Southampton","47","53","48","52","46","54","7","9","3","1","4","8","1","1","1","0","0","1","2","4","1","1","1","3"
"5168","28-02-21 20:15","England","Premier League","2020/2021","Sheffield Utd","Liverpool","40","60","37","63","43","57","8","16","3","7","5","9","2","8","1","5","1","3","4","4","1","0","3","4"
"5169","28-02-21 17:30","England","Premier League","2020/2021","Chelsea","Manchester Utd","57","43","51","49","63","37","18","11","5","4","13","7","6","4","1","1","5","3","5","2","3","0","2","2"
"5170","28-02-21 15:00","England","Premier League","2020/2021","Tottenham","Burnley","58","42","56","44","60","40","16","10","9","6","7","4","7","3","4","2","3","1","7","4","4","2","3","2"
"5171","28-02-21 13:00","England","Premier League","2020/2021","Crystal Palace","Fulham","41","59","39","61","43","57","3","16","3","2","0","14","0","4","0","0","0","4","1","10","1","2","0","8"
"5172","28-02-21 13:00","England","Premier League","2020/2021","Leicester","Arsenal","44","56","33","67","55","45","8","12","3","5","5","7","3","4","3","2","0","2","2","4","0","2","2","2"
"5173","27-02-21 21:00","England","Premier League","2020/2021","Newcastle","Wolves","48","52","55","45","41","59","19","14","8","7","11","7","7","4","4","2","3","2","6","7","2","4","4","3"
"5174","27-02-21 18:30","England","Premier League","2020/2021","Leeds","Aston Villa","69","31","68","32","70","30","13","9","8","7","5","2","3","4","3","4","0","0","5","3","3","2","2","1"
"5175","27-02-21 16:00","England","Premier League","2020/2021","West Brom","Brighton","30","70","31","69","29","71","6","15","5","6","1","9","2","6","2","3","0","3","3","7","3","2","0","5"
"5176","27-02-21 13:30","England","Premier League","2020/2021","Manchester City","West Ham","63","37","65","35","61","39","10","9","3","7","7","2","3","3","2","3","1","0","2","4","0","2","2","2"
"5177","23-02-21 19:00","England","Premier League","2020/2021","Leeds","Southampton","47","53","55","45","39","61","11","13","2","4","9","9","7","5","1","1","6","4","4","6","1","3","3","3"
"5178","22-02-21 21:00","England","Premier League","2020/2021","Brighton","Crystal Palace","75","25","72","28","78","22","25","3","6","1","19","2","5","2","0","1","5","1","11","1","4","0","7","1"
"5179","21-02-21 20:00","England","Premier League","2020/2021","Manchester Utd","Newcastle","72","28","73","27","71","29","15","10","5","6","10","4","7","6","2","4","5","2","4","3","1","1","3","2"
"5180","21-02-21 17:30","England","Premier League","2020/2021","Arsenal","Manchester City","45","55","42","58","48","52","7","15","3","6","4","9","1","3","1","2","0","1","3","6","2","1","1","5"
"5181","21-02-21 15:05","England","Premier League","2020/2021","Aston Villa","Leicester","50","50","48","52","52","48","11","16","3","9","8","7","2","7","0","5","2","2","5","2","2","0","3","2"
"5182","21-02-21 13:00","England","Premier League","2020/2021","West Ham","Tottenham","31","69","29","71","33","67","4","20","3","10","1","10","4","4","3","2","1","2","0","13","0","5","0","8"
"5183","20-02-21 21:00","England","Premier League","2020/2021","Fulham","Sheffield Utd","65","35","73","27","57","43","15","4","7","0","8","4","6","2","2","0","4","2","6","2","4","0","2","2"
"5184","20-02-21 18:30","England","Premier League","2020/2021","Liverpool","Everton","72","28","63","37","81","19","15","9","7","5","8","4","6","6","2","3","4","3","7","3","4","2","3","1"
"5185","20-02-21 16:00","England","Premier League","2020/2021","Burnley","West Brom","62","38","62","38","62","38","6","10","2","6","4","4","1","3","0","2","1","1","4","6","2","3","2","3"
"5186","20-02-21 13:30","England","Premier League","2020/2021","Southampton","Chelsea","29","71","27","73","31","69","4","9","1","3","3","6","1","3","1","2","0","1","3","4","0","1","3","3"
"5187","19-02-21 21:00","England","Premier League","2020/2021","Wolves","Leeds","41","59","45","55","37","63","15","18","9","8","6","10","5","7","5","3","0","4","5","5","1","2","4","3"
"5188","17-02-21 21:15","England","Premier League","2020/2021","Everton","Manchester City","30","70","31","69","29","71","3","16","2","10","1","6","2","7","1","4","1","3","1","4","1","2","0","2"
"5189","17-02-21 19:00","England","Premier League","2020/2021","Burnley","Fulham","46","54","46","54","46","54","8","8","3","2","5","6","3","3","1","1","2","2","5","4","2","1","3","3"
"5190","15-02-21 21:00","England","Premier League","2020/2021","Chelsea","Newcastle","66","34","68","32","64","36","18","10","12","2","6","8","6","4","3","0","3","4","7","4","6","1","1","3"
"5191","15-02-21 19:00","England","Premier League","2020/2021","West Ham","Sheffield Utd","46","54","49","51","43","57","13","8","6","2","7","6","9","5","4","1","5","4","3","2","2","1","1","1"
"5192","14-02-21 20:00","England","Premier League","2020/2021","Everton","Fulham","50","50","43","57","57","43","7","12","3","6","4","6","2","3","0","0","2","3","3","6","3","5","0","1"
"5193","14-02-21 17:30","England","Premier League","2020/2021","Arsenal","Leeds","46","54","52","48","40","60","13","9","8","3","5","6","5","5","3","2","2","3","3","2","2","1","1","1"
"5194","14-02-21 15:00","England","Premier League","2020/2021","West Brom","Manchester Utd","27","73","29","71","25","75","7","10","3","2","4","8","3","7","2","2","1","5","4","0","1","0","3","0"
"5195","14-02-21 13:00","England","Premier League","2020/2021","Southampton","Wolves","51","49","53","47","48","52","7","10","3","3","4","7","3","4","2","0","1","4","3","3","1","3","2","0"
"5196","13-02-21 21:00","England","Premier League","2020/2021","Brighton","Aston Villa","58","42","52","48","65","35","26","4","12","1","14","3","9","1","4","0","5","1","7","1","4","0","3","1"
"5197","13-02-21 18:30","England","Premier League","2020/2021","Manchester City","Tottenham","61","39","65","35","57","43","15","7","8","2","7","5","6","3","1","0","5","3","4","2","3","1","1","1"
"5198","13-02-21 16:00","England","Premier League","2020/2021","Crystal Palace","Burnley","53","47","51","49","55","45","13","16","7","9","6","7","3","4","2","2","1","2","3","6","1","1","2","5"
"5199","13-02-21 13:30","England","Premier League","2020/2021","Leicester","Liverpool","38","62","37","63","39","61","11","15","6","9","5","6","6","4","1","3","5","1","4","3","4","2","0","1"
"5200","08-02-21 21:00","England","Premier League","2020/2021","Leeds","Crystal Palace","68","32","66","34","70","30","17","8","8","2","9","6","7","3","2","1","5","2","7","2","5","0","2","2"
"5201","07-02-21 20:15","England","Premier League","2020/2021","Sheffield Utd","Chelsea","31","69","24","76","38","62","8","9","2","5","6","4","3","3","0","2","3","1","3","4","2","2","1","2"
"5202","07-02-21 17:30","England","Premier League","2020/2021","Liverpool","Manchester City","56","44","54","46","58","42","8","8","5","2","3","6","3","5","2","0","1","5","2","3","1","2","1","1"
"5203","07-02-21 15:00","England","Premier League","2020/2021","Wolves","Leicester","44","56","44","56","44","56","13","13","5","6","8","7","1","3","0","2","1","1","6","5","2","1","4","4"
"5204","07-02-21 13:00","England","Premier League","2020/2021","Tottenham","West Brom","66","34","70","30","62","38","13","4","9","2","4","2","6","1","3","1","3","0","4","3","3","1","1","2"
"5205","06-02-21 21:00","England","Premier League","2020/2021","Manchester Utd","Everton","62","38","61","39","63","37","14","6","7","1","7","5","5","3","2","0","3","3","6","3","3","1","3","2"
"5206","06-02-21 18:30","England","Premier League","2020/2021","Fulham","West Ham","61","39","60","40","62","38","20","8","8","4","12","4","2","1","1","1","1","0","12","6","3","3","9","3"
"5207","06-02-21 16:00","England","Premier League","2020/2021","Burnley","Brighton","54","46","52","48","56","44","20","10","11","5","9","5","7","2","4","2","3","0","7","6","5","2","2","4"
"5208","06-02-21 16:00","England","Premier League","2020/2021","Newcastle","Southampton","26","74","32","68","20","80","6","14","4","6","2","8","4","5","4","3","0","2","1","5","0","1","1","4"
"5209","06-02-21 13:30","England","Premier League","2020/2021","Aston Villa","Arsenal","34","66","38","62","30","70","12","14","3","5","9","9","8","3","2","1","6","2","3","6","0","3","3","3"
"5210","04-02-21 21:00","England","Premier League","2020/2021","Tottenham","Chelsea","42","58","32","68","52","48","7","18","2","7","5","11","2","2","1","1","1","1","5","7","1","2","4","5"
"5211","03-02-21 21:15","England","Premier League","2020/2021","Aston Villa","West Ham","56","44","51","49","61","39","9","20","3","10","6","10","2","10","0","5","2","5","5","4","3","2","2","2"
"5212","03-02-21 21:15","England","Premier League","2020/2021","Liverpool","Brighton","63","37","61","39","65","35","11","13","2","5","9","8","1","4","0","0","1","4","4","7","1","4","3","3"
"5213","03-02-21 20:30","England","Premier League","2020/2021","Leeds","Everton","63","37","62","38","64","36","16","10","7","7","9","3","7","6","3","4","4","2","6","4","3","3","3","1"
"5214","03-02-21 19:00","England","Premier League","2020/2021","Burnley","Manchester City","25","75","30","70","20","80","2","13","0","5","2","8","0","6","0","3","0","3","2","1","0","0","2","1"
"5215","03-02-21 19:00","England","Premier League","2020/2021","Fulham","Leicester","57","43","50","50","65","35","8","9","4","7","4","2","1","5","1","5","0","0","4","2","1","1","3","1"
"5216","02-02-21 21:15","England","Premier League","2020/2021","Manchester Utd","Southampton","75","25","74","26","76","24","24","3","10","2","14","1","14","1","6","1","8","0","5","2","2","1","3","1"
"5217","02-02-21 21:15","England","Premier League","2020/2021","Newcastle","Crystal Palace","61","39","51","49","71","29","21","6","9","5","12","1","5","3","3","3","2","0","10","2","4","1","6","1"
"5218","02-02-21 19:00","England","Premier League","2020/2021","Sheffield Utd","West Brom","68","32","70","30","66","34","14","8","4","5","10","3","6","4","2","3","4","1","4","2","2","1","2","1"
"5219","02-02-21 19:00","England","Premier League","2020/2021","Wolves","Arsenal","55","45","45","55","65","35","11","9","5","6","6","3","7","3","3","3","4","0","4","1","2","1","2","0"
"5220","31-01-21 20:15","England","Premier League","2020/2021","Brighton","Tottenham","43","57","44","56","42","58","16","8","10","1","6","7","5","4","2","0","3","4","7","1","6","1","1","0"
"5221","31-01-21 17:30","England","Premier League","2020/2021","West Ham","Liverpool","33","67","30","70","36","64","8","14","4","7","4","7","2","5","1","1","1","4","3","6","0","4","3","2"
"5222","31-01-21 15:00","England","Premier League","2020/2021","Leicester","Leeds","51","49","47","53","55","45","18","8","8","4","10","4","8","7","4","4","4","3","4","0","1","0","3","0"
"5223","31-01-21 13:00","England","Premier League","2020/2021","Chelsea","Burnley","71","29","63","37","79","21","19","1","10","0","9","1","8","0","4","0","4","0","9","1","5","0","4","1"
"5224","30-01-21 21:00","England","Premier League","2020/2021","Southampton","Aston Villa","60","40","59","41","61","39","20","8","8","6","12","2","5","4","0","3","5","1","6","3","4","2","2","1"
"5225","30-01-21 18:30","England","Premier League","2020/2021","Arsenal","Manchester Utd","43","57","37","63","49","51","17","14","7","7","10","7","3","3","2","2","1","1","8","8","4","3","4","5"
"5226","30-01-21 16:00","England","Premier League","2020/2021","Crystal Palace","Wolves","48","52","53","47","43","57","11","6","4","0","7","6","2","4","0","0","2","4","6","1","3","0","3","1"
"5227","30-01-21 16:00","England","Premier League","2020/2021","Manchester City","Sheffield Utd","75","25","75","25","75","25","10","4","3","1","7","3","5","1","2","1","3","0","1","2","0","0","1","2"
"5228","30-01-21 16:00","England","Premier League","2020/2021","West Brom","Fulham","37","63","37","63","37","63","5","12","1","8","4","4","3","7","1","4","2","3","2","3","0","3","2","0"
"5229","30-01-21 13:30","England","Premier League","2020/2021","Everton","Newcastle","61","39","55","45","67","33","11","13","6","7","5","6","3","3","2","1","1","2","6","5","4","2","2","3"
"5230","28-01-21 21:00","England","Premier League","2020/2021","Tottenham","Liverpool","49","51","41","59","57","43","3","14","2","7","1","7","2","7","1","4","1","3","1","6","1","2","0","4"
"5231","27-01-21 21:15","England","Premier League","2020/2021","Everton","Leicester","35","65","38","62","32","68","8","19","3","6","5","13","2","6","1","1","1","5","4","3","1","1","3","2"
"5232","27-01-21 21:15","England","Premier League","2020/2021","Manchester Utd","Sheffield Utd","76","24","78","22","74","26","16","5","7","2","9","3","4","3","1","2","3","1","5","1","2","0","3","1"
"5233","27-01-21 20:30","England","Premier League","2020/2021","Brighton","Fulham","50","50","41","59","61","39","16","10","7","3","9","7","5","3","4","0","1","3","5","5","1","3","4","2"
"5234","27-01-21 19:00","England","Premier League","2020/2021","Burnley","Aston Villa","38","62","37","63","39","61","10","18","4","11","6","7","5","10","1","6","4","4","3","5","1","4","2","1"
"5235","27-01-21 19:00","England","Premier League","2020/2021","Chelsea","Wolves","79","21","79","21","79","21","14","4","5","2","9","2","5","0","2","0","3","0","5","4","2","2","3","2"
"5236","26-01-21 21:15","England","Premier League","2020/2021","Southampton","Arsenal","58","42","49","51","67","33","13","9","8","5","5","4","5","5","3","3","2","2","5","4","4","2","1","2"
"5237","26-01-21 21:15","England","Premier League","2020/2021","West Brom","Manchester City","22","78","26","74","17","83","4","18","3","9","1","9","1","7","1","5","0","2","2","4","1","2","1","2"
"5238","26-01-21 19:00","England","Premier League","2020/2021","Crystal Palace","West Ham","54","46","47","53","61","39","6","17","1","8","5","9","3","7","1","4","2","3","3","6","0","4","3","2"
"5239","26-01-21 19:00","England","Premier League","2020/2021","Newcastle","Leeds","42","58","37","63","47","53","22","9","7","6","15","3","5","2","0","1","5","1","10","4","6","4","4","0"
"5240","23-01-21 21:00","England","Premier League","2020/2021","Aston Villa","Newcastle","59","41","60","40","58","42","14","7","8","4","6","3","5","1","3","1","2","0","6","4","3","2","3","2"
"5241","21-01-21 21:00","England","Premier League","2020/2021","Liverpool","Burnley","72","28","67","33","77","23","27","6","13","3","14","3","6","4","4","3","2","1","10","2","6","0","4","2"
"5242","20-01-21 21:15","England","Premier League","2020/2021","Fulham","Manchester Utd","38","62","38","62","38","62","12","15","4","8","8","7","5","5","3","2","2","3","4","6","0","5","4","1"
"5243","20-01-21 19:00","England","Premier League","2020/2021","Manchester City","Aston Villa","69","31","69","31","69","31","28","11","13","3","15","8","9","4","3","1","6","3","7","4","2","1","5","3"
"5244","19-01-21 21:15","England","Premier League","2020/2021","Leicester","Chelsea","36","64","36","64","36","64","8","9","5","4","3","5","6","5","4","2","2","3","2","3","1","2","1","1"
"5245","19-01-21 19:00","England","Premier League","2020/2021","West Ham","West Brom","59","41","66","34","52","48","14","6","7","2","7","4","6","2","3","0","3","2","5","4","2","2","3","2"
"5246","18-01-21 21:00","England","Premier League","2020/2021","Arsenal","Newcastle","66","34","67","33","65","35","20","4","7","1","13","3","6","1","1","0","5","1","11","2","6","1","5","1"
"5247","17-01-21 20:15","England","Premier League","2020/2021","Manchester City","Crystal Palace","73","27","76","24","70","30","13","2","8","1","5","1","6","0","2","0","4","0","2","1","1","1","1","0"
"5248","17-01-21 17:30","England","Premier League","2020/2021","Liverpool","Manchester Utd","66","34","66","34","66","34","17","8","9","1","8","7","3","4","1","0","2","4","6","1","4","1","2","0"
"5249","17-01-21 15:00","England","Premier League","2020/2021","Sheffield Utd","Tottenham","42","58","38","62","46","54","15","14","7","6","8","8","5","5","2","3","3","2","3","4","0","1","3","3"
"5250","16-01-21 21:00","England","Premier League","2020/2021","Leicester","Southampton","47","53","49","51","45","55","16","8","6","2","10","6","5","3","2","2","3","1","9","5","4","0","5","5"
"5251","16-01-21 18:30","England","Premier League","2020/2021","Fulham","Chelsea","30","70","38","62","22","78","10","21","5","8","5","13","3","6","0","3","3","3","5","7","3","3","2","4"
"5252","16-01-21 16:00","England","Premier League","2020/2021","Leeds","Brighton","66","34","65","35","67","33","7","7","1","3","6","4","2","2","0","1","2","1","3","3","1","1","2","2"
"5253","16-01-21 16:00","England","Premier League","2020/2021","West Ham","Burnley","45","55","45","55","45","55","15","10","5","6","10","4","4","2","2","2","2","0","6","3","2","2","4","1"
"5254","16-01-21 13:30","England","Premier League","2020/2021","Wolves","West Brom","68","32","65","35","71","29","24","12","11","8","13","4","6","5","5","3","1","2","10","5","4","3","6","2"
"5255","14-01-21 21:00","England","Premier League","2020/2021","Arsenal","Crystal Palace","67","33","61","39","75","25","11","12","2","9","9","3","4","2","2","2","2","0","5","6","0","5","5","1"
"5256","13-01-21 21:15","England","Premier League","2020/2021","Tottenham","Fulham","52","48","58","42","45","55","15","15","10","7","5","8","6","4","4","2","2","2","6","5","4","2","2","3"
"5257","13-01-21 19:00","England","Premier League","2020/2021","Manchester City","Brighton","65","35","71","29","58","42","16","5","8","2","8","3","6","1","3","0","3","1","4","3","1","2","3","1"
"5258","12-01-21 21:15","England","Premier League","2020/2021","Burnley","Manchester Utd","37","63","34","66","40","60","12","13","5","5","7","8","0","7","0","2","0","5","7","2","2","1","5","1"
"5259","12-01-21 21:15","England","Premier League","2020/2021","Wolves","Everton","52","48","51","49","53","47","13","5","7","3","6","2","3","3","3","2","0","1","7","1","2","1","5","0"
"5260","12-01-21 19:00","England","Premier League","2020/2021","Sheffield Utd","Newcastle","66","34","61","39","71","29","17","7","10","3","7","4","4","3","2","0","2","3","6","3","3","2","3","1"
"5261","04-01-21 21:00","England","Premier League","2020/2021","Southampton","Liverpool","33","67","37","63","29","71","7","17","4","6","3","11","3","1","1","0","2","1","3","11","2","6","1","5"
"5262","03-01-21 17:30","England","Premier League","2020/2021","Chelsea","Manchester City","55","45","52","48","58","42","9","18","4","11","5","7","2","6","1","4","1","2","2","8","0","5","2","3"
"5263","03-01-21 15:15","England","Premier League","2020/2021","Newcastle","Leicester","43","57","40","60","46","54","7","9","3","3","4","6","2","3","1","0","1","3","3","5","1","3","2","2"
"5264","02-01-21 21:00","England","Premier League","2020/2021","West Brom","Arsenal","38","62","37","63","39","61","7","21","2","11","5","10","3","12","1","6","2","6","3","7","1","3","2","4"
"5265","02-01-21 18:30","England","Premier League","2020/2021","Brighton","Wolves","54","46","47","53","61","39","13","11","3","7","10","4","4","4","2","4","2","0","3","4","0","2","3","2"
"5266","02-01-21 16:00","England","Premier League","2020/2021","Crystal Palace","Sheffield Utd","44","56","46","54","42","58","9","7","5","2","4","5","4","2","4","1","0","1","2","1","1","0","1","1"
"5267","02-01-21 13:30","England","Premier League","2020/2021","Tottenham","Leeds","37","63","38","62","36","64","20","18","11","10","9","8","7","5","3","3","4","2","9","9","5","6","4","3"
"5268","01-01-21 21:00","England","Premier League","2020/2021","Manchester Utd","Aston Villa","49","51","51","49","47","53","19","15","11","4","8","11","9","5","3","1","6","4","5","6","3","1","2","5"
"5269","01-01-21 18:30","England","Premier League","2020/2021","Everton","West Ham","60","40","59","41","61","39","10","11","5","3","5","8","2","5","1","0","1","5","5","5","4","2","1","3"
"5270","30-12-20 21:00","England","Premier League","2020/2021","Newcastle","Liverpool","27","73","27","73","27","73","8","11","6","4","2","7","2","4","1","3","1","1","4","4","4","0","0","4"
"5271","29-12-20 21:00","England","Premier League","2020/2021","Manchester Utd","Wolves","58","42","59","41","57","43","11","9","5","7","6","2","3","5","1","4","2","1","5","2","3","2","2","0"
"5272","29-12-20 19:00","England","Premier League","2020/2021","Brighton","Arsenal","50","50","45","55","55","45","13","11","8","1","5","10","2","3","1","0","1","3","5","6","3","1","2","5"
"5273","29-12-20 19:00","England","Premier League","2020/2021","Burnley","Sheffield Utd","37","63","43","57","31","69","5","7","4","3","1","4","3","3","3","2","0","1","2","2","1","0","1","2"
"5274","29-12-20 19:00","England","Premier League","2020/2021","Southampton","West Ham","63","37","59","41","67","33","8","9","4","3","4","6","3","3","1","1","2","2","4","4","3","2","1","2"
"5275","29-12-20 19:00","England","Premier League","2020/2021","West Brom","Leeds","25","75","30","70","20","80","4","14","1","9","3","5","1","6","0","5","1","1","2","3","1","2","1","1"
"5276","28-12-20 18:30","England","Premier League","2020/2021","Chelsea","Aston Villa","63","37","58","42","68","32","16","10","7","6","9","4","5","2","2","1","3","1","7","5","3","3","4","2"
"5277","28-12-20 16:00","England","Premier League","2020/2021","Crystal Palace","Leicester","33","67","32","68","34","66","4","17","2","9","2","8","1","3","0","2","1","1","3","10","2","6","1","4"
"5278","27-12-20 20:15","England","Premier League","2020/2021","Wolves","Tottenham","55","45","53","47","57","43","11","6","4","5","7","1","6","3","2","3","4","0","2","2","1","1","1","1"
"5279","27-12-20 17:30","England","Premier League","2020/2021","Liverpool","West Brom","78","22","81","19","75","25","17","5","10","1","7","4","2","3","1","0","1","3","11","1","6","0","5","1"
"5280","27-12-20 15:15","England","Premier League","2020/2021","West Ham","Brighton","43","57","38","62","49","51","11","13","3","9","8","4","4","4","0","3","4","1","2","4","1","2","1","2"
"5281","27-12-20 13:00","England","Premier League","2020/2021","Leeds","Burnley","52","48","63","37","41","59","11","14","7","4","4","10","4","6","3","2","1","4","5","4","3","1","2","3"
"5282","26-12-20 21:00","England","Premier League","2020/2021","Manchester City","Newcastle","75","25","75","25","75","25","11","7","4","2","7","5","6","2","4","0","2","2","2","3","0","2","2","1"
"5283","26-12-20 21:00","England","Premier League","2020/2021","Sheffield Utd","Everton","44","56","39","61","49","51","10","7","4","4","6","3","2","3","2","2","0","1","5","3","0","2","5","1"
"5284","26-12-20 18:30","England","Premier League","2020/2021","Arsenal","Chelsea","40","60","49","51","31","69","15","19","7","7","8","12","7","3","2","0","5","3","4","11","2","5","2","6"
"5285","26-12-20 16:00","England","Premier League","2020/2021","Aston Villa","Crystal Palace","39","61","41","59","37","63","21","13","11","4","10","9","10","6","5","4","5","2","6","6","4","0","2","6"
"5286","26-12-20 16:00","England","Premier League","2020/2021","Fulham","Southampton","47","53","50","50","44","56","10","3","2","1","8","2","1","2","1","1","0","1","4","1","1","0","3","1"
"5287","26-12-20 13:30","England","Premier League","2020/2021","Leicester","Manchester Utd","54","46","55","45","53","47","9","9","5","5","4","4","2","4","2","2","0","2","3","4","1","2","2","2"
"5288","21-12-20 21:00","England","Premier League","2020/2021","Chelsea","West Ham","54","46","59","41","49","51","11","6","5","3","6","3","7","0","3","0","4","0","3","4","1","2","2","2"
"5289","21-12-20 18:30","England","Premier League","2020/2021","Burnley","Wolves","36","64","44","56","28","72","10","15","7","7","3","8","4","3","2","1","2","2","5","5","5","2","0","3"
"5290","20-12-20 20:15","England","Premier League","2020/2021","West Brom","Aston Villa","33","67","36","64","30","70","1","19","1","5","0","14","1","10","1","1","0","9","0","6","0","3","0","3"
"5291","20-12-20 17:30","England","Premier League","2020/2021","Manchester Utd","Leeds","41","59","40","60","42","58","26","17","11","9","15","8","14","4","6","2","8","2","6","6","1","3","5","3"
"5292","20-12-20 15:15","England","Premier League","2020/2021","Tottenham","Leicester","56","44","46","54","66","34","8","17","3","8","5","9","3","4","1","2","2","2","4","6","2","2","2","4"
"5293","20-12-20 13:00","England","Premier League","2020/2021","Brighton","Sheffield Utd","74","26","65","35","83","17","21","5","6","2","15","3","5","3","2","2","3","1","8","2","1","0","7","2"
"5294","19-12-20 21:00","England","Premier League","2020/2021","Newcastle","Fulham","49","51","33","67","65","35","12","11","6","8","6","3","5","4","2","2","3","2","5","4","2","3","3","1"
"5295","19-12-20 18:30","England","Premier League","2020/2021","Everton","Arsenal","42","58","54","46","30","70","9","13","7","3","2","10","2","2","2","2","0","0","4","7","3","1","1","6"
"5296","19-12-20 16:00","England","Premier League","2020/2021","Southampton","Manchester City","48","52","42","58","54","46","9","11","8","5","1","6","3","5","2","2","1","3","3","4","3","1","0","3"
"5297","19-12-20 13:30","England","Premier League","2020/2021","Crystal Palace","Liverpool","35","65","42","58","28","72","5","14","4","6","1","8","3","8","3","3","0","5","2","4","1","2","1","2"
"5298","17-12-20 21:00","England","Premier League","2020/2021","Sheffield Utd","Manchester Utd","40","60","36","64","44","56","12","14","7","5","5","9","6","8","3","4","3","4","5","4","4","1","1","3"
"5299","17-12-20 19:00","England","Premier League","2020/2021","Aston Villa","Burnley","59","41","62","38","56","44","27","6","16","3","11","3","7","4","5","2","2","2","11","2","4","1","7","1"
"5300","16-12-20 21:00","England","Premier League","2020/2021","Fulham","Brighton","46","54","52","48","39","61","9","9","4","3","5","6","4","4","1","2","3","2","3","4","1","1","2","3"
"5301","16-12-20 21:00","England","Premier League","2020/2021","Liverpool","Tottenham","76","24","79","21","73","27","17","8","8","1","9","7","11","2","7","1","4","1","1","6","0","0","1","6"
"5302","16-12-20 21:00","England","Premier League","2020/2021","West Ham","Crystal Palace","52","48","50","50","54","46","9","8","3","7","6","1","2","2","1","2","1","0","7","4","2","4","5","0"
"5303","16-12-20 19:00","England","Premier League","2020/2021","Arsenal","Southampton","35","65","43","57","27","73","9","13","5","6","4","7","4","3","2","2","2","1","3","8","1","4","2","4"
"5304","16-12-20 19:00","England","Premier League","2020/2021","Leeds","Newcastle","69","31","70","30","68","32","25","10","15","4","10","6","10","4","5","2","5","2","8","5","6","2","2","3"
"5305","16-12-20 19:00","England","Premier League","2020/2021","Leicester","Everton","61","39","59","41","63","37","14","11","6","5","8","6","2","6","2","2","0","4","4","1","1","0","3","1"
"5306","15-12-20 21:00","England","Premier League","2020/2021","Manchester City","West Brom","77","23","77","23","77","23","26","5","6","4","20","1","7","1","2","1","5","0","11","4","3","3","8","1"
"5307","15-12-20 19:00","England","Premier League","2020/2021","Wolves","Chelsea","45","55","42","58","48","52","12","13","6","6","6","7","4","3","2","0","2","3","6","6","3","4","3","2"
"5308","13-12-20 20:15","England","Premier League","2020/2021","Arsenal","Burnley","65","35","67","33","63","37","18","10","7","2","11","8","6","2","1","0","5","2","6","5","3","1","3","4"
"5309","13-12-20 20:15","England","Premier League","2020/2021","Leicester","Brighton","55","45","55","45","55","45","15","12","13","6","2","6","6","4","5","3","1","1","5","4","4","2","1","2"
"5310","13-12-20 17:30","England","Premier League","2020/2021","Fulham","Liverpool","25","75","29","71","21","79","10","12","6","4","4","8","5","6","4","1","1","5","4","2","2","2","2","0"
"5311","13-12-20 15:15","England","Premier League","2020/2021","Crystal Palace","Tottenham","43","57","40","60","46","54","16","14","8","8","8","6","5","6","2","4","3","2","5","5","2","2","3","3"
"5312","13-12-20 13:00","England","Premier League","2020/2021","Southampton","Sheffield Utd","68","32","79","21","57","43","16","3","10","1","6","2","6","0","3","0","3","0","7","3","4","1","3","2"
"5313","12-12-20 21:00","England","Premier League","2020/2021","Everton","Chelsea","28","72","27","73","29","71","9","10","4","6","5","4","4","3","3","3","1","0","3","4","1","1","2","3"
"5314","12-12-20 18:30","England","Premier League","2020/2021","Manchester Utd","Manchester City","46","54","48","52","44","56","11","9","7","4","4","5","2","2","1","1","1","1","6","3","3","2","3","1"
"5315","12-12-20 16:00","England","Premier League","2020/2021","Newcastle","West Brom","46","54","43","57","49","51","12","13","6","9","6","4","7","3","4","1","3","2","1","4","1","3","0","1"
"5316","12-12-20 13:30","England","Premier League","2020/2021","Wolves","Aston Villa","51","49","48","52","54","46","16","13","7","6","9","7","7","2","2","0","5","2","4","6","2","3","2","3"
"5317","11-12-20 21:00","England","Premier League","2020/2021","Leeds","West Ham","64","36","67","33","61","39","13","19","7","7","6","12","7","8","5","3","2","5","5","8","2","2","3","6"
"5318","07-12-20 21:00","England","Premier League","2020/2021","Brighton","Southampton","48","52","45","55","51","49","12","10","5","5","7","5","4","3","2","1","2","2","8","4","3","2","5","2"
"5319","06-12-20 20:15","England","Premier League","2020/2021","Liverpool","Wolves","61","39","71","29","51","49","11","9","5","5","6","4","6","3","2","1","4","2","4","5","2","4","2","1"
"5320","06-12-20 17:30","England","Premier League","2020/2021","Tottenham","Arsenal","31","69","38","62","24","76","6","11","5","4","1","7","3","2","3","0","0","2","2","6","1","2","1","4"
"5321","06-12-20 15:15","England","Premier League","2020/2021","Sheffield Utd","Leicester","30","70","27","73","33","67","4","13","1","8","3","5","1","4","1","1","0","3","2","4","0","3","2","1"
"5322","06-12-20 13:00","England","Premier League","2020/2021","West Brom","Crystal Palace","50","50","55","45","45","55","9","18","6","7","3","11","4","6","4","1","0","5","4","5","1","4","3","1"
"5323","05-12-20 21:00","England","Premier League","2020/2021","Chelsea","Leeds","46","54","53","47","39","61","23","8","8","6","15","2","10","3","4","2","6","1","7","4","2","3","5","1"
"5324","05-12-20 18:30","England","Premier League","2020/2021","West Ham","Manchester Utd","39","61","36","64","42","58","19","15","12","3","7","12","6","6","2","2","4","4","9","6","7","0","2","6"
"5325","05-12-20 16:00","England","Premier League","2020/2021","Manchester City","Fulham","69","31","75","25","63","37","16","6","10","3","6","3","6","1","5","0","1","1","8","4","3","2","5","2"
"5326","05-12-20 13:30","England","Premier League","2020/2021","Burnley","Everton","41","59","39","61","43","57","8","13","4","7","4","6","3","6","2","3","1","3","2","3","1","2","1","1"
"5327","30-11-20 21:00","England","Premier League","2020/2021","West Ham","Aston Villa","34","66","40","60","28","72","6","16","4","6","2","10","2","6","1","2","1","4","1","7","1","3","0","4"
"5328","30-11-20 18:30","England","Premier League","2020/2021","Leicester","Fulham","68","32","68","32","68","32","16","10","8","5","8","5","3","5","2","4","1","1","6","3","3","1","3","2"
"5329","29-11-20 20:15","England","Premier League","2020/2021","Arsenal","Wolves","56","44","45","55","67","33","13","11","4","8","9","3","2","5","2","5","0","0","7","2","2","2","5","0"
"5330","29-11-20 17:30","England","Premier League","2020/2021","Chelsea","Tottenham","60","40","61","39","59","41","13","5","5","5","8","0","3","1","1","1","2","0","7","3","3","3","4","0"
"5331","29-11-20 15:00","England","Premier League","2020/2021","Southampton","Manchester Utd","50","50","53","47","47","53","10","15","4","6","6","9","5","6","3","2","2","4","3","5","0","1","3","4"
"5332","28-11-20 21:00","England","Premier League","2020/2021","West Brom","Sheffield Utd","48","52","57","43","39","61","17","22","11","8","6","14","6","6","4","2","2","4","7","10","4","4","3","6"
"5333","28-11-20 18:30","England","Premier League","2020/2021","Everton","Leeds","42","58","42","58","42","58","15","23","7","13","8","10","8","7","5","4","3","3","6","11","2","7","4","4"
"5334","28-11-20 16:00","England","Premier League","2020/2021","Manchester City","Burnley","69","31","73","27","65","35","19","9","10","1","9","8","6","1","4","0","2","1","10","6","5","0","5","6"
"5335","28-11-20 13:30","England","Premier League","2020/2021","Brighton","Liverpool","40","60","36","64","44","56","11","6","5","4","6","2","3","2","0","1","3","1","6","1","4","1","2","0"
"5336","27-11-20 21:00","England","Premier League","2020/2021","Crystal Palace","Newcastle","58","42","58","42","58","42","12","14","3","6","9","8","3","7","2","3","1","4","8","5","1","3","7","2"
"5337","23-11-20 21:00","England","Premier League","2020/2021","Wolves","Southampton","45","55","40","60","50","50","20","7","10","5","10","2","9","2","5","1","4","1","5","3","2","2","3","1"
"5338","23-11-20 18:30","England","Premier League","2020/2021","Burnley","Crystal Palace","46","54","53","47","39","61","10","15","2","4","8","11","4","5","1","3","3","2","3","5","1","1","2","4"
"5339","22-11-20 20:15","England","Premier League","2020/2021","Liverpool","Leicester","56","44","65","35","47","53","24","11","10","3","14","8","13","4","5","1","8","3","8","5","4","2","4","3"
"5340","22-11-20 17:30","England","Premier League","2020/2021","Leeds","Arsenal","66","34","60","40","72","28","25","9","13","5","12","4","4","2","2","0","2","2","16","6","8","5","8","1"
"5341","22-11-20 15:00","England","Premier League","2020/2021","Sheffield Utd","West Ham","51","49","44","56","58","42","9","15","5","4","4","11","5","3","4","1","1","2","3","5","1","1","2","4"
"5342","22-11-20 13:00","England","Premier League","2020/2021","Fulham","Everton","54","46","41","59","67","33","14","9","5","7","9","2","6","7","2","5","4","2","4","0","2","0","2","0"
"5343","21-11-20 21:00","England","Premier League","2020/2021","Manchester Utd","West Brom","63","37","66","34","60","40","17","7","5","4","12","3","7","2","3","1","4","1","2","4","0","2","2","2"
"5344","21-11-20 18:30","England","Premier League","2020/2021","Tottenham","Manchester City","34","66","31","69","37","63","4","22","1","11","3","11","2","5","1","3","1","2","0","6","0","2","0","4"
"5345","21-11-20 16:00","England","Premier League","2020/2021","Aston Villa","Brighton","55","45","47","53","63","37","15","7","10","3","5","4","4","3","2","2","2","1","6","3","4","1","2","2"
"5346","21-11-20 13:30","England","Premier League","2020/2021","Newcastle","Chelsea","29","71","21","79","37","63","8","14","3","8","5","6","1","3","0","2","1","1","4","6","2","4","2","2"
"5347","08-11-20 20:15","England","Premier League","2020/2021","Arsenal","Aston Villa","59","41","63","37","55","45","13","15","5","4","8","11","2","6","1","0","1","6","8","0","3","0","5","0"
"5348","08-11-20 17:30","England","Premier League","2020/2021","Manchester City","Liverpool","55","45","56","44","54","46","7","10","4","6","3","4","2","3","2","2","0","1","4","4","2","3","2","1"
"5349","08-11-20 15:00","England","Premier League","2020/2021","Leicester","Wolves","50","50","54","46","46","54","10","7","3","1","7","6","3","2","2","0","1","2","4","4","1","0","3","4"
"5350","08-11-20 13:00","England","Premier League","2020/2021","West Brom","Tottenham","41","59","38","62","44","56","12","19","6","1","6","18","2","5","1","0","1","5","7","6","3","0","4","6"
"5351","07-11-20 21:00","England","Premier League","2020/2021","West Ham","Fulham","52","48","47","53","56","44","16","13","8","5","8","8","7","3","4","0","3","3","8","4","4","4","4","0"
"5352","07-11-20 18:30","England","Premier League","2020/2021","Chelsea","Sheffield Utd","71","29","69","31","73","27","20","6","9","5","11","1","9","3","5","3","4","0","5","1","3","1","2","0"
"5353","07-11-20 16:00","England","Premier League","2020/2021","Crystal Palace","Leeds","35","65","37","63","33","67","10","9","5","2","5","7","6","3","4","1","2","2","2","4","0","1","2","3"
"5354","07-11-20 13:30","England","Premier League","2020/2021","Everton","Manchester Utd","54","46","47","53","62","38","7","13","3","8","4","5","1","5","1","3","0","2","5","5","2","3","3","2"
"5355","06-11-20 21:00","England","Premier League","2020/2021","Southampton","Newcastle","61","39","64","36","58","42","15","4","8","2","7","2","8","2","3","1","5","1","2","1","2","1","0","0"
"5356","06-11-20 18:30","England","Premier League","2020/2021","Brighton","Burnley","59","41","58","42","60","40","19","4","12","2","7","2","3","1","2","1","1","0","7","3","5","1","2","2"
"5357","02-11-20 21:00","England","Premier League","2020/2021","Leeds","Leicester","67","33","65","35","69","31","11","10","3","6","8","4","4","8","2","5","2","3","5","1","1","0","4","1"
"5358","02-11-20 18:30","England","Premier League","2020/2021","Fulham","West Brom","45","55","46","54","44","56","13","10","7","3","6","7","6","1","4","0","2","1","3","4","2","2","1","2"
"5359","01-11-20 20:15","England","Premier League","2020/2021","Tottenham","Brighton","44","56","52","48","36","64","9","6","4","2","5","4","3","2","2","0","1","2","6","2","2","1","4","1"
"5360","01-11-20 17:30","England","Premier League","2020/2021","Manchester Utd","Arsenal","53","47","48","52","58","42","8","7","1","3","7","4","2","2","1","0","1","2","3","5","0","3","3","2"
"5361","01-11-20 15:00","England","Premier League","2020/2021","Newcastle","Everton","37","63","34","66","40","60","11","15","5","4","6","11","4","4","2","1","2","3","3","6","1","1","2","5"
"5362","01-11-20 13:00","England","Premier League","2020/2021","Aston Villa","Southampton","56","44","45","55","67","33","19","9","4","6","15","3","10","4","0","3","10","1","2","4","0","2","2","2"
"5363","31-10-20 18:30","England","Premier League","2020/2021","Liverpool","West Ham","72","28","75","25","69","31","9","4","4","1","5","3","5","3","1","1","4","2","3","0","2","0","1","0"
"5364","31-10-20 16:00","England","Premier League","2020/2021","Burnley","Chelsea","36","64","30","70","42","58","5","14","1","7","4","7","0","9","0","4","0","5","4","1","1","0","3","1"
"5365","31-10-20 13:30","England","Premier League","2020/2021","Sheffield Utd","Manchester City","35","65","31","69","39","61","3","16","2","10","1","6","1","8","0","5","1","3","1","4","1","3","0","1"
"5366","30-10-20 21:00","England","Premier League","2020/2021","Wolves","Crystal Palace","45","55","48","52","42","58","15","11","10","3","5","8","5","2","3","0","2","2","8","3","5","1","3","2"
"5367","26-10-20 21:00","England","Premier League","2020/2021","Burnley","Tottenham","38","62","35","65","41","59","13","9","5","3","8","6","4","3","2","0","2","3","5","2","3","1","2","1"
"5368","26-10-20 18:30","England","Premier League","2020/2021","Brighton","West Brom","50","50","52","48","48","52","5","9","4","3","1","6","3","3","3","1","0","2","1","5","0","2","1","3"
"5369","25-10-20 20:15","England","Premier League","2020/2021","Arsenal","Leicester","57","43","56","44","58","42","12","6","11","1","1","5","4","2","3","0","1","2","4","3","4","1","0","2"
"5370","25-10-20 17:30","England","Premier League","2020/2021","Wolves","Newcastle","63","37","64","36","62","38","16","5","4","2","12","3","3","2","1","1","2","1","8","0","3","0","5","0"
"5371","25-10-20 15:00","England","Premier League","2020/2021","Southampton","Everton","54","46","53","47","55","45","13","6","5","4","8","2","6","2","3","1","3","1","6","1","2","1","4","0"
"5372","24-10-20 21:00","England","Premier League","2020/2021","Liverpool","Sheffield Utd","62","38","65","35","59","41","17","13","8","5","9","8","5","2","4","2","1","0","7","7","3","1","4","6"
"5373","24-10-20 18:30","England","Premier League","2020/2021","Manchester Utd","Chelsea","50","50","41","59","59","41","14","6","7","3","7","3","4","1","3","1","1","0","5","2","2","1","3","1"
"5374","24-10-20 16:00","England","Premier League","2020/2021","Fulham","Crystal Palace","66","34","68","32","64","36","16","14","8","7","8","7","3","10","1","4","2","6","9","3","4","2","5","1"
"5375","24-10-20 13:30","England","Premier League","2020/2021","West Ham","Manchester City","30","70","34","66","26","74","6","14","4","6","2","8","2","7","1","1","1","6","3","6","2","4","1","2"
"5376","23-10-20 21:00","England","Premier League","2020/2021","Aston Villa","Leeds","40","60","40","60","40","60","12","27","5","10","7","17","4","9","2","1","2","8","5","13","2","6","3","7"
"5377","19-10-20 21:00","England","Premier League","2020/2021","Leeds","Wolves","68","32","69","31","67","33","13","7","9","2","4","5","2","3","2","1","0","2","7","1","5","1","2","0"
"5378","19-10-20 18:30","England","Premier League","2020/2021","West Brom","Burnley","57","43","60","40","54","46","13","9","6","3","7","6","6","4","2","2","4","2","5","4","3","1","2","3"
"5379","18-10-20 20:15","England","Premier League","2020/2021","Leicester","Aston Villa","50","50","51","49","49","51","11","10","3","2","8","8","5","4","3","0","2","4","2","5","0","2","2","3"
"5380","18-10-20 17:30","England","Premier League","2020/2021","Tottenham","West Ham","51","49","58","42","44","56","11","13","5","5","6","8","6","4","4","2","2","2","4","4","1","2","3","2"
"5381","18-10-20 15:00","England","Premier League","2020/2021","Crystal Palace","Brighton","34","66","38","62","30","70","1","20","1","6","0","14","1","3","1","1","0","2","0","9","0","4","0","5"
"5382","18-10-20 13:00","England","Premier League","2020/2021","Sheffield Utd","Fulham","41","59","42","58","40","60","10","15","6","4","4","11","6","6","4","3","2","3","3","5","2","0","1","5"
"5383","17-10-20 21:00","England","Premier League","2020/2021","Newcastle","Manchester Utd","36","64","32","68","40","60","7","28","2","13","5","15","4","14","2","6","2","8","2","6","0","3","2","3"
"5384","17-10-20 18:30","England","Premier League","2020/2021","Manchester City","Arsenal","59","41","65","35","53","47","13","11","10","6","3","5","5","3","4","2","1","1","4","5","3","2","1","3"
"5385","17-10-20 16:00","England","Premier League","2020/2021","Chelsea","Southampton","53","47","53","47","53","47","11","13","9","4","2","9","5","6","4","2","1","4","3","5","2","0","1","5"
"5386","17-10-20 13:30","England","Premier League","2020/2021","Everton","Liverpool","42","58","43","57","41","59","11","22","6","13","5","9","5","8","3","4","2","4","5","8","3","4","2","4"
"5387","04-10-20 20:15","England","Premier League","2020/2021","Aston Villa","Liverpool","30","70","25","75","35","65","18","14","8","9","10","5","11","8","6","6","5","2","4","1","2","0","2","1"
"5388","04-10-20 17:30","England","Premier League","2020/2021","Manchester Utd","Tottenham","38","62","47","53","29","71","5","22","4","13","1","9","2","8","2","5","0","3","2","6","1","3","1","3"
"5389","04-10-20 15:00","England","Premier League","2020/2021","Arsenal","Sheffield Utd","65","35","73","27","57","43","6","6","4","1","2","5","5","2","3","0","2","2","0","2","0","1","0","1"
"5390","04-10-20 15:00","England","Premier League","2020/2021","Wolves","Fulham","47","53","49","51","45","55","14","10","5","1","9","9","5","2","2","1","3","1","3","5","1","0","2","5"
"5391","04-10-20 13:00","England","Premier League","2020/2021","Leicester","West Ham","69","31","65","35","73","27","4","14","1","5","3","9","0","6","0","2","0","4","2","5","0","1","2","4"
"5392","04-10-20 13:00","England","Premier League","2020/2021","Southampton","West Brom","62","38","66","34","58","42","13","5","9","2","4","3","7","2","5","1","2","1","5","1","4","0","1","1"
"5393","03-10-20 21:00","England","Premier League","2020/2021","Newcastle","Burnley","48","52","58","42","38","62","10","7","4","3","6","4","5","3","2","1","3","2","4","2","2","1","2","1"
"5394","03-10-20 18:30","England","Premier League","2020/2021","Leeds","Manchester City","52","48","51","49","53","47","12","23","4","12","8","11","7","2","2","2","5","0","2","14","2","6","0","8"
"5395","03-10-20 16:00","England","Premier League","2020/2021","Everton","Brighton","43","57","53","47","33","67","11","11","7","3","4","8","6","3","4","2","2","1","2","3","1","1","1","2"
"5396","03-10-20 13:30","England","Premier League","2020/2021","Chelsea","Crystal Palace","71","29","73","27","69","31","17","4","7","2","10","2","6","0","2","0","4","0","6","2","4","1","2","1"
"5397","28-09-20 21:00","England","Premier League","2020/2021","Liverpool","Arsenal","66","34","68","32","64","36","21","4","11","1","10","3","8","3","5","1","3","2","7","1","3","0","4","1"
"5398","28-09-20 18:45","England","Premier League","2020/2021","Fulham","Aston Villa","65","35","64","36","66","34","16","12","6","6","10","6","3","5","1","2","2","3","9","4","4","3","5","1"
"5399","27-09-20 20:00","England","Premier League","2020/2021","West Ham","Wolves","37","63","43","57","31","69","15","11","8","5","7","6","7","2","5","2","2","0","7","4","2","1","5","3"
"5400","27-09-20 17:30","England","Premier League","2020/2021","Manchester City","Leicester","72","28","73","27","71","29","16","7","5","1","11","6","5","7","3","1","2","6","7","0","1","0","6","0"
"5401","27-09-20 15:00","England","Premier League","2020/2021","Tottenham","Newcastle","66","34","68","32","64","36","23","6","12","2","11","4","12","1","5","0","7","1","7","2","6","1","1","1"
"5402","27-09-20 13:00","England","Premier League","2020/2021","Sheffield Utd","Leeds","36","64","38","62","34","66","14","17","9","6","5","11","4","9","2","2","2","7","5","5","4","3","1","2"
"5403","26-09-20 21:00","England","Premier League","2020/2021","Burnley","Southampton","53","47","49","51","57","43","10","5","4","4","6","1","2","1","0","1","2","0","4","2","1","2","3","0"
"5404","26-09-20 18:30","England","Premier League","2020/2021","West Brom","Chelsea","24","76","23","77","25","75","9","22","5","11","4","11","3","10","3","2","0","8","4","6","1","6","3","0"
"5405","26-09-20 16:00","England","Premier League","2020/2021","Crystal Palace","Everton","42","58","33","67","51","49","8","10","3","5","5","5","1","5","1","4","0","1","2","3","0","0","2","3"
"5406","26-09-20 13:30","England","Premier League","2020/2021","Brighton","Manchester Utd","53","47","50","50","56","44","18","7","7","2","11","5","5","3","2","1","3","2","9","1","4","1","5","0"
"5407","21-09-20 21:15","England","Premier League","2020/2021","Wolves","Manchester City","35","65","33","67","37","63","10","14","2","9","8","5","1","9","0","6","1","3","5","3","1","2","4","1"
"5408","21-09-20 19:00","England","Premier League","2020/2021","Aston Villa","Sheffield Utd","72","28","76","24","68","32","18","4","7","1","11","3","2","1","1","1","1","0","11","2","4","0","7","2"
"5409","20-09-20 20:00","England","Premier League","2020/2021","Leicester","Burnley","68","32","70","30","66","34","14","16","7","3","7","13","6","5","3","2","3","3","2","8","1","1","1","7"
"5410","20-09-20 17:30","England","Premier League","2020/2021","Chelsea","Liverpool","39","61","45","55","33","67","5","18","1","9","4","9","3","6","0","1","3","5","2","9","1","6","1","3"
"5411","20-09-20 15:00","England","Premier League","2020/2021","Newcastle","Brighton","47","53","40","60","54","46","6","13","1","6","5","7","0","6","0","3","0","3","4","6","0","3","4","3"
"5412","20-09-20 13:00","England","Premier League","2020/2021","Southampton","Tottenham","53","47","51","49","55","45","14","9","6","1","8","8","7","6","3","1","4","5","5","1","1","0","4","1"
"5413","19-09-20 21:00","England","Premier League","2020/2021","Arsenal","West Ham","63","37","65","35","61","39","7","14","3","3","4","11","3","3","1","2","2","1","1","6","1","0","0","6"
"5414","19-09-20 18:30","England","Premier League","2020/2021","Manchester Utd","Crystal Palace","76","24","74","26","78","22","17","14","8","7","9","7","4","5","2","2","2","3","4","5","1","4","3","1"
"5415","19-09-20 16:00","England","Premier League","2020/2021","Leeds","Fulham","50","50","46","54","54","46","10","14","3","6","7","8","7","6","3","2","4","4","2","5","0","2","2","3"
"5416","19-09-20 13:30","England","Premier League","2020/2021","Everton","West Brom","71","29","65","35","77","23","17","6","10","5","7","1","7","4","3","3","4","1","5","1","3","1","2","0"
"5417","14-09-20 21:15","England","Premier League","2020/2021","Brighton","Chelsea","52","48","59","41","45","55","13","10","7","5","6","5","3","5","1","2","2","3","6","2","4","2","2","0"
"5418","14-09-20 19:00","England","Premier League","2020/2021","Sheffield Utd","Wolves","55","45","51","49","59","41","9","11","1","4","8","7","2","4","1","3","1","1","5","5","0","1","5","4"
"5419","13-09-20 17:30","England","Premier League","2020/2021","Tottenham","Everton","52","48","49","51","55","45","9","15","5","6","4","9","5","4","3","1","2","3","1","7","0","3","1","4"
"5420","13-09-20 15:00","England","Premier League","2020/2021","West Brom","Leicester","37","63","36","64","38","62","7","13","5","6","2","7","1","7","1","3","0","4","3","3","2","2","1","1"
"5421","12-09-20 21:00","England","Premier League","2020/2021","West Ham","Newcastle","58","42","58","42","58","42","15","15","8","9","7","6","3","2","1","0","2","2","5","7","3","6","2","1"
"5422","12-09-20 18:30","England","Premier League","2020/2021","Liverpool","Leeds","48","52","49","51","47","53","22","6","9","2","13","4","6","3","4","2","2","1","3","1","0","0","3","1"
"5423","12-09-20 16:00","England","Premier League","2020/2021","Crystal Palace","Southampton","29","71","28","72","30","70","5","9","2","2","3","7","3","5","2","2","1","3","2","3","0","0","2","3"
"5424","12-09-20 13:30","England","Premier League","2020/2021","Fulham","Arsenal","45","55","48","52","42","58","5","13","2","7","3","6","2","6","1","3","1","3","2","4","0","3","2","1"
"5425","26-07-20 17:00","England","Premier League","2019/2020","Arsenal","Watford","51","49","45","55","57","43","13","19","6","9","7","10","5","6","3","3","2","3","4","7","1","3","3","4"
"5426","26-07-20 17:00","England","Premier League","2019/2020","Burnley","Brighton","54","46","56","44","52","48","13","15","3","5","10","10","2","4","1","2","1","2","9","6","2","2","7","4"
"5427","26-07-20 17:00","England","Premier League","2019/2020","Chelsea","Wolves","63","37","59","41","67","33","11","5","6","3","5","2","3","1","2","0","1","1","5","1","2","1","3","0"
"5428","26-07-20 17:00","England","Premier League","2019/2020","Crystal Palace","Tottenham","47","53","51","49","42","58","13","7","7","5","6","2","2","2","1","2","1","0","9","3","4","1","5","2"
"5429","26-07-20 17:00","England","Premier League","2019/2020","Everton","Bournemouth","70","30","61","39","79","21","13","13","7","9","6","4","5","7","4","5","1","2","5","2","2","0","3","2"
"5430","26-07-20 17:00","England","Premier League","2019/2020","Leicester","Manchester Utd","46","54","43","57","49","51","14","7","5","5","9","2","3","3","1","1","2","2","7","3","4","3","3","0"
"5431","26-07-20 17:00","England","Premier League","2019/2020","Manchester City","Norwich","73","27","78","22","68","32","31","5","15","2","16","3","10","4","3","1","7","3","12","1","7","1","5","0"
"5432","26-07-20 17:00","England","Premier League","2019/2020","Newcastle","Liverpool","26","74","23","77","29","71","3","14","2","6","1","8","2","6","2","3","0","3","1","5","0","2","1","3"
"5433","26-07-20 17:00","England","Premier League","2019/2020","Southampton","Sheffield Utd","73","27","71","29","75","25","13","5","5","4","8","1","4","3","1","3","3","0","3","0","2","0","1","0"
"6530","26-07-20 17:00","England","Premier League","2019/2020","West Ham","Aston Villa","62","38","60","40","64","36","10","13","3","4","7","9","1","4","0","2","1","2","6","6","3","2","3","4"
"5434","22-07-20 21:15","England","Premier League","2019/2020","Liverpool","Chelsea","50","50","50","50","50","50","10","10","4","5","6","5","7","5","4","3","3","2","2","5","0","2","2","3"
"6529","22-07-20 19:00","England","Premier League","2019/2020","Manchester Utd","West Ham","57","43","60","40","54","46","11","12","7","4","4","8","4","3","3","2","1","1","5","6","3","1","2","5"
"5435","21-07-20 21:15","England","Premier League","2019/2020","Aston Villa","Arsenal","31","69","34","66","28","72","8","7","4","3","4","4","3","0","2","0","1","0","4","4","2","1","2","3"
"5436","21-07-20 19:00","England","Premier League","2019/2020","Watford","Manchester City","23","77","20","80","26","74","2","26","1","12","1","14","0","10","0","4","0","6","2","6","1","3","1","3"
"5437","20-07-20 21:15","England","Premier League","2019/2020","Wolves","Crystal Palace","54","46","49","51","59","41","11","7","3","4","8","3","5","3","2","1","3","2","3","1","1","1","2","0"
"5438","20-07-20 19:00","England","Premier League","2019/2020","Brighton","Newcastle","62","38","68","32","55","45","11","12","7","5","4","7","3","1","2","0","1","1","5","5","4","2","1","3"
"5439","20-07-20 19:00","England","Premier League","2019/2020","Sheffield Utd","Everton","51","49","45","55","57","43","8","5","3","3","5","2","0","2","0","1","0","1","3","3","2","2","1","1"
"5440","19-07-20 17:00","England","Premier League","2019/2020","Tottenham","Leicester","30","70","33","67","27","73","7","24","6","12","1","12","3","6","3","3","0","3","1","8","1","2","0","6"
"5441","19-07-20 15:00","England","Premier League","2019/2020","Bournemouth","Southampton","42","58","43","57","41","59","11","16","3","4","8","12","3","8","0","3","3","5","4","3","2","0","2","3"
"5442","18-07-20 18:30","England","Premier League","2019/2020","Norwich","Burnley","42","58","56","44","28","72","6","23","4","7","2","16","2","8","1","3","1","5","2","7","1","2","1","5"
"6528","17-07-20 21:00","England","Premier League","2019/2020","West Ham","Watford","41","59","46","54","36","64","10","14","4","7","6","7","4","3","3","1","1","2","2","6","0","2","2","4"
"5443","16-07-20 21:15","England","Premier League","2019/2020","Crystal Palace","Manchester Utd","41","59","39","61","43","57","13","17","7","7","6","10","5","5","3","1","2","4","4","9","1","4","3","5"
"5444","16-07-20 21:15","England","Premier League","2019/2020","Southampton","Brighton","68","32","64","36","72","28","21","10","6","8","15","2","6","2","1","2","5","0","7","4","1","3","6","1"
"5445","16-07-20 19:00","England","Premier League","2019/2020","Everton","Aston Villa","55","45","52","48","58","42","9","15","3","7","6","8","1","1","0","0","1","1","6","7","2","3","4","4"
"5446","16-07-20 19:00","England","Premier League","2019/2020","Leicester","Sheffield Utd","54","46","64","36","44","56","15","5","9","2","6","3","7","1","4","0","3","1","3","3","1","2","2","1"
"5447","15-07-20 21:15","England","Premier League","2019/2020","Arsenal","Liverpool","31","69","41","59","21","79","3","24","2","7","1","17","2","8","2","4","0","4","1","7","0","1","1","6"
"5448","15-07-20 19:00","England","Premier League","2019/2020","Burnley","Wolves","46","54","49","51","43","57","9","14","3","6","6","8","1","5","0","1","1","4","4","6","1","3","3","3"
"5449","15-07-20 19:00","England","Premier League","2019/2020","Manchester City","Bournemouth","73","27","77","23","69","31","8","14","6","8","2","6","4","3","3","2","1","1","4","6","3","3","1","3"
"5450","15-07-20 19:00","England","Premier League","2019/2020","Newcastle","Tottenham","53","47","49","51","57","43","22","8","12","4","10","4","6","5","3","2","3","3","10","1","5","1","5","0"
"5451","14-07-20 21:15","England","Premier League","2019/2020","Chelsea","Norwich","68","32","69","31","67","33","22","2","12","0","10","2","6","0","3","0","3","0","12","0","7","0","5","0"
"5452","13-07-20 21:00","England","Premier League","2019/2020","Manchester Utd","Southampton","48","52","54","46","42","58","8","9","5","2","3","7","4","5","4","2","0","3","3","2","1","0","2","2"
"5453","12-07-20 20:00","England","Premier League","2019/2020","Bournemouth","Leicester","44","56","35","65","52","48","9","13","1","10","8","3","4","5","1","3","3","2","3","3","0","3","3","0"
"5454","12-07-20 17:30","England","Premier League","2019/2020","Tottenham","Arsenal","37","63","48","52","26","74","15","13","6","6","9","7","9","4","4","2","5","2","1","6","0","4","1","2"
"5455","12-07-20 15:15","England","Premier League","2019/2020","Aston Villa","Crystal Palace","45","55","48","52","42","58","12","9","3","5","9","4","9","5","2","4","7","1","1","3","1","0","0","3"
"5456","12-07-20 13:00","England","Premier League","2019/2020","Wolves","Everton","55","45","58","42","52","48","14","6","5","2","9","4","7","2","3","1","4","1","4","1","2","0","2","1"
"5457","11-07-20 21:00","England","Premier League","2019/2020","Brighton","Manchester City","29","71","33","67","25","75","3","26","3","15","0","11","0","8","0","3","0","5","3","12","3","7","0","5"
"5458","11-07-20 18:30","England","Premier League","2019/2020","Sheffield Utd","Chelsea","24","76","23","77","25","75","9","15","5","3","4","12","4","4","3","2","1","2","3","7","1","1","2","6"
"5459","11-07-20 16:00","England","Premier League","2019/2020","Liverpool","Burnley","71","29","73","27","69","31","23","6","9","2","14","4","9","2","4","0","5","2","5","2","1","1","4","1"
"5460","11-07-20 13:30","England","Premier League","2019/2020","Watford","Newcastle","48","52","48","52","48","52","17","8","9","4","8","4","5","4","2","3","3","1","5","4","2","1","3","3"
"6527","11-07-20 13:30","England","Premier League","2019/2020","Norwich","West Ham","52","48","56","44","48","52","11","19","6","12","5","7","2","7","1","4","1","3","6","11","4","7","2","4"
"5461","09-07-20 21:15","England","Premier League","2019/2020","Aston Villa","Manchester Utd","33","67","35","65","31","69","9","14","6","6","3","8","1","6","0","4","1","2","5","6","4","2","1","4"
"5462","09-07-20 19:00","England","Premier League","2019/2020","Bournemouth","Tottenham","36","64","41","59","31","69","9","9","4","2","5","7","2","0","1","0","1","0","3","4","1","1","2","3"
"5463","09-07-20 19:00","England","Premier League","2019/2020","Everton","Southampton","39","61","41","59","37","63","11","17","6","10","5","7","4","4","3","2","1","2","4","6","2","5","2","1"
"5464","08-07-20 21:15","England","Premier League","2019/2020","Brighton","Liverpool","44","56","47","53","41","59","12","19","6","9","6","10","2","8","2","4","0","4","7","5","1","2","6","3"
"5465","08-07-20 19:00","England","Premier League","2019/2020","Manchester City","Newcastle","74","26","77","23","71","29","23","6","12","3","11","3","9","1","5","1","4","0","6","0","4","0","2","0"
"5466","08-07-20 19:00","England","Premier League","2019/2020","Sheffield Utd","Wolves","43","57","42","58","44","56","7","6","2","4","5","2","3","1","1","1","2","0","3","5","1","3","2","2"
"6531","08-07-20 19:00","England","Premier League","2019/2020","West Ham","Burnley","53","47","54","46","52","48","21","8","13","4","8","4","5","4","4","2","1","2","7","3","5","2","2","1"
"5467","07-07-20 21:15","England","Premier League","2019/2020","Arsenal","Leicester","38","62","47","53","29","71","11","14","7","4","4","10","7","6","6","2","1","4","2","7","0","2","2","5"
"5468","07-07-20 19:00","England","Premier League","2019/2020","Crystal Palace","Chelsea","42","58","36","64","48","52","13","14","5","5","8","9","4","6","2","3","2","3","4","6","2","1","2","5"
"5469","07-07-20 19:00","England","Premier League","2019/2020","Watford","Norwich","43","57","47","53","39","61","9","12","6","3","3","9","4","3","2","2","2","1","5","6","4","1","1","5"
"5470","06-07-20 21:00","England","Premier League","2019/2020","Tottenham","Everton","51","49","52","48","50","50","12","11","8","2","4","9","2","3","1","0","1","3","6","4","3","2","3","2"
"5471","05-07-20 20:00","England","Premier League","2019/2020","Southampton","Manchester City","26","74","30","70","22","78","8","26","6","8","2","18","4","6","2","3","2","3","3","9","3","4","0","5"
"5472","05-07-20 17:30","England","Premier League","2019/2020","Liverpool","Aston Villa","71","29","72","28","70","30","6","9","2","3","4","6","4","3","1","1","3","2","1","4","0","2","1","2"
"6532","05-07-20 15:15","England","Premier League","2019/2020","Newcastle","West Ham","57","43","57","43","57","43","11","17","6","9","5","8","4","7","3","4","1","3","5","6","1","2","4","4"
"5473","05-07-20 13:00","England","Premier League","2019/2020","Burnley","Sheffield Utd","47","53","50","50","43","57","9","10","4","7","5","3","4","3","3","1","1","2","5","3","1","3","4","0"
"5474","04-07-20 21:00","England","Premier League","2019/2020","Chelsea","Watford","70","30","69","31","71","29","21","7","11","3","10","4","9","3","5","0","4","3","4","4","2","3","2","1"
"5475","04-07-20 18:30","England","Premier League","2019/2020","Wolves","Arsenal","52","48","43","57","61","39","10","8","6","3","4","5","1","5","1","3","0","2","5","1","3","0","2","1"
"5476","04-07-20 16:00","England","Premier League","2019/2020","Leicester","Crystal Palace","52","48","63","37","41","59","15","7","7","3","8","4","4","1","1","0","3","1","6","5","3","2","3","3"
"5477","04-07-20 16:00","England","Premier League","2019/2020","Manchester Utd","Bournemouth","70","30","71","29","69","31","19","7","8","4","11","3","10","3","4","1","6","2","4","2","2","1","2","1"
"5478","04-07-20 13:30","England","Premier League","2019/2020","Norwich","Brighton","58","42","55","45","61","39","12","8","5","3","7","5","1","2","0","1","1","1","4","3","2","2","2","1"
"5479","02-07-20 21:15","England","Premier League","2019/2020","Manchester City","Liverpool","48","52","51","49","45","55","14","11","5","4","9","7","6","3","3","2","3","1","6","2","1","2","5","0"
"5480","02-07-20 19:00","England","Premier League","2019/2020","Sheffield Utd","Tottenham","33","67","35","65","31","69","7","9","4","8","3","1","5","2","3","1","2","1","2","5","1","5","1","0"
"6533","01-07-20 21:15","England","Premier League","2019/2020","West Ham","Chelsea","29","71","25","75","34","66","11","17","4","8","7","9","4","6","1","4","3","2","2","9","1","3","1","6"
"5481","01-07-20 19:00","England","Premier League","2019/2020","Arsenal","Norwich","52","48","56","44","48","52","13","8","8","4","5","4","8","2","6","1","2","1","4","3","1","1","3","2"
"5482","01-07-20 19:00","England","Premier League","2019/2020","Bournemouth","Newcastle","55","45","45","55","65","35","12","12","3","5","9","7","1","7","0","3","1","4","6","4","3","1","3","3"
"5483","01-07-20 19:00","England","Premier League","2019/2020","Everton","Leicester","35","65","40","60","30","70","7","15","4","6","3","9","2","3","2","1","0","2","2","6","2","2","0","4"
"5484","30-06-20 21:15","England","Premier League","2019/2020","Brighton","Manchester Utd","37","63","31","69","43","57","8","12","2","7","6","5","2","6","0","2","2","4","5","4","1","4","4","0"
"5485","29-06-20 21:00","England","Premier League","2019/2020","Crystal Palace","Burnley","58","42","47","53","69","31","17","8","4","5","13","3","4","4","1","2","3","2","6","3","3","2","3","1"
"5486","28-06-20 17:30","England","Premier League","2019/2020","Watford","Southampton","48","52","46","54","50","50","8","11","1","4","7","7","0","7","0","3","0","4","2","3","0","1","2","2"
"5487","27-06-20 13:30","England","Premier League","2019/2020","Aston Villa","Wolves","48","52","49","51","47","53","11","9","6","6","5","3","1","2","1","1","0","1","8","6","4","5","4","1"
"5488","25-06-20 21:15","England","Premier League","2019/2020","Chelsea","Manchester City","35","65","36","64","34","66","15","11","7","6","8","5","10","2","3","1","7","1","3","6","2","3","1","3"
"5489","25-06-20 19:00","England","Premier League","2019/2020","Burnley","Watford","54","46","60","40","48","52","9","10","7","2","2","8","5","4","3","1","2","3","4","6","4","1","0","5"
"5490","25-06-20 19:00","England","Premier League","2019/2020","Southampton","Arsenal","53","47","44","56","62","38","12","10","5","5","7","5","3","5","1","3","2","2","7","3","2","2","5","1"
"5491","24-06-20 21:15","England","Premier League","2019/2020","Liverpool","Crystal Palace","74","26","70","30","78","22","21","3","12","2","9","1","7","0","3","0","4","0","10","3","7","2","3","1"
"5492","24-06-20 19:00","England","Premier League","2019/2020","Manchester Utd","Sheffield Utd","68","32","60","40","76","24","15","4","8","3","7","1","6","1","4","0","2","1","5","1","2","1","3","0"
"5493","24-06-20 19:00","England","Premier League","2019/2020","Newcastle","Aston Villa","52","48","57","43","47","53","13","14","5","7","8","7","3","2","1","1","2","1","4","7","0","4","4","3"
"5494","24-06-20 19:00","England","Premier League","2019/2020","Norwich","Everton","46","54","47","53","45","55","9","12","5","2","4","10","1","5","1","2","0","3","2","3","1","0","1","3"
"5495","24-06-20 19:00","England","Premier League","2019/2020","Wolves","Bournemouth","55","45","57","43","53","47","10","4","5","3","5","1","2","0","0","0","2","0","7","2","5","1","2","1"
"6534","23-06-20 21:15","England","Premier League","2019/2020","Tottenham","West Ham","64","36","68","32","60","40","15","10","6","1","9","9","4","2","2","0","2","2","11","7","4","1","7","6"
"5496","23-06-20 19:00","England","Premier League","2019/2020","Leicester","Brighton","66","34","66","34","66","34","11","9","6","8","5","1","2","1","2","1","0","0","7","3","3","2","4","1"
"5497","22-06-20 21:00","England","Premier League","2019/2020","Manchester City","Burnley","72","28","66","34","78","22","19","1","7","0","12","1","7","0","4","0","3","0","7","1","2","0","5","1"
"5498","21-06-20 20:00","England","Premier League","2019/2020","Everton","Liverpool","30","70","38","62","20","80","9","10","3","5","6","5","3","3","1","1","2","2","4","4","1","3","3","1"
"5499","21-06-20 17:15","England","Premier League","2019/2020","Aston Villa","Chelsea","26","74","24","76","28","72","8","19","5","10","3","9","4","5","3","2","1","3","3","7","1","4","2","3"
"5500","21-06-20 15:00","England","Premier League","2019/2020","Newcastle","Sheffield Utd","46","54","47","53","45","55","12","7","6","3","6","4","8","1","2","1","6","0","2","3","2","1","0","2"
"5501","20-06-20 20:45","England","Premier League","2019/2020","Bournemouth","Crystal Palace","59","41","55","45","63","37","12","7","4","4","8","3","1","2","0","2","1","0","7","4","3","2","4","2"
"6535","20-06-20 18:30","England","Premier League","2019/2020","West Ham","Wolves","42","58","45","55","39","61","7","10","2","7","5","3","2","6","0","4","2","2","2","1","1","1","1","0"
"5502","20-06-20 16:00","England","Premier League","2019/2020","Brighton","Arsenal","41","59","39","61","43","57","9","13","3","5","6","8","5","6","1","1","4","5","2","3","1","3","1","0"
"5503","20-06-20 13:30","England","Premier League","2019/2020","Watford","Leicester","32","68","31","69","33","67","8","15","3","6","5","9","4","2","1","0","3","2","3","7","1","3","2","4"
"5504","19-06-20 21:15","England","Premier League","2019/2020","Tottenham","Manchester Utd","39","61","36","64","42","58","10","12","5","4","5","8","3","6","3","4","0","2","3","4","1","0","2","4"
"5505","19-06-20 19:00","England","Premier League","2019/2020","Norwich","Southampton","55","45","58","42","52","48","9","22","6","4","3","18","1","9","1","2","0","7","3","6","2","1","1","5"
"5506","17-06-20 21:15","England","Premier League","2019/2020","Manchester City","Arsenal","67","33","65","35","69","31","20","3","9","2","11","1","12","0","6","0","6","0","5","3","2","2","3","1"
"5507","17-06-20 19:00","England","Premier League","2019/2020","Aston Villa","Sheffield Utd","45","55","47","53","43","57","14","5","5","1","9","4","6","1","2","0","4","1","5","1","3","1","2","0"
"5508","09-03-20 21:00","England","Premier League","2019/2020","Leicester","Aston Villa","65","35","70","30","60","40","15","4","7","2","8","2","7","1","3","0","4","1","7","3","3","2","4","1"
"5509","08-03-20 17:30","England","Premier League","2019/2020","Manchester Utd","Manchester City","28","72","30","70","26","74","12","7","7","1","5","6","6","4","3","1","3","3","2","3","1","0","1","3"
"5510","08-03-20 15:00","England","Premier League","2019/2020","Chelsea","Everton","61","39","59","41","63","37","17","3","6","1","11","2","11","1","5","0","6","1","5","1","1","1","4","0"
"5511","07-03-20 18:30","England","Premier League","2019/2020","Burnley","Tottenham","45","55","48","52","42","58","21","13","14","3","7","10","8","2","5","1","3","1","4","6","4","1","0","5"
"5512","07-03-20 16:00","England","Premier League","2019/2020","Crystal Palace","Watford","45","55","45","55","45","55","10","10","4","5","6","5","3","4","1","1","2","3","3","1","0","1","3","0"
"5513","07-03-20 16:00","England","Premier League","2019/2020","Sheffield Utd","Norwich","42","58","47","53","37","63","10","12","7","4","3","8","4","5","4","0","0","5","4","4","1","2","3","2"
"5514","07-03-20 16:00","England","Premier League","2019/2020","Southampton","Newcastle","38","62","47","53","29","71","7","14","4","7","3","7","3","7","1","6","2","1","1","3","0","1","1","2"
"5515","07-03-20 16:00","England","Premier League","2019/2020","Wolves","Brighton","43","57","43","57","43","57","11","7","6","2","5","5","1","1","0","1","1","0","7","4","5","0","2","4"
"6536","07-03-20 16:00","England","Premier League","2019/2020","Arsenal","West Ham","69","31","78","22","60","40","9","14","3","5","6","9","2","6","0","2","2","4","3","6","2","2","1","4"
"5516","07-03-20 13:30","England","Premier League","2019/2020","Liverpool","Bournemouth","74","26","72","28","77","23","14","6","5","4","9","2","6","4","4","3","2","1","4","0","0","0","4","0"
"5517","01-03-20 15:00","England","Premier League","2019/2020","Everton","Manchester Utd","44","56","37","63","51","49","16","14","5","8","11","6","5","5","2","2","3","3","6","5","2","3","4","2"
"5518","01-03-20 15:00","England","Premier League","2019/2020","Tottenham","Wolves","65","35","64","36","66","34","13","14","7","8","6","6","5","4","5","1","0","3","2","7","1","4","1","3"
"5519","29-02-20 18:30","England","Premier League","2019/2020","Watford","Liverpool","29","71","34","66","24","76","14","7","7","1","7","6","5","1","1","0","4","1","7","4","5","1","2","3"
"5520","29-02-20 16:00","England","Premier League","2019/2020","Bournemouth","Chelsea","27","73","25","75","29","71","9","23","3","9","6","14","5","6","2","4","3","2","3","12","1","4","2","8"
"5521","29-02-20 16:00","England","Premier League","2019/2020","Newcastle","Burnley","54","46","49","51","59","41","21","8","10","3","11","5","4","1","2","0","2","1","6","4","2","1","4","3"
"6537","29-02-20 16:00","England","Premier League","2019/2020","West Ham","Southampton","34","66","36","64","32","68","14","10","7","5","7","5","7","2","4","1","3","1","5","3","1","1","4","2"
"5522","29-02-20 13:30","England","Premier League","2019/2020","Brighton","Crystal Palace","66","34","63","37","69","31","24","12","9","6","15","6","8","3","5","1","3","2","9","6","3","2","6","4"
"5523","28-02-20 21:00","England","Premier League","2019/2020","Norwich","Leicester","42","58","53","47","31","69","11","19","5","12","6","7","6","4","1","3","5","1","1","8","1","5","0","3"
"6538","24-02-20 21:00","England","Premier League","2019/2020","Liverpool","West Ham","69","31","72","28","66","34","25","7","12","2","13","5","7","4","2","1","5","3","10","2","6","1","4","1"
"5524","23-02-20 17:30","England","Premier League","2019/2020","Arsenal","Everton","51","49","56","44","46","54","9","17","6","7","3","10","4","5","3","2","1","3","5","8","3","3","2","5"
"5525","23-02-20 15:00","England","Premier League","2019/2020","Manchester Utd","Watford","58","42","60","40","56","44","21","7","10","3","11","4","9","2","4","1","5","1","9","2","5","1","4","1"
"5526","23-02-20 15:00","England","Premier League","2019/2020","Wolves","Norwich","40","60","45","55","35","65","19","6","10","3","9","3","6","4","4","2","2","2","9","1","3","0","6","1"
"5527","22-02-20 18:30","England","Premier League","2019/2020","Leicester","Manchester City","32","68","32","68","32","68","10","18","6","7","4","11","3","7","3","2","0","5","4","7","1","3","3","4"
"5528","22-02-20 16:00","England","Premier League","2019/2020","Burnley","Bournemouth","42","58","39","61","45","55","16","12","7","8","9","4","10","4","4","3","6","1","2","4","0","2","2","2"
"5529","22-02-20 16:00","England","Premier League","2019/2020","Crystal Palace","Newcastle","44","56","44","56","44","56","18","8","11","5","7","3","9","2","6","1","3","1","7","3","3","2","4","1"
"5530","22-02-20 16:00","England","Premier League","2019/2020","Sheffield Utd","Brighton","66","34","70","30","62","38","13","9","5","4","8","5","3","2","1","2","2","0","5","4","2","1","3","3"
"5531","22-02-20 16:00","England","Premier League","2019/2020","Southampton","Aston Villa","46","54","51","49","41","59","28","4","13","0","15","4","9","1","4","0","5","1","11","0","5","0","6","0"
"5532","22-02-20 13:30","England","Premier League","2019/2020","Chelsea","Tottenham","49","51","64","36","34","66","17","5","9","3","8","2","7","3","3","2","4","1","8","0","5","0","3","0"
"6539","19-02-20 20:30","England","Premier League","2019/2020","Manchester City","West Ham","78","22","77","23","79","21","20","3","15","1","5","2","7","0","5","0","2","0","5","2","3","0","2","2"
"5533","17-02-20 21:00","England","Premier League","2019/2020","Chelsea","Manchester Utd","61","39","54","46","68","32","17","9","7","6","10","3","1","3","0","1","1","2","6","4","4","3","2","1"
"5534","16-02-20 17:30","England","Premier League","2019/2020","Arsenal","Newcastle","69","31","68","32","70","30","15","10","9","4","6","6","7","2","3","1","4","1","6","5","4","3","2","2"
"5535","16-02-20 15:00","England","Premier League","2019/2020","Aston Villa","Tottenham","55","45","60","40","50","50","18","23","11","11","7","12","4","10","2","3","2","7","8","6","5","4","3","2"
"5536","15-02-20 18:30","England","Premier League","2019/2020","Norwich","Liverpool","37","63","38","62","36","64","5","17","0","9","5","8","1","6","0","1","1","5","3","7","0","5","3","2"
"5537","15-02-20 13:30","England","Premier League","2019/2020","Southampton","Burnley","64","36","61","39","67","33","10","9","5","4","5","5","2","6","1","3","1","3","6","3","3","1","3","2"
"5538","14-02-20 21:00","England","Premier League","2019/2020","Wolves","Leicester","41","59","33","67","49","51","15","9","7","3","8","6","3","3","2","2","1","1","8","2","4","1","4","1"
"5539","09-02-20 15:00","England","Premier League","2019/2020","Sheffield Utd","Bournemouth","54","46","59","41","49","51","16","10","11","5","5","5","6","2","4","1","2","1","4","7","2","3","2","4"
"5540","08-02-20 18:30","England","Premier League","2019/2020","Brighton","Watford","67","33","68","32","66","34","10","5","7","3","3","2","2","2","1","2","1","0","5","2","3","0","2","2"
"5541","08-02-20 13:30","England","Premier League","2019/2020","Everton","Crystal Palace","46","54","49","51","43","57","14","10","5","3","9","7","8","2","3","0","5","2","4","6","1","2","3","4"
"5542","02-02-20 17:30","England","Premier League","2019/2020","Tottenham","Manchester City","33","67","33","67","33","67","3","18","0","11","3","7","3","5","0","3","3","2","0","6","0","4","0","2"
"5543","02-02-20 15:00","England","Premier League","2019/2020","Burnley","Arsenal","42","58","42","58","42","58","15","13","8","6","7","7","2","2","2","1","0","1","10","6","4","3","6","3"
"5544","01-02-20 18:30","England","Premier League","2019/2020","Manchester Utd","Wolves","64","36","63","37","65","35","16","15","5","7","11","8","5","4","1","2","4","2","8","5","3","3","5","2"
"5545","01-02-20 16:00","England","Premier League","2019/2020","Bournemouth","Aston Villa","40","60","52","48","28","72","16","18","11","6","5","12","6","5","6","1","0","4","5","9","2","3","3","6"
"5546","01-02-20 16:00","England","Premier League","2019/2020","Crystal Palace","Sheffield Utd","61","39","68","32","54","46","13","10","6","0","7","10","3","3","1","0","2","3","5","3","4","0","1","3"
"5547","01-02-20 16:00","England","Premier League","2019/2020","Liverpool","Southampton","62","38","68","32","56","44","16","17","8","10","8","7","9","4","4","4","5","0","3","7","0","3","3","4"
"5548","01-02-20 16:00","England","Premier League","2019/2020","Newcastle","Norwich","43","57","45","55","41","59","15","19","6","10","9","9","5","4","2","3","3","1","4","9","1","3","3","6"
"5549","01-02-20 16:00","England","Premier League","2019/2020","Watford","Everton","44","56","38","62","50","50","11","12","6","7","5","5","2","5","2","4","0","1","5","4","2","1","3","3"
"6540","01-02-20 16:00","England","Premier League","2019/2020","West Ham","Brighton","35","65","42","58","28","72","12","19","8","6","4","13","6","6","4","1","2","5","3","10","2","4","1","6"
"5550","01-02-20 13:30","England","Premier League","2019/2020","Leicester","Chelsea","50","50","48","52","52","48","14","7","7","5","7","2","4","3","1","1","3","2","5","1","3","1","2","0"
"6541","29-01-20 20:45","England","Premier League","2019/2020","West Ham","Liverpool","29","71","28","72","30","70","7","13","1","6","6","7","4","5","0","1","4","4","3","5","1","2","2","3"
"5551","23-01-20 21:00","England","Premier League","2019/2020","Wolves","Liverpool","47","53","43","57","51","49","10","13","3","6","7","7","3","6","0","2","3","4","5","1","2","0","3","1"
"5552","22-01-20 21:15","England","Premier League","2019/2020","Manchester Utd","Burnley","72","28","68","32","76","24","24","5","11","3","13","2","7","2","3","1","4","1","10","2","5","2","5","0"
"5553","22-01-20 20:30","England","Premier League","2019/2020","Tottenham","Norwich","50","50","50","50","50","50","14","13","7","5","7","8","3","2","2","0","1","2","5","7","2","5","3","2"
"6542","22-01-20 20:30","England","Premier League","2019/2020","Leicester","West Ham","67","33","72","28","62","38","19","6","8","2","11","4","8","2","3","0","5","2","4","3","3","1","1","2"
"5554","21-01-20 21:15","England","Premier League","2019/2020","Chelsea","Arsenal","59","41","49","51","69","31","19","2","9","0","10","2","8","2","3","0","5","2","5","0","3","0","2","0"
"5555","21-01-20 20:30","England","Premier League","2019/2020","Aston Villa","Watford","65","35","61","39","69","31","16","8","5","5","11","3","5","2","1","1","4","1","8","3","3","2","5","1"
"5556","21-01-20 20:30","England","Premier League","2019/2020","Bournemouth","Brighton","35","65","35","65","35","65","11","21","6","9","5","12","3","8","1","2","2","6","4","6","2","3","2","3"
"5557","21-01-20 20:30","England","Premier League","2019/2020","Crystal Palace","Southampton","44","56","32","68","56","44","6","15","1","8","5","7","0","6","0","3","0","3","5","6","1","4","4","2"
"5558","21-01-20 20:30","England","Premier League","2019/2020","Everton","Newcastle","55","45","63","37","47","53","17","9","6","2","11","7","8","3","4","0","4","3","7","3","2","2","5","1"
"5559","21-01-20 20:30","England","Premier League","2019/2020","Sheffield Utd","Manchester City","33","67","38","62","28","72","4","18","2","7","2","11","1","5","0","3","1","2","2","8","1","3","1","5"
"5560","19-01-20 17:30","England","Premier League","2019/2020","Liverpool","Manchester Utd","53","47","59","41","47","53","16","9","6","3","10","6","5","4","2","1","3","3","6","4","3","2","3","2"
"5561","19-01-20 15:00","England","Premier League","2019/2020","Burnley","Leicester","44","56","50","50","38","62","8","18","3","4","5","14","5","8","2","2","3","6","2","6","1","1","1","5"
"5562","18-01-20 18:30","England","Premier League","2019/2020","Newcastle","Chelsea","30","70","28","72","32","68","7","19","3","8","4","11","2","4","0","1","2","3","5","7","3","3","2","4"
"5563","18-01-20 16:00","England","Premier League","2019/2020","Arsenal","Sheffield Utd","61","39","63","37","59","41","11","12","5","4","6","8","4","4","3","0","1","4","5","6","2","4","3","2"
"5564","18-01-20 16:00","England","Premier League","2019/2020","Brighton","Aston Villa","56","44","51","49","61","39","10","8","7","3","3","5","2","3","1","0","1","3","3","5","2","3","1","2"
"5565","18-01-20 16:00","England","Premier League","2019/2020","Manchester City","Crystal Palace","72","28","72","28","72","28","25","5","11","1","14","4","6","3","3","1","3","2","10","1","5","0","5","1"
"5566","18-01-20 16:00","England","Premier League","2019/2020","Norwich","Bournemouth","66","34","71","29","61","39","16","6","8","2","8","4","5","3","2","1","3","2","5","1","3","1","2","0"
"5567","18-01-20 16:00","England","Premier League","2019/2020","Southampton","Wolves","53","47","50","50","56","44","11","8","5","4","6","4","5","4","4","1","1","3","5","3","1","2","4","1"
"6543","18-01-20 16:00","England","Premier League","2019/2020","West Ham","Everton","49","51","41","59","57","43","12","11","7","3","5","8","6","3","4","2","2","1","4","5","3","1","1","4"
"5568","18-01-20 13:30","England","Premier League","2019/2020","Watford","Tottenham","42","58","37","63","47","53","15","17","7","7","8","10","2","5","1","4","1","1","8","7","4","2","4","5"
"5569","12-01-20 17:30","England","Premier League","2019/2020","Aston Villa","Manchester City","29","71","35","65","23","77","7","22","2","11","5","11","1","12","0","5","1","7","4","8","2","6","2","2"
"5570","12-01-20 15:00","England","Premier League","2019/2020","Bournemouth","Watford","56","44","56","44","56","44","10","18","5","5","5","13","1","6","1","2","0","4","7","6","2","2","5","4"
"5571","11-01-20 18:30","England","Premier League","2019/2020","Tottenham","Liverpool","33","67","27","73","39","61","14","13","6","8","8","5","4","7","1","3","3","4","8","5","4","4","4","1"
"5572","11-01-20 16:00","England","Premier League","2019/2020","Chelsea","Burnley","65","35","65","35","65","35","18","7","7","5","11","2","8","2","4","2","4","0","4","2","1","1","3","1"
"5573","11-01-20 16:00","England","Premier League","2019/2020","Everton","Brighton","53","47","60","40","46","54","14","9","7","2","7","7","6","2","4","1","2","1","4","6","2","1","2","5"
"5574","11-01-20 16:00","England","Premier League","2019/2020","Leicester","Southampton","58","42","53","47","63","37","5","16","2","11","3","5","5","10","2","6","3","4","0","5","0","4","0","1"
"5575","11-01-20 16:00","England","Premier League","2019/2020","Manchester Utd","Norwich","60","40","66","34","54","46","13","8","6","1","7","7","6","3","3","1","3","2","4","2","2","0","2","2"
"5576","11-01-20 16:00","England","Premier League","2019/2020","Wolves","Newcastle","65","35","61","39","69","31","9","5","5","4","4","1","4","1","2","1","2","0","3","2","2","2","1","0"
"5577","11-01-20 13:30","England","Premier League","2019/2020","Crystal Palace","Arsenal","42","58","33","67","50","50","6","7","2","2","4","5","3","4","1","1","2","3","2","2","0","0","2","2"
"6544","10-01-20 21:00","England","Premier League","2019/2020","Sheffield Utd","West Ham","47","53","43","57","51","49","13","7","5","4","8","3","3","2","0","0","3","2","6","5","3","4","3","1"
"5578","02-01-20 21:00","England","Premier League","2019/2020","Liverpool","Sheffield Utd","75","25","71","29","79","21","19","3","7","2","12","1","7","2","3","1","4","1","5","1","1","1","4","0"
"5579","01-01-20 21:00","England","Premier League","2019/2020","Arsenal","Manchester Utd","49","51","58","42","40","60","10","10","7","2","3","8","4","4","3","2","1","2","5","3","4","0","1","3"
"5580","01-01-20 18:30","England","Premier League","2019/2020","Manchester City","Everton","65","35","65","35","65","35","16","7","7","2","9","5","7","2","3","1","4","1","7","3","4","1","3","2"
"5581","01-01-20 18:30","England","Premier League","2019/2020","Norwich","Crystal Palace","41","59","45","55","37","63","15","12","9","5","6","7","4","3","3","1","1","2","8","4","5","0","3","4"
"6545","01-01-20 18:30","England","Premier League","2019/2020","West Ham","Bournemouth","43","57","36","64","50","50","14","3","6","1","8","2","7","2","3","1","4","1","5","1","3","0","2","1"
"5582","01-01-20 16:00","England","Premier League","2019/2020","Newcastle","Leicester","23","77","29","71","17","83","5","16","4","9","1","7","2","9","2","5","0","4","2","5","1","2","1","3"
"5583","01-01-20 16:00","England","Premier League","2019/2020","Southampton","Tottenham","41","59","44","56","38","62","12","11","9","8","3","3","3","5","3","4","0","1","4","2","2","2","2","0"
"5584","01-01-20 16:00","England","Premier League","2019/2020","Watford","Wolves","36","64","44","56","27","73","9","16","7","3","2","13","3","4","2","1","1","3","4","7","3","2","1","5"
"5585","01-01-20 13:30","England","Premier League","2019/2020","Brighton","Chelsea","48","52","48","52","48","52","16","16","7","6","9","10","5","5","1","2","4","3","4","4","2","2","2","2"
"5586","01-01-20 13:30","England","Premier League","2019/2020","Burnley","Aston Villa","62","38","47","53","77","23","21","11","5","6","16","5","1","6","0","4","1","2","14","3","3","1","11","2"
"5587","29-12-19 19:00","England","Premier League","2019/2020","Manchester City","Sheffield Utd","72","28","75","25","69","31","16","8","7","5","9","3","4","0","0","0","4","0","6","6","3","4","3","2"
"5588","29-12-19 17:30","England","Premier League","2019/2020","Liverpool","Wolves","63","37","71","29","55","45","10","10","8","1","2","9","3","2","3","0","0","2","4","5","3","0","1","5"
"5589","29-12-19 15:00","England","Premier League","2019/2020","Arsenal","Chelsea","42","58","47","53","37","63","7","13","5","3","2","10","2","4","2","1","0","3","5","6","3","2","2","4"
"5590","28-12-19 20:45","England","Premier League","2019/2020","Burnley","Manchester Utd","38","62","29","71","47","53","8","14","1","8","7","6","1","5","0","3","1","2","5","3","1","2","4","1"
"5591","28-12-19 18:30","England","Premier League","2019/2020","Norwich","Tottenham","41","59","52","48","30","70","5","15","5","5","0","10","2","7","2","2","0","5","3","1","3","1","0","0"
"6546","28-12-19 18:30","England","Premier League","2019/2020","West Ham","Leicester","43","57","40","60","46","54","14","13","9","6","5","7","4","8","3","4","1","4","5","2","3","1","2","1"
"5592","28-12-19 16:00","England","Premier League","2019/2020","Newcastle","Everton","42","58","41","59","43","57","20","22","12","11","8","11","5","9","3","3","2","6","9","7","6","3","3","4"
"5593","28-12-19 16:00","England","Premier League","2019/2020","Southampton","Crystal Palace","60","40","59","41","61","39","14","5","2","2","12","3","5","2","0","0","5","2","4","3","2","2","2","1"
"5594","28-12-19 16:00","England","Premier League","2019/2020","Watford","Aston Villa","49","51","64","36","34","66","20","11","11","3","9","8","6","2","4","1","2","1","5","3","3","0","2","3"
"5595","28-12-19 13:30","England","Premier League","2019/2020","Brighton","Bournemouth","55","45","54","46","56","44","16","10","7","7","9","3","6","2","2","2","4","0","6","3","4","2","2","1"
"5596","27-12-19 20:45","England","Premier League","2019/2020","Wolves","Manchester City","62","38","60","40","64","36","20","7","8","3","12","4","8","3","3","2","5","1","5","3","1","1","4","2"
"5597","26-12-19 21:00","England","Premier League","2019/2020","Leicester","Liverpool","41","59","41","59","41","59","3","15","0","8","3","7","0","6","0","3","0","3","2","7","0","4","2","3"
"5598","26-12-19 18:30","England","Premier League","2019/2020","Manchester Utd","Newcastle","73","27","70","30","76","24","22","7","13","4","9","3","10","2","5","2","5","0","7","5","4","2","3","3"
"5599","26-12-19 16:00","England","Premier League","2019/2020","Aston Villa","Norwich","43","57","44","56","42","58","11","16","6","7","5","9","2","6","0","3","2","3","5","6","3","2","2","4"
"5600","26-12-19 16:00","England","Premier League","2019/2020","Bournemouth","Arsenal","39","61","39","61","39","61","12","17","6","9","6","8","4","2","2","0","2","2","5","6","3","4","2","2"
"5601","26-12-19 16:00","England","Premier League","2019/2020","Chelsea","Southampton","66","34","68","32","64","36","10","5","3","2","7","3","3","3","1","1","2","2","5","0","1","0","4","0"
"5602","26-12-19 16:00","England","Premier League","2019/2020","Everton","Burnley","68","32","75","25","61","39","21","6","12","2","9","4","5","0","2","0","3","0","8","6","4","2","4","4"
"5603","26-12-19 16:00","England","Premier League","2019/2020","Sheffield Utd","Watford","58","42","58","42","58","42","16","5","6","2","10","3","4","2","3","1","1","1","6","2","2","1","4","1"
"6547","26-12-19 16:00","England","Premier League","2019/2020","Crystal Palace","West Ham","58","42","56","44","60","40","13","10","3","3","10","7","4","2","0","1","4","1","8","5","2","1","6","4"
"5604","26-12-19 13:30","England","Premier League","2019/2020","Tottenham","Brighton","54","46","55","45","53","47","11","11","5","5","6","6","5","5","1","3","4","2","2","5","1","1","1","4"
"5605","22-12-19 17:30","England","Premier League","2019/2020","Tottenham","Chelsea","45","55","43","57","47","53","5","13","2","8","3","5","1","3","0","2","1","1","2","6","2","4","0","2"
"5606","22-12-19 15:00","England","Premier League","2019/2020","Watford","Manchester Utd","36","64","43","57","29","71","11","17","3","4","8","13","3","8","0","0","3","8","3","6","1","2","2","4"
"5607","21-12-19 18:30","England","Premier League","2019/2020","Manchester City","Leicester","63","37","69","31","57","43","23","5","13","4","10","1","12","2","7","2","5","0","7","3","5","2","2","1"
"5608","21-12-19 16:00","England","Premier League","2019/2020","Aston Villa","Southampton","56","44","56","44","56","44","19","17","6","9","13","8","6","8","2","4","4","4","7","5","4","3","3","2"
"5609","21-12-19 16:00","England","Premier League","2019/2020","Bournemouth","Burnley","65","35","65","35","65","35","3","2","1","1","2","1","0","1","0","0","0","1","3","0","1","0","2","0"
"5610","21-12-19 16:00","England","Premier League","2019/2020","Brighton","Sheffield Utd","69","31","62","38","76","24","9","7","3","3","6","4","2","2","1","1","1","1","4","5","2","2","2","3"
"5611","21-12-19 16:00","England","Premier League","2019/2020","Newcastle","Crystal Palace","42","58","49","51","35","65","8","16","6","6","2","10","3","4","2","1","1","3","2","7","2","3","0","4"
"5612","21-12-19 16:00","England","Premier League","2019/2020","Norwich","Wolves","50","50","51","49","49","51","13","14","9","4","4","10","7","4","6","1","1","3","5","2","3","0","2","2"
"5613","21-12-19 13:30","England","Premier League","2019/2020","Everton","Arsenal","43","57","47","53","39","61","9","6","4","1","5","5","0","2","0","0","0","2","5","4","3","1","2","3"
"5614","16-12-19 20:45","England","Premier League","2019/2020","Crystal Palace","Brighton","34","66","32","68","36","64","11","15","0","6","11","9","4","10","0","4","4","6","6","3","0","2","6","1"
"5615","15-12-19 17:30","England","Premier League","2019/2020","Arsenal","Manchester City","42","58","48","52","36","64","6","14","3","6","3","8","1","7","1","4","0","3","4","3","1","1","3","2"
"5616","15-12-19 15:00","England","Premier League","2019/2020","Manchester Utd","Everton","67","33","64","36","70","30","24","8","9","5","15","3","8","3","2","2","6","1","8","5","4","3","4","2"
"5617","15-12-19 15:00","England","Premier League","2019/2020","Wolves","Tottenham","58","42","61","39","55","45","18","9","9","5","9","4","5","5","2","3","3","2","4","3","2","1","2","2"
"6548","14-12-19 18:30","England","Premier League","2019/2020","Southampton","West Ham","57","43","54","46","60","40","11","11","3","5","8","6","2","4","1","1","1","3","9","3","2","2","7","1"
"5618","14-12-19 16:00","England","Premier League","2019/2020","Burnley","Newcastle","48","52","52","48","44","56","7","9","4","4","3","5","4","0","2","0","2","0","2","7","1","3","1","4"
"5619","14-12-19 16:00","England","Premier League","2019/2020","Chelsea","Bournemouth","68","32","65","35","71","29","18","11","9","4","9","7","5","2","2","1","3","1","5","1","3","0","2","1"
"5620","14-12-19 16:00","England","Premier League","2019/2020","Leicester","Norwich","57","43","54","46","60","40","18","10","6","5","12","5","5","3","2","2","3","1","8","3","4","1","4","2"
"5621","14-12-19 16:00","England","Premier League","2019/2020","Sheffield Utd","Aston Villa","57","43","59","41","55","45","7","8","2","0","5","8","3","0","0","0","3","0","2","7","1","0","1","7"
"5622","14-12-19 13:30","England","Premier League","2019/2020","Liverpool","Watford","68","32","71","29","65","35","16","8","4","4","12","4","6","2","1","0","5","2","8","6","3","4","5","2"
"6549","09-12-19 21:00","England","Premier League","2019/2020","West Ham","Arsenal","36","64","35","65","37","63","11","10","5","2","6","8","4","3","2","0","2","3","4","3","2","2","2","1"
"5623","08-12-19 17:30","England","Premier League","2019/2020","Brighton","Wolves","62","38","62","38","62","38","13","13","8","6","5","7","4","5","3","4","1","1","5","3","2","2","3","1"
"5624","08-12-19 15:00","England","Premier League","2019/2020","Aston Villa","Leicester","41","59","42","58","40","60","15","23","6","10","9","13","2","8","1","4","1","4","9","8","3","2","6","6"
"5625","08-12-19 15:00","England","Premier League","2019/2020","Newcastle","Southampton","45","55","39","61","51","49","12","19","3","5","9","14","6","4","1","2","5","2","0","10","0","3","0","7"
"5626","08-12-19 15:00","England","Premier League","2019/2020","Norwich","Sheffield Utd","58","42","53","47","63","37","14","9","8","4","6","5","4","3","3","1","1","2","5","5","2","3","3","2"
"5627","07-12-19 18:30","England","Premier League","2019/2020","Manchester City","Manchester Utd","72","28","67","33","77","23","22","11","12","7","10","4","5","7","2","5","3","2","6","2","3","2","3","0"
"5628","07-12-19 16:00","England","Premier League","2019/2020","Bournemouth","Liverpool","26","74","27","73","25","75","3","21","2","11","1","10","0","9","0","5","0","4","1","7","1","4","0","3"
"5629","07-12-19 16:00","England","Premier League","2019/2020","Tottenham","Burnley","49","51","55","45","43","57","13","7","8","5","5","2","7","1","4","1","3","0","3","5","3","3","0","2"
"5630","07-12-19 16:00","England","Premier League","2019/2020","Watford","Crystal Palace","50","50","49","51","51","49","13","3","3","1","10","2","3","0","0","0","3","0","4","2","1","1","3","1"
"5631","07-12-19 13:30","England","Premier League","2019/2020","Everton","Chelsea","30","70","24","76","36","64","13","15","3","4","10","11","7","4","2","1","5","3","3","7","0","2","3","5"
"5632","05-12-19 21:15","England","Premier League","2019/2020","Arsenal","Brighton","49","51","48","52","50","50","12","20","4","8","8","12","5","9","2","5","3","4","4","5","2","1","2","4"
"5633","05-12-19 20:30","England","Premier League","2019/2020","Sheffield Utd","Newcastle","73","27","75","25","71","29","13","6","7","2","6","4","6","4","4","1","2","3","4","1","2","0","2","1"
"5634","04-12-19 21:15","England","Premier League","2019/2020","Liverpool","Everton","59","41","57","43","61","39","11","12","5","8","6","4","5","4","4","2","1","2","3","7","1","5","2","2"
"5635","04-12-19 20:30","England","Premier League","2019/2020","Chelsea","Aston Villa","64","36","64","36","64","36","25","9","9","3","16","6","9","3","4","2","5","1","6","1","3","0","3","1"
"5636","04-12-19 20:30","England","Premier League","2019/2020","Leicester","Watford","63","37","68","32","58","42","12","4","3","2","9","2","6","1","1","0","5","1","4","1","2","0","2","1"
"5637","04-12-19 20:30","England","Premier League","2019/2020","Manchester Utd","Tottenham","46","54","52","48","40","60","12","8","8","3","4","5","7","5","4","2","3","3","3","1","3","1","0","0"
"5638","04-12-19 20:30","England","Premier League","2019/2020","Southampton","Norwich","40","60","43","57","37","63","14","10","10","1","4","9","5","3","4","0","1","3","5","5","3","1","2","4"
"6550","04-12-19 20:30","England","Premier League","2019/2020","Wolves","West Ham","50","50","54","46","46","54","13","6","5","2","8","4","7","3","3","2","4","1","6","2","2","0","4","2"
"5639","03-12-19 21:15","England","Premier League","2019/2020","Burnley","Manchester City","24","76","28","72","20","80","4","17","2","8","2","9","2","8","0","5","2","3","1","4","1","1","0","3"
"5640","03-12-19 20:30","England","Premier League","2019/2020","Crystal Palace","Bournemouth","31","69","41","59","21","79","7","6","3","3","4","3","2","3","0","2","2","1","3","2","2","1","1","1"
"5641","01-12-19 17:30","England","Premier League","2019/2020","Leicester","Everton","70","30","70","30","70","30","16","11","6","3","10","8","6","3","1","1","5","2","7","5","3","1","4","4"
"5642","01-12-19 17:30","England","Premier League","2019/2020","Manchester Utd","Aston Villa","62","38","60","40","64","36","16","9","4","5","12","4","6","3","1","2","5","1","7","4","3","2","4","2"
"5643","01-12-19 15:00","England","Premier League","2019/2020","Norwich","Arsenal","40","60","35","65","45","55","15","16","5","7","10","9","8","7","3","3","5","4","5","1","2","1","3","0"
"5644","01-12-19 15:00","England","Premier League","2019/2020","Wolves","Sheffield Utd","59","41","57","43","61","39","13","9","6","3","7","6","3","4","1","2","2","2","4","4","1","1","3","3"
"5645","30-11-19 18:30","England","Premier League","2019/2020","Southampton","Watford","64","36","69","31","59","41","11","6","5","4","6","2","6","3","2","3","4","0","3","3","3","1","0","2"
"5646","30-11-19 16:00","England","Premier League","2019/2020","Burnley","Crystal Palace","43","57","34","66","52","48","15","7","2","3","13","4","4","2","1","1","3","1","8","4","0","2","8","2"
"5647","30-11-19 16:00","England","Premier League","2019/2020","Liverpool","Brighton","45","55","49","51","41","59","15","12","10","4","5","8","7","5","6","1","1","4","5","4","3","2","2","2"
"5648","30-11-19 16:00","England","Premier League","2019/2020","Tottenham","Bournemouth","53","47","49","51","57","43","15","20","9","8","6","12","5","6","2","3","3","3","8","8","5","4","3","4"
"6551","30-11-19 16:00","England","Premier League","2019/2020","Chelsea","West Ham","66","34","63","37","69","31","19","5","10","2","9","3","6","4","3","1","3","3","8","1","4","1","4","0"
"5649","30-11-19 13:30","England","Premier League","2019/2020","Newcastle","Manchester City","24","76","22","78","26","74","6","24","3","9","3","15","3","9","2","4","1","5","3","8","1","3","2","5"
"5650","25-11-19 21:00","England","Premier League","2019/2020","Aston Villa","Newcastle","62","38","68","32","52","48","17","11","7","4","10","7","8","5","3","2","5","3","6","3","2","1","4","2"
"5651","24-11-19 17:30","England","Premier League","2019/2020","Sheffield Utd","Manchester Utd","41","59","46","54","36","64","12","11","7","1","5","10","8","5","5","1","3","4","1","4","0","0","1","4"
"5652","23-11-19 18:30","England","Premier League","2019/2020","Manchester City","Chelsea","47","53","45","55","49","51","15","11","9","6","6","5","4","2","2","2","2","0","7","6","5","3","2","3"
"5653","23-11-19 16:00","England","Premier League","2019/2020","Arsenal","Southampton","61","39","60","40","62","38","12","21","3","11","9","10","5","6","1","2","4","4","3","11","1","7","2","4"
"5654","23-11-19 16:00","England","Premier League","2019/2020","Bournemouth","Wolves","47","53","47","53","47","53","9","18","2","9","7","9","2","8","0","3","2","5","4","7","1","3","3","4"
"5655","23-11-19 16:00","England","Premier League","2019/2020","Brighton","Leicester","53","47","43","57","63","37","7","19","1","11","6","8","0","9","0","2","0","7","4","8","1","7","3","1"
"5656","23-11-19 16:00","England","Premier League","2019/2020","Crystal Palace","Liverpool","40","60","32","68","48","52","16","12","5","4","11","8","6","4","1","0","5","4","7","4","3","2","4","2"
"5657","23-11-19 16:00","England","Premier League","2019/2020","Everton","Norwich","57","43","56","44","58","42","18","13","6","6","12","7","7","5","2","3","5","2","7","3","3","1","4","2"
"5658","23-11-19 16:00","England","Premier League","2019/2020","Watford","Burnley","62","38","60","40","64","36","15","11","7","1","8","10","4","5","2","0","2","5","4","3","2","0","2","3"
"6552","23-11-19 13:30","England","Premier League","2019/2020","West Ham","Tottenham","47","53","35","65","59","41","11","15","2","12","9","3","4","6","0","4","4","2","4","6","2","5","2","1"
"5659","10-11-19 17:30","England","Premier League","2019/2020","Liverpool","Manchester City","45","55","46","54","44","56","12","18","8","9","4","9","5","3","4","2","1","1","5","7","4","5","1","2"
"5660","10-11-19 15:00","England","Premier League","2019/2020","Manchester Utd","Brighton","43","57","49","51","37","63","21","6","5","4","16","2","11","2","4","0","7","2","5","3","0","3","5","0"
"5661","10-11-19 15:00","England","Premier League","2019/2020","Wolves","Aston Villa","49","51","51","49","47","53","17","13","8","2","9","11","5","4","3","2","2","2","7","4","3","0","4","4"
"5662","09-11-19 18:30","England","Premier League","2019/2020","Leicester","Arsenal","51","49","54","46","48","52","19","8","9","6","10","2","7","1","2","1","5","0","9","4","5","2","4","2"
"5663","09-11-19 16:00","England","Premier League","2019/2020","Newcastle","Bournemouth","33","67","39","61","27","73","20","16","10","9","10","7","9","3","4","3","5","0","4","7","3","4","1","3"
"5664","09-11-19 16:00","England","Premier League","2019/2020","Southampton","Everton","47","53","47","53","47","53","4","24","0","12","4","12","3","5","0","1","3","4","1","9","0","5","1","4"
"5665","09-11-19 16:00","England","Premier League","2019/2020","Tottenham","Sheffield Utd","61","39","64","36","58","42","17","14","8","10","9","4","5","4","0","3","5","1","8","7","5","5","3","2"
"6553","09-11-19 16:00","England","Premier League","2019/2020","Burnley","West Ham","40","60","42","58","38","62","14","7","6","0","8","7","12","4","5","0","7","4","1","2","0","0","1","2"
"5666","09-11-19 13:30","England","Premier League","2019/2020","Chelsea","Crystal Palace","60","40","68","32","52","48","23","3","11","0","12","3","5","1","2","0","3","1","10","1","5","0","5","1"
"5667","08-11-19 21:00","England","Premier League","2019/2020","Norwich","Watford","66","34","58","42","74","26","17","12","8","9","9","3","5","2","3","1","2","1","7","6","4","5","3","1"
"5668","03-11-19 17:30","England","Premier League","2019/2020","Everton","Tottenham","48","52","38","62","58","42","7","4","4","2","3","2","3","2","1","0","2","2","3","1","2","1","1","0"
"5669","03-11-19 15:00","England","Premier League","2019/2020","Crystal Palace","Leicester","44","56","40","60","48","52","12","14","6","8","6","6","3","5","1","2","2","3","5","7","3","4","2","3"
"5670","02-11-19 18:30","England","Premier League","2019/2020","Watford","Chelsea","33","67","33","67","33","67","12","16","5","7","7","9","3","10","1","5","2","5","5","2","2","1","3","1"
"5671","02-11-19 16:00","England","Premier League","2019/2020","Arsenal","Wolves","58","42","58","42","58","42","10","25","7","14","3","11","4","8","4","3","0","5","5","4","2","4","3","0"
"5672","02-11-19 16:00","England","Premier League","2019/2020","Aston Villa","Liverpool","26","74","24","76","28","72","5","25","4","5","1","20","2","6","2","1","0","5","2","10","2","3","0","7"
"5673","02-11-19 16:00","England","Premier League","2019/2020","Brighton","Norwich","58","42","63","37","53","47","21","7","10","4","11","3","5","0","2","0","3","0","12","4","5","2","7","2"
"5674","02-11-19 16:00","England","Premier League","2019/2020","Manchester City","Southampton","76","24","72","28","80","20","26","3","14","3","12","0","4","3","0","3","4","0","9","0","5","0","4","0"
"5675","02-11-19 16:00","England","Premier League","2019/2020","Sheffield Utd","Burnley","46","54","50","50","42","58","13","6","6","2","7","4","6","0","3","0","3","0","5","5","3","2","2","3"
"6554","02-11-19 16:00","England","Premier League","2019/2020","West Ham","Newcastle","69","31","68","32","70","30","16","12","5","7","11","5","6","9","2","6","4","3","6","3","3","1","3","2"
"5676","02-11-19 13:30","England","Premier League","2019/2020","Bournemouth","Manchester Utd","42","58","48","52","35","65","12","15","6","6","6","9","6","4","2","1","4","3","3","6","1","3","2","3"
"5677","27-10-19 17:30","England","Premier League","2019/2020","Arsenal","Crystal Palace","57","43","48","52","66","34","15","10","7","5","8","5","6","4","3","3","3","1","8","2","4","1","4","1"
"5678","27-10-19 17:30","England","Premier League","2019/2020","Liverpool","Tottenham","68","32","76","24","60","40","21","11","10","4","11","7","13","4","5","1","8","3","3","5","2","1","1","4"
"5679","27-10-19 17:30","England","Premier League","2019/2020","Norwich","Manchester Utd","46","54","43","57","49","51","10","21","4","12","6","9","3","11","1","8","2","3","5","7","3","2","2","5"
"5680","27-10-19 15:00","England","Premier League","2019/2020","Newcastle","Wolves","43","57","52","48","34","66","13","13","9","3","4","10","2","5","1","2","1","3","7","5","5","1","2","4"
"5681","26-10-19 18:30","England","Premier League","2019/2020","Burnley","Chelsea","37","63","36","64","38","62","13","16","4","8","9","8","5","7","1","4","4","3","5","2","3","2","2","0"
"5682","26-10-19 16:00","England","Premier League","2019/2020","Brighton","Everton","55","45","56","44","54","46","8","10","3","6","5","4","4","6","1","3","3","3","3","2","1","2","2","0"
"5683","26-10-19 16:00","England","Premier League","2019/2020","Watford","Bournemouth","40","60","41","59","39","61","7","15","3","7","4","8","3","5","1","3","2","2","3","3","1","2","2","1"
"6555","26-10-19 16:00","England","Premier League","2019/2020","West Ham","Sheffield Utd","61","39","69","31","52","48","12","10","3","6","9","4","4","4","1","2","3","2","7","3","2","2","5","1"
"5684","26-10-19 13:30","England","Premier League","2019/2020","Manchester City","Aston Villa","63","37","66","34","60","40","25","11","11","4","14","7","9","5","2","1","7","4","8","2","5","0","3","2"
"5685","25-10-19 21:00","England","Premier League","2019/2020","Southampton","Leicester","28","72","26","74","30","70","6","25","2","15","4","10","3","15","1","8","2","7","2","5","1","3","1","2"
"5686","21-10-19 21:00","England","Premier League","2019/2020","Sheffield Utd","Arsenal","31","69","40","60","22","78","8","9","2","4","6","5","2","3","1","1","1","2","5","4","1","2","4","2"
"5687","20-10-19 17:30","England","Premier League","2019/2020","Manchester Utd","Liverpool","32","68","43","57","21","79","7","10","4","4","3","6","2","4","2","2","0","2","4","5","1","2","3","3"
"5688","19-10-19 18:30","England","Premier League","2019/2020","Crystal Palace","Manchester City","29","71","25","75","33","67","7","21","2","11","5","10","2","10","0","7","2","3","3","8","1","3","2","5"
"5689","19-10-19 16:00","England","Premier League","2019/2020","Aston Villa","Brighton","49","51","42","58","56","44","24","20","9","11","15","9","8","5","5","4","3","1","8","8","2","4","6","4"
"5690","19-10-19 16:00","England","Premier League","2019/2020","Bournemouth","Norwich","47","53","48","52","46","54","11","10","5","1","6","9","2","1","1","0","1","1","6","6","3","0","3","6"
"5691","19-10-19 16:00","England","Premier League","2019/2020","Chelsea","Newcastle","71","29","69","31","73","27","16","5","5","3","11","2","8","0","2","0","6","0","4","4","2","2","2","2"
"5692","19-10-19 16:00","England","Premier League","2019/2020","Leicester","Burnley","65","35","75","25","55","45","19","13","8","8","11","5","3","4","2","2","1","2","9","3","5","1","4","2"
"5693","19-10-19 16:00","England","Premier League","2019/2020","Tottenham","Watford","70","30","70","30","70","30","12","7","4","2","8","5","2","2","1","1","1","1","3","2","2","0","1","2"
"5694","19-10-19 16:00","England","Premier League","2019/2020","Wolves","Southampton","56","44","54","46","58","42","4","14","2","8","2","6","1","5","0","1","1","4","3","5","2","4","1","1"
"6556","19-10-19 13:30","England","Premier League","2019/2020","Everton","West Ham","52","48","53","47","51","49","19","8","11","2","8","6","10","4","5","1","5","3","5","3","2","1","3","2"
"5695","06-10-19 17:30","England","Premier League","2019/2020","Newcastle","Manchester Utd","31","69","34","66","27","73","12","12","8","3","4","9","2","3","0","1","2","2","5","5","3","1","2","4"
"5696","06-10-19 15:00","England","Premier League","2019/2020","Arsenal","Bournemouth","53","47","58","42","48","52","12","10","8","3","4","7","2","2","2","0","0","2","6","7","3","3","3","4"
"5697","06-10-19 15:00","England","Premier League","2019/2020","Manchester City","Wolves","76","24","72","28","81","19","18","7","6","4","12","3","2","2","2","0","0","2","6","3","2","2","4","1"
"5698","06-10-19 15:00","England","Premier League","2019/2020","Southampton","Chelsea","44","56","46","54","42","58","10","13","6","7","4","6","3","7","2","4","1","3","6","4","3","3","3","1"
"6557","05-10-19 18:30","England","Premier League","2019/2020","West Ham","Crystal Palace","52","48","49","51","55","45","9","7","4","4","5","3","4","4","2","2","2","2","4","1","2","0","2","1"
"5699","05-10-19 16:00","England","Premier League","2019/2020","Burnley","Everton","41","59","38","62","44","56","9","11","2","6","7","5","3","2","1","1","2","1","4","4","1","3","3","1"
"5700","05-10-19 16:00","England","Premier League","2019/2020","Liverpool","Leicester","51","49","55","45","47","53","18","2","7","0","11","2","8","1","4","0","4","1","6","1","3","0","3","1"
"5701","05-10-19 16:00","England","Premier League","2019/2020","Norwich","Aston Villa","58","42","52","48","64","36","21","22","12","16","9","6","5","12","3","9","2","3","8","7","3","5","5","2"
"5702","05-10-19 16:00","England","Premier League","2019/2020","Watford","Sheffield Utd","39","61","31","69","47","53","8","9","4","4","4","5","2","3","0","2","2","1","4","4","3","2","1","2"
"5703","05-10-19 13:30","England","Premier League","2019/2020","Brighton","Tottenham","48","52","48","52","48","52","17","8","11","2","6","6","6","3","4","1","2","2","5","3","3","1","2","2"
"5704","30-09-19 21:00","England","Premier League","2019/2020","Manchester Utd","Arsenal","55","45","58","42","52","48","16","10","5","4","11","6","4","5","2","3","2","2","6","3","0","1","6","2"
"5705","29-09-19 17:30","England","Premier League","2019/2020","Leicester","Newcastle","69","31","65","35","73","27","13","3","7","3","6","0","5","0","2","0","3","0","5","3","3","3","2","0"
"5706","28-09-19 18:30","England","Premier League","2019/2020","Everton","Manchester City","37","63","32","68","42","58","12","20","6","11","6","9","8","9","4","6","4","3","3","7","1","3","2","4"
"5707","28-09-19 16:00","England","Premier League","2019/2020","Aston Villa","Burnley","61","39","64","36","58","42","16","10","10","4","6","6","3","3","2","1","1","2","7","4","6","2","1","2"
"5708","28-09-19 16:00","England","Premier League","2019/2020","Chelsea","Brighton","53","47","61","39","45","55","24","8","17","0","7","8","10","1","4","0","6","1","4","4","4","0","0","4"
"5709","28-09-19 16:00","England","Premier League","2019/2020","Crystal Palace","Norwich","45","55","65","35","25","75","15","10","5","6","10","4","3","3","2","2","1","1","6","2","2","0","4","2"
"5710","28-09-19 16:00","England","Premier League","2019/2020","Tottenham","Southampton","41","59","54","46","27","73","9","14","7","9","2","5","4","6","3","3","1","3","3","6","2","4","1","2"
"5711","28-09-19 16:00","England","Premier League","2019/2020","Wolves","Watford","39","61","41","59","37","63","6","14","4","4","2","10","2","5","1","0","1","5","4","6","3","3","1","3"
"6558","28-09-19 16:00","England","Premier League","2019/2020","Bournemouth","West Ham","48","52","51","49","45","55","13","17","3","7","10","10","5","6","1","2","4","4","4","4","2","2","2","2"
"5712","28-09-19 13:30","England","Premier League","2019/2020","Sheffield Utd","Liverpool","30","70","26","74","34","66","12","16","4","7","8","9","2","4","1","0","1","4","6","9","2","6","4","3"
"5713","22-09-19 17:30","England","Premier League","2019/2020","Arsenal","Aston Villa","58","42","64","36","52","48","21","14","6","7","15","7","6","9","2","5","4","4","10","3","2","1","8","2"
"5714","22-09-19 17:30","England","Premier League","2019/2020","Chelsea","Liverpool","55","45","49","51","61","39","13","6","4","3","9","3","2","3","1","2","1","1","8","2","1","0","7","2"
"5715","22-09-19 15:00","England","Premier League","2019/2020","Crystal Palace","Wolves","50","50","44","56","56","44","13","13","1","7","12","6","4","4","1","2","3","2","5","3","0","1","5","2"
"6559","22-09-19 15:00","England","Premier League","2019/2020","West Ham","Manchester Utd","46","54","51","49","41","59","8","9","4","2","4","7","6","3","3","1","3","2","1","2","0","0","1","2"
"5716","21-09-19 18:30","England","Premier League","2019/2020","Newcastle","Brighton","29","71","24","76","34","66","11","16","4","8","7","8","4","3","1","1","3","2","5","6","2","2","3","4"
"5717","21-09-19 16:00","England","Premier League","2019/2020","Burnley","Norwich","41","59","43","57","39","61","13","11","6","5","7","6","6","2","5","1","1","1","2","6","0","3","2","3"
"5718","21-09-19 16:00","England","Premier League","2019/2020","Everton","Sheffield Utd","70","30","67","33","73","27","16","2","10","0","6","2","3","1","2","0","1","1","6","1","5","0","1","1"
"5719","21-09-19 16:00","England","Premier League","2019/2020","Manchester City","Watford","69","31","70","30","68","32","28","5","14","2","14","3","11","4","6","2","5","2","13","0","5","0","8","0"
"5720","21-09-19 13:30","England","Premier League","2019/2020","Leicester","Tottenham","44","56","46","54","42","58","16","11","9","5","7","6","7","4","4","3","3","1","6","6","3","2","3","4"
"5721","20-09-19 21:00","England","Premier League","2019/2020","Southampton","Bournemouth","65","35","59","41","71","29","25","6","10","4","15","2","6","3","3","2","3","1","11","1","3","0","8","1"
"6560","16-09-19 21:00","England","Premier League","2019/2020","Aston Villa","West Ham","47","53","41","59","53","47","10","13","5","7","5","6","5","1","3","1","2","0","4","5","1","3","3","2"
"5722","15-09-19 17:30","England","Premier League","2019/2020","Watford","Arsenal","53","47","45","55","61","39","31","7","7","3","24","4","10","4","4","2","6","2","15","2","3","1","12","1"
"5723","15-09-19 15:00","England","Premier League","2019/2020","Bournemouth","Everton","40","60","47","53","33","67","13","14","10","7","3","7","6","5","4","2","2","3","4","5","4","4","0","1"
"5724","14-09-19 18:30","England","Premier League","2019/2020","Norwich","Manchester City","31","69","31","69","31","69","7","25","4","7","3","18","3","8","2","2","1","6","3","6","1","3","2","3"
"5725","14-09-19 16:00","England","Premier League","2019/2020","Brighton","Burnley","63","37","55","45","71","29","14","7","5","4","9","3","5","1","2","0","3","1","7","6","2","4","5","2"
"5726","14-09-19 16:00","England","Premier League","2019/2020","Manchester Utd","Leicester","42","58","46","54","38","62","10","9","3","4","7","5","5","3","2","3","3","0","5","4","1","1","4","3"
"5727","14-09-19 16:00","England","Premier League","2019/2020","Sheffield Utd","Southampton","49","51","51","49","47","53","17","11","9","6","8","5","4","7","3","3","1","4","8","3","4","2","4","1"
"5728","14-09-19 16:00","England","Premier League","2019/2020","Tottenham","Crystal Palace","64","36","65","35","63","37","13","11","8","4","5","7","5","6","4","2","1","4","7","2","4","1","3","1"
"5729","14-09-19 16:00","England","Premier League","2019/2020","Wolves","Chelsea","44","56","44","56","44","56","11","15","1","6","10","9","4","6","0","3","4","3","4","7","1","1","3","6"
"5730","14-09-19 13:30","England","Premier League","2019/2020","Liverpool","Newcastle","76","24","80","20","72","28","21","8","10","2","11","6","9","1","3","1","6","0","9","4","6","1","3","3"
"5731","01-09-19 17:30","England","Premier League","2019/2020","Arsenal","Tottenham","55","45","51","49","59","41","26","13","9","8","17","5","8","9","3","7","5","2","10","3","4","1","6","2"
"5732","01-09-19 15:00","England","Premier League","2019/2020","Everton","Wolves","59","41","61","39","57","43","15","8","6","6","9","2","6","5","3","4","3","1","3","1","1","1","2","0"
"5733","31-08-19 18:30","England","Premier League","2019/2020","Burnley","Liverpool","37","63","36","64","38","62","7","15","3","7","4","8","2","7","1","4","1","3","4","2","2","1","2","1"
"5734","31-08-19 16:00","England","Premier League","2019/2020","Chelsea","Sheffield Utd","62","38","63","37","61","39","13","8","9","3","4","5","5","2","3","0","2","2","5","5","3","3","2","2"
"5735","31-08-19 16:00","England","Premier League","2019/2020","Crystal Palace","Aston Villa","53","47","51","49","55","45","22","10","8","3","14","7","5","2","3","1","2","1","10","3","4","1","6","2"
"5736","31-08-19 16:00","England","Premier League","2019/2020","Leicester","Bournemouth","55","45","52","48","58","42","13","8","7","5","6","3","5","2","3","1","2","1","5","2","3","2","2","0"
"5737","31-08-19 16:00","England","Premier League","2019/2020","Manchester City","Brighton","54","46","51","49","57","43","15","6","8","3","7","3","6","2","4","1","2","1","8","1","4","0","4","1"
"5738","31-08-19 16:00","England","Premier League","2019/2020","Newcastle","Watford","49","51","50","50","48","52","13","13","5","6","8","7","5","3","1","1","4","2","3","5","0","2","3","3"
"6561","31-08-19 16:00","England","Premier League","2019/2020","West Ham","Norwich","49","51","46","54","52","48","18","8","4","3","14","5","8","3","1","1","7","2","7","3","2","2","5","1"
"5739","31-08-19 13:30","England","Premier League","2019/2020","Southampton","Manchester Utd","42","58","45","55","39","61","10","21","5","9","5","12","2","8","0","4","2","4","5","9","3","4","2","5"
"5740","25-08-19 17:30","England","Premier League","2019/2020","Tottenham","Newcastle","80","20","77","23","83","17","17","8","3","4","14","4","2","3","1","2","1","1","8","2","2","1","6","1"
"5741","25-08-19 17:30","England","Premier League","2019/2020","Wolves","Burnley","65","35","59","41","71","29","17","13","6","9","11","4","2","4","0","4","2","0","8","6","3","3","5","3"
"5742","25-08-19 15:00","England","Premier League","2019/2020","Bournemouth","Manchester City","26","74","30","70","22","78","10","19","5","11","5","8","7","5","4","3","3","2","2","4","1","3","1","1"
"5743","24-08-19 18:30","England","Premier League","2019/2020","Liverpool","Arsenal","53","47","63","37","43","57","25","9","15","5","10","4","5","3","2","2","3","1","6","4","5","2","1","2"
"5744","24-08-19 16:00","England","Premier League","2019/2020","Brighton","Southampton","51","49","50","50","52","48","12","12","4","2","8","10","3","4","1","1","2","3","6","5","1","1","5","4"
"5745","24-08-19 16:00","England","Premier League","2019/2020","Manchester Utd","Crystal Palace","71","29","66","34","76","24","22","5","9","3","13","2","3","3","0","2","3","1","13","1","6","0","7","1"
"5746","24-08-19 16:00","England","Premier League","2019/2020","Sheffield Utd","Leicester","49","51","42","58","56","44","8","10","3","8","5","2","3","2","1","1","2","1","3","4","2","4","1","0"
"6562","24-08-19 16:00","England","Premier League","2019/2020","Watford","West Ham","55","45","51","49","60","40","23","16","13","8","10","8","3","10","1","4","2","6","10","4","5","3","5","1"
"5747","24-08-19 13:30","England","Premier League","2019/2020","Norwich","Chelsea","47","53","48","52","46","54","6","23","4","10","2","13","5","8","4","4","1","4","1","5","0","1","1","4"
"5748","23-08-19 21:00","England","Premier League","2019/2020","Aston Villa","Everton","35","65","36","64","34","66","7","12","5","5","2","7","3","1","1","0","2","1","2","7","2","2","0","5"
"5749","19-08-19 21:00","England","Premier League","2019/2020","Wolves","Manchester Utd","35","65","31","69","40","60","6","9","1","2","5","7","2","2","0","1","2","1","3","4","0","1","3","3"
"5750","18-08-19 17:30","England","Premier League","2019/2020","Chelsea","Leicester","50","50","49","51","51","49","14","12","6","1","8","11","5","3","3","0","2","3","7","7","2","0","5","7"
"5751","18-08-19 15:00","England","Premier League","2019/2020","Sheffield Utd","Crystal Palace","43","57","46","54","40","60","15","6","11","2","4","4","3","4","1","1","2","3","6","0","4","0","2","0"
"5752","17-08-19 18:30","England","Premier League","2019/2020","Manchester City","Tottenham","56","44","52","48","60","40","30","3","13","1","17","2","10","2","5","1","5","1","8","1","3","0","5","1"
"5753","17-08-19 16:00","England","Premier League","2019/2020","Aston Villa","Bournemouth","63","37","61","39","65","35","22","12","11","7","11","5","7","4","3","3","4","1","9","4","3","4","6","0"
"5754","17-08-19 16:00","England","Premier League","2019/2020","Everton","Watford","44","56","48","52","39","61","12","8","6","3","6","5","2","2","2","1","0","1","6","4","2","2","4","2"
"5755","17-08-19 16:00","England","Premier League","2019/2020","Norwich","Newcastle","63","37","68","32","56","44","15","10","7","5","8","5","8","3","4","2","4","1","3","7","2","3","1","4"
"5756","17-08-19 16:00","England","Premier League","2019/2020","Southampton","Liverpool","37","63","38","62","36","64","14","15","6","5","8","10","3","6","1","2","2","4","7","6","4","2","3","4"
"6563","17-08-19 16:00","England","Premier League","2019/2020","Brighton","West Ham","57","43","55","45","59","41","16","8","7","2","9","6","4","3","2","0","2","3","9","4","3","2","6","2"
"5757","17-08-19 13:30","England","Premier League","2019/2020","Arsenal","Burnley","68","32","66","34","70","30","16","18","8","11","8","7","9","5","4","4","5","1","4","9","2","3","2","6"
"5758","11-08-19 17:30","England","Premier League","2019/2020","Manchester Utd","Chelsea","46","54","45","55","47","53","11","18","5","8","6","10","5","7","2","3","3","4","2","7","2","4","0","3"
"5759","11-08-19 15:00","England","Premier League","2019/2020","Leicester","Wolves","70","30","69","31","71","29","15","8","6","2","9","6","1","2","0","0","1","2","9","4","4","2","5","2"
"5760","11-08-19 15:00","England","Premier League","2019/2020","Newcastle","Arsenal","38","62","30","70","46","54","9","8","5","3","4","5","2","2","1","1","1","1","4","4","2","2","2","2"
"5761","10-08-19 18:30","England","Premier League","2019/2020","Tottenham","Aston Villa","70","30","71","29","69","31","31","7","7","5","24","2","7","4","1","4","6","0","14","2","6","0","8","2"
"5762","10-08-19 16:00","England","Premier League","2019/2020","Bournemouth","Sheffield Utd","53","47","60","40","45","55","13","8","3","4","10","4","3","3","0","2","3","1","7","4","3","1","4","3"
"5763","10-08-19 16:00","England","Premier League","2019/2020","Burnley","Southampton","46","54","47","53","45","55","10","11","2","6","8","5","4","3","0","2","4","1","4","5","2","2","2","3"
"5764","10-08-19 16:00","England","Premier League","2019/2020","Crystal Palace","Everton","35","65","31","69","39","61","6","10","3","6","3","4","2","3","0","1","2","2","0","3","0","2","0","1"
"5765","10-08-19 16:00","England","Premier League","2019/2020","Watford","Brighton","48","52","44","56","52","48","11","5","5","3","6","2","3","3","1","1","2","2","4","2","4","2","0","0"
"6564","10-08-19 13:30","England","Premier League","2019/2020","West Ham","Manchester City","43","57","45","55","41","59","5","14","1","8","4","6","3","9","1","4","2","5","2","3","0","2","2","1"
"5766","09-08-19 21:00","England","Premier League","2019/2020","Liverpool","Norwich","58","42","56","44","60","40","15","12","6","7","9","5","7","5","4","2","3","3","5","6","1","4","4","2"
"5767","12-05-19 16:00","England","Premier League","2018/2019","Brighton","Manchester City","23","77","33","67","13","87","6","20","5","11","1","9","2","9","2","5","0","4","3","3","2","1","1","2"
"5768","12-05-19 16:00","England","Premier League","2018/2019","Burnley","Arsenal","40","60","35","65","45","55","14","17","9","5","5","12","5","6","3","1","2","5","6","4","4","2","2","2"
"5769","12-05-19 16:00","England","Premier League","2018/2019","Crystal Palace","Bournemouth","45","55","49","51","41","59","17","16","9","2","8","14","8","8","3","1","5","7","7","6","5","1","2","5"
"5770","12-05-19 16:00","England","Premier League","2018/2019","Fulham","Newcastle","68","32","67","33","69","31","16","13","10","7","6","6","2","6","0","3","2","3","8","6","6","4","2","2"
"5771","12-05-19 16:00","England","Premier League","2018/2019","Leicester","Chelsea","47","53","49","51","45","55","9","14","5","8","4","6","3","4","3","3","0","1","4","7","1","4","3","3"
"5772","12-05-19 16:00","England","Premier League","2018/2019","Liverpool","Wolves","59","41","61","39","57","43","13","7","5","2","8","5","5","2","3","0","2","2","5","4","1","2","4","2"
"5773","12-05-19 16:00","England","Premier League","2018/2019","Manchester Utd","Cardiff","73","27","69","31","79","21","26","13","11","11","15","2","10","4","5","3","5","1","10","6","4","5","6","1"
"5774","12-05-19 16:00","England","Premier League","2018/2019","Southampton","Huddersfield","54","46","55","45","53","47","10","10","5","6","5","4","3","3","1","2","2","1","3","4","2","2","1","2"
"5775","12-05-19 16:00","England","Premier League","2018/2019","Tottenham","Everton","55","45","59","41","51","49","11","17","6","10","5","7","3","9","1","4","2","5","5","4","4","3","1","1"
"5776","12-05-19 16:00","England","Premier League","2018/2019","Watford","West Ham","48","52","56","44","40","60","17","16","11","6","6","10","8","9","5","4","3","5","2","5","1","2","1","3"
"5777","06-05-19 21:00","England","Premier League","2018/2019","Manchester City","Leicester","61","39","58","42","64","36","19","7","11","4","8","3","5","2","3","1","2","1","10","2","4","0","6","2"
"5778","05-05-19 17:30","England","Premier League","2018/2019","Arsenal","Brighton","71","29","69","31","73","27","20","11","8","4","12","7","8","5","4","1","4","4","5","4","2","1","3","3"
"5779","05-05-19 15:00","England","Premier League","2018/2019","Chelsea","Watford","59","41","57","43","61","39","19","15","5","7","14","8","9","3","1","1","8","2","6","9","3","5","3","4"
"5780","05-05-19 15:00","England","Premier League","2018/2019","Huddersfield","Manchester Utd","36","64","41","59","31","69","7","23","4","8","3","15","3","7","1","2","2","5","2","9","1","2","1","7"
"5781","04-05-19 20:45","England","Premier League","2018/2019","Newcastle","Liverpool","31","69","29","71","33","67","14","11","7","7","7","4","7","4","5","3","2","1","3","6","2","3","1","3"
"5782","04-05-19 18:30","England","Premier League","2018/2019","Cardiff","Crystal Palace","39","61","32","68","47","53","18","21","7","11","11","10","8","7","3","5","5","2","6","7","1","4","5","3"
"5783","04-05-19 16:00","England","Premier League","2018/2019","West Ham","Southampton","56","44","62","38","50","50","17","11","9","4","8","7","6","1","4","0","2","1","6","4","2","2","4","2"
"5784","04-05-19 16:00","England","Premier League","2018/2019","Wolves","Fulham","39","61","41","59","37","63","19","6","10","3","9","3","6","2","2","2","4","0","9","3","5","1","4","2"
"5785","04-05-19 13:30","England","Premier League","2018/2019","Bournemouth","Tottenham","53","47","37","63","69","31","20","11","6","10","14","1","6","5","2","5","4","0","7","3","2","2","5","1"
"5786","03-05-19 21:00","England","Premier League","2018/2019","Everton","Burnley","60","40","67","33","53","47","20","5","12","1","8","4","6","1","2","0","4","1","9","4","6","1","3","3"
"5787","28-04-19 17:30","England","Premier League","2018/2019","Manchester Utd","Chelsea","52","48","56","44","48","52","7","16","4","7","3","9","5","3","2","2","3","1","2","7","2","3","0","4"
"5788","28-04-19 15:05","England","Premier League","2018/2019","Burnley","Manchester City","30","70","31","69","29","71","2","25","1","7","1","18","0","7","0","2","0","5","2","4","1","2","1","2"
"5789","28-04-19 13:00","England","Premier League","2018/2019","Leicester","Arsenal","67","33","73","27","61","39","24","6","12","4","12","2","12","1","5","1","7","0","6","3","4","2","2","1"
"5790","27-04-19 18:30","England","Premier League","2018/2019","Brighton","Newcastle","50","50","38","62","62","38","9","9","0","4","9","5","2","1","0","1","2","0","5","3","0","2","5","1"
"5791","27-04-19 16:00","England","Premier League","2018/2019","Crystal Palace","Everton","36","64","32","68","40","60","8","22","6","11","2","11","0","3","0","2","0","1","5","8","4","4","1","4"
"5792","27-04-19 16:00","England","Premier League","2018/2019","Fulham","Cardiff","73","27","73","27","73","27","8","13","4","1","4","12","2","8","1","0","1","8","5","2","2","0","3","2"
"5793","27-04-19 16:00","England","Premier League","2018/2019","Southampton","Bournemouth","44","56","46","54","42","58","22","9","11","3","11","6","7","5","3","3","4","2","9","4","3","0","6","4"
"5794","27-04-19 16:00","England","Premier League","2018/2019","Watford","Wolves","56","44","56","44","56","44","10","11","6","6","4","5","1","4","0","3","1","1","5","3","4","1","1","2"
"5795","27-04-19 13:30","England","Premier League","2018/2019","Tottenham","West Ham","63","37","62","38","64","36","14","16","8","7","6","9","4","7","3","2","1","5","4","5","3","4","1","1"
"5796","26-04-19 21:00","England","Premier League","2018/2019","Liverpool","Huddersfield","70","30","67","33","73","27","21","5","9","3","12","2","7","1","4","0","3","1","12","2","5","2","7","0"
"5797","24-04-19 21:00","England","Premier League","2018/2019","Manchester Utd","Manchester City","37","63","31","69","43","57","12","8","6","5","6","3","1","5","1","3","0","2","6","3","3","2","3","1"
"5798","24-04-19 20:45","England","Premier League","2018/2019","Wolves","Arsenal","29","71","28","72","30","70","11","11","9","7","2","4","3","1","3","0","0","1","5","4","4","3","1","1"
"5799","23-04-19 20:45","England","Premier League","2018/2019","Tottenham","Brighton","78","22","76","24","80","20","29","6","14","1","15","5","5","1","2","0","3","1","12","4","4","0","8","4"
"5800","23-04-19 20:45","England","Premier League","2018/2019","Watford","Southampton","62","38","59","41","65","35","15","8","7","6","8","2","4","4","1","3","3","1","3","3","3","3","0","0"
"5801","22-04-19 21:00","England","Premier League","2018/2019","Chelsea","Burnley","76","24","77","23","75","25","22","6","13","5","9","1","9","3","6","2","3","1","8","2","4","2","4","0"
"5802","21-04-19 17:00","England","Premier League","2018/2019","Arsenal","Crystal Palace","73","27","72","28","74","26","12","16","8","8","4","8","5","7","1","3","4","4","5","5","5","3","0","2"
"5803","21-04-19 17:00","England","Premier League","2018/2019","Cardiff","Liverpool","24","76","21","79","27","73","7","17","3","7","4","10","2","6","1","2","1","4","2","8","0","3","2","5"
"5804","21-04-19 14:30","England","Premier League","2018/2019","Everton","Manchester Utd","48","52","51","49","45","55","15","7","10","3","5","4","8","1","4","0","4","1","3","5","3","2","0","3"
"5805","20-04-19 18:30","England","Premier League","2018/2019","Newcastle","Southampton","43","57","52","48","34","66","15","15","7","3","8","12","6","3","3","0","3","3","4","7","2","0","2","7"
"5806","20-04-19 16:00","England","Premier League","2018/2019","Bournemouth","Fulham","49","51","53","47","45","55","15","17","9","8","6","9","5","5","2","1","3","4","6","6","3","2","3","4"
"5807","20-04-19 16:00","England","Premier League","2018/2019","Huddersfield","Watford","46","54","42","58","50","50","13","11","7","4","6","7","3","6","1","2","2","4","5","4","3","2","2","2"
"5808","20-04-19 16:00","England","Premier League","2018/2019","West Ham","Leicester","49","51","56","44","42","58","11","11","6","3","5","8","3","5","2","2","1","3","5","5","3","1","2","4"
"5809","20-04-19 16:00","England","Premier League","2018/2019","Wolves","Brighton","68","32","66","34","70","30","22","5","7","1","15","4","5","0","0","0","5","0","13","4","6","1","7","3"
"5810","20-04-19 13:30","England","Premier League","2018/2019","Manchester City","Tottenham","61","39","61","39","61","39","15","10","8","5","7","5","4","4","3","3","1","1","6","3","2","0","4","3"
"5811","16-04-19 20:45","England","Premier League","2018/2019","Brighton","Cardiff","64","36","59","41","69","31","14","10","6","5","8","5","2","3","1","2","1","1","8","3","3","2","5","1"
"5812","15-04-19 21:00","England","Premier League","2018/2019","Watford","Arsenal","34","66","34","66","34","66","11","19","6","12","5","7","3","6","2","4","1","2","3","6","1","2","2","4"
"5813","14-04-19 17:30","England","Premier League","2018/2019","Liverpool","Chelsea","62","38","62","38","62","38","15","6","4","3","11","3","7","3","1","1","6","2","3","2","1","1","2","1"
"5814","14-04-19 15:05","England","Premier League","2018/2019","Crystal Palace","Manchester City","27","73","22","78","32","68","7","20","2","7","5","13","3","6","1","3","2","3","2","7","1","2","1","5"
"5815","13-04-19 18:30","England","Premier League","2018/2019","Manchester Utd","West Ham","42","58","44","56","40","60","14","18","10","7","4","11","4","4","1","0","3","4","5","6","4","4","1","2"
"5816","13-04-19 16:00","England","Premier League","2018/2019","Brighton","Bournemouth","50","50","49","51","51","49","8","14","2","5","6","9","1","7","0","2","1","5","3","4","2","3","1","1"
"5817","13-04-19 16:00","England","Premier League","2018/2019","Burnley","Cardiff","46","54","48","52","44","56","14","14","9","4","5","10","7","2","4","1","3","1","6","7","4","3","2","4"
"5818","13-04-19 16:00","England","Premier League","2018/2019","Fulham","Everton","41","59","47","53","35","65","12","8","8","3","4","5","5","1","3","1","2","0","7","6","5","1","2","5"
"5819","13-04-19 16:00","England","Premier League","2018/2019","Southampton","Wolves","30","70","32","68","28","72","13","17","6","10","7","7","6","2","3","2","3","0","6","8","3","4","3","4"
"5820","13-04-19 13:30","England","Premier League","2018/2019","Tottenham","Huddersfield","70","30","76","24","64","36","22","7","8","2","14","5","5","1","2","0","3","1","8","5","4","1","4","4"
"5821","12-04-19 21:00","England","Premier League","2018/2019","Leicester","Newcastle","71","29","74","26","68","32","12","11","4","7","8","4","5","5","3","4","2","1","6","5","1","3","5","2"
"5822","08-04-19 21:00","England","Premier League","2018/2019","Chelsea","West Ham","54","46","56","44","52","48","16","9","7","1","9","8","7","2","3","0","4","2","6","3","2","0","4","3"
"5823","07-04-19 15:05","England","Premier League","2018/2019","Everton","Arsenal","43","57","48","52","38","62","23","7","6","1","17","6","6","2","2","0","4","2","9","3","2","0","7","3"
"5824","06-04-19 16:00","England","Premier League","2018/2019","Bournemouth","Burnley","60","40","59","41","61","39","10","11","3","5","7","6","2","3","2","2","0","1","5","5","1","2","4","3"
"5825","06-04-19 16:00","England","Premier League","2018/2019","Huddersfield","Leicester","45","55","51","49","39","61","10","18","2","9","8","9","4","9","0","5","4","4","3","7","2","3","1","4"
"5826","06-04-19 16:00","England","Premier League","2018/2019","Newcastle","Crystal Palace","54","46","47","53","61","39","18","3","11","1","7","2","5","1","4","0","1","1","9","2","5","1","4","1"
"5827","05-04-19 21:00","England","Premier League","2018/2019","Southampton","Liverpool","33","67","31","69","35","65","11","17","4","7","7","10","1","5","1","2","0","3","6","7","2","4","4","3"
"5828","03-04-19 20:45","England","Premier League","2018/2019","Chelsea","Brighton","68","32","69","31","67","33","17","3","11","1","6","2","4","1","1","0","3","1","8","2","5","1","3","1"
"5829","03-04-19 20:45","England","Premier League","2018/2019","Manchester City","Cardiff","79","21","79","21","79","21","27","4","11","1","16","3","11","1","5","0","6","1","14","2","6","0","8","2"
"5830","03-04-19 20:45","England","Premier League","2018/2019","Tottenham","Crystal Palace","65","35","70","30","60","40","26","5","14","2","12","3","10","1","4","0","6","1","9","4","5","2","4","2"
"5831","02-04-19 20:45","England","Premier League","2018/2019","Watford","Fulham","46","54","44","56","48","52","15","17","5","9","10","8","7","7","1","3","6","4","1","3","1","3","0","0"
"5832","02-04-19 20:45","England","Premier League","2018/2019","Wolves","Manchester Utd","49","51","50","50","48","52","9","18","7","7","2","11","2","4","2","3","0","1","5","7","4","2","1","5"
"5833","01-04-19 21:00","England","Premier League","2018/2019","Arsenal","Newcastle","71","29","74","26","68","32","7","3","3","1","4","2","4","1","2","1","2","0","1","2","0","0","1","2"
"5834","31-03-19 17:30","England","Premier League","2018/2019","Liverpool","Tottenham","49","51","57","43","41","59","14","11","5","5","9","6","3","2","1","0","2","2","8","7","4","4","4","3"
"5835","31-03-19 15:05","England","Premier League","2018/2019","Cardiff","Chelsea","29","71","27","73","31","69","8","21","4","6","4","15","3","3","1","0","2","3","4","9","3","4","1","5"
"5836","30-03-19 18:30","England","Premier League","2018/2019","West Ham","Everton","49","51","45","55","53","47","3","17","3","9","0","8","1","9","1","7","0","2","2","4","2","1","0","3"
"5837","30-03-19 16:00","England","Premier League","2018/2019","Brighton","Southampton","60","40","47","53","73","27","14","8","6","6","8","2","1","2","0","1","1","1","9","4","4","3","5","1"
"5838","30-03-19 16:00","England","Premier League","2018/2019","Burnley","Wolves","37","63","42","58","32","68","5","8","2","2","3","6","1","1","0","0","1","1","3","3","2","1","1","2"
"5839","30-03-19 16:00","England","Premier League","2018/2019","Crystal Palace","Huddersfield","48","52","43","57","53","47","19","15","8","7","11","8","5","5","1","2","4","3","6","7","2","4","4","3"
"5840","30-03-19 16:00","England","Premier League","2018/2019","Leicester","Bournemouth","59","41","54","46","64","36","18","8","7","6","11","2","4","2","2","2","2","0","9","4","4","3","5","1"
"5841","30-03-19 16:00","England","Premier League","2018/2019","Manchester Utd","Watford","51","49","56","44","46","54","8","20","5","8","3","12","5","8","2","3","3","5","1","6","1","2","0","4"
"5842","30-03-19 13:30","England","Premier League","2018/2019","Fulham","Manchester City","34","66","40","60","27","73","5","24","3","18","2","6","0","7","0","6","0","1","3","8","2","4","1","4"
"5843","17-03-19 17:30","England","Premier League","2018/2019","Everton","Chelsea","33","67","33","67","33","67","15","16","3","10","12","6","8","5","1","3","7","2","4","4","2","3","2","1"
"5844","17-03-19 15:15","England","Premier League","2018/2019","Fulham","Liverpool","37","63","39","61","35","65","7","16","3","5","4","11","2","6","0","3","2","3","2","7","2","2","0","5"
"5845","16-03-19 16:00","England","Premier League","2018/2019","Bournemouth","Newcastle","49","51","55","45","43","57","10","12","2","4","8","8","3","4","0","3","3","1","7","4","2","0","5","4"
"5846","16-03-19 16:00","England","Premier League","2018/2019","Burnley","Leicester","62","38","51","49","78","22","13","9","4","6","9","3","2","4","1","2","1","2","7","0","1","0","6","0"
"5847","16-03-19 16:00","England","Premier League","2018/2019","West Ham","Huddersfield","64","36","55","45","74","26","16","15","7","5","9","10","5","5","1","2","4","3","5","6","4","1","1","5"
"5848","10-03-19 17:30","England","Premier League","2018/2019","Arsenal","Manchester Utd","46","54","54","46","37","63","14","14","9","9","5","5","3","4","1","2","2","2","7","7","5","5","2","2"
"5849","10-03-19 15:05","England","Premier League","2018/2019","Chelsea","Wolves","76","24","77","23","75","25","22","2","5","0","17","2","6","1","1","0","5","1","2","1","0","0","2","1"
"5850","10-03-19 13:00","England","Premier League","2018/2019","Liverpool","Burnley","69","31","72","28","66","34","23","3","9","2","14","1","5","2","2","1","3","1","7","0","4","0","3","0"
"5851","09-03-19 18:30","England","Premier League","2018/2019","Manchester City","Watford","71","29","70","30","72","28","19","2","9","0","10","2","9","1","3","0","6","1","7","0","4","0","3","0"
"5852","09-03-19 16:00","England","Premier League","2018/2019","Cardiff","West Ham","29","71","31","69","27","73","16","9","7","2","9","7","7","2","3","0","4","2","6","5","2","2","4","3"
"5853","09-03-19 16:00","England","Premier League","2018/2019","Huddersfield","Bournemouth","56","44","55","45","57","43","8","8","3","3","5","5","1","4","1","2","0","2","3","3","2","1","1","2"
"5854","09-03-19 16:00","England","Premier League","2018/2019","Leicester","Fulham","53","47","55","45","51","49","18","6","12","0","6","6","8","3","4","0","4","3","8","1","6","0","2","1"
"5855","09-03-19 16:00","England","Premier League","2018/2019","Newcastle","Everton","46","54","45","55","47","53","19","7","8","5","11","2","7","3","2","3","5","0","7","2","3","0","4","2"
"5856","09-03-19 16:00","England","Premier League","2018/2019","Southampton","Tottenham","37","63","34","66","40","60","12","16","3","10","9","6","4","5","0","3","4","2","4","9","1","7","3","2"
"5857","09-03-19 13:30","England","Premier League","2018/2019","Crystal Palace","Brighton","63","37","64","36","62","38","15","4","9","1","6","3","3","3","2","1","1","2","5","1","2","0","3","1"
"5858","03-03-19 17:15","England","Premier League","2018/2019","Everton","Liverpool","42","58","38","62","48","52","7","10","1","4","6","6","3","3","0","2","3","1","3","3","1","1","2","2"
"5859","03-03-19 15:05","England","Premier League","2018/2019","Fulham","Chelsea","36","64","31","69","41","59","12","21","5","11","7","10","5","7","2","4","3","3","4","6","2","3","2","3"
"5860","03-03-19 13:00","England","Premier League","2018/2019","Watford","Leicester","39","61","43","57","35","65","6","14","4","5","2","9","5","2","3","0","2","2","0","6","0","2","0","4"
"5861","02-03-19 18:30","England","Premier League","2018/2019","West Ham","Newcastle","56","44","65","35","47","53","10","17","5","5","5","12","4","2","3","0","1","2","3","6","0","1","3","5"
"5862","02-03-19 16:00","England","Premier League","2018/2019","Bournemouth","Manchester City","18","82","17","83","19","81","0","23","0","9","0","14","0","7","0","1","0","6","0","10","0","5","0","5"
"5863","02-03-19 16:00","England","Premier League","2018/2019","Brighton","Huddersfield","53","47","47","53","59","41","13","6","2","2","11","4","4","4","0","2","4","2","5","0","2","0","3","0"
"5864","02-03-19 16:00","England","Premier League","2018/2019","Burnley","Crystal Palace","57","43","56","44","58","42","18","10","11","1","7","9","4","4","2","0","2","4","10","4","6","1","4","3"
"5865","02-03-19 16:00","England","Premier League","2018/2019","Manchester Utd","Southampton","64","36","60","40","70","30","16","9","7","3","9","6","6","3","2","2","4","1","9","4","5","1","4","3"
"5866","02-03-19 16:00","England","Premier League","2018/2019","Wolves","Cardiff","56","44","53","47","59","41","13","12","7","6","6","6","6","4","3","2","3","2","5","4","2","2","3","2"
"5867","02-03-19 13:30","England","Premier League","2018/2019","Tottenham","Arsenal","60","40","65","35","54","46","10","9","7","3","3","6","3","4","2","2","1","2","6","2","4","1","2","1"
"5868","27-02-19 21:00","England","Premier League","2018/2019","Chelsea","Tottenham","47","53","49","51","45","55","11","9","6","5","5","4","1","0","0","0","1","0","8","5","5","1","3","4"
"5869","27-02-19 21:00","England","Premier League","2018/2019","Crystal Palace","Manchester Utd","45","55","40","60","50","50","17","13","5","5","12","8","2","4","0","1","2","3","11","5","5","2","6","3"
"5870","27-02-19 21:00","England","Premier League","2018/2019","Liverpool","Watford","62","38","64","36","60","40","19","5","9","0","10","5","10","3","5","0","5","3","4","1","3","0","1","1"
"5871","27-02-19 21:00","England","Premier League","2018/2019","Manchester City","West Ham","75","25","78","22","72","28","20","2","11","0","9","2","7","1","1","0","6","1","11","1","8","0","3","1"
"5872","27-02-19 20:45","England","Premier League","2018/2019","Arsenal","Bournemouth","65","35","66","34","64","36","16","13","6","5","10","8","6","5","2","2","4","3","5","4","1","1","4","3"
"5873","27-02-19 20:45","England","Premier League","2018/2019","Southampton","Fulham","41","59","36","64","46","54","14","14","7","8","7","6","4","4","3","2","1","2","7","4","3","2","4","2"
"5874","26-02-19 21:00","England","Premier League","2018/2019","Newcastle","Burnley","54","46","61","39","47","53","12","12","6","4","6","8","3","2","2","1","1","1","8","6","4","2","4","4"
"5875","26-02-19 20:45","England","Premier League","2018/2019","Cardiff","Everton","33","67","31","69","35","65","6","12","2","6","4","6","0","4","0","1","0","3","5","5","2","3","3","2"
"5876","26-02-19 20:45","England","Premier League","2018/2019","Huddersfield","Wolves","50","50","51","49","49","51","15","7","5","5","10","2","3","0","0","0","3","0","9","5","4","3","5","2"
"5877","26-02-19 20:45","England","Premier League","2018/2019","Leicester","Brighton","49","51","47","53","51","49","19","15","11","4","8","11","3","3","2","2","1","1","9","9","4","2","5","7"
"5878","24-02-19 15:05","England","Premier League","2018/2019","Arsenal","Southampton","62","38","70","30","54","46","12","10","11","3","1","7","4","4","4","2","0","2","4","3","4","0","0","3"
"5879","24-02-19 15:05","England","Premier League","2018/2019","Manchester Utd","Liverpool","35","65","40","60","30","70","6","7","3","4","3","3","3","1","2","1","1","0","1","4","0","2","1","2"
"5880","23-02-19 18:30","England","Premier League","2018/2019","Leicester","Crystal Palace","65","35","68","32","62","38","27","7","14","3","13","4","5","5","4","1","1","4","10","2","6","2","4","0"
"5881","23-02-19 16:00","England","Premier League","2018/2019","Bournemouth","Wolves","45","55","51","49","39","61","10","10","2","3","8","7","3","2","1","0","2","2","5","5","1","1","4","4"
"5882","23-02-19 16:00","England","Premier League","2018/2019","Newcastle","Huddersfield","54","46","50","50","58","42","29","3","16","1","13","2","12","4","7","1","5","3","11","1","4","0","7","1"
"5883","23-02-19 13:30","England","Premier League","2018/2019","Burnley","Tottenham","31","69","28","72","34","66","10","17","2","8","8","9","4","6","0","3","4","3","3","5","1","2","2","3"
"5884","22-02-19 20:45","England","Premier League","2018/2019","Cardiff","Watford","35","65","33","67","37","63","15","12","6","5","9","7","6","7","2","3","4","4","5","4","1","2","4","2"
"5885","22-02-19 20:45","England","Premier League","2018/2019","West Ham","Fulham","55","45","64","36","46","54","21","8","13","5","8","3","7","5","3","4","4","1","9","2","6","1","3","1"
"5886","11-02-19 21:00","England","Premier League","2018/2019","Wolves","Newcastle","59","41","55","45","63","37","22","9","7","7","15","2","6","3","2","2","4","1","8","2","3","2","5","0"
"5887","10-02-19 17:00","England","Premier League","2018/2019","Manchester City","Chelsea","56","44","52","48","60","40","15","12","5","8","10","4","9","4","4","3","5","1","5","3","1","1","4","2"
"5888","10-02-19 14:30","England","Premier League","2018/2019","Tottenham","Leicester","53","47","58","42","48","52","12","20","8","8","4","12","5","9","2","1","3","8","2","9","1","6","1","3"
"5889","09-02-19 18:30","England","Premier League","2018/2019","Brighton","Burnley","68","32","58","42","79","21","16","9","10","5","6","4","6","5","5","3","1","2","4","2","1","1","3","1"
"5890","09-02-19 16:00","England","Premier League","2018/2019","Crystal Palace","West Ham","57","43","53","47","61","39","25","6","8","6","17","0","5","4","2","4","3","0","10","1","4","1","6","0"
"5891","09-02-19 16:00","England","Premier League","2018/2019","Huddersfield","Arsenal","55","45","51","49","59","41","15","9","4","6","11","3","6","4","0","3","6","1","6","4","2","2","4","2"
"5892","09-02-19 16:00","England","Premier League","2018/2019","Liverpool","Bournemouth","66","34","71","29","61","39","20","12","9","4","11","8","9","2","6","1","3","1","6","5","2","1","4","4"
"5893","09-02-19 16:00","England","Premier League","2018/2019","Southampton","Cardiff","67","33","67","33","67","33","14","6","3","1","11","5","7","3","1","0","6","3","5","3","1","1","4","2"
"5894","09-02-19 16:00","England","Premier League","2018/2019","Watford","Everton","44","56","47","53","41","59","7","9","2","3","5","6","2","4","1","3","1","1","3","4","0","0","3","4"
"5895","09-02-19 13:30","England","Premier League","2018/2019","Fulham","Manchester Utd","51","49","53","47","49","51","15","15","8","5","7","10","3","7","1","3","2","4","7","4","4","1","3","3"
"5896","06-02-19 20:45","England","Premier League","2018/2019","Everton","Manchester City","39","61","32","68","46","54","4","15","2","7","2","8","1","4","0","1","1","3","0","4","0","3","0","1"
"5897","04-02-19 21:00","England","Premier League","2018/2019","West Ham","Liverpool","27","73","32","68","22","78","13","11","7","5","6","6","2","6","2","3","0","3","7","3","4","1","3","2"
"5898","03-02-19 17:30","England","Premier League","2018/2019","Manchester City","Arsenal","59","41","65","35","53","47","19","4","6","4","13","0","12","2","4","2","8","0","3","0","1","0","2","0"
"5899","03-02-19 15:05","England","Premier League","2018/2019","Leicester","Manchester Utd","45","55","43","57","47","53","17","10","8","6","9","4","6","6","2","4","4","2","8","2","4","1","4","1"
"5900","02-02-19 18:30","England","Premier League","2018/2019","Cardiff","Bournemouth","27","73","22","78","32","68","12","9","6","6","6","3","5","2","3","2","2","0","0","5","0","3","0","2"
"5901","02-02-19 16:00","England","Premier League","2018/2019","Brighton","Watford","55","45","53","47","57","43","21","5","7","1","14","4","4","0","1","0","3","0","13","5","5","1","8","4"
"5902","02-02-19 16:00","England","Premier League","2018/2019","Burnley","Southampton","54","46","45","55","63","37","15","10","5","5","10","5","6","4","1","2","5","2","3","3","1","2","2","1"
"5903","02-02-19 16:00","England","Premier League","2018/2019","Chelsea","Huddersfield","65","35","67","33","63","37","23","5","13","3","10","2","7","2","4","0","3","2","8","1","5","1","3","0"
"5904","02-02-19 16:00","England","Premier League","2018/2019","Crystal Palace","Fulham","37","63","40","60","34","66","17","8","3","2","14","6","6","0","1","0","5","0","6","7","2","2","4","5"
"5905","02-02-19 16:00","England","Premier League","2018/2019","Everton","Wolves","64","36","61","39","67","33","13","8","5","4","8","4","4","4","2","3","2","1","2","2","0","1","2","1"
"5906","02-02-19 13:30","England","Premier League","2018/2019","Tottenham","Newcastle","72","28","72","28","72","28","21","8","8","3","13","5","4","2","1","0","3","2","8","3","4","0","4","3"
"5907","30-01-19 21:00","England","Premier League","2018/2019","Liverpool","Leicester","72","28","73","27","71","29","10","5","4","3","6","2","3","2","2","1","1","1","5","2","1","1","4","1"
"5908","30-01-19 21:00","England","Premier League","2018/2019","Tottenham","Watford","69","31","65","35","73","27","17","9","5","6","12","3","3","1","1","1","2","0","6","5","3","2","3","3"
"5909","30-01-19 20:45","England","Premier League","2018/2019","Bournemouth","Chelsea","32","68","30","70","34","66","12","11","6","5","6","6","7","7","3","5","4","2","2","2","2","0","0","2"
"5910","30-01-19 20:45","England","Premier League","2018/2019","Southampton","Crystal Palace","59","41","49","51","69","31","13","15","4","8","9","7","4","3","1","1","3","2","5","9","2","5","3","4"
"5911","29-01-19 21:00","England","Premier League","2018/2019","Manchester Utd","Burnley","74","26","68","32","80","20","28","6","8","3","20","3","9","4","0","1","9","3","11","0","5","0","6","0"
"5912","29-01-19 21:00","England","Premier League","2018/2019","Newcastle","Manchester City","24","76","23","77","25","75","6","12","4","6","2","6","2","4","0","3","2","1","2","3","2","1","0","2"
"5913","29-01-19 20:45","England","Premier League","2018/2019","Arsenal","Cardiff","71","29","70","30","72","28","15","19","4","8","11","11","4","2","0","0","4","2","5","9","1","3","4","6"
"5914","29-01-19 20:45","England","Premier League","2018/2019","Fulham","Brighton","62","38","63","37","61","39","24","15","6","8","18","7","7","6","1","3","6","3","9","5","2","4","7","1"
"5915","29-01-19 20:45","England","Premier League","2018/2019","Huddersfield","Everton","58","42","52","48","64","36","10","10","5","7","5","3","2","5","0","4","2","1","6","4","4","2","2","2"
"5916","29-01-19 20:45","England","Premier League","2018/2019","Wolves","West Ham","55","45","51","49","59","41","20","4","11","2","9","2","9","0","3","0","6","0","4","3","3","2","1","1"
"5917","20-01-19 17:00","England","Premier League","2018/2019","Fulham","Tottenham","27","73","31","69","23","77","12","14","9","4","3","10","4","5","3","1","1","4","5","6","4","2","1","4"
"5918","20-01-19 14:30","England","Premier League","2018/2019","Huddersfield","Manchester City","32","68","23","77","41","59","5","12","2","7","3","5","2","4","1","1","1","3","3","6","1","4","2","2"
"5919","19-01-19 18:30","England","Premier League","2018/2019","Arsenal","Chelsea","36","64","39","61","33","67","13","13","10","6","3","7","5","1","5","0","0","1","7","9","5","6","2","3"
"5920","19-01-19 16:00","England","Premier League","2018/2019","Bournemouth","West Ham","39","61","49","51","29","71","10","9","3","4","7","5","4","1","0","0","4","1","5","6","3","2","2","4"
"5921","19-01-19 16:00","England","Premier League","2018/2019","Liverpool","Crystal Palace","70","30","72","28","68","32","19","9","10","2","9","7","9","3","3","1","6","2","7","3","4","1","3","2"
"5922","19-01-19 16:00","England","Premier League","2018/2019","Manchester Utd","Brighton","56","44","62","38","50","50","20","7","12","6","8","1","5","3","3","2","2","1","9","3","3","3","6","0"
"5923","19-01-19 16:00","England","Premier League","2018/2019","Newcastle","Cardiff","53","47","59","41","47","53","16","9","4","3","12","6","6","1","2","0","4","1","5","5","1","3","4","2"
"5924","19-01-19 16:00","England","Premier League","2018/2019","Southampton","Everton","39","61","43","57","35","65","11","7","6","2","5","5","4","2","2","0","2","2","4","1","2","0","2","1"
"5925","19-01-19 16:00","England","Premier League","2018/2019","Watford","Burnley","55","45","55","45","55","45","9","11","6","5","3","6","4","3","3","1","1","2","3","6","2","4","1","2"
"5926","19-01-19 13:30","England","Premier League","2018/2019","Wolves","Leicester","46","54","45","55","47","53","12","16","8","10","4","6","7","6","5","3","2","3","3","5","1","2","2","3"
"5927","14-01-19 21:00","England","Premier League","2018/2019","Manchester City","Wolves","76","24","78","22","74","26","24","3","10","1","14","2","9","0","4","0","5","0","7","1","2","1","5","0"
"5928","13-01-19 17:30","England","Premier League","2018/2019","Tottenham","Manchester Utd","61","39","60","40","62","38","21","13","7","5","14","8","11","8","0","3","11","5","6","3","4","2","2","1"
"5929","13-01-19 15:15","England","Premier League","2018/2019","Everton","Bournemouth","51","49","57","43","45","55","15","16","8","7","7","9","3","7","0","2","3","5","8","7","4","4","4","3"
"5930","12-01-19 18:30","England","Premier League","2018/2019","Chelsea","Newcastle","66","34","66","34","66","34","10","9","5","5","5","4","6","2","2","2","4","0","2","6","1","3","1","3"
"5931","12-01-19 16:00","England","Premier League","2018/2019","Brighton","Liverpool","29","71","22","78","36","64","7","10","2","4","5","6","0","3","0","0","0","3","5","5","1","3","4","2"
"5932","12-01-19 16:00","England","Premier League","2018/2019","Burnley","Fulham","42","58","54","46","30","70","12","12","8","3","4","9","1","4","0","1","1","3","6","4","5","2","1","2"
"5933","12-01-19 16:00","England","Premier League","2018/2019","Cardiff","Huddersfield","39","61","37","63","41","59","3","14","1","6","2","8","0","2","0","0","0","2","0","4","0","1","0","3"
"5934","12-01-19 16:00","England","Premier League","2018/2019","Crystal Palace","Watford","55","45","60","40","50","50","17","16","9","7","8","9","7","2","3","0","4","2","6","9","2","5","4","4"
"5935","12-01-19 16:00","England","Premier League","2018/2019","Leicester","Southampton","72","28","54","46","90","10","23","8","4","6","19","2","6","3","2","3","4","0","8","3","1","2","7","1"
"5936","12-01-19 13:30","England","Premier League","2018/2019","West Ham","Arsenal","42","58","51","49","33","67","11","11","8","6","3","5","3","2","1","1","2","1","7","8","6","4","1","4"
"5937","03-01-19 21:00","England","Premier League","2018/2019","Manchester City","Liverpool","50","50","57","43","43","57","9","7","2","2","7","5","4","5","1","1","3","4","4","2","0","1","4","1"
"5938","02-01-19 21:00","England","Premier League","2018/2019","Newcastle","Manchester Utd","35","65","28","72","42","58","14","16","5","8","9","8","3","7","2","3","1","4","8","6","2","4","6","2"
"5939","02-01-19 20:45","England","Premier League","2018/2019","Bournemouth","Watford","57","43","56","44","58","42","25","11","11","8","14","3","12","3","6","3","6","0","8","6","4","3","4","3"
"5940","02-01-19 20:45","England","Premier League","2018/2019","Chelsea","Southampton","72","28","73","27","71","29","17","6","9","2","8","4","6","2","2","0","4","2","2","3","0","2","2","1"
"5941","02-01-19 20:45","England","Premier League","2018/2019","Huddersfield","Burnley","43","57","49","51","37","63","9","16","6","7","3","9","2","8","2","4","0","4","3","7","2","3","1","4"
"5942","02-01-19 20:45","England","Premier League","2018/2019","West Ham","Brighton","54","46","54","46","54","46","13","13","4","7","9","6","6","6","2","3","4","3","6","2","2","1","4","1"
"5943","02-01-19 20:45","England","Premier League","2018/2019","Wolves","Crystal Palace","52","48","49","51","55","45","9","17","4","6","5","11","1","4","0","2","1","2","5","6","3","2","2","4"
"5944","01-01-19 18:30","England","Premier League","2018/2019","Cardiff","Tottenham","27","73","28","72","26","74","6","13","1","4","5","9","3","4","1","3","2","1","2","6","0","1","2","5"
"5945","01-01-19 16:00","England","Premier League","2018/2019","Arsenal","Fulham","60","40","64","36","56","44","16","9","7","5","9","4","9","4","4","1","5","3","4","4","2","4","2","0"
"5946","01-01-19 13:30","England","Premier League","2018/2019","Everton","Leicester","60","40","56","44","64","36","17","8","6","6","11","2","2","4","0","2","2","2","7","3","4","3","3","0"
"5947","30-12-18 17:30","England","Premier League","2018/2019","Manchester Utd","Bournemouth","64","36","64","36","64","36","11","7","5","4","6","3","8","3","4","3","4","0","0","2","0","1","0","1"
"5948","30-12-18 15:15","England","Premier League","2018/2019","Burnley","West Ham","43","57","44","56","42","58","17","11","8","1","9","10","5","4","2","1","3","3","9","2","4","0","5","2"
"5949","30-12-18 15:15","England","Premier League","2018/2019","Southampton","Manchester City","24","76","28","72","20","80","5","14","2","7","3","7","4","6","2","4","2","2","1","4","0","2","1","2"
"5950","30-12-18 13:00","England","Premier League","2018/2019","Crystal Palace","Chelsea","34","66","35","65","33","67","4","12","1","9","3","3","0","4","0","2","0","2","2","4","0","4","2","0"
"5951","29-12-18 18:30","England","Premier League","2018/2019","Liverpool","Arsenal","48","52","58","42","38","62","15","8","7","4","8","4","10","2","5","2","5","0","3","3","1","2","2","1"
"5952","29-12-18 16:00","England","Premier League","2018/2019","Brighton","Everton","45","55","47","53","43","57","11","13","3","5","8","8","3","4","0","2","3","2","3","6","1","2","2","4"
"5953","29-12-18 16:00","England","Premier League","2018/2019","Fulham","Huddersfield","44","56","35","65","53","47","14","9","4","6","10","3","5","5","0","4","5","1","7","1","3","0","4","1"
"5954","29-12-18 16:00","England","Premier League","2018/2019","Leicester","Cardiff","62","38","63","37","61","39","16","12","10","5","6","7","7","3","5","0","2","3","3","3","3","2","0","1"
"5955","29-12-18 16:00","England","Premier League","2018/2019","Tottenham","Wolves","61","39","67","33","55","45","10","11","10","3","0","8","3","4","3","0","0","4","4","4","4","2","0","2"
"5956","29-12-18 16:00","England","Premier League","2018/2019","Watford","Newcastle","63","37","65","35","61","39","12","8","6","2","6","6","5","2","2","1","3","1","2","4","1","1","1","3"
"5957","27-12-18 20:45","England","Premier League","2018/2019","Southampton","West Ham","46","54","41","59","51","49","11","16","3","7","8","9","5","5","1","1","4","4","3","6","2","4","1","2"
"5958","26-12-18 20:30","England","Premier League","2018/2019","Watford","Chelsea","35","65","29","71","41","59","10","10","5","3","5","7","2","4","2","1","0","3","5","5","1","2","4","3"
"5959","26-12-18 18:15","England","Premier League","2018/2019","Brighton","Arsenal","32","68","30","70","34","66","12","7","6","6","6","1","3","4","3","4","0","0","8","1","2","1","6","0"
"5960","26-12-18 16:00","England","Premier League","2018/2019","Burnley","Everton","49","51","48","52","50","50","11","13","4","6","7","7","4","6","3","3","1","3","6","3","0","1","6","2"
"5961","26-12-18 16:00","England","Premier League","2018/2019","Crystal Palace","Cardiff","63","37","61","39","65","35","31","9","8","5","23","4","5","4","1","2","4","2","12","4","4","2","8","2"
"5962","26-12-18 16:00","England","Premier League","2018/2019","Leicester","Manchester City","34","66","36","64","32","68","10","11","6","5","4","6","5","4","4","3","1","1","4","4","2","1","2","3"
"5963","26-12-18 16:00","England","Premier League","2018/2019","Liverpool","Newcastle","75","25","73","27","77","23","16","6","7","3","9","3","8","2","3","1","5","1","4","4","3","2","1","2"
"5964","26-12-18 16:00","England","Premier League","2018/2019","Manchester Utd","Huddersfield","65","35","74","26","56","44","16","10","10","3","6","7","10","2","5","0","5","2","2","7","2","3","0","4"
"5965","26-12-18 16:00","England","Premier League","2018/2019","Tottenham","Bournemouth","57","43","60","40","54","46","10","14","4","6","6","8","7","4","3","4","4","0","2","6","1","1","1","5"
"5966","26-12-18 13:30","England","Premier League","2018/2019","Fulham","Wolves","30","70","39","61","21","79","11","14","9","3","2","11","5","5","3","1","2","4","5","7","5","2","0","5"
"5967","23-12-18 17:00","England","Premier League","2018/2019","Everton","Tottenham","42","58","43","57","41","59","10","17","4","11","6","6","3","8","1","5","2","3","5","7","3","5","2","2"
"5968","22-12-18 18:30","England","Premier League","2018/2019","Cardiff","Manchester Utd","26","74","23","77","29","71","9","17","2","8","7","9","3","9","1","4","2","5","5","4","1","2","4","2"
"5969","22-12-18 16:00","England","Premier League","2018/2019","Bournemouth","Brighton","57","43","51","49","63","37","14","10","6","8","8","2","3","5","1","3","2","2","7","4","3","4","4","0"
"5970","22-12-18 16:00","England","Premier League","2018/2019","Chelsea","Leicester","72","28","76","24","68","32","17","8","10","3","7","5","5","3","2","1","3","2","8","2","5","1","3","1"
"5971","22-12-18 16:00","England","Premier League","2018/2019","Huddersfield","Southampton","63","37","58","42","68","32","16","13","4","5","12","8","5","6","0","3","5","3","5","6","2","2","3","4"
"5972","22-12-18 16:00","England","Premier League","2018/2019","Manchester City","Crystal Palace","78","22","76","24","80","20","19","5","9","2","10","3","5","3","3","2","2","1","9","2","4","0","5","2"
"5973","22-12-18 16:00","England","Premier League","2018/2019","Newcastle","Fulham","54","46","47","53","61","39","9","4","4","3","5","1","0","2","0","2","0","0","5","0","2","0","3","0"
"5974","22-12-18 16:00","England","Premier League","2018/2019","West Ham","Watford","51","49","48","52","54","46","18","11","7","5","11","6","7","5","3","1","4","4","5","1","1","1","4","0"
"5975","22-12-18 13:30","England","Premier League","2018/2019","Arsenal","Burnley","60","40","65","35","55","45","10","7","6","2","4","5","6","2","4","1","2","1","1","3","0","0","1","3"
"5976","21-12-18 21:00","England","Premier League","2018/2019","Wolves","Liverpool","38","62","37","63","39","61","11","15","8","5","3","10","5","6","4","2","1","4","4","4","3","0","1","4"
"5977","16-12-18 17:00","England","Premier League","2018/2019","Liverpool","Manchester Utd","64","36","61","39","67","33","36","6","16","3","20","3","11","2","5","2","6","0","11","3","5","1","6","2"
"5978","16-12-18 14:30","England","Premier League","2018/2019","Brighton","Chelsea","42","58","38","62","46","54","6","10","2","7","4","3","2","3","1","3","1","0","3","4","0","1","3","3"
"5979","16-12-18 14:30","England","Premier League","2018/2019","Southampton","Arsenal","34","66","38","62","30","70","12","13","9","3","3","10","7","4","5","2","2","2","1","4","1","0","0","4"
"5980","15-12-18 18:30","England","Premier League","2018/2019","Fulham","West Ham","56","44","52","48","60","40","16","6","12","3","4","3","4","3","4","2","0","1","9","2","8","0","1","2"
"5981","15-12-18 16:00","England","Premier League","2018/2019","Crystal Palace","Leicester","43","57","50","50","36","64","8","12","2","4","6","8","1","2","1","1","0","1","5","7","1","2","4","5"
"5982","15-12-18 16:00","England","Premier League","2018/2019","Huddersfield","Newcastle","74","26","69","31","79","21","15","8","7","2","8","6","5","5","2","1","3","4","7","2","5","1","2","1"
"5983","15-12-18 16:00","England","Premier League","2018/2019","Tottenham","Burnley","70","30","70","30","70","30","15","4","8","1","7","3","3","0","1","0","2","0","6","2","3","1","3","1"
"5984","15-12-18 16:00","England","Premier League","2018/2019","Watford","Cardiff","72","28","75","25","69","31","17","10","7","5","10","5","8","3","3","0","5","3","6","4","2","3","4","1"
"5985","15-12-18 16:00","England","Premier League","2018/2019","Wolves","Bournemouth","38","62","36","64","40","60","9","13","3","5","6","8","3","3","1","1","2","2","3","5","2","2","1","3"
"5986","15-12-18 13:30","England","Premier League","2018/2019","Manchester City","Everton","67","33","71","29","63","37","13","9","9","2","4","7","5","2","3","0","2","2","4","5","3","1","1","4"
"5987","10-12-18 21:00","England","Premier League","2018/2019","Everton","Watford","57","43","55","45","59","41","12","15","6","8","6","7","5","3","2","1","3","2","5","7","3","4","2","3"
"5988","09-12-18 17:00","England","Premier League","2018/2019","Newcastle","Wolves","50","50","60","40","40","60","12","13","10","3","2","10","4","6","4","2","0","4","4","5","3","1","1","4"
"5989","08-12-18 20:45","England","Premier League","2018/2019","Leicester","Tottenham","42","58","38","62","46","54","10","7","1","3","9","4","3","2","0","1","3","1","5","4","1","2","4","2"
"5990","08-12-18 18:30","England","Premier League","2018/2019","Chelsea","Manchester City","39","61","37","63","41","59","8","14","1","5","7","9","5","4","1","2","4","2","1","6","0","2","1","4"
"5991","08-12-18 16:00","England","Premier League","2018/2019","Arsenal","Huddersfield","62","38","60","40","64","36","14","6","5","4","9","2","2","0","1","0","1","0","8","5","3","3","5","2"
"5992","08-12-18 16:00","England","Premier League","2018/2019","Burnley","Brighton","38","62","42","58","34","66","14","14","9","4","5","10","4","1","4","0","0","1","4","12","3","3","1","9"
"5993","08-12-18 16:00","England","Premier League","2018/2019","Cardiff","Southampton","37","63","42","58","32","68","13","12","7","8","6","4","4","1","3","1","1","0","8","6","4","3","4","3"
"5994","08-12-18 16:00","England","Premier League","2018/2019","Manchester Utd","Fulham","63","37","67","33","59","41","20","10","10","2","10","8","11","4","5","1","6","3","6","4","3","0","3","4"
"5995","08-12-18 16:00","England","Premier League","2018/2019","West Ham","Crystal Palace","49","51","58","42","40","60","13","8","3","3","10","5","6","4","1","2","5","2","5","2","2","1","3","1"
"5996","08-12-18 13:30","England","Premier League","2018/2019","Bournemouth","Liverpool","40","60","32","68","48","52","8","10","4","6","4","4","2","4","1","2","1","2","3","4","2","2","1","2"
"5997","05-12-18 21:00","England","Premier League","2018/2019","Manchester Utd","Arsenal","45","55","45","55","45","55","10","9","5","4","5","5","7","4","4","1","3","3","0","2","0","1","0","1"
"5998","05-12-18 21:00","England","Premier League","2018/2019","Tottenham","Southampton","52","48","58","42","46","54","13","18","7","3","6","15","8","5","4","1","4","4","3","9","3","2","0","7"
"5999","05-12-18 20:45","England","Premier League","2018/2019","Burnley","Liverpool","26","74","21","79","31","69","10","18","3","4","7","14","6","12","0","2","6","10","3","2","2","0","1","2"
"6000","05-12-18 20:45","England","Premier League","2018/2019","Everton","Newcastle","76","24","76","24","76","24","19","8","13","3","6","5","3","5","3","1","0","4","8","3","4","2","4","1"
"6001","05-12-18 20:45","England","Premier League","2018/2019","Fulham","Leicester","46","54","43","57","49","51","25","13","11","7","14","6","7","5","6","2","1","3","10","6","2","4","8","2"
"6002","05-12-18 20:45","England","Premier League","2018/2019","Wolves","Chelsea","30","70","32","68","28","72","6","17","2","9","4","8","2","3","0","3","2","0","3","10","2","3","1","7"
"6003","04-12-18 21:00","England","Premier League","2018/2019","Watford","Manchester City","30","70","28","72","32","68","11","15","3","10","8","5","7","7","2","5","5","2","2","5","1","3","1","2"
"6004","04-12-18 20:45","England","Premier League","2018/2019","Bournemouth","Huddersfield","33","67","28","72","38","62","6","23","3","11","3","12","2","6","2","4","0","2","4","10","1","4","3","6"
"6005","04-12-18 20:45","England","Premier League","2018/2019","Brighton","Crystal Palace","31","69","45","55","17","83","9","18","7","8","2","10","3","5","3","2","0","3","3","8","2","3","1","5"
"6006","04-12-18 20:45","England","Premier League","2018/2019","West Ham","Cardiff","61","39","62","38","60","40","17","9","8","5","9","4","11","5","4","3","7","2","3","2","2","2","1","0"
"6007","02-12-18 17:15","England","Premier League","2018/2019","Liverpool","Everton","58","42","65","35","51","49","15","9","5","5","10","4","3","3","2","2","1","1","9","4","2","3","7","1"
"6008","02-12-18 15:05","England","Premier League","2018/2019","Arsenal","Tottenham","59","41","58","42","60","40","22","11","10","4","12","7","7","6","3","4","4","2","11","3","5","0","6","3"
"6009","02-12-18 13:00","England","Premier League","2018/2019","Chelsea","Fulham","66","34","68","32","64","36","16","9","7","2","9","7","9","4","3","1","6","3","1","4","0","1","1","3"
"6010","01-12-18 18:30","England","Premier League","2018/2019","Southampton","Manchester Utd","40","60","37","63","43","57","16","11","8","7","8","4","6","5","2","4","4","1","6","4","3","2","3","2"
"6011","01-12-18 16:00","England","Premier League","2018/2019","Crystal Palace","Burnley","59","41","59","41","59","41","29","4","9","0","20","4","9","0","3","0","6","0","11","2","3","0","8","2"
"6012","01-12-18 16:00","England","Premier League","2018/2019","Huddersfield","Brighton","32","68","39","61","25","75","7","14","7","7","0","7","2","6","2","3","0","3","3","3","3","1","0","2"
"6013","01-12-18 16:00","England","Premier League","2018/2019","Leicester","Watford","38","62","35","65","41","59","7","8","4","3","3","5","3","0","2","0","1","0","3","6","1","2","2","4"
"6014","01-12-18 16:00","England","Premier League","2018/2019","Manchester City","Bournemouth","73","27","68","32","78","22","16","4","6","3","10","1","6","1","1","1","5","0","4","2","3","1","1","1"
"6015","01-12-18 16:00","England","Premier League","2018/2019","Newcastle","West Ham","59","41","57","43","61","39","16","7","7","1","9","6","4","4","1","1","3","3","7","3","4","0","3","3"
"6016","30-11-18 21:00","England","Premier League","2018/2019","Cardiff","Wolves","48","52","51","49","45","55","17","15","8","5","9","10","3","4","0","2","3","2","8","9","5","1","3","8"
"6017","26-11-18 21:30","England","Premier League","2018/2019","Burnley","Newcastle","56","44","61","39","51","49","14","17","6","8","8","9","4","3","3","2","1","1","8","8","2","4","6","4"
"6018","25-11-18 17:00","England","Premier League","2018/2019","Wolves","Huddersfield","45","55","45","55","45","55","12","14","5","7","7","7","3","6","0","4","3","2","6","4","3","1","3","3"
"6019","25-11-18 14:30","England","Premier League","2018/2019","Bournemouth","Arsenal","41","59","44","56","38","62","11","20","4","10","7","10","5","4","2","3","3","1","2","11","0","6","2","5"
"6020","24-11-18 18:30","England","Premier League","2018/2019","Tottenham","Chelsea","40","60","41","59","39","61","18","13","13","6","5","7","9","2","7","1","2","1","6","5","4","2","2","3"
"6021","24-11-18 16:00","England","Premier League","2018/2019","Brighton","Leicester","55","45","52","48","58","42","14","8","7","0","7","8","3","3","2","0","1","3","8","3","3","0","5","3"
"6022","24-11-18 16:00","England","Premier League","2018/2019","Everton","Cardiff","71","29","73","27","69","31","16","7","6","2","10","5","8","1","2","0","6","1","5","4","3","2","2","2"
"6023","24-11-18 16:00","England","Premier League","2018/2019","Fulham","Southampton","37","63","40","60","34","66","10","19","6","7","4","12","5","8","3","4","2","4","3","6","2","2","1","4"
"6024","24-11-18 16:00","England","Premier League","2018/2019","Manchester Utd","Crystal Palace","60","40","57","43","63","37","12","13","7","4","5","9","5","2","2","0","3","2","4","9","3","3","1","6"
"6025","24-11-18 16:00","England","Premier League","2018/2019","Watford","Liverpool","36","64","31","69","41","59","5","10","1","3","4","7","1","7","1","3","0","4","4","3","0","0","4","3"
"6026","24-11-18 16:00","England","Premier League","2018/2019","West Ham","Manchester City","31","69","31","69","31","69","9","9","4","5","5","4","1","6","1","3","0","3","5","2","1","2","4","0"
"6027","11-11-18 17:30","England","Premier League","2018/2019","Arsenal","Wolves","72","28","74","26","70","30","10","13","3","7","7","6","3","5","0","3","3","2","3","6","0","3","3","3"
"6028","11-11-18 17:30","England","Premier League","2018/2019","Manchester City","Manchester Utd","65","35","69","31","61","39","17","6","9","3","8","3","5","1","1","0","4","1","6","1","4","1","2","0"
"6029","11-11-18 15:15","England","Premier League","2018/2019","Chelsea","Everton","69","31","67","33","71","29","14","6","4","4","10","2","4","1","1","0","3","1","7","3","2","3","5","0"
"6030","11-11-18 13:00","England","Premier League","2018/2019","Liverpool","Fulham","73","27","75","25","71","29","20","8","11","6","9","2","7","3","3","3","4","0","7","4","5","3","2","1"
"6031","10-11-18 18:30","England","Premier League","2018/2019","Crystal Palace","Tottenham","35","65","28","72","42","58","11","11","4","5","7","6","4","2","1","1","3","1","6","6","3","3","3","3"
"6032","10-11-18 16:00","England","Premier League","2018/2019","Huddersfield","West Ham","44","56","45","55","43","57","15","12","6","3","9","9","7","6","5","1","2","5","7","4","1","0","6","4"
"6033","10-11-18 16:00","England","Premier League","2018/2019","Leicester","Burnley","63","37","63","37","63","37","22","6","11","3","11","3","5","1","3","1","2","0","9","3","4","2","5","1"
"6034","10-11-18 16:00","England","Premier League","2018/2019","Newcastle","Bournemouth","39","61","45","55","33","67","18","14","10","7","8","7","6","4","4","3","2","1","8","5","5","0","3","5"
"6035","10-11-18 16:00","England","Premier League","2018/2019","Southampton","Watford","42","58","46","54","38","62","14","12","7","5","7","7","4","6","3","3","1","3","6","3","4","1","2","2"
"6036","10-11-18 13:30","England","Premier League","2018/2019","Cardiff","Brighton","60","40","49","51","71","29","20","7","8","6","12","1","6","3","2","2","4","1","9","2","4","2","5","0"
"6037","05-11-18 21:00","England","Premier League","2018/2019","Huddersfield","Fulham","45","55","48","52","42","58","10","7","5","1","5","6","2","1","2","1","0","0","6","3","2","0","4","3"
"6038","04-11-18 17:00","England","Premier League","2018/2019","Chelsea","Crystal Palace","74","26","77","23","71","29","15","7","7","3","8","4","6","2","1","0","5","2","5","2","3","1","2","1"
"6039","04-11-18 16:00","England","Premier League","2018/2019","Manchester City","Southampton","67","33","68","32","66","34","18","12","7","2","11","10","8","6","5","1","3","5","5","4","0","1","5","3"
"6040","03-11-18 20:45","England","Premier League","2018/2019","Wolves","Tottenham","49","51","41","59","57","43","16","10","8","5","8","5","7","8","1","4","6","4","4","1","3","0","1","1"
"6041","03-11-18 18:30","England","Premier League","2018/2019","Arsenal","Liverpool","62","38","58","42","66","34","12","13","9","7","3","6","4","4","2","2","2","2","5","5","4","3","1","2"
"6042","03-11-18 16:00","England","Premier League","2018/2019","Cardiff","Leicester","40","60","39","61","41","59","11","13","4","6","7","7","2","5","1","3","1","2","8","4","2","2","6","2"
"6043","03-11-18 16:00","England","Premier League","2018/2019","Everton","Brighton","61","39","63","37","59","41","14","5","8","4","6","1","3","3","1","2","2","1","9","0","6","0","3","0"
"6044","03-11-18 16:00","England","Premier League","2018/2019","Newcastle","Watford","42","58","40","60","44","56","10","16","5","13","5","3","2","1","1","1","1","0","4","10","2","7","2","3"
"6045","03-11-18 16:00","England","Premier League","2018/2019","West Ham","Burnley","63","37","67","33","59","41","22","6","9","3","13","3","10","3","4","2","6","1","6","1","3","0","3","1"
"6046","03-11-18 13:30","England","Premier League","2018/2019","Bournemouth","Manchester Utd","49","51","54","46","44","56","18","18","12","6","6","12","7","8","5","1","2","7","3","6","2","2","1","4"
"6047","29-10-18 21:00","England","Premier League","2018/2019","Tottenham","Manchester City","48","52","42","58","54","46","4","13","2","8","2","5","1","6","1","3","0","3","3","2","1","2","2","0"
"6048","28-10-18 17:00","England","Premier League","2018/2019","Manchester Utd","Everton","54","46","58","42","50","50","14","14","7","6","7","8","10","6","5","4","5","2","3","7","2","1","1","6"
"6049","28-10-18 14:30","England","Premier League","2018/2019","Burnley","Chelsea","30","70","33","67","27","73","7","24","4","8","3","16","1","8","0","4","1","4","4","9","3","3","1","6"
"6050","28-10-18 14:30","England","Premier League","2018/2019","Crystal Palace","Arsenal","42","58","35","65","49","51","16","7","6","3","10","4","3","2","1","0","2","2","11","3","4","2","7","1"
"6051","27-10-18 18:30","England","Premier League","2018/2019","Leicester","West Ham","64","36","55","45","73","27","21","11","6","7","15","4","7","3","2","2","5","1","11","6","4","3","7","3"
"6052","27-10-18 16:00","England","Premier League","2018/2019","Brighton","Wolves","40","60","42","58","38","62","7","25","5","8","2","17","1","7","0","1","1","6","5","8","4","2","1","6"
"6053","27-10-18 16:00","England","Premier League","2018/2019","Fulham","Bournemouth","52","48","46","54","58","42","11","12","6","8","5","4","1","5","1","2","0","3","9","6","4","5","5","1"
"6054","27-10-18 16:00","England","Premier League","2018/2019","Liverpool","Cardiff","80","20","86","14","74","26","19","2","12","0","7","2","7","1","2","0","5","1","6","1","5","0","1","1"
"6055","27-10-18 16:00","England","Premier League","2018/2019","Southampton","Newcastle","50","50","50","50","50","50","22","6","8","2","14","4","4","0","2","0","2","0","13","4","6","1","7","3"
"6056","27-10-18 16:00","England","Premier League","2018/2019","Watford","Huddersfield","48","52","46","54","50","50","12","13","3","8","9","5","6","7","2","4","4","3","6","4","1","3","5","1"
"6057","22-10-18 21:00","England","Premier League","2018/2019","Arsenal","Leicester","69","31","65","35","73","27","19","8","10","5","9","3","6","2","3","2","3","0","11","3","6","1","5","2"
"6058","21-10-18 17:00","England","Premier League","2018/2019","Everton","Crystal Palace","60","40","56","44","64","36","20","7","7","5","13","2","4","3","1","1","3","2","9","4","4","4","5","0"
"6059","20-10-18 18:30","England","Premier League","2018/2019","Huddersfield","Liverpool","48","52","42","58","54","46","13","11","5","4","8","7","1","2","0","1","1","1","6","4","3","0","3","4"
"6060","20-10-18 16:00","England","Premier League","2018/2019","Bournemouth","Southampton","57","43","59","41","55","45","9","8","3","4","6","4","2","4","0","1","2","3","5","2","3","1","2","1"
"6061","20-10-18 16:00","England","Premier League","2018/2019","Cardiff","Fulham","40","60","40","60","40","60","22","9","11","3","11","6","5","4","3","2","2","2","10","3","5","1","5","2"
"6062","20-10-18 16:00","England","Premier League","2018/2019","Manchester City","Burnley","69","31","73","27","65","35","24","5","14","4","10","1","10","0","3","0","7","0","6","4","6","3","0","1"
"6063","20-10-18 16:00","England","Premier League","2018/2019","Newcastle","Brighton","68","32","67","33","69","31","27","8","13","4","14","4","6","2","2","1","4","1","12","4","6","1","6","3"
"6064","20-10-18 16:00","England","Premier League","2018/2019","West Ham","Tottenham","44","56","39","61","49","51","13","10","3","8","10","2","4","2","1","2","3","0","7","4","1","2","6","2"
"6065","20-10-18 16:00","England","Premier League","2018/2019","Wolves","Watford","45","55","37","63","53","47","10","9","2","7","8","2","1","3","0","3","1","0","6","2","1","1","5","1"
"6066","20-10-18 13:30","England","Premier League","2018/2019","Chelsea","Manchester Utd","62","38","63","37","61","39","21","7","6","1","15","6","6","4","1","0","5","4","8","3","3","1","5","2"
"6067","07-10-18 17:30","England","Premier League","2018/2019","Liverpool","Manchester City","49","51","43","57","55","45","7","6","2","1","5","5","2","2","0","0","2","2","4","3","1","0","3","3"
"6068","07-10-18 15:15","England","Premier League","2018/2019","Southampton","Chelsea","35","65","25","75","45","55","15","21","6","12","9","9","6","6","3","1","3","5","6","3","2","2","4","1"
"6069","07-10-18 13:00","England","Premier League","2018/2019","Fulham","Arsenal","49","51","48","52","50","50","21","9","12","4","9","5","4","7","3","2","1","5","8","2","4","2","4","0"
"6070","06-10-18 18:30","England","Premier League","2018/2019","Manchester Utd","Newcastle","73","27","72","28","74","26","18","13","6","9","12","4","10","8","2","6","8","2","5","5","2","3","3","2"
"6071","06-10-18 16:00","England","Premier League","2018/2019","Burnley","Huddersfield","32","68","29","71","35","65","6","19","2","10","4","9","3","2","2","0","1","2","0","8","0","5","0","3"
"6072","06-10-18 16:00","England","Premier League","2018/2019","Crystal Palace","Wolves","67","33","70","30","64","36","11","7","2","3","9","4","4","2","1","1","3","1","4","5","1","2","3","3"
"6073","06-10-18 16:00","England","Premier League","2018/2019","Leicester","Everton","51","49","57","43","45","55","8","17","5","8","3","9","2","8","2","3","0","5","5","5","2","2","3","3"
"6074","06-10-18 16:00","England","Premier League","2018/2019","Tottenham","Cardiff","76","24","69","31","83","17","19","8","10","7","9","1","7","6","4","4","3","2","6","2","4","2","2","0"
"6075","06-10-18 16:00","England","Premier League","2018/2019","Watford","Bournemouth","47","53","52","48","42","58","14","10","10","6","4","4","2","7","2","4","0","3","2","3","1","2","1","1"
"6076","05-10-18 21:00","England","Premier League","2018/2019","Brighton","West Ham","35","65","39","61","31","69","9","16","6","7","3","9","4","4","3","2","1","2","4","7","2","2","2","5"
"6077","01-10-18 21:00","England","Premier League","2018/2019","Bournemouth","Crystal Palace","44","56","51","49","37","63","11","10","4","4","7","6","5","2","2","1","3","1","4","4","1","1","3","3"
"6078","30-09-18 17:00","England","Premier League","2018/2019","Cardiff","Burnley","54","46","53","47","55","45","19","3","10","1","9","2","5","2","2","0","3","2","8","1","4","1","4","0"
"6079","29-09-18 18:30","England","Premier League","2018/2019","Chelsea","Liverpool","47","53","51","49","43","57","10","13","3","6","7","7","4","6","2","2","2","4","4","6","1","3","3","3"
"6080","29-09-18 16:00","England","Premier League","2018/2019","Arsenal","Watford","63","37","63","37","63","37","9","14","3","4","6","10","2","5","1","1","1","4","6","7","2","2","4","5"
"6081","29-09-18 16:00","England","Premier League","2018/2019","Everton","Fulham","51","49","50","50","52","48","19","6","7","5","12","1","6","0","1","0","5","0","6","6","1","5","5","1"
"6082","29-09-18 16:00","England","Premier League","2018/2019","Huddersfield","Tottenham","53","47","50","50","56","44","9","10","3","6","6","4","5","6","1","3","4","3","3","4","2","2","1","2"
"6083","29-09-18 16:00","England","Premier League","2018/2019","Manchester City","Brighton","80","20","78","22","82","18","28","4","16","4","12","0","8","1","4","1","4","0","13","1","6","1","7","0"
"6084","29-09-18 16:00","England","Premier League","2018/2019","Newcastle","Leicester","41","59","38","62","44","56","6","12","3","8","3","4","1","5","1","4","0","1","4","4","1","2","3","2"
"6085","29-09-18 16:00","England","Premier League","2018/2019","Wolves","Southampton","49","51","47","53","51","49","14","17","9","7","5","10","6","6","3","3","3","3","6","4","4","2","2","2"
"6086","29-09-18 13:30","England","Premier League","2018/2019","West Ham","Manchester Utd","49","51","55","45","43","57","8","9","6","4","2","5","3","4","2","0","1","4","4","1","3","1","1","0"
"6087","23-09-18 17:00","England","Premier League","2018/2019","Arsenal","Everton","62","38","67","33","57","43","9","9","3","5","6","4","5","6","1","4","4","2","1","2","0","1","1","1"
"6088","23-09-18 14:30","England","Premier League","2018/2019","West Ham","Chelsea","28","72","28","72","28","72","6","17","4","8","2","9","1","6","1","3","0","3","4","6","2","3","2","3"
"6089","22-09-18 18:30","England","Premier League","2018/2019","Brighton","Tottenham","29","71","21","79","37","63","8","16","1","8","7","8","4","7","0","2","4","5","3","5","1","3","2","2"
"6090","22-09-18 16:00","England","Premier League","2018/2019","Burnley","Bournemouth","37","63","46","54","28","72","12","19","6","8","6","11","5","5","2","1","3","4","3","5","1","2","2","3"
"6091","22-09-18 16:00","England","Premier League","2018/2019","Cardiff","Manchester City","22","78","21","79","23","77","2","21","1","9","1","12","2","10","1","4","1","6","0","4","0","2","0","2"
"6092","22-09-18 16:00","England","Premier League","2018/2019","Crystal Palace","Newcastle","62","38","57","43","67","33","16","6","10","3","6","3","4","3","3","1","1","2","7","3","4","2","3","1"
"6093","22-09-18 16:00","England","Premier League","2018/2019","Leicester","Huddersfield","62","38","60","40","64","36","18","9","5","5","13","4","8","2","3","1","5","1","7","5","1","4","6","1"
"6094","22-09-18 16:00","England","Premier League","2018/2019","Liverpool","Southampton","61","39","66","34","56","44","12","7","9","6","3","1","4","1","3","0","1","1","5","1","4","1","1","0"
"6095","22-09-18 16:00","England","Premier League","2018/2019","Manchester Utd","Wolves","64","36","60","40","68","32","15","11","3","4","12","7","6","8","2","3","4","5","3","3","1","1","2","2"
"6096","22-09-18 13:30","England","Premier League","2018/2019","Fulham","Watford","61","39","58","42","64","36","15","11","3","6","12","5","3","6","1","4","2","2","6","4","1","1","5","3"
"6097","17-09-18 21:00","England","Premier League","2018/2019","Southampton","Brighton","51","49","57","43","45","55","14","12","9","2","5","10","5","4","3","0","2","4","6","5","4","1","2","4"
"6098","16-09-18 17:00","England","Premier League","2018/2019","Everton","West Ham","56","44","62","38","50","50","16","9","8","3","8","6","4","4","4","3","0","1","6","2","2","0","4","2"
"6099","16-09-18 14:30","England","Premier League","2018/2019","Wolves","Burnley","59","41","60","40","58","42","30","7","14","4","16","3","7","2","6","1","1","1","13","5","2","3","11","2"
"6100","15-09-18 18:30","England","Premier League","2018/2019","Watford","Manchester Utd","43","57","35","65","51","49","14","9","5","8","9","1","5","6","2","6","3","0","3","1","1","0","2","1"
"6101","15-09-18 16:00","England","Premier League","2018/2019","Bournemouth","Leicester","47","53","51","49","43","57","10","14","4","7","6","7","5","8","3","3","2","5","2","4","1","2","1","2"
"6102","15-09-18 16:00","England","Premier League","2018/2019","Chelsea","Cardiff","77","23","76","24","78","22","18","6","12","3","6","3","7","2","4","1","3","1","8","4","6","2","2","2"
"6103","15-09-18 16:00","England","Premier League","2018/2019","Huddersfield","Crystal Palace","58","42","53","47","63","37","15","7","5","4","10","3","2","2","0","2","2","0","9","2","4","0","5","2"
"6104","15-09-18 16:00","England","Premier League","2018/2019","Manchester City","Fulham","65","35","61","39","69","31","28","9","14","5","14","4","9","3","7","2","2","1","8","5","4","3","4","2"
"6105","15-09-18 16:00","England","Premier League","2018/2019","Newcastle","Arsenal","36","64","35","65","37","63","4","12","1","2","3","10","2","2","0","0","2","2","0","5","0","2","0","3"
"6106","15-09-18 13:30","England","Premier League","2018/2019","Tottenham","Liverpool","60","40","60","40","60","40","11","17","3","6","8","11","3","10","1","4","2","6","5","5","1","2","4","3"
"6107","02-09-18 17:00","England","Premier League","2018/2019","Burnley","Manchester Utd","46","54","42","58","50","50","9","21","1","9","8","12","2","9","0","4","2","5","6","6","1","2","5","4"
"6108","02-09-18 17:00","England","Premier League","2018/2019","Watford","Tottenham","35","65","34","66","36","64","7","11","2","5","5","6","3","2","1","0","2","2","3","7","1","4","2","3"
"6109","02-09-18 14:30","England","Premier League","2018/2019","Cardiff","Arsenal","28","72","31","69","25","75","14","17","5","7","9","10","3","11","1","4","2","7","10","4","4","3","6","1"
"6110","01-09-18 18:30","England","Premier League","2018/2019","Manchester City","Newcastle","78","22","76","24","80","20","24","3","11","1","13","2","8","2","3","1","5","1","9","1","4","0","5","1"
"6111","01-09-18 16:00","England","Premier League","2018/2019","Brighton","Fulham","41","59","38","62","44","56","15","10","7","4","8","6","5","5","1","2","4","3","7","3","3","1","4","2"
"6112","01-09-18 16:00","England","Premier League","2018/2019","Chelsea","Bournemouth","73","27","76","24","70","30","24","8","12","4","12","4","6","1","2","1","4","0","6","6","4","3","2","3"
"6113","01-09-18 16:00","England","Premier League","2018/2019","Crystal Palace","Southampton","51","49","35","65","67","33","20","19","5","10","15","9","6","6","1","1","5","5","7","6","3","4","4","2"
"6114","01-09-18 16:00","England","Premier League","2018/2019","Everton","Huddersfield","58","42","58","42","58","42","11","9","9","4","2","5","1","6","1","3","0","3","8","1","6","0","2","1"
"6115","01-09-18 16:00","England","Premier League","2018/2019","West Ham","Wolves","48","52","47","53","49","51","13","15","5","7","8","8","3","6","1","1","2","5","5","7","2","5","3","2"
"6116","01-09-18 13:30","England","Premier League","2018/2019","Leicester","Liverpool","51","49","47","53","55","45","12","10","6","7","6","3","5","4","2","4","3","0","3","4","3","2","0","2"
"6117","27-08-18 21:00","England","Premier League","2018/2019","Manchester Utd","Tottenham","57","43","53","47","61","39","23","9","10","2","13","7","5","5","2","1","3","4","12","2","6","0","6","2"
"6118","26-08-18 17:00","England","Premier League","2018/2019","Fulham","Burnley","64","36","69","31","59","41","25","12","7","7","18","5","12","2","5","2","7","0","10","5","2","2","8","3"
"6119","26-08-18 17:00","England","Premier League","2018/2019","Newcastle","Chelsea","19","81","21","79","17","83","6","15","4","8","2","7","2","3","1","1","1","2","2","7","1","4","1","3"
"6120","26-08-18 14:30","England","Premier League","2018/2019","Watford","Crystal Palace","44","56","47","53","41","59","13","9","5","4","8","5","5","3","1","2","4","1","4","5","1","2","3","3"
"6121","25-08-18 18:30","England","Premier League","2018/2019","Liverpool","Brighton","70","30","68","32","72","28","22","6","9","1","13","5","8","2","5","1","3","1","7","2","3","0","4","2"
"6122","25-08-18 16:00","England","Premier League","2018/2019","Arsenal","West Ham","61","39","61","39","61","39","17","13","7","8","10","5","10","5","2","3","8","2","2","5","2","3","0","2"
"6123","25-08-18 16:00","England","Premier League","2018/2019","Bournemouth","Everton","50","50","41","59","59","41","17","11","6","6","11","5","5","3","0","0","5","3","10","5","6","4","4","1"
"6124","25-08-18 16:00","England","Premier League","2018/2019","Huddersfield","Cardiff","58","42","71","29","45","55","5","14","2","1","3","13","1","4","0","1","1","3","2","6","2","0","0","6"
"6125","25-08-18 16:00","England","Premier League","2018/2019","Southampton","Leicester","52","48","62","38","42","58","11","8","6","1","5","7","5","5","2","0","3","5","4","3","3","1","1","2"
"6126","25-08-18 13:30","England","Premier League","2018/2019","Wolves","Manchester City","29","71","30","70","28","72","11","18","5","6","6","12","2","6","0","3","2","3","6","6","3","2","3","4"
"6127","20-08-18 21:00","England","Premier League","2018/2019","Crystal Palace","Liverpool","37","63","32","68","42","58","8","16","3","7","5","9","2","6","0","2","2","4","5","4","2","2","3","2"
"6128","19-08-18 17:00","England","Premier League","2018/2019","Brighton","Manchester Utd","33","67","38","62","28","72","6","9","6","4","0","5","3","3","3","1","0","2","3","4","3","1","0","3"
"6129","19-08-18 14:30","England","Premier League","2018/2019","Burnley","Watford","58","42","59","41","57","43","8","9","5","3","3","6","3","6","3","2","0","4","3","0","1","0","2","0"
"6130","19-08-18 14:30","England","Premier League","2018/2019","Manchester City","Huddersfield","77","23","78","22","76","24","32","5","13","3","19","2","14","1","8","1","6","0","9","2","2","1","7","1"
"6131","18-08-18 18:30","England","Premier League","2018/2019","Chelsea","Arsenal","62","38","59","41","65","35","24","15","9","12","15","3","11","6","4","5","7","1","7","6","4","5","3","1"
"6132","18-08-18 16:00","England","Premier League","2018/2019","Everton","Southampton","58","42","58","42","58","42","14","15","9","7","5","8","7","4","6","2","1","2","4","6","2","4","2","2"
"6133","18-08-18 16:00","England","Premier League","2018/2019","Leicester","Wolves","43","57","52","48","34","66","6","11","4","4","2","7","2","3","2","1","0","2","2","7","0","3","2","4"
"6134","18-08-18 16:00","England","Premier League","2018/2019","Tottenham","Fulham","60","40","60","40","60","40","25","10","12","4","13","6","11","3","2","2","9","1","10","5","8","1","2","4"
"6135","18-08-18 16:00","England","Premier League","2018/2019","West Ham","Bournemouth","61","39","65","35","57","43","11","12","7","7","4","5","5","5","3","2","2","3","3","3","2","2","1","1"
"6136","18-08-18 13:30","England","Premier League","2018/2019","Cardiff","Newcastle","51","49","49","51","53","47","12","12","3","6","9","6","1","6","0","4","1","2","6","1","2","0","4","1"
"6137","12-08-18 17:00","England","Premier League","2018/2019","Arsenal","Manchester City","42","58","40","60","44","56","9","17","4","8","5","9","3","8","2","4","1","4","4","5","1","3","3","2"
"6138","12-08-18 14:30","England","Premier League","2018/2019","Liverpool","West Ham","65","35","66","34","64","36","18","5","8","3","10","2","8","2","5","1","3","1","7","2","2","1","5","1"
"6139","12-08-18 14:30","England","Premier League","2018/2019","Southampton","Burnley","48","52","41","59","55","45","18","16","6","12","12","4","3","6","1","4","2","2","6","6","3","5","3","1"
"6140","11-08-18 18:30","England","Premier League","2018/2019","Wolves","Everton","57","43","54","46","60","40","11","6","4","3","7","3","4","5","2","3","2","2","5","1","2","0","3","1"
"6141","11-08-18 16:00","England","Premier League","2018/2019","Bournemouth","Cardiff","63","37","66","34","60","40","12","10","5","3","7","7","4","1","2","0","2","1","6","5","2","3","4","2"
"6142","11-08-18 16:00","England","Premier League","2018/2019","Fulham","Crystal Palace","66","34","67","33","65","35","15","10","8","4","7","6","6","9","3","3","3","6","4","0","2","0","2","0"
"6143","11-08-18 16:00","England","Premier League","2018/2019","Huddersfield","Chelsea","37","63","40","60","34","66","6","13","3","3","3","10","1","4","1","2","0","2","4","3","2","0","2","3"
"6144","11-08-18 16:00","England","Premier League","2018/2019","Watford","Brighton","53","47","53","47","53","47","19","6","13","3","6","3","5","0","3","0","2","0","9","5","6","2","3","3"
"6145","11-08-18 13:30","England","Premier League","2018/2019","Newcastle","Tottenham","40","60","39","61","41","59","15","15","7","9","8","6","2","5","1","2","1","3","8","7","3","4","5","3"
"6146","10-08-18 21:00","England","Premier League","2018/2019","Manchester Utd","Leicester","46","54","46","54","46","54","8","13","4","5","4","8","6","4","3","2","3","2","1","3","0","0","1","3"
"6147","13-05-18 16:00","England","Premier League","2017/2018","Burnley","Bournemouth","52","48","46","54","58","42","12","16","7","5","5","11","4","5","3","2","1","3","4","5","3","2","1","3"
"6148","13-05-18 16:00","England","Premier League","2017/2018","Crystal Palace","West Brom","59","41","66","34","52","48","11","7","4","3","7","4","5","1","1","0","4","1","4","6","2","3","2","3"
"6149","13-05-18 16:00","England","Premier League","2017/2018","Huddersfield","Arsenal","44","56","39","61","49","51","18","9","6","6","12","3","3","4","1","2","2","2","10","3","3","2","7","1"
"6150","13-05-18 16:00","England","Premier League","2017/2018","Liverpool","Brighton","72","28","70","30","74","26","22","2","16","1","6","1","11","1","6","1","5","0","5","0","5","0","0","0"
"6151","13-05-18 16:00","England","Premier League","2017/2018","Manchester Utd","Watford","51","49","57","43","45","55","7","7","4","3","3","4","1","3","1","2","0","1","4","3","3","1","1","2"
"6152","13-05-18 16:00","England","Premier League","2017/2018","Newcastle","Chelsea","42","58","51","49","33","67","16","6","11","0","5","6","6","2","4","0","2","2","5","3","4","0","1","3"
"6153","13-05-18 16:00","England","Premier League","2017/2018","Southampton","Manchester City","30","70","27","73","33","67","8","13","6","6","2","7","3","2","1","0","2","2","5","5","5","3","0","2"
"6154","13-05-18 16:00","England","Premier League","2017/2018","Swansea","Stoke","58","42","55","45","61","39","24","8","10","4","14","4","11","5","4","3","7","2","4","2","2","1","2","1"
"6155","13-05-18 16:00","England","Premier League","2017/2018","Tottenham","Leicester","65","35","66","34","64","36","14","16","7","8","7","8","6","9","3","4","3","5","5","6","2","4","3","2"
"6156","13-05-18 16:00","England","Premier League","2017/2018","West Ham","Everton","57","43","65","35","49","51","15","14","7","7","8","7","4","7","2","2","2","5","5","3","2","3","3","0"
"6157","10-05-18 20:45","England","Premier League","2017/2018","West Ham","Manchester Utd","44","56","41","59","47","53","9","16","5","8","4","8","2","6","2","5","0","1","6","7","3","2","3","5"
"6158","09-05-18 21:00","England","Premier League","2017/2018","Manchester City","Brighton","74","26","74","26","74","26","19","6","9","2","10","4","7","3","3","1","4","2","8","3","4","1","4","2"
"6159","09-05-18 21:00","England","Premier League","2017/2018","Tottenham","Newcastle","63","37","69","31","57","43","11","14","5","7","6","7","7","3","3","3","4","0","3","9","2","3","1","6"
"6160","09-05-18 20:45","England","Premier League","2017/2018","Chelsea","Huddersfield","78","22","77","23","79","21","22","3","6","0","16","3","5","2","2","0","3","2","6","1","3","0","3","1"
"6161","09-05-18 20:45","England","Premier League","2017/2018","Leicester","Arsenal","40","60","42","58","38","62","19","14","13","6","6","8","10","7","6","4","4","3","6","4","4","1","2","3"
"6162","08-05-18 20:45","England","Premier League","2017/2018","Swansea","Southampton","53","47","57","43","49","51","11","13","5","5","6","8","3","8","1","2","2","6","5","3","2","2","3","1"
"6163","06-05-18 17:30","England","Premier League","2017/2018","Arsenal","Burnley","64","36","67","33","61","39","16","6","6","0","10","6","8","2","3","0","5","2","5","2","2","0","3","2"
"6164","06-05-18 17:30","England","Premier League","2017/2018","Chelsea","Liverpool","32","68","36","64","28","72","12","10","5","5","7","5","4","5","2","4","2","1","6","5","2","1","4","4"
"6165","06-05-18 14:30","England","Premier League","2017/2018","Manchester City","Huddersfield","79","21","77","23","81","19","15","5","6","4","9","1","2","3","2","2","0","1","10","2","3","2","7","0"
"6166","05-05-18 18:30","England","Premier League","2017/2018","Everton","Southampton","54","46","45","55","63","37","9","11","3","5","6","6","3","5","1","2","2","3","5","2","2","1","3","1"
"6167","05-05-18 16:00","England","Premier League","2017/2018","Bournemouth","Swansea","45","55","48","52","42","58","12","12","5","8","7","4","5","3","2","2","3","1","5","6","2","4","3","2"
"6168","05-05-18 16:00","England","Premier League","2017/2018","Leicester","West Ham","54","46","49","51","59","41","13","13","3","9","10","4","2","3","0","2","2","1","4","3","1","3","3","0"
"6169","05-05-18 16:00","England","Premier League","2017/2018","Watford","Newcastle","39","61","48","52","30","70","11","9","8","2","3","7","8","1","7","0","1","1","1","4","0","0","1","4"
"6170","05-05-18 16:00","England","Premier League","2017/2018","West Brom","Tottenham","26","74","24","76","28","72","9","18","2","8","7","10","1","5","0","2","1","3","6","7","2","4","4","3"
"6171","05-05-18 13:30","England","Premier League","2017/2018","Stoke","Crystal Palace","41","59","44","56","38","62","7","13","2","5","5","8","2","2","1","0","1","2","4","7","1","3","3","4"
"6172","04-05-18 21:00","England","Premier League","2017/2018","Brighton","Manchester Utd","32","68","38","62","26","74","11","16","8","4","3","12","4","3","3","0","1","3","4","7","3","0","1","7"
"6173","30-04-18 21:00","England","Premier League","2017/2018","Tottenham","Watford","61","39","66","34","56","44","13","13","8","6","5","7","3","5","2","3","1","2","6","5","3","2","3","3"
"6174","29-04-18 17:30","England","Premier League","2017/2018","Manchester Utd","Arsenal","59","41","53","47","65","35","17","8","9","4","8","4","3","3","2","1","1","2","7","4","2","3","5","1"
"6175","29-04-18 15:15","England","Premier League","2017/2018","West Ham","Manchester City","25","75","28","72","22","78","4","19","4","10","0","9","1","7","1","4","0","3","2","7","2","4","0","3"
"6176","28-04-18 18:30","England","Premier League","2017/2018","Swansea","Chelsea","51","49","45","55","57","43","10","11","2","5","8","6","3","3","0","1","3","2","5","5","0","2","5","3"
"6177","28-04-18 16:00","England","Premier League","2017/2018","Burnley","Brighton","44","56","41","59","47","53","10","9","8","5","2","4","4","1","4","0","0","1","2","4","2","2","0","2"
"6178","28-04-18 16:00","England","Premier League","2017/2018","Crystal Palace","Leicester","50","50","47","53","53","47","14","6","7","4","7","2","9","1","5","1","4","0","4","2","1","1","3","1"
"6179","28-04-18 16:00","England","Premier League","2017/2018","Huddersfield","Everton","54","46","49","51","59","41","9","7","6","3","3","4","2","5","2","1","0","4","2","1","2","1","0","0"
"6180","28-04-18 16:00","England","Premier League","2017/2018","Newcastle","West Brom","64","36","62","38","66","34","17","9","7","4","10","5","2","2","2","2","0","0","10","6","4","2","6","4"
"6181","28-04-18 16:00","England","Premier League","2017/2018","Southampton","Bournemouth","41","59","45","55","37","63","14","14","7","4","7","10","6","7","3","2","3","5","4","6","2","2","2","4"
"6182","28-04-18 13:30","England","Premier League","2017/2018","Liverpool","Stoke","72","28","65","35","79","21","20","5","7","1","13","4","2","1","1","0","1","1","8","3","4","1","4","2"
"6183","23-04-18 21:00","England","Premier League","2017/2018","Everton","Newcastle","57","43","68","32","46","54","9","9","7","3","2","6","1","2","0","1","1","1","5","4","4","1","1","3"
"6184","22-04-18 17:30","England","Premier League","2017/2018","Manchester City","Swansea","83","17","85","15","81","19","19","4","6","2","13","2","12","1","6","1","6","0","4","2","0","0","4","2"
"6185","22-04-18 14:30","England","Premier League","2017/2018","Arsenal","West Ham","68","32","67","33","69","31","20","11","6","5","14","6","8","4","1","2","7","2","8","4","5","2","3","2"
"6186","22-04-18 14:30","England","Premier League","2017/2018","Stoke","Burnley","43","57","45","55","41","59","8","16","6","5","2","11","3","7","2","2","1","5","4","5","2","1","2","4"
"6187","21-04-18 16:00","England","Premier League","2017/2018","Watford","Crystal Palace","52","48","58","42","46","54","14","6","11","2","3","4","4","1","3","1","1","0","10","3","8","0","2","3"
"6188","21-04-18 13:30","England","Premier League","2017/2018","West Brom","Liverpool","38","62","30","70","46","54","13","9","4","5","9","4","6","3","1","2","5","1","6","4","3","2","3","2"
"6189","19-04-18 20:45","England","Premier League","2017/2018","Burnley","Chelsea","39","61","38","62","40","60","5","16","1","6","4","10","2","5","0","2","2","3","2","5","1","3","1","2"
"6190","19-04-18 20:45","England","Premier League","2017/2018","Leicester","Southampton","54","46","50","50","58","42","11","6","6","2","5","4","3","2","2","0","1","2","4","4","1","2","3","2"
"6191","18-04-18 20:45","England","Premier League","2017/2018","Bournemouth","Manchester Utd","44","56","43","57","45","55","13","13","6","7","7","6","2","4","2","2","0","2","6","1","1","1","5","0"
"6192","17-04-18 20:45","England","Premier League","2017/2018","Brighton","Tottenham","36","64","36","64","36","64","8","16","5","7","3","9","5","6","3","4","2","2","2","5","1","1","1","4"
"6193","16-04-18 21:00","England","Premier League","2017/2018","West Ham","Stoke","62","38","62","38","62","38","18","11","6","5","12","6","6","7","3","4","3","3","3","1","2","0","1","1"
"6194","15-04-18 17:00","England","Premier League","2017/2018","Manchester Utd","West Brom","70","30","68","32","72","28","14","10","6","5","8","5","4","4","2","2","2","2","6","4","2","2","4","2"
"6195","15-04-18 14:30","England","Premier League","2017/2018","Newcastle","Arsenal","28","72","28","72","28","72","8","15","3","10","5","5","4","3","3","3","1","0","2","8","0","5","2","3"
"6196","14-04-18 20:45","England","Premier League","2017/2018","Tottenham","Manchester City","48","52","44","56","52","48","8","17","4","9","4","8","3","6","1","3","2","3","1","5","1","4","0","1"
"6197","14-04-18 18:30","England","Premier League","2017/2018","Liverpool","Bournemouth","62","38","67","33","57","43","20","6","10","1","10","5","7","1","3","0","4","1","10","2","5","1","5","1"
"6198","14-04-18 16:00","England","Premier League","2017/2018","Burnley","Leicester","39","61","44","56","34","66","8","15","3","5","5","10","3","6","3","3","0","3","2","4","0","2","2","2"
"6199","14-04-18 16:00","England","Premier League","2017/2018","Crystal Palace","Brighton","50","50","57","43","43","57","15","12","11","6","4","6","8","3","8","2","0","1","2","6","0","2","2","4"
"6200","14-04-18 16:00","England","Premier League","2017/2018","Huddersfield","Watford","48","52","52","48","44","56","9","4","4","3","5","1","1","2","0","2","1","0","3","0","1","0","2","0"
"6201","14-04-18 16:00","England","Premier League","2017/2018","Swansea","Everton","51","49","49","51","53","47","17","12","8","6","9","6","7","3","3","3","4","0","5","5","2","1","3","4"
"6202","14-04-18 13:30","England","Premier League","2017/2018","Southampton","Chelsea","42","58","41","59","43","57","10","17","5","7","5","10","7","5","3","0","4","5","2","4","2","3","0","1"
"6203","08-04-18 17:30","England","Premier League","2017/2018","Chelsea","West Ham","60","40","63","37","57","43","23","5","9","1","14","4","6","2","2","0","4","2","11","0","5","0","6","0"
"6204","08-04-18 15:15","England","Premier League","2017/2018","Arsenal","Southampton","65","35","73","27","57","43","13","15","7","5","6","10","7","8","3","2","4","6","4","4","3","2","1","2"
"6205","07-04-18 18:30","England","Premier League","2017/2018","Manchester City","Manchester Utd","65","35","66","34","64","36","20","5","9","0","11","5","6","4","5","0","1","4","9","1","4","0","5","1"
"6206","07-04-18 16:00","England","Premier League","2017/2018","Bournemouth","Crystal Palace","53","47","51","49","55","45","20","13","11","4","9","9","5","6","0","0","5","6","11","3","8","1","3","2"
"6207","07-04-18 16:00","England","Premier League","2017/2018","Brighton","Huddersfield","41","59","46","54","36","64","13","14","5","7","8","7","4","5","2","3","2","2","6","4","2","0","4","4"
"6208","07-04-18 16:00","England","Premier League","2017/2018","Leicester","Newcastle","66","34","65","35","67","33","8","8","3","3","5","5","1","4","0","3","1","1","5","3","3","0","2","3"
"6209","07-04-18 16:00","England","Premier League","2017/2018","Stoke","Tottenham","33","67","28","72","38","62","10","15","2","5","8","10","4","4","0","1","4","3","5","5","2","2","3","3"
"6210","07-04-18 16:00","England","Premier League","2017/2018","Watford","Burnley","60","40","60","40","60","40","14","7","8","2","6","5","5","4","3","0","2","4","4","2","3","1","1","1"
"6211","07-04-18 16:00","England","Premier League","2017/2018","West Brom","Swansea","52","48","58","42","46","54","15","7","7","3","8","4","3","1","2","0","1","1","4","5","2","2","2","3"
"6212","07-04-18 13:30","England","Premier League","2017/2018","Everton","Liverpool","38","62","34","66","42","58","6","10","3","7","3","3","1","3","1","3","0","0","3","4","1","3","2","1"
"6213","01-04-18 17:00","England","Premier League","2017/2018","Chelsea","Tottenham","49","51","41","59","57","43","14","12","7","6","7","6","4","7","4","2","0","5","7","3","1","3","6","0"
"6214","01-04-18 14:30","England","Premier League","2017/2018","Arsenal","Stoke","70","30","68","32","72","28","24","8","7","5","17","3","11","2","1","0","10","2","8","4","4","3","4","1"
"6215","31-03-18 18:30","England","Premier League","2017/2018","Everton","Manchester City","18","82","18","82","18","82","6","18","3","13","3","5","2","4","0","3","2","1","4","8","3","5","1","3"
"6216","31-03-18 16:00","England","Premier League","2017/2018","Brighton","Leicester","47","53","50","50","44","56","15","6","6","2","9","4","3","4","0","2","3","2","7","2","3","0","4","2"
"6217","31-03-18 16:00","England","Premier League","2017/2018","Manchester Utd","Swansea","67","33","72","28","62","38","11","3","8","0","3","3","5","2","4","0","1","2","4","0","2","0","2","0"
"6218","31-03-18 16:00","England","Premier League","2017/2018","Newcastle","Huddersfield","63","37","67","33","59","41","18","4","13","2","5","2","3","0","2","0","1","0","9","2","5","1","4","1"
"6219","31-03-18 16:00","England","Premier League","2017/2018","Watford","Bournemouth","50","50","54","46","46","54","16","13","11","8","5","5","5","6","3","3","2","3","4","4","1","3","3","1"
"6220","31-03-18 16:00","England","Premier League","2017/2018","West Brom","Burnley","47","53","39","61","55","45","8","11","4","7","4","4","3","4","2","2","1","2","3","6","1","4","2","2"
"6221","31-03-18 16:00","England","Premier League","2017/2018","West Ham","Southampton","48","52","57","43","39","61","13","9","9","0","4","9","5","0","4","0","1","0","5","5","2","0","3","5"
"6222","31-03-18 13:30","England","Premier League","2017/2018","Crystal Palace","Liverpool","32","68","24","76","40","60","6","16","2","12","4","4","3","6","2","4","1","2","3","4","0","2","3","2"
"6223","17-03-18 18:30","England","Premier League","2017/2018","Liverpool","Watford","58","42","62","38","54","46","13","4","4","1","9","3","10","1","3","1","7","0","1","2","0","0","1","2"
"6224","17-03-18 16:00","England","Premier League","2017/2018","Bournemouth","West Brom","60","40","61","39","59","41","17","11","7","4","10","7","5","6","3","3","2","3","4","1","1","1","3","0"
"6225","17-03-18 16:00","England","Premier League","2017/2018","Huddersfield","Crystal Palace","55","45","57","43","53","47","6","17","0","7","6","10","2","6","0","2","2","4","3","5","0","2","3","3"
"6226","17-03-18 16:00","England","Premier League","2017/2018","Stoke","Everton","44","56","46","54","42","58","9","17","5","2","4","15","4","9","2","0","2","9","2","5","2","1","0","4"
"6227","12-03-18 21:00","England","Premier League","2017/2018","Stoke","Manchester City","23","77","23","77","23","77","3","17","1","6","2","11","0","6","0","2","0","4","1","8","0","3","1","5"
"6228","11-03-18 17:00","England","Premier League","2017/2018","Bournemouth","Tottenham","38","62","32","68","44","56","14","12","8","4","6","8","3","8","1","2","2","6","7","1","5","1","2","0"
"6229","11-03-18 14:30","England","Premier League","2017/2018","Arsenal","Watford","60","40","65","35","55","45","11","11","6","5","5","6","7","4","3","3","4","1","4","5","3","2","1","3"
"6230","10-03-18 18:30","England","Premier League","2017/2018","Chelsea","Crystal Palace","62","38","68","32","56","44","27","9","16","2","11","7","11","2","7","0","4","2","9","5","4","2","5","3"
"6231","10-03-18 16:00","England","Premier League","2017/2018","Everton","Brighton","59","41","66","34","52","48","13","10","9","2","4","8","3","4","1","2","2","2","7","5","6","0","1","5"
"6232","10-03-18 16:00","England","Premier League","2017/2018","Huddersfield","Swansea","81","19","80","20","82","18","30","0","16","0","14","0","4","0","2","0","2","0","15","0","8","0","7","0"
"6233","10-03-18 16:00","England","Premier League","2017/2018","Newcastle","Southampton","37","63","33","67","41","59","7","6","4","1","3","5","5","2","4","0","1","2","2","3","0","1","2","2"
"6234","10-03-18 16:00","England","Premier League","2017/2018","West Brom","Leicester","44","56","46","54","42","58","6","14","6","5","0","9","2","6","2","2","0","4","3","5","3","1","0","4"
"6235","10-03-18 16:00","England","Premier League","2017/2018","West Ham","Burnley","53","47","57","43","49","51","13","7","7","2","6","5","4","4","3","0","1","4","6","2","3","1","3","1"
"6236","10-03-18 13:30","England","Premier League","2017/2018","Manchester Utd","Liverpool","32","68","36","64","28","72","5","14","3","5","2","9","2","2","2","2","0","0","1","5","1","2","0","3"
"6237","05-03-18 21:00","England","Premier League","2017/2018","Crystal Palace","Manchester Utd","31","69","29","71","33","67","10","17","4","2","6","15","4","8","2","1","2","7","5","3","2","1","3","2"
"6238","04-03-18 17:00","England","Premier League","2017/2018","Manchester City","Chelsea","71","29","76","24","66","34","13","3","8","0","5","3","3","0","1","0","2","0","5","3","3","0","2","3"
"6239","04-03-18 14:30","England","Premier League","2017/2018","Brighton","Arsenal","32","68","31","69","33","67","13","15","11","6","2","9","6","7","6","2","0","5","5","2","3","2","2","0"
"6240","03-03-18 18:30","England","Premier League","2017/2018","Liverpool","Newcastle","71","29","74","26","68","32","14","7","9","3","5","4","3","2","2","2","1","0","3","2","3","1","0","1"
"6241","03-03-18 16:00","England","Premier League","2017/2018","Leicester","Bournemouth","56","44","55","45","57","43","21","9","7","6","14","3","4","3","3","3","1","0","7","5","1","3","6","2"
"6242","03-03-18 16:00","England","Premier League","2017/2018","Southampton","Stoke","65","35","67","33","63","37","18","12","4","7","14","5","6","3","0","3","6","0","5","9","2","4","3","5"
"6243","03-03-18 16:00","England","Premier League","2017/2018","Swansea","West Ham","45","55","47","53","43","57","9","7","5","1","4","6","8","2","4","0","4","2","1","1","1","1","0","0"
"6244","03-03-18 16:00","England","Premier League","2017/2018","Tottenham","Huddersfield","75","25","75","25","75","25","15","3","8","1","7","2","7","3","5","1","2","2","3","0","1","0","2","0"
"6245","03-03-18 16:00","England","Premier League","2017/2018","Watford","West Brom","53","47","51","49","55","45","15","9","8","4","7","5","4","2","1","0","3","2","6","5","3","3","3","2"
"6246","03-03-18 13:30","England","Premier League","2017/2018","Burnley","Everton","55","45","63","37","47","53","21","10","9","7","12","3","8","4","2","4","6","0","3","6","2","3","1","3"
"6247","01-03-18 20:45","England","Premier League","2017/2018","Arsenal","Manchester City","46","54","49","51","43","57","10","9","8","6","2","3","5","5","4","4","1","1","2","1","1","1","1","0"
"6248","25-02-18 15:05","England","Premier League","2017/2018","Manchester Utd","Chelsea","44","56","42","58","46","54","10","14","3","7","7","7","5","7","2","4","3","3","1","4","0","3","1","1"
"6249","25-02-18 13:00","England","Premier League","2017/2018","Crystal Palace","Tottenham","24","76","23","77","25","75","5","14","5","4","0","10","3","4","3","1","0","3","1","6","1","1","0","5"
"6250","24-02-18 18:30","England","Premier League","2017/2018","Watford","Everton","54","46","56","44","52","48","13","7","4","3","9","4","5","2","0","1","5","1","4","4","2","1","2","3"
"6251","24-02-18 16:00","England","Premier League","2017/2018","Bournemouth","Newcastle","64","36","58","42","70","30","18","15","7","10","11","5","5","4","1","3","4","1","8","6","5","4","3","2"
"6252","24-02-18 16:00","England","Premier League","2017/2018","Brighton","Swansea","48","52","47","53","49","51","16","11","7","5","9","6","5","1","1","0","4","1","9","6","4","3","5","3"
"6253","24-02-18 16:00","England","Premier League","2017/2018","Burnley","Southampton","50","50","56","44","44","56","9","13","3","3","6","10","3","6","1","2","2","4","3","3","1","0","2","3"
"6254","24-02-18 16:00","England","Premier League","2017/2018","Liverpool","West Ham","68","32","65","35","71","29","21","7","8","5","13","2","12","4","3","3","9","1","7","2","3","1","4","1"
"6255","24-02-18 16:00","England","Premier League","2017/2018","West Brom","Huddersfield","53","47","46","54","60","40","10","16","3","4","7","12","3","7","0","2","3","5","5","4","2","0","3","4"
"6256","24-02-18 13:30","England","Premier League","2017/2018","Leicester","Stoke","66","34","67","33","65","35","19","6","5","3","14","3","9","2","2","2","7","0","8","2","3","0","5","2"
"6257","12-02-18 21:00","England","Premier League","2017/2018","Chelsea","West Brom","57","43","55","45","59","41","20","8","12","5","8","3","8","1","4","0","4","1","6","7","3","5","3","2"
"6258","11-02-18 17:30","England","Premier League","2017/2018","Southampton","Liverpool","52","48","54","46","50","50","6","16","5","5","1","11","4","4","4","3","0","1","2","8","1","2","1","6"
"6259","11-02-18 15:15","England","Premier League","2017/2018","Newcastle","Manchester Utd","36","64","37","63","35","65","10","13","8","5","2","8","3","6","2","1","1","5","5","3","5","2","0","1"
"6260","11-02-18 13:00","England","Premier League","2017/2018","Huddersfield","Bournemouth","51","49","56","44","46","54","14","7","7","4","7","3","4","2","3","2","1","0","4","2","0","2","4","0"
"6261","10-02-18 18:30","England","Premier League","2017/2018","Manchester City","Leicester","70","30","69","31","71","29","19","2","8","1","11","1","11","2","6","1","5","1","6","0","1","0","5","0"
"6262","10-02-18 16:00","England","Premier League","2017/2018","Everton","Crystal Palace","53","47","63","37","43","57","11","16","6","6","5","10","5","4","1","1","4","3","2","5","1","2","1","3"
"6263","10-02-18 16:00","England","Premier League","2017/2018","Stoke","Brighton","57","43","61","39","53","47","15","14","5","6","10","8","3","6","0","3","3","3","6","7","4","3","2","4"
"6264","10-02-18 16:00","England","Premier League","2017/2018","Swansea","Burnley","58","42","59","41","57","43","12","13","2","6","10","7","4","1","0","0","4","1","2","8","1","4","1","4"
"6265","10-02-18 16:00","England","Premier League","2017/2018","West Ham","Watford","36","64","43","57","29","71","8","11","5","4","3","7","4","4","3","2","1","2","2","3","0","0","2","3"
"6266","10-02-18 13:30","England","Premier League","2017/2018","Tottenham","Arsenal","50","50","58","42","42","58","18","6","6","2","12","4","6","1","1","0","5","1","11","3","5","1","6","2"
"6267","05-02-18 21:00","England","Premier League","2017/2018","Watford","Chelsea","45","55","47","53","43","57","21","7","9","2","12","5","8","3","2","0","6","3","9","2","4","2","5","0"
"6268","04-02-18 17:30","England","Premier League","2017/2018","Liverpool","Tottenham","34","66","38","62","30","70","9","13","6","4","3","9","3","6","2","1","1","5","4","2","4","0","0","2"
"6269","04-02-18 15:15","England","Premier League","2017/2018","Crystal Palace","Newcastle","54","46","46","54","62","38","21","11","7","7","14","4","6","8","2","6","4","2","10","1","1","0","9","1"
"6270","03-02-18 18:30","England","Premier League","2017/2018","Arsenal","Everton","58","42","66","34","50","50","15","11","13","3","2","8","7","2","5","0","2","2","3","4","3","1","0","3"
"6271","03-02-18 16:00","England","Premier League","2017/2018","Bournemouth","Stoke","57","43","53","47","61","39","15","13","7","8","8","5","8","4","4","2","4","2","3","6","1","4","2","2"
"6272","03-02-18 16:00","England","Premier League","2017/2018","Brighton","West Ham","55","45","50","50","60","40","21","4","11","4","10","0","5","1","1","1","4","0","11","2","7","2","4","0"
"6273","03-02-18 16:00","England","Premier League","2017/2018","Leicester","Swansea","60","40","63","37","57","43","12","3","4","0","8","3","5","1","3","0","2","1","4","1","0","0","4","1"
"6274","03-02-18 16:00","England","Premier League","2017/2018","Manchester Utd","Huddersfield","74","26","77","23","71","29","16","4","6","4","10","0","7","0","4","0","3","0","4","1","0","1","4","0"
"6275","03-02-18 16:00","England","Premier League","2017/2018","West Brom","Southampton","39","61","36","64","42","58","9","13","6","8","3","5","3","5","2","3","1","2","4","5","3","3","1","2"
"6276","03-02-18 13:30","England","Premier League","2017/2018","Burnley","Manchester City","29","71","28","72","30","70","8","20","3","10","5","10","3","7","1","6","2","1","4","6","1","2","3","4"
"6277","31-01-18 21:00","England","Premier League","2017/2018","Manchester City","West Brom","74","26","73","27","75","25","19","3","6","0","13","3","10","1","3","0","7","1","7","1","1","0","6","1"
"6278","31-01-18 21:00","England","Premier League","2017/2018","Stoke","Watford","47","53","45","55","49","51","11","12","3","5","8","7","4","2","0","1","4","1","4","6","2","4","2","2"
"6279","31-01-18 21:00","England","Premier League","2017/2018","Tottenham","Manchester Utd","53","47","46","54","60","40","22","6","9","4","13","2","6","3","3","2","3","1","9","2","3","2","6","0"
"6280","31-01-18 20:45","England","Premier League","2017/2018","Chelsea","Bournemouth","66","34","58","42","74","26","21","11","6","5","15","6","5","5","0","2","5","3","8","2","4","1","4","1"
"6281","31-01-18 20:45","England","Premier League","2017/2018","Everton","Leicester","45","55","47","53","43","57","9","8","6","4","3","4","4","1","3","0","1","1","4","4","2","2","2","2"
"6282","31-01-18 20:45","England","Premier League","2017/2018","Newcastle","Burnley","52","48","61","39","43","57","14","11","6","0","8","11","4","2","3","0","1","2","7","6","2","0","5","6"
"6283","31-01-18 20:45","England","Premier League","2017/2018","Southampton","Brighton","66","34","67","33","65","35","18","9","9","6","9","3","3","2","0","1","3","1","8","4","6","4","2","0"
"6284","30-01-18 21:00","England","Premier League","2017/2018","Huddersfield","Liverpool","25","75","23","77","27","73","5","14","2","7","3","7","1","7","1","4","0","3","2","3","1","0","1","3"
"6285","30-01-18 20:45","England","Premier League","2017/2018","Swansea","Arsenal","26","74","31","69","21","79","12","9","7","5","5","4","4","4","2","2","2","2","5","4","3","2","2","2"
"6286","30-01-18 20:45","England","Premier League","2017/2018","West Ham","Crystal Palace","40","60","46","54","34","66","8","9","5","6","3","3","3","3","2","2","1","1","4","5","2","3","2","2"
"6287","22-01-18 21:00","England","Premier League","2017/2018","Swansea","Liverpool","28","72","34","66","22","78","3","21","2","4","1","17","2","4","1","1","1","3","1","11","1","3","0","8"
"6288","21-01-18 17:00","England","Premier League","2017/2018","Southampton","Tottenham","41","59","44","56","38","62","10","17","5","8","5","9","4","2","2","2","2","0","5","10","3","4","2","6"
"6289","20-01-18 18:30","England","Premier League","2017/2018","Manchester City","Newcastle","81","19","82","18","80","20","21","6","12","1","9","5","9","4","5","1","4","3","10","1","6","0","4","1"
"6290","20-01-18 16:00","England","Premier League","2017/2018","Arsenal","Crystal Palace","64","36","65","35","63","37","16","9","10","4","6","5","10","5","6","2","4","3","1","1","1","1","0","0"
"6291","20-01-18 16:00","England","Premier League","2017/2018","Burnley","Manchester Utd","48","52","43","57","53","47","13","12","5","5","8","7","2","2","2","0","0","2","8","4","3","3","5","1"
"6292","20-01-18 16:00","England","Premier League","2017/2018","Everton","West Brom","57","43","59","41","55","45","9","15","4","5","5","10","4","5","1","2","3","3","2","9","1","2","1","7"
"6293","20-01-18 16:00","England","Premier League","2017/2018","Leicester","Watford","53","47","60","40","46","54","9","11","4","6","5","5","5","3","2","2","3","1","3","4","1","2","2","2"
"6294","20-01-18 16:00","England","Premier League","2017/2018","Stoke","Huddersfield","49","51","55","45","43","57","11","6","4","1","7","5","6","3","1","0","5","3","4","3","2","1","2","2"
"6295","20-01-18 16:00","England","Premier League","2017/2018","West Ham","Bournemouth","47","53","49","51","45","55","12","8","8","3","4","5","4","3","2","0","2","3","6","5","5","3","1","2"
"6296","20-01-18 13:30","England","Premier League","2017/2018","Brighton","Chelsea","42","58","40","60","44","56","10","14","5","9","5","5","3","10","2","6","1","4","5","1","3","1","2","0"
"6297","15-01-18 21:00","England","Premier League","2017/2018","Manchester Utd","Stoke","60","40","60","40","60","40","20","11","7","8","13","3","9","5","3","4","6","1","6","5","2","3","4","2"
"6298","14-01-18 17:00","England","Premier League","2017/2018","Liverpool","Manchester City","36","64","43","57","29","71","16","11","8","4","8","7","7","4","2","2","5","2","4","3","2","1","2","2"
"6299","14-01-18 14:30","England","Premier League","2017/2018","Bournemouth","Arsenal","41","59","41","59","41","59","13","12","5","7","8","5","5","3","1","2","4","1","5","5","2","2","3","3"
"6300","13-01-18 18:30","England","Premier League","2017/2018","Tottenham","Everton","61","39","58","42","64","36","20","7","8","5","12","2","10","0","4","0","6","0","6","4","2","3","4","1"
"6301","13-01-18 16:00","England","Premier League","2017/2018","Chelsea","Leicester","55","45","46","54","64","36","17","14","5","12","12","2","7","1","3","1","4","0","4","6","0","6","4","0"
"6302","13-01-18 16:00","England","Premier League","2017/2018","Crystal Palace","Burnley","44","56","42","58","46","54","17","8","10","3","7","5","2","2","2","1","0","1","8","5","3","1","5","4"
"6303","13-01-18 16:00","England","Premier League","2017/2018","Huddersfield","West Ham","65","35","62","38","68","32","8","8","4","2","4","6","2","6","1","1","1","5","4","1","1","1","3","0"
"6304","13-01-18 16:00","England","Premier League","2017/2018","Newcastle","Swansea","43","57","41","59","45","55","12","8","7","5","5","3","4","5","3","1","1","4","7","2","4","2","3","0"
"6305","13-01-18 16:00","England","Premier League","2017/2018","Watford","Southampton","56","44","50","50","62","38","16","10","4","9","12","1","4","4","1","4","3","0","10","4","1","3","9","1"
"6306","13-01-18 16:00","England","Premier League","2017/2018","West Brom","Brighton","44","56","45","55","43","57","15","13","7","8","8","5","4","1","3","0","1","1","6","7","2","4","4","3"
"6307","04-01-18 21:00","England","Premier League","2017/2018","Tottenham","West Ham","71","29","74","26","68","32","31","3","12","0","19","3","8","1","3","0","5","1","9","2","5","0","4","2"
"6308","03-01-18 20:45","England","Premier League","2017/2018","Arsenal","Chelsea","58","42","56","44","60","40","14","19","6","8","8","11","6","6","2","1","4","5","3","10","1","6","2","4"
"6309","02-01-18 21:00","England","Premier League","2017/2018","Manchester City","Watford","77","23","76","24","78","22","17","7","9","4","8","3","7","4","5","3","2","1","7","2","4","1","3","1"
"6310","02-01-18 20:45","England","Premier League","2017/2018","Southampton","Crystal Palace","61","39","63","37","59","41","10","11","7","3","3","8","3","4","2","1","1","3","7","4","5","1","2","3"
"6311","02-01-18 20:45","England","Premier League","2017/2018","Swansea","Tottenham","33","67","28","72","38","62","8","12","2","3","6","9","1","5","0","1","1","4","5","5","2","2","3","3"
"6312","02-01-18 20:45","England","Premier League","2017/2018","West Ham","West Brom","53","47","53","47","53","47","13","10","7","6","6","4","5","3","2","3","3","0","5","6","4","3","1","3"
"6313","01-01-18 18:30","England","Premier League","2017/2018","Everton","Manchester Utd","40","60","43","57","37","63","12","21","7","10","5","11","0","6","0","1","0","5","6","8","2","4","4","4"
"6314","01-01-18 16:00","England","Premier League","2017/2018","Burnley","Liverpool","42","58","37","63","47","53","12","18","6","7","6","11","4","5","1","1","3","4","5","7","2","4","3","3"
"6315","01-01-18 16:00","England","Premier League","2017/2018","Leicester","Huddersfield","51","49","49","51","53","47","11","6","3","2","8","4","5","1","0","1","5","0","6","3","2","1","4","2"
"6316","01-01-18 16:00","England","Premier League","2017/2018","Stoke","Newcastle","59","41","56","44","62","38","11","13","3","9","8","4","4","6","1","4","3","2","3","4","1","2","2","2"
"6317","01-01-18 13:30","England","Premier League","2017/2018","Brighton","Bournemouth","49","51","50","50","48","52","15","27","7","11","8","16","6","9","3","6","3","3","3","6","2","2","1","4"
"6318","31-12-17 17:30","England","Premier League","2017/2018","West Brom","Arsenal","35","65","33","67","37","63","14","14","7","5","7","9","3","4","1","2","2","2","4","5","3","1","1","4"
"6319","31-12-17 13:00","England","Premier League","2017/2018","Crystal Palace","Manchester City","26","74","28","72","24","76","10","15","5","6","5","9","1","4","0","1","1","3","4","4","1","2","3","2"
"6320","30-12-17 18:30","England","Premier League","2017/2018","Manchester Utd","Southampton","55","45","55","45","55","45","15","8","8","3","7","5","3","3","2","2","1","1","5","4","4","1","1","3"
"6321","30-12-17 16:00","England","Premier League","2017/2018","Bournemouth","Everton","47","53","42","58","52","48","18","6","7","2","11","4","7","1","3","0","4","1","7","3","2","1","5","2"
"6322","30-12-17 16:00","England","Premier League","2017/2018","Chelsea","Stoke","59","41","56","44","62","38","21","1","11","0","10","1","12","1","6","0","6","1","7","0","4","0","3","0"
"6323","30-12-17 16:00","England","Premier League","2017/2018","Huddersfield","Burnley","57","43","56","44","58","42","11","11","5","7","6","4","1","4","1","1","0","3","2","5","2","4","0","1"
"6324","30-12-17 16:00","England","Premier League","2017/2018","Liverpool","Leicester","60","40","61","39","59","41","17","7","12","3","5","4","6","1","3","1","3","0","6","1","4","0","2","1"
"6325","30-12-17 16:00","England","Premier League","2017/2018","Newcastle","Brighton","45","55","42","58","48","52","11","10","3","5","8","5","2","3","0","1","2","2","5","5","2","3","3","2"
"6326","30-12-17 16:00","England","Premier League","2017/2018","Watford","Swansea","51","49","54","46","48","52","9","9","6","3","3","6","4","4","3","0","1","4","4","4","3","2","1","2"
"6327","28-12-17 21:00","England","Premier League","2017/2018","Crystal Palace","Arsenal","35","65","32","68","38","62","16","16","6","12","10","4","2","9","0","6","2","3","9","3","5","2","4","1"
"6328","27-12-17 20:45","England","Premier League","2017/2018","Newcastle","Manchester City","22","78","17","83","27","73","6","21","3","15","3","6","2","6","2","5","0","1","3","12","1","8","2","4"
"6329","26-12-17 18:30","England","Premier League","2017/2018","Liverpool","Swansea","55","45","52","48","58","42","22","7","8","3","14","4","9","4","2","2","7","2","7","2","4","0","3","2"
"6330","26-12-17 16:00","England","Premier League","2017/2018","Bournemouth","West Ham","56","44","58","42","54","46","26","10","13","4","13","6","10","5","3","1","7","4","11","3","6","2","5","1"
"6331","26-12-17 16:00","England","Premier League","2017/2018","Chelsea","Brighton","67","33","60","40","74","26","25","8","11","2","14","6","8","1","3","0","5","1","10","4","5","1","5","3"
"6332","26-12-17 16:00","England","Premier League","2017/2018","Huddersfield","Stoke","59","41","56","44","62","38","18","15","8","11","10","4","8","7","2","6","6","1","7","5","3","2","4","3"
"6333","26-12-17 16:00","England","Premier League","2017/2018","Manchester Utd","Burnley","71","29","68","32","74","26","23","3","9","3","14","0","6","2","3","2","3","0","7","1","2","1","5","0"
"6334","26-12-17 16:00","England","Premier League","2017/2018","Watford","Leicester","50","50","51","49","49","51","11","11","7","5","4","6","1","5","1","3","0","2","7","3","3","2","4","1"
"6335","26-12-17 16:00","England","Premier League","2017/2018","West Brom","Everton","53","47","51","49","55","45","17","7","7","1","10","6","3","3","2","0","1","3","10","4","5","1","5","3"
"6336","26-12-17 13:30","England","Premier League","2017/2018","Tottenham","Southampton","57","43","60","40","54","46","16","16","11","3","5","13","7","6","4","1","3","5","7","7","5","2","2","5"
"6337","23-12-17 20:45","England","Premier League","2017/2018","Leicester","Manchester Utd","50","50","45","55","55","45","11","19","5","12","6","7","3","6","2","3","1","3","3","9","1","6","2","3"
"6338","23-12-17 18:30","England","Premier League","2017/2018","Burnley","Tottenham","40","60","40","60","40","60","5","18","0","10","5","8","2","8","0","4","2","4","3","5","0","3","3","2"
"6339","23-12-17 16:00","England","Premier League","2017/2018","Brighton","Watford","52","48","52","48","52","48","14","13","4","4","10","9","3","1","2","0","1","1","8","7","2","1","6","6"
"6340","23-12-17 16:00","England","Premier League","2017/2018","Manchester City","Bournemouth","79","21","75","25","83","17","14","5","6","3","8","2","5","1","2","0","3","1","5","2","3","2","2","0"
"6341","23-12-17 16:00","England","Premier League","2017/2018","Southampton","Huddersfield","53","47","54","46","52","48","12","10","7","6","5","4","6","3","4","1","2","2","4","4","1","3","3","1"
"6342","23-12-17 16:00","England","Premier League","2017/2018","Stoke","West Brom","43","57","49","51","37","63","9","17","6","7","3","10","5","7","3","3","2","4","2","5","1","3","1","2"
"6343","23-12-17 16:00","England","Premier League","2017/2018","Swansea","Crystal Palace","64","36","63","37","65","35","7","13","2","7","5","6","2","5","0","2","2","3","3","4","1","4","2","0"
"6344","23-12-17 16:00","England","Premier League","2017/2018","West Ham","Newcastle","63","37","58","42","68","32","19","11","9","8","10","3","6","4","3","2","3","2","5","5","2","4","3","1"
"6345","23-12-17 13:30","England","Premier League","2017/2018","Everton","Chelsea","32","68","30","70","34","66","5","25","4","13","1","12","0","8","0","3","0","5","3","9","2","7","1","2"
"6346","22-12-17 20:45","England","Premier League","2017/2018","Arsenal","Liverpool","54","46","52","48","56","44","11","14","4","8","7","6","4","9","0","4","4","5","3","5","1","4","2","1"
"6347","18-12-17 21:00","England","Premier League","2017/2018","Everton","Swansea","51","49","54","46","48","52","12","8","5","6","7","2","7","3","3","3","4","0","3","4","2","3","1","1"
"6348","17-12-17 17:30","England","Premier League","2017/2018","Bournemouth","Liverpool","44","56","45","55","43","57","6","21","3","11","3","10","2","7","1","5","1","2","2","12","1","5","1","7"
"6349","17-12-17 15:15","England","Premier League","2017/2018","West Brom","Manchester Utd","43","57","37","63","49","51","12","8","2","4","10","4","5","3","1","2","4","1","3","2","0","0","3","2"
"6350","16-12-17 18:30","England","Premier League","2017/2018","Manchester City","Tottenham","53","47","54","46","52","48","20","7","10","2","10","5","11","2","5","0","6","2","7","4","3","2","4","2"
"6351","16-12-17 17:00","England","Premier League","2017/2018","Stoke","West Ham","54","46","50","50","58","42","17","14","6","6","11","8","0","7","0","4","0","3","8","6","4","2","4","4"
"6352","16-12-17 16:00","England","Premier League","2017/2018","Arsenal","Newcastle","71","29","74","26","68","32","23","10","12","2","11","8","5","2","3","1","2","1","11","4","5","1","6","3"
"6353","16-12-17 16:00","England","Premier League","2017/2018","Brighton","Burnley","58","42","63","37","53","47","12","11","8","3","4","8","2","6","2","1","0","5","6","0","3","0","3","0"
"6354","16-12-17 16:00","England","Premier League","2017/2018","Chelsea","Southampton","54","46","56","44","52","48","24","6","9","2","15","4","8","2","4","0","4","2","8","2","3","1","5","1"
"6355","16-12-17 16:00","England","Premier League","2017/2018","Watford","Huddersfield","59","41","54","46","64","36","13","15","2","7","11","8","3","9","0","4","3","5","6","4","2","2","4","2"
"6356","16-12-17 13:30","England","Premier League","2017/2018","Leicester","Crystal Palace","56","44","57","43","55","45","11","13","5","8","6","5","2","6","1","4","1","2","5","3","2","1","3","2"
"6357","13-12-17 21:00","England","Premier League","2017/2018","Liverpool","West Brom","71","29","69","31","73","27","14","6","7","3","7","3","5","1","1","0","4","1","3","4","1","2","2","2"
"6358","13-12-17 21:00","England","Premier League","2017/2018","Manchester Utd","Bournemouth","56","44","56","44","56","44","9","14","3","8","6","6","2","7","1","3","1","4","3","4","1","2","2","2"
"6359","13-12-17 21:00","England","Premier League","2017/2018","Tottenham","Brighton","75","25","77","23","73","27","25","7","13","2","12","5","8","4","4","1","4","3","6","2","4","1","2","1"
"6360","13-12-17 21:00","England","Premier League","2017/2018","West Ham","Arsenal","30","70","32","68","28","72","6","22","1","11","5","11","0","3","0","1","0","2","4","8","1","5","3","3"
"6361","13-12-17 20:45","England","Premier League","2017/2018","Newcastle","Everton","55","45","51","49","59","41","16","7","9","4","7","3","4","4","2","3","2","1","4","3","3","1","1","2"
"6362","13-12-17 20:45","England","Premier League","2017/2018","Southampton","Leicester","54","46","55","45","53","47","12","16","5","13","7","3","4","11","1","8","3","3","5","2","2","0","3","2"
"6363","13-12-17 20:45","England","Premier League","2017/2018","Swansea","Manchester City","22","78","23","77","21","79","7","23","1","12","6","11","3","10","1","5","2","5","2","10","0","5","2","5"
"6364","12-12-17 21:00","England","Premier League","2017/2018","Crystal Palace","Watford","53","47","48","52","58","42","14","7","5","5","9","2","4","2","0","1","4","1","6","3","4","2","2","1"
"6365","12-12-17 21:00","England","Premier League","2017/2018","Huddersfield","Chelsea","36","64","34","66","38","62","7","12","1","7","6","5","2","5","0","3","2","2","4","4","0","2","4","2"
"6366","12-12-17 20:45","England","Premier League","2017/2018","Burnley","Stoke","51","49","49","51","53","47","10","14","5","7","5","7","2","7","0","3","2","4","5","6","2","3","3","3"
"6367","10-12-17 17:30","England","Premier League","2017/2018","Manchester Utd","Manchester City","35","65","25","75","45","55","8","14","3","9","5","5","5","7","2","4","3","3","2","3","0","2","2","1"
"6368","10-12-17 15:15","England","Premier League","2017/2018","Liverpool","Everton","79","21","79","21","79","21","23","3","12","1","11","2","3","2","1","1","2","1","12","1","5","0","7","1"
"6369","10-12-17 13:00","England","Premier League","2017/2018","Southampton","Arsenal","33","67","36","64","30","70","6","11","2","5","4","6","3","6","2","3","1","3","2","4","0","1","2","3"
"6370","09-12-17 18:30","England","Premier League","2017/2018","Newcastle","Leicester","38","62","37","63","39","61","10","13","5","9","5","4","4","5","3","3","1","2","4","7","2","6","2","1"
"6371","09-12-17 16:00","England","Premier League","2017/2018","Burnley","Watford","49","51","48","52","50","50","8","11","6","7","2","4","5","2","4","2","1","0","2","8","1","4","1","4"
"6372","09-12-17 16:00","England","Premier League","2017/2018","Crystal Palace","Bournemouth","45","55","44","56","46","54","24","11","11","4","13","7","8","5","4","3","4","2","8","3","5","0","3","3"
"6373","09-12-17 16:00","England","Premier League","2017/2018","Huddersfield","Brighton","59","41","58","42","60","40","19","7","4","1","15","6","6","2","3","0","3","2","8","2","1","0","7","2"
"6374","09-12-17 16:00","England","Premier League","2017/2018","Swansea","West Brom","54","46","58","42","50","50","18","7","5","3","13","4","3","1","0","1","3","0","8","3","4","1","4","2"
"6375","09-12-17 16:00","England","Premier League","2017/2018","Tottenham","Stoke","71","29","68","32","74","26","20","4","7","1","13","3","11","3","4","0","7","3","6","1","2","1","4","0"
"6376","09-12-17 13:30","England","Premier League","2017/2018","West Ham","Chelsea","31","69","33","67","29","71","5","19","4","9","1","10","2","2","2","2","0","0","1","8","1","3","0","5"
"6377","03-12-17 17:00","England","Premier League","2017/2018","Manchester City","West Ham","77","23","71","29","83","17","24","7","6","4","18","3","8","4","1","2","7","2","5","3","2","2","3","1"
"6378","03-12-17 14:30","England","Premier League","2017/2018","Bournemouth","Southampton","48","52","46","54","50","50","16","15","9","7","7","8","5","4","3","1","2","3","7","9","4","5","3","4"
"6379","02-12-17 18:30","England","Premier League","2017/2018","Arsenal","Manchester Utd","75","25","71","29","79","21","33","8","15","5","18","3","16","4","7","2","9","2","5","1","3","1","2","0"
"6380","02-12-17 16:00","England","Premier League","2017/2018","Brighton","Liverpool","43","57","32","68","54","46","6","12","1","6","5","6","2","6","0","3","2","3","3","3","1","2","2","1"
"6381","02-12-17 16:00","England","Premier League","2017/2018","Everton","Huddersfield","47","53","42","58","52","48","6","5","2","2","4","3","4","3","1","2","3","1","1","2","0","0","1","2"
"6382","02-12-17 16:00","England","Premier League","2017/2018","Leicester","Burnley","52","48","50","50","54","46","16","14","2","7","14","7","3","4","2","1","1","3","6","7","0","5","6","2"
"6383","02-12-17 16:00","England","Premier League","2017/2018","Stoke","Swansea","44","56","50","50","38","62","10","10","7","5","3","5","3","3","3","1","0","2","6","2","4","2","2","0"
"6384","02-12-17 16:00","England","Premier League","2017/2018","Watford","Tottenham","50","50","39","61","61","39","6","8","3","5","3","3","2","2","1","2","1","0","2","4","1","3","1","1"
"6385","02-12-17 16:00","England","Premier League","2017/2018","West Brom","Crystal Palace","51","49","46","54","56","44","20","10","7","7","13","3","6","2","2","2","4","0","8","3","4","2","4","1"
"6386","02-12-17 13:30","England","Premier League","2017/2018","Chelsea","Newcastle","66","34","64","36","68","32","23","8","10","4","13","4","9","2","3","2","6","0","8","4","6","0","2","4"
"6387","29-11-17 21:00","England","Premier League","2017/2018","Everton","West Ham","44","56","47","53","41","59","8","7","3","0","5","7","5","3","3","0","2","3","2","3","0","0","2","3"
"6388","29-11-17 21:00","England","Premier League","2017/2018","Manchester City","Southampton","75","25","73","27","77","23","26","6","12","3","14","3","12","2","7","1","5","1","8","3","3","2","5","1"
"6389","29-11-17 21:00","England","Premier League","2017/2018","Stoke","Liverpool","39","61","44","56","34","66","10","14","2","5","8","9","1","7","0","3","1","4","4","3","0","2","4","1"
"6390","29-11-17 20:45","England","Premier League","2017/2018","Arsenal","Huddersfield","70","30","69","31","71","29","17","7","6","3","11","4","7","2","2","1","5","1","7","3","3","1","4","2"
"6391","29-11-17 20:45","England","Premier League","2017/2018","Bournemouth","Burnley","62","38","55","45","69","31","10","10","6","8","4","2","2","4","0","3","2","1","4","2","2","1","2","1"
"6392","29-11-17 20:45","England","Premier League","2017/2018","Chelsea","Swansea","61","39","63","37","59","41","21","2","12","0","9","2","10","0","6","0","4","0","7","1","4","0","3","1"
"6393","28-11-17 21:00","England","Premier League","2017/2018","Watford","Manchester Utd","59","41","55","45","63","37","12","15","2","7","10","8","3","7","0","5","3","2","5","3","1","0","4","3"
"6394","28-11-17 21:00","England","Premier League","2017/2018","West Brom","Newcastle","48","52","56","44","39","61","8","14","5","8","3","6","4","4","2","1","2","3","2","5","2","3","0","2"
"6395","28-11-17 20:45","England","Premier League","2017/2018","Brighton","Crystal Palace","53","47","49","51","58","42","9","11","5","4","4","7","4","4","3","2","1","2","4","6","1","2","3","4"
"6396","28-11-17 20:45","England","Premier League","2017/2018","Leicester","Tottenham","37","63","43","57","30","70","7","18","6","6","1","12","4","6","4","3","0","3","3","9","2","1","1","8"
"6397","26-11-17 17:00","England","Premier League","2017/2018","Huddersfield","Manchester City","21","79","23","77","19","81","4","14","2","8","2","6","0","5","0","1","0","4","3","7","2","5","1","2"
"6398","26-11-17 15:00","England","Premier League","2017/2018","Burnley","Arsenal","36","64","44","56","28","72","8","17","4","8","4","9","2","2","1","0","1","2","3","8","2","6","1","2"
"6399","26-11-17 14:30","England","Premier League","2017/2018","Southampton","Everton","67","33","71","29","63","37","17","5","7","2","10","3","5","2","1","1","4","1","7","3","4","1","3","2"
"6400","25-11-17 18:30","England","Premier League","2017/2018","Liverpool","Chelsea","53","47","64","36","42","58","16","11","6","7","10","4","4","3","0","2","4","1","3","5","3","2","0","3"
"6401","25-11-17 16:00","England","Premier League","2017/2018","Crystal Palace","Stoke","54","46","53","47","55","45","10","10","4","6","6","4","5","3","1","1","4","2","2","5","1","3","1","2"
"6402","25-11-17 16:00","England","Premier League","2017/2018","Manchester Utd","Brighton","58","42","60","40","56","44","16","8","7","2","9","6","5","2","3","2","2","0","7","3","2","0","5","3"
"6403","25-11-17 16:00","England","Premier League","2017/2018","Newcastle","Watford","53","47","53","47","53","47","12","12","7","5","5","7","2","4","1","2","1","2","5","7","3","3","2","4"
"6404","25-11-17 16:00","England","Premier League","2017/2018","Swansea","Bournemouth","48","52","45","55","51","49","10","9","5","5","5","4","1","5","0","4","1","1","6","2","4","0","2","2"
"6405","25-11-17 16:00","England","Premier League","2017/2018","Tottenham","West Brom","73","27","68","32","78","22","23","5","10","2","13","3","5","2","2","1","3","1","9","3","5","1","4","2"
"6406","24-11-17 21:00","England","Premier League","2017/2018","West Ham","Leicester","49","51","52","48","46","54","8","7","4","5","4","2","4","2","3","2","1","0","3","5","1","3","2","2"
"6407","20-11-17 21:00","England","Premier League","2017/2018","Brighton","Stoke","54","46","50","50","58","42","9","13","6","9","3","4","3","6","2","4","1","2","6","2","4","1","2","1"
"6408","19-11-17 17:00","England","Premier League","2017/2018","Watford","West Ham","59","41","56","44","62","38","17","10","8","6","9","4","7","6","2","5","5","1","8","4","5","1","3","3"
"6409","18-11-17 18:30","England","Premier League","2017/2018","Manchester Utd","Newcastle","65","35","65","35","65","35","16","12","9","9","7","3","7","5","3","4","4","1","6","6","4","4","2","2"
"6410","18-11-17 16:00","England","Premier League","2017/2018","Bournemouth","Huddersfield","31","69","37","63","25","75","11","20","9","11","2","9","5","3","3","2","2","1","5","10","5","4","0","6"
"6411","18-11-17 16:00","England","Premier League","2017/2018","Burnley","Swansea","39","61","41","59","37","63","16","13","11","4","5","9","7","1","6","0","1","1","3","8","2","2","1","6"
"6412","18-11-17 16:00","England","Premier League","2017/2018","Crystal Palace","Everton","69","31","69","31","69","31","16","8","5","5","11","3","7","5","4","3","3","2","5","2","1","1","4","1"
"6413","18-11-17 16:00","England","Premier League","2017/2018","Leicester","Manchester City","25","75","25","75","25","75","2","12","0","6","2","6","0","4","0","2","0","2","1","6","0","4","1","2"
"6414","18-11-17 16:00","England","Premier League","2017/2018","Liverpool","Southampton","61","39","59","41","63","37","21","5","11","2","10","3","8","0","5","0","3","0","6","3","2","1","4","2"
"6415","18-11-17 16:00","England","Premier League","2017/2018","West Brom","Chelsea","39","61","39","61","39","61","7","11","3","6","4","5","2","7","1","4","1","3","5","2","2","1","3","1"
"6416","18-11-17 13:30","England","Premier League","2017/2018","Arsenal","Tottenham","42","58","47","53","37","63","14","14","4","5","10","9","5","4","2","2","3","2","4","8","1","3","3","5"
"6417","05-11-17 17:30","England","Premier League","2017/2018","Chelsea","Manchester Utd","54","46","57","43","51","49","18","10","11","4","7","6","8","2","4","1","4","1","6","3","4","1","2","2"
"6418","05-11-17 17:30","England","Premier League","2017/2018","Everton","Watford","38","62","41","59","35","65","10","11","4","4","6","7","5","3","1","1","4","2","2","6","2","2","0","4"
"6419","05-11-17 15:15","England","Premier League","2017/2018","Manchester City","Arsenal","58","42","60","40","56","44","9","6","4","4","5","2","5","3","2","1","3","2","2","3","1","3","1","0"
"6420","05-11-17 13:00","England","Premier League","2017/2018","Tottenham","Crystal Palace","68","32","74","26","62","38","12","11","7","2","5","9","2","3","1","1","1","2","6","5","4","0","2","5"
"6421","04-11-17 18:30","England","Premier League","2017/2018","West Ham","Liverpool","48","52","43","57","53","47","6","15","2","3","4","12","1","7","0","3","1","4","5","6","2","0","3","6"
"6422","04-11-17 16:00","England","Premier League","2017/2018","Huddersfield","West Brom","50","50","68","32","32","68","7","9","7","2","0","7","3","3","3","1","0","2","3","2","3","0","0","2"
"6423","04-11-17 16:00","England","Premier League","2017/2018","Newcastle","Bournemouth","48","52","49","51","47","53","16","16","13","7","3","9","4","6","4","2","0","4","9","6","6","2","3","4"
"6424","04-11-17 16:00","England","Premier League","2017/2018","Southampton","Burnley","63","37","63","37","63","37","13","5","6","3","7","2","3","1","2","0","1","1","6","2","2","2","4","0"
"6425","04-11-17 16:00","England","Premier League","2017/2018","Swansea","Brighton","56","44","54","46","58","42","12","5","1","5","11","0","2","2","0","2","2","0","3","2","0","2","3","0"
"6426","04-11-17 13:30","England","Premier League","2017/2018","Stoke","Leicester","47","53","39","61","55","45","11","14","5","7","6","7","7","4","3","2","4","2","3","5","2","1","1","4"
"6427","30-10-17 21:00","England","Premier League","2017/2018","Burnley","Newcastle","47","53","46","54","48","52","12","12","6","3","6","9","5","5","1","1","4","4","3","3","3","1","0","2"
"6428","29-10-17 17:00","England","Premier League","2017/2018","Leicester","Everton","40","60","42","58","38","62","9","15","7","5","2","10","3","2","3","1","0","1","5","7","3","3","2","4"
"6429","29-10-17 14:30","England","Premier League","2017/2018","Brighton","Southampton","52","48","52","48","52","48","7","6","3","3","4","3","2","1","1","1","1","0","4","2","2","1","2","1"
"6430","28-10-17 18:30","England","Premier League","2017/2018","Bournemouth","Chelsea","42","58","37","63","47","53","7","18","1","12","6","6","1","5","0","3","1","2","3","7","0","3","3","4"
"6431","28-10-17 16:00","England","Premier League","2017/2018","Arsenal","Swansea","73","27","77","23","69","31","17","4","7","3","10","1","5","2","2","2","3","0","8","2","2","1","6","1"
"6432","28-10-17 16:00","England","Premier League","2017/2018","Crystal Palace","West Ham","46","54","45","55","48","52","11","11","5","5","6","6","4","5","2","2","2","3","5","5","2","2","3","3"
"6433","28-10-17 16:00","England","Premier League","2017/2018","Liverpool","Huddersfield","73","27","78","22","68","32","16","1","6","0","10","1","8","0","3","0","5","0","6","1","2","0","4","1"
"6434","28-10-17 16:00","England","Premier League","2017/2018","Watford","Stoke","70","30","66","34","74","26","15","6","0","2","15","4","0","2","0","1","0","1","7","3","0","0","7","3"
"6435","28-10-17 16:00","England","Premier League","2017/2018","West Brom","Manchester City","22","78","20","80","24","76","7","15","3","9","4","6","4","5","2","3","2","2","1","8","1","5","0","3"
"6436","28-10-17 13:30","England","Premier League","2017/2018","Manchester Utd","Tottenham","45","55","46","54","44","56","11","13","2","10","9","3","3","4","1","4","2","0","5","5","0","3","5","2"
"6437","22-10-17 17:00","England","Premier League","2017/2018","Tottenham","Liverpool","36","64","37","63","35","65","14","12","8","5","6","7","6","7","4","2","2","5","5","1","2","1","3","0"
"6438","22-10-17 14:30","England","Premier League","2017/2018","Everton","Arsenal","32","68","28","72","36","64","9","30","3","17","6","13","3","14","1","9","2","5","4","8","1","3","3","5"
"6439","21-10-17 18:30","England","Premier League","2017/2018","Southampton","West Brom","66","34","66","34","66","34","20","7","9","3","11","4","6","2","2","0","4","2","11","4","6","2","5","2"
"6440","21-10-17 16:00","England","Premier League","2017/2018","Huddersfield","Manchester Utd","22","78","23","77","21","79","5","9","4","5","1","4","3","3","3","1","0","2","0","3","0","2","0","1"
"6441","21-10-17 16:00","England","Premier League","2017/2018","Manchester City","Burnley","78","22","80","20","76","24","15","6","9","3","6","3","10","0","6","0","4","0","4","3","2","1","2","2"
"6442","21-10-17 16:00","England","Premier League","2017/2018","Newcastle","Crystal Palace","55","45","50","50","60","40","7","10","3","7","4","3","3","0","0","0","3","0","1","7","1","4","0","3"
"6443","21-10-17 16:00","England","Premier League","2017/2018","Stoke","Bournemouth","52","48","44","56","60","40","11","7","4","5","7","2","3","3","1","3","2","0","6","3","2","1","4","2"
"6444","21-10-17 16:00","England","Premier League","2017/2018","Swansea","Leicester","56","44","50","50","62","38","19","11","6","6","13","5","4","6","1","4","3","2","8","3","2","0","6","3"
"6445","21-10-17 13:30","England","Premier League","2017/2018","Chelsea","Watford","53","47","50","50","56","44","14","16","8","6","6","10","8","5","5","3","3","2","5","6","2","2","3","4"
"6446","20-10-17 21:00","England","Premier League","2017/2018","West Ham","Brighton","65","35","66","34","64","36","16","7","9","4","7","3","2","5","1","3","1","2","5","1","3","1","2","0"
"6447","16-10-17 21:00","England","Premier League","2017/2018","Leicester","West Brom","57","43","61","39","53","47","11","5","5","2","6","3","3","1","1","0","2","1","4","3","2","2","2","1"
"6448","15-10-17 17:00","England","Premier League","2017/2018","Southampton","Newcastle","62","38","66","34","58","42","12","19","8","6","4","13","2","5","0","1","2","4","6","8","5","4","1","4"
"6449","15-10-17 14:30","England","Premier League","2017/2018","Brighton","Everton","47","53","45","55","49","51","12","13","3","5","9","8","3","6","0","1","3","5","3","5","1","2","2","3"
"6450","14-10-17 18:30","England","Premier League","2017/2018","Watford","Arsenal","46","54","42","58","50","50","11","9","2","5","9","4","2","6","0","3","2","3","6","3","2","2","4","1"
"6451","14-10-17 16:00","England","Premier League","2017/2018","Burnley","West Ham","62","38","60","40","64","36","20","8","8","3","12","5","5","6","2","3","3","3","8","1","4","0","4","1"
"6452","14-10-17 16:00","England","Premier League","2017/2018","Crystal Palace","Chelsea","43","57","45","55","41","59","14","15","5","3","9","12","5","5","2","1","3","4","6","6","2","1","4","5"
"6453","14-10-17 16:00","England","Premier League","2017/2018","Manchester City","Stoke","79","21","84","16","74","26","20","5","11","2","9","3","11","1","6","1","5","0","9","3","5","1","4","2"
"6454","14-10-17 16:00","England","Premier League","2017/2018","Swansea","Huddersfield","40","60","42","58","38","62","7","7","4","3","3","4","3","2","2","1","1","1","2","1","1","1","1","0"
"6455","14-10-17 16:00","England","Premier League","2017/2018","Tottenham","Bournemouth","73","27","75","25","71","29","18","5","6","2","12","3","6","1","1","0","5","1","4","3","2","1","2","2"
"6456","14-10-17 13:30","England","Premier League","2017/2018","Liverpool","Manchester Utd","62","38","62","38","62","38","19","6","9","5","10","1","5","1","5","1","0","0","8","2","2","2","6","0"
"6457","01-10-17 17:30","England","Premier League","2017/2018","Newcastle","Liverpool","32","68","39","61","25","75","8","17","5","8","3","9","4","2","4","1","0","1","1","9","0","4","1","5"
"6458","01-10-17 15:15","England","Premier League","2017/2018","Everton","Burnley","63","37","56","44","70","30","23","5","8","5","15","0","4","2","2","2","2","0","11","1","3","1","8","0"
"6459","01-10-17 13:00","England","Premier League","2017/2018","Arsenal","Brighton","65","35","65","35","65","35","25","9","13","4","12","5","12","1","7","0","5","1","8","5","3","3","5","2"
"6460","30-09-17 18:30","England","Premier League","2017/2018","Chelsea","Manchester City","38","62","34","66","42","58","4","17","2","9","2","8","2","6","1","3","1","3","2","6","1","4","1","2"
"6461","30-09-17 16:00","England","Premier League","2017/2018","Bournemouth","Leicester","61","39","62","38","60","40","19","8","7","2","12","6","4","1","0","0","4","1","10","4","6","1","4","3"
"6462","30-09-17 16:00","England","Premier League","2017/2018","Manchester Utd","Crystal Palace","60","40","68","32","52","48","18","6","10","2","8","4","7","1","3","1","4","0","6","4","4","1","2","3"
"6463","30-09-17 16:00","England","Premier League","2017/2018","Stoke","Southampton","30","70","32","68","28","72","17","21","13","7","4","14","6","3","4","1","2","2","1","12","1","4","0","8"
"6464","30-09-17 16:00","England","Premier League","2017/2018","West Brom","Watford","34","66","33","67","35","65","9","15","5","8","4","7","4","3","2","2","2","1","3","6","2","5","1","1"
"6465","30-09-17 16:00","England","Premier League","2017/2018","West Ham","Swansea","43","57","39","61","47","53","9","6","3","4","6","2","4","1","3","1","1","0","3","3","0","1","3","2"
"6466","30-09-17 13:30","England","Premier League","2017/2018","Huddersfield","Tottenham","41","59","37","63","45","55","6","14","4","9","2","5","1","7","1","4","0","3","2","5","1","4","1","1"
"6467","25-09-17 21:00","England","Premier League","2017/2018","Arsenal","West Brom","69","31","67","33","71","29","16","7","5","7","11","0","6","3","2","3","4","0","6","3","3","3","3","0"
"6468","24-09-17 17:00","England","Premier League","2017/2018","Brighton","Newcastle","49","51","57","43","41","59","7","17","5","7","2","10","3","5","1","2","2","3","2","7","2","4","0","3"
"6469","23-09-17 18:30","England","Premier League","2017/2018","Leicester","Liverpool","43","57","41","59","45","55","12","23","7","10","5","13","7","6","4","3","3","3","2","9","2","3","0","6"
"6470","23-09-17 16:00","England","Premier League","2017/2018","Burnley","Huddersfield","52","48","52","48","52","48","4","9","2","2","2","7","2","2","0","0","2","2","1","5","1","1","0","4"
"6471","23-09-17 16:00","England","Premier League","2017/2018","Everton","Bournemouth","51","49","52","48","50","50","12","8","4","1","8","7","3","4","1","1","2","3","5","2","2","0","3","2"
"6472","23-09-17 16:00","England","Premier League","2017/2018","Manchester City","Crystal Palace","72","28","69","31","75","25","25","5","12","4","13","1","9","0","3","0","6","0","8","2","5","1","3","1"
"6473","23-09-17 16:00","England","Premier League","2017/2018","Southampton","Manchester Utd","61","39","51","49","71","29","14","9","5","6","9","3","4","4","1","3","3","1","6","3","2","2","4","1"
"6474","23-09-17 16:00","England","Premier League","2017/2018","Stoke","Chelsea","44","56","45","55","43","57","13","7","5","2","8","5","2","4","0","2","2","2","7","3","2","0","5","3"
"6475","23-09-17 16:00","England","Premier League","2017/2018","Swansea","Watford","51","49","42","58","60","40","10","8","5","6","5","2","3","4","0","2","3","2","3","2","2","2","1","0"
"6476","23-09-17 13:30","England","Premier League","2017/2018","West Ham","Tottenham","49","51","38","62","60","40","10","15","1","9","9","6","4","5","0","4","4","1","5","7","1","3","4","4"
"6477","17-09-17 17:00","England","Premier League","2017/2018","Manchester Utd","Everton","49","51","53","47","45","55","16","7","6","2","10","5","7","3","3","0","4","3","5","2","1","2","4","0"
"6478","17-09-17 14:30","England","Premier League","2017/2018","Chelsea","Arsenal","51","49","49","51","53","47","13","11","4","10","9","1","4","2","2","2","2","0","3","5","1","5","2","0"
"6479","16-09-17 18:30","England","Premier League","2017/2018","Tottenham","Swansea","75","25","69","31","81","19","26","4","10","3","16","1","8","0","3","0","5","0","14","4","5","3","9","1"
"6480","16-09-17 16:00","England","Premier League","2017/2018","Huddersfield","Leicester","60","40","63","37","57","43","15","10","9","5","6","5","3","1","1","0","2","1","6","4","2","2","4","2"
"6481","16-09-17 16:00","England","Premier League","2017/2018","Liverpool","Burnley","71","29","69","31","73","27","35","5","15","2","20","3","9","4","5","1","4","3","14","1","3","1","11","0"
"6482","16-09-17 16:00","England","Premier League","2017/2018","Newcastle","Stoke","42","58","45","55","39","61","14","13","7","3","7","10","3","4","2","1","1","3","6","7","3","1","3","6"
"6483","16-09-17 16:00","England","Premier League","2017/2018","Watford","Manchester City","33","67","29","71","37","63","7","28","2","14","5","14","1","10","0","5","1","5","5","10","2","5","3","5"
"6484","16-09-17 16:00","England","Premier League","2017/2018","West Brom","West Ham","37","63","38","62","36","64","6","9","4","6","2","3","1","1","0","1","1","0","3","5","3","3","0","2"
"6485","16-09-17 13:30","England","Premier League","2017/2018","Crystal Palace","Southampton","45","55","37","63","53","47","14","13","7","8","7","5","3","4","1","3","2","1","9","4","5","2","4","2"
"6486","15-09-17 21:00","England","Premier League","2017/2018","Bournemouth","Brighton","63","37","68","32","58","42","15","9","7","2","8","7","3","2","1","0","2","2","5","5","3","2","2","3"
"6487","11-09-17 21:00","England","Premier League","2017/2018","West Ham","Huddersfield","43","57","48","52","38","62","19","10","12","1","7","9","3","2","1","0","2","2","10","1","7","0","3","1"
"6488","10-09-17 17:00","England","Premier League","2017/2018","Swansea","Newcastle","62","38","66","34","58","42","10","16","4","8","6","8","4","8","1","4","3","4","5","3","2","2","3","1"
"6489","10-09-17 14:30","England","Premier League","2017/2018","Burnley","Crystal Palace","35","65","41","59","29","71","4","23","3","8","1","15","2","4","1","2","1","2","2","6","2","2","0","4"
"6490","09-09-17 18:30","England","Premier League","2017/2018","Stoke","Manchester Utd","37","63","30","70","44","56","10","18","6","7","4","11","5","8","3","4","2","4","4","5","2","1","2","4"
"6491","09-09-17 16:00","England","Premier League","2017/2018","Arsenal","Bournemouth","59","41","58","42","60","40","17","7","8","0","9","7","9","2","5","0","4","2","4","5","1","0","3","5"
"6492","09-09-17 16:00","England","Premier League","2017/2018","Brighton","West Brom","49","51","59","41","39","61","12","11","9","3","3","8","6","2","3","1","3","1","3","6","3","0","0","6"
"6493","09-09-17 16:00","England","Premier League","2017/2018","Everton","Tottenham","51","49","51","49","51","49","12","15","4","9","8","6","1","6","0","3","1","3","5","6","3","3","2","3"
"6494","09-09-17 16:00","England","Premier League","2017/2018","Leicester","Chelsea","40","60","33","67","47","53","8","16","5","6","3","10","2","6","1","4","1","2","3","5","1","0","2","5"
"6495","09-09-17 16:00","England","Premier League","2017/2018","Southampton","Watford","52","48","42","58","62","38","9","12","0","6","9","6","1","3","0","1","1","2","3","5","0","2","3","3"
"6496","09-09-17 13:30","England","Premier League","2017/2018","Manchester City","Liverpool","66","34","60","40","72","28","13","7","7","7","6","0","10","3","6","3","4","0","3","2","1","2","2","0"
"6497","27-08-17 17:00","England","Premier League","2017/2018","Liverpool","Arsenal","49","51","55","45","43","57","18","8","10","2","8","6","10","0","4","0","6","0","5","6","4","1","1","5"
"6498","27-08-17 17:00","England","Premier League","2017/2018","Tottenham","Burnley","67","33","71","29","63","37","28","13","15","6","13","7","5","3","0","0","5","3","6","8","4","4","2","4"
"6499","27-08-17 14:30","England","Premier League","2017/2018","Chelsea","Everton","57","43","50","50","64","36","18","7","9","1","9","6","7","0","5","0","2","0","4","5","1","1","3","4"
"6500","27-08-17 14:30","England","Premier League","2017/2018","West Brom","Stoke","43","57","40","60","46","54","10","16","2","8","8","8","2","2","0","1","2","1","7","9","2","6","5","3"
"6501","26-08-17 18:30","England","Premier League","2017/2018","Manchester Utd","Leicester","69","31","67","33","71","29","22","11","14","2","8","9","7","4","3","1","4","3","7","5","6","1","1","4"
"6502","26-08-17 16:00","England","Premier League","2017/2018","Crystal Palace","Swansea","53","47","40","60","66","34","16","7","5","5","11","2","3","3","0","1","3","2","12","2","5","2","7","0"
"6503","26-08-17 16:00","England","Premier League","2017/2018","Huddersfield","Southampton","45","55","49","51","41","59","16","6","9","2","7","4","6","3","5","0","1","3","4","3","1","2","3","1"
"6504","26-08-17 16:00","England","Premier League","2017/2018","Newcastle","West Ham","37","63","40","60","34","66","17","8","6","3","11","5","8","3","3","0","5","3","5","5","2","3","3","2"
"6505","26-08-17 16:00","England","Premier League","2017/2018","Watford","Brighton","42","58","45","55","39","61","8","16","3","9","5","7","0","2","0","1","0","1","5","8","1","4","4","4"
"6506","26-08-17 13:30","England","Premier League","2017/2018","Bournemouth","Manchester City","30","70","35","65","25","75","9","19","5","10","4","9","3","8","2","5","1","3","3","7","2","3","1","4"
"6507","21-08-17 21:00","England","Premier League","2017/2018","Manchester City","Everton","65","35","62","38","68","32","19","7","9","5","10","2","6","2","4","1","2","1","9","5","5","4","4","1"
"6508","20-08-17 17:00","England","Premier League","2017/2018","Tottenham","Chelsea","68","32","64","36","72","28","18","9","13","4","5","5","6","2","6","1","0","1","6","4","4","2","2","2"
"6509","20-08-17 14:30","England","Premier League","2017/2018","Huddersfield","Newcastle","53","47","58","42","48","52","7","13","6","6","1","7","3","5","2","1","1","4","3","3","3","1","0","2"
"6510","19-08-17 18:30","England","Premier League","2017/2018","Stoke","Arsenal","22","78","29","71","15","85","10","18","5","7","5","11","4","6","2","3","2","3","4","6","1","2","3","4"
"6511","19-08-17 16:00","England","Premier League","2017/2018","Bournemouth","Watford","56","44","56","44","56","44","6","19","4","6","2","13","2","7","1","1","1","6","1","7","0","3","1","4"
"6512","19-08-17 16:00","England","Premier League","2017/2018","Burnley","West Brom","68","32","69","31","67","33","20","8","7","3","13","5","0","1","0","0","0","1","15","5","5","1","10","4"
"6513","19-08-17 16:00","England","Premier League","2017/2018","Leicester","Brighton","45","55","49","51","41","59","14","5","9","2","5","3","4","2","2","0","2","2","4","0","3","0","1","0"
"6514","19-08-17 16:00","England","Premier League","2017/2018","Liverpool","Crystal Palace","72","28","70","30","74","26","21","4","6","3","15","1","11","1","3","1","8","0","5","2","2","1","3","1"
"6515","19-08-17 16:00","England","Premier League","2017/2018","Southampton","West Ham","67","33","62","38","72","28","14","16","6","7","8","9","5","8","3","5","2","3","6","6","2","2","4","4"
"6516","19-08-17 13:30","England","Premier League","2017/2018","Swansea","Manchester Utd","41","59","35","65","47","53","6","17","3","9","3","8","1","8","1","4","0","4","5","6","2","4","3","2"
"6517","13-08-17 17:00","England","Premier League","2017/2018","Manchester Utd","West Ham","55","45","66","34","44","56","21","8","10","4","11","4","5","1","2","1","3","0","8","6","3","2","5","4"
"6518","13-08-17 14:30","England","Premier League","2017/2018","Newcastle","Tottenham","27","73","32","68","22","78","6","18","1","9","5","9","2","6","0","2","2","4","4","5","1","4","3","1"
"6519","12-08-17 18:30","England","Premier League","2017/2018","Brighton","Manchester City","22","78","24","76","20","80","6","14","1","9","5","5","2","4","1","2","1","2","2","5","0","4","2","1"
"6520","12-08-17 16:00","England","Premier League","2017/2018","Chelsea","Burnley","62","38","58","42","66","34","19","10","5","5","14","5","6","5","0","4","6","1","6","4","1","1","5","3"
"6521","12-08-17 16:00","England","Premier League","2017/2018","Crystal Palace","Huddersfield","57","43","56","44","58","42","14","8","5","5","9","3","4","6","1","4","3","2","7","2","3","1","4","1"
"6522","12-08-17 16:00","England","Premier League","2017/2018","Everton","Stoke","62","38","64","36","60","40","9","9","4","4","5","5","4","1","2","0","2","1","3","6","2","3","1","3"
"6523","12-08-17 16:00","England","Premier League","2017/2018","Southampton","Swansea","60","40","53","47","67","33","29","4","13","2","16","2","2","0","1","0","1","0","16","2","8","1","8","1"
"6524","12-08-17 16:00","England","Premier League","2017/2018","West Brom","Bournemouth","29","71","30","70","28","72","16","8","11","2","5","6","6","1","4","0","2","1","9","2","6","1","3","1"
"6525","12-08-17 13:30","England","Premier League","2017/2018","Watford","Liverpool","46","54","44","56","48","52","9","14","4","3","5","11","4","5","2","1","2","4","4","8","1","2","3","6"
"6526","11-08-17 20:45","England","Premier League","2017/2018","Arsenal","Leicester","70","30","71","29","69","31","27","6","11","4","16","2","10","3","4","2","6","1","8","3","2","2","6","1"
"6569","21-05-17 16:00","England","Premier League","2016/2017","Arsenal","Everton","50","50","53","47","47","53","17","22","8","9","9","13","9","7","3","5","6","2","3","8","2","1","1","7"
"6570","21-05-17 16:00","England","Premier League","2016/2017","Burnley","West Ham","44","56","43","57","45","55","9","14","6","5","3","9","1","4","1","2","0","2","7","5","4","2","3","3"
"6571","21-05-17 16:00","England","Premier League","2016/2017","Chelsea","Sunderland","71","29","76","24","66","34","28","7","15","6","13","1","8","3","3","2","5","1","12","2","6","2","6","0"
"6572","21-05-17 16:00","England","Premier League","2016/2017","Hull","Tottenham","35","65","33","67","37","63","10","19","2","6","8","13","4","14","0","5","4","9","4","3","1","1","3","2"
"6573","21-05-17 16:00","England","Premier League","2016/2017","Leicester","Bournemouth","49","51","44","56","55","45","21","10","10","7","11","3","5","4","2","4","3","0","9","2","4","1","5","1"
"6574","21-05-17 16:00","England","Premier League","2016/2017","Liverpool","Middlesbrough","74","26","74","26","74","26","25","9","14","4","11","5","10","3","5","0","5","3","9","3","5","1","4","2"
"6575","21-05-17 16:00","England","Premier League","2016/2017","Manchester Utd","Crystal Palace","59","41","57","43","61","39","9","6","7","2","2","4","2","1","2","0","0","1","3","2","3","0","0","2"
"6576","21-05-17 16:00","England","Premier League","2016/2017","Southampton","Stoke","61","39","60","40","62","38","14","14","4","8","10","6","6","3","0","2","6","1","3","6","3","3","0","3"
"6577","21-05-17 16:00","England","Premier League","2016/2017","Swansea","West Brom","66","34","66","34","66","34","12","16","5","10","7","6","2","5","0","3","2","2","6","6","3","4","3","2"
"6578","21-05-17 16:00","England","Premier League","2016/2017","Watford","Manchester City","33","67","42","58","23","77","6","15","1","10","5","5","3","9","0","6","3","3","2","5","1","3","1","2"
"6579","18-05-17 20:45","England","Premier League","2016/2017","Leicester","Tottenham","37","63","34","66","40","60","12","26","2","12","10","14","5","12","2","5","3","7","3","11","0","5","3","6"
"6580","17-05-17 20:45","England","Premier League","2016/2017","Southampton","Manchester Utd","53","47","51","49","55","45","17","11","7","7","10","4","6","1","3","1","3","0","7","8","3","4","4","4"
"6581","16-05-17 21:00","England","Premier League","2016/2017","Manchester City","West Brom","71","29","74","26","68","32","21","5","13","4","8","1","10","2","6","1","4","1","9","2","6","1","3","1"
"6582","16-05-17 20:45","England","Premier League","2016/2017","Arsenal","Sunderland","63","37","58","42","68","32","36","6","18","2","18","4","13","2","5","2","8","0","10","2","6","0","4","2"
"6583","15-05-17 21:00","England","Premier League","2016/2017","Chelsea","Watford","47","53","48","52","46","54","24","9","10","4","14","5","9","3","2","1","7","2","7","5","3","2","4","3"
"6584","14-05-17 17:30","England","Premier League","2016/2017","Tottenham","Manchester Utd","60","40","67","33","53","47","14","8","7","4","7","4","7","2","4","1","3","1","5","6","2","3","3","3"
"6585","14-05-17 15:15","England","Premier League","2016/2017","West Ham","Liverpool","33","67","29","71","37","63","10","26","6","11","4","15","3","11","2","3","1","8","6","14","4","7","2","7"
"6586","14-05-17 13:00","England","Premier League","2016/2017","Crystal Palace","Hull","30","70","34","66","26","74","12","9","5","4","7","5","4","0","2","0","2","0","7","6","2","3","5","3"
"6587","13-05-17 18:30","England","Premier League","2016/2017","Stoke","Arsenal","33","67","28","72","38","62","10","10","2","5","8","5","4","6","0","2","4","4","3","3","1","3","2","0"
"6588","13-05-17 16:00","England","Premier League","2016/2017","Bournemouth","Burnley","55","45","50","50","60","40","18","14","5","8","13","6","6","3","2","1","4","2","6","7","2","4","4","3"
"6589","13-05-17 16:00","England","Premier League","2016/2017","Middlesbrough","Southampton","42","58","41","59","43","57","13","14","4","7","9","7","3","4","0","3","3","1","4","6","2","2","2","4"
"6590","13-05-17 16:00","England","Premier League","2016/2017","Sunderland","Swansea","53","47","47","53","60","40","13","3","5","3","8","0","4","3","1","3","3","0","6","0","4","0","2","0"
"6591","13-05-17 13:30","England","Premier League","2016/2017","Manchester City","Leicester","66","34","72","28","60","40","17","9","10","4","7","5","5","4","3","3","2","1","5","3","3","1","2","2"
"6592","12-05-17 21:00","England","Premier League","2016/2017","West Brom","Chelsea","32","68","29","71","35","65","7","24","4","14","3","10","2","5","2","1","0","4","2","10","0","6","2","4"
"6593","12-05-17 20:45","England","Premier League","2016/2017","Everton","Watford","63","37","64","36","62","38","15","13","7","7","8","6","6","1","3","1","3","0","4","6","1","4","3","2"
"6594","10-05-17 20:45","England","Premier League","2016/2017","Southampton","Arsenal","47","53","45","55","49","51","14","11","7","7","7","4","3","4","2","1","1","3","8","3","3","3","5","0"
"6595","08-05-17 21:00","England","Premier League","2016/2017","Chelsea","Middlesbrough","57","43","52","48","62","38","21","2","8","1","13","1","7","1","4","0","3","1","11","0","3","0","8","0"
"6596","07-05-17 17:00","England","Premier League","2016/2017","Arsenal","Manchester Utd","50","50","51","49","49","51","9","10","5","4","4","6","4","4","2","2","2","2","1","4","0","2","1","2"
"6597","07-05-17 14:30","England","Premier League","2016/2017","Liverpool","Southampton","65","35","66","34","64","36","17","4","5","0","12","4","8","0","3","0","5","0","4","3","1","0","3","3"
"6598","06-05-17 18:30","England","Premier League","2016/2017","Swansea","Everton","38","62","46","54","30","70","9","8","3","4","6","4","4","2","1","1","3","1","2","4","0","1","2","3"
"6599","06-05-17 16:00","England","Premier League","2016/2017","Bournemouth","Stoke","58","42","58","42","58","42","12","14","6","6","6","8","2","3","0","2","2","1","7","6","4","2","3","4"
"6600","06-05-17 16:00","England","Premier League","2016/2017","Burnley","West Brom","55","45","58","42","51","49","14","11","5","3","9","8","4","3","1","0","3","3","5","1","2","0","3","1"
"6601","06-05-17 16:00","England","Premier League","2016/2017","Hull","Sunderland","60","40","57","43","63","37","16","12","6","6","10","6","6","5","2","1","4","4","5","6","3","4","2","2"
"6602","06-05-17 16:00","England","Premier League","2016/2017","Leicester","Watford","42","58","49","51","35","65","11","14","4","6","7","8","5","7","1","3","4","4","3","5","1","3","2","2"
"6603","06-05-17 13:30","England","Premier League","2016/2017","Manchester City","Crystal Palace","69","31","74","26","64","36","26","5","10","4","16","1","12","2","5","1","7","1","10","2","3","2","7","0"
"6604","05-05-17 21:00","England","Premier League","2016/2017","West Ham","Tottenham","32","68","31","69","33","67","13","11","5","7","8","4","5","5","2","3","3","2","7","4","3","3","4","1"
"6605","01-05-17 21:00","England","Premier League","2016/2017","Watford","Liverpool","40","60","35","65","45","55","9","12","3","5","6","7","2","8","1","2","1","6","4","2","0","1","4","1"
"6606","30-04-17 17:30","England","Premier League","2016/2017","Tottenham","Arsenal","51","49","59","41","43","57","20","12","7","7","13","5","11","4","2","1","9","3","6","4","3","3","3","1"
"6607","30-04-17 15:05","England","Premier League","2016/2017","Everton","Chelsea","50","50","51","49","49","51","12","11","8","7","4","4","4","5","2","2","2","3","6","3","4","3","2","0"
"6608","30-04-17 15:05","England","Premier League","2016/2017","Middlesbrough","Manchester City","32","68","33","67","31","69","14","22","7","5","7","17","6","4","1","0","5","4","6","10","5","5","1","5"
"6609","30-04-17 13:00","England","Premier League","2016/2017","Manchester Utd","Swansea","55","45","49","51","61","39","12","12","6","7","6","5","6","4","3","3","3","1","5","5","3","1","2","4"
"6610","29-04-17 18:30","England","Premier League","2016/2017","Crystal Palace","Burnley","64","36","58","42","70","30","15","9","6","7","9","2","5","3","1","2","4","1","6","2","3","2","3","0"
"6611","29-04-17 16:00","England","Premier League","2016/2017","Southampton","Hull","52","48","45","55","59","41","11","8","3","5","8","3","2","1","0","1","2","0","3","3","0","2","3","1"
"6612","29-04-17 16:00","England","Premier League","2016/2017","Stoke","West Ham","57","43","57","43","57","43","18","12","4","6","14","6","4","4","0","2","4","2","7","4","2","1","5","3"
"6613","29-04-17 16:00","England","Premier League","2016/2017","Sunderland","Bournemouth","41","59","39","61","43","57","17","15","9","7","8","8","5","7","2","4","3","3","9","4","6","1","3","3"
"6614","29-04-17 16:00","England","Premier League","2016/2017","West Brom","Leicester","55","45","50","50","60","40","16","6","7","4","9","2","4","1","2","1","2","0","7","4","3","2","4","2"
"6615","27-04-17 21:00","England","Premier League","2016/2017","Manchester City","Manchester Utd","69","31","63","37","75","25","19","3","10","2","9","1","6","1","3","1","3","0","8","1","5","1","3","0"
"6616","26-04-17 21:00","England","Premier League","2016/2017","Crystal Palace","Tottenham","32","68","33","67","31","69","6","18","5","8","1","10","1","4","1","1","0","3","2","8","2","3","0","5"
"6617","26-04-17 20:45","England","Premier League","2016/2017","Arsenal","Leicester","69","31","73","27","64","36","12","7","6","3","6","4","5","3","2","1","3","2","6","2","3","2","3","0"
"6618","26-04-17 20:45","England","Premier League","2016/2017","Middlesbrough","Sunderland","49","51","47","53","51","49","6","10","4","5","2","5","2","4","2","2","0","2","3","4","2","2","1","2"
"6619","25-04-17 20:45","England","Premier League","2016/2017","Chelsea","Southampton","48","52","49","51","47","53","17","12","9","6","8","6","7","4","2","2","5","2","5","4","3","2","2","2"
"6620","23-04-17 17:30","England","Premier League","2016/2017","Liverpool","Crystal Palace","72","28","70","30","74","26","14","7","5","3","9","4","1","3","1","2","0","1","7","3","1","1","6","2"
"6621","23-04-17 15:15","England","Premier League","2016/2017","Burnley","Manchester Utd","46","54","45","55","47","53","8","12","4","8","4","4","0","6","0","5","0","1","4","3","2","0","2","3"
"6622","22-04-17 16:00","England","Premier League","2016/2017","Bournemouth","Middlesbrough","68","32","67","33","69","31","20","5","8","3","12","2","10","2","4","2","6","0","7","3","2","1","5","2"
"6623","22-04-17 16:00","England","Premier League","2016/2017","Hull","Watford","34","66","41","59","27","73","8","13","1","7","7","6","3","2","0","1","3","1","3","5","1","3","2","2"
"6624","22-04-17 16:00","England","Premier League","2016/2017","Swansea","Stoke","46","54","53","47","39","61","10","9","4","4","6","5","6","3","2","1","4","2","2","5","1","3","1","2"
"6625","22-04-17 16:00","England","Premier League","2016/2017","West Ham","Everton","41","59","35","65","47","53","15","4","5","0","10","4","3","0","1","0","2","0","5","3","2","0","3","3"
"6626","17-04-17 21:00","England","Premier League","2016/2017","Middlesbrough","Arsenal","35","65","31","69","39","61","13","12","5","3","8","9","5","4","0","2","5","2","6","4","3","0","3","4"
"6627","16-04-17 17:00","England","Premier League","2016/2017","Manchester Utd","Chelsea","46","54","59","41","32","68","9","5","4","1","5","4","3","0","1","0","2","0","6","4","3","1","3","3"
"6628","16-04-17 14:30","England","Premier League","2016/2017","West Brom","Liverpool","36","64","29","71","43","57","7","15","5","6","2","9","2","2","1","2","1","0","5","9","3","3","2","6"
"6629","15-04-17 18:30","England","Premier League","2016/2017","Southampton","Manchester City","41","59","33","67","49","51","8","18","4","8","4","10","1","5","0","0","1","5","4","7","3","6","1","1"
"6630","15-04-17 16:00","England","Premier League","2016/2017","Crystal Palace","Leicester","58","42","63","37","52","48","15","6","7","1","8","5","4","2","1","1","3","1","6","2","3","0","3","2"
"6631","15-04-17 16:00","England","Premier League","2016/2017","Everton","Burnley","63","37","65","35","61","39","29","13","13","8","16","5","7","6","3","4","4","2","9","4","5","2","4","2"
"6632","15-04-17 16:00","England","Premier League","2016/2017","Stoke","Hull","45","55","45","55","45","55","14","14","7","7","7","7","4","3","1","1","3","2","6","6","4","3","2","3"
"6633","15-04-17 16:00","England","Premier League","2016/2017","Sunderland","West Ham","47","53","43","57","51","49","14","7","7","5","7","2","4","3","3","2","1","1","6","2","2","2","4","0"
"6634","15-04-17 16:00","England","Premier League","2016/2017","Watford","Swansea","52","48","60","40","44","56","15","13","8","8","7","5","7","4","5","3","2","1","6","5","2","2","4","3"
"6635","15-04-17 13:30","England","Premier League","2016/2017","Tottenham","Bournemouth","69","31","69","31","69","31","25","5","8","1","17","4","14","1","5","0","9","1","2","3","1","1","1","2"
"6636","10-04-17 21:00","England","Premier League","2016/2017","Crystal Palace","Arsenal","28","72","28","72","28","72","17","11","8","6","9","5","6","3","2","3","4","0","7","6","5","2","2","4"
"6637","09-04-17 17:00","England","Premier League","2016/2017","Everton","Leicester","60","40","74","26","45","55","12","6","5","3","7","3","7","4","3","3","4","1","1","1","1","0","0","1"
"6638","09-04-17 14:30","England","Premier League","2016/2017","Sunderland","Manchester Utd","30","70","29","71","31","69","9","18","4","10","5","8","4","9","3","5","1","4","3","5","0","2","3","3"
"6639","08-04-17 18:30","England","Premier League","2016/2017","Bournemouth","Chelsea","51","49","50","50","52","48","12","15","6","11","6","4","1","5","1","2","0","3","5","7","2","6","3","1"
"6640","08-04-17 16:00","England","Premier League","2016/2017","Manchester City","Hull","68","32","70","30","66","34","23","7","14","4","9","3","7","1","3","0","4","1","10","4","7","2","3","2"
"6641","08-04-17 16:00","England","Premier League","2016/2017","Middlesbrough","Burnley","56","44","61","39","51","49","12","7","5","2","7","5","5","2","0","0","5","2","4","5","2","2","2","3"
"6642","08-04-17 16:00","England","Premier League","2016/2017","Stoke","Liverpool","44","56","47","53","41","59","9","14","5","2","4","12","4","4","2","0","2","4","4","6","2","2","2","4"
"6643","08-04-17 16:00","England","Premier League","2016/2017","West Brom","Southampton","41","59","33","67","49","51","17","10","5","5","12","5","6","3","2","1","4","2","7","3","3","1","4","2"
"6644","08-04-17 16:00","England","Premier League","2016/2017","West Ham","Swansea","46","54","51","49","41","59","14","4","6","2","8","2","6","1","3","1","3","0","5","2","2","1","3","1"
"6645","08-04-17 13:30","England","Premier League","2016/2017","Tottenham","Watford","59","41","59","41","59","41","19","8","11","4","8","4","6","2","5","2","1","0","5","4","1","1","4","3"
"6646","05-04-17 21:00","England","Premier League","2016/2017","Chelsea","Manchester City","40","60","38","62","42","58","10","17","5","9","5","8","4","7","3","5","1","2","3","6","1","1","2","5"
"6647","05-04-17 21:00","England","Premier League","2016/2017","Liverpool","Bournemouth","67","33","73","27","61","39","20","7","13","3","7","4","8","2","6","1","2","1","9","2","5","2","4","0"
"6648","05-04-17 20:45","England","Premier League","2016/2017","Arsenal","West Ham","66","34","65","35","67","33","21","7","8","3","13","4","8","2","2","0","6","2","7","4","4","3","3","1"
"6649","05-04-17 20:45","England","Premier League","2016/2017","Hull","Middlesbrough","47","53","44","56","50","50","17","12","8","12","9","0","5","4","3","4","2","0","7","4","3","4","4","0"
"6650","05-04-17 20:45","England","Premier League","2016/2017","Southampton","Crystal Palace","61","39","63","37","59","41","25","17","9","6","16","11","9","3","2","1","7","2","12","6","6","3","6","3"
"6651","05-04-17 20:45","England","Premier League","2016/2017","Swansea","Tottenham","28","72","25","75","31","69","4","18","2","5","2","13","1","8","1","1","0","7","2","5","1","2","1","3"
"6652","04-04-17 21:00","England","Premier League","2016/2017","Manchester Utd","Everton","62","38","59","41","65","35","18","11","6","6","12","5","3","4","2","2","1","2","8","2","3","1","5","1"
"6653","04-04-17 20:45","England","Premier League","2016/2017","Burnley","Stoke","47","53","53","47","40","60","7","15","2","5","5","10","3","2","1","2","2","0","1","7","0","0","1","7"
"6654","04-04-17 20:45","England","Premier League","2016/2017","Leicester","Sunderland","55","45","50","50","60","40","19","15","6","7","13","8","8","3","2","1","6","2","5","8","3","4","2","4"
"6655","04-04-17 20:45","England","Premier League","2016/2017","Watford","West Brom","55","45","71","29","39","61","9","17","6","5","3","12","2","2","1","1","1","1","3","10","3","3","0","7"
"6656","02-04-17 17:00","England","Premier League","2016/2017","Arsenal","Manchester City","44","56","52","48","36","64","8","14","5","6","3","8","3","5","2","3","1","2","5","6","3","2","2","4"
"6657","02-04-17 14:30","England","Premier League","2016/2017","Swansea","Middlesbrough","55","45","58","42","51","49","15","8","7","3","8","5","3","1","1","0","2","1","6","4","4","1","2","3"
"6658","01-04-17 18:30","England","Premier League","2016/2017","Southampton","Bournemouth","61","39","67","33","55","45","14","12","8","3","6","9","4","3","2","1","2","2","8","7","5","1","3","6"
"6659","01-04-17 16:00","England","Premier League","2016/2017","Burnley","Tottenham","38","62","40","60","36","64","13","19","6","6","7","13","2","7","1","2","1","5","6","6","2","2","4","4"
"6660","01-04-17 16:00","England","Premier League","2016/2017","Chelsea","Crystal Palace","73","27","72","28","74","26","24","8","11","5","13","3","11","3","8","2","3","1","5","5","1","3","4","2"
"6661","01-04-17 16:00","England","Premier League","2016/2017","Hull","West Ham","46","54","51","49","41","59","7","12","1","5","6","7","3","4","0","3","3","1","3","7","0","1","3","6"
"6662","01-04-17 16:00","England","Premier League","2016/2017","Leicester","Stoke","48","52","53","47","43","57","23","10","13","2","10","8","10","2","2","1","8","1","7","5","5","1","2","4"
"6663","01-04-17 16:00","England","Premier League","2016/2017","Manchester Utd","West Brom","75","25","75","25","75","25","18","3","9","1","9","2","3","1","0","0","3","1","8","1","4","0","4","1"
"6664","01-04-17 16:00","England","Premier League","2016/2017","Watford","Sunderland","56","44","57","43","55","45","23","11","11","3","12","8","10","3","5","0","5","3","5","2","4","1","1","1"
"6665","01-04-17 13:30","England","Premier League","2016/2017","Liverpool","Everton","51","49","55","45","47","53","10","9","5","3","5","6","6","4","3","1","3","3","1","3","0","1","1","2"
"6666","19-03-17 17:30","England","Premier League","2016/2017","Manchester City","Liverpool","60","40","55","45","65","35","13","13","4","8","9","5","3","4","1","2","2","2","8","5","2","3","6","2"
"6667","19-03-17 15:15","England","Premier League","2016/2017","Tottenham","Southampton","51","49","51","49","51","49","12","8","7","4","5","4","6","3","5","1","1","2","2","4","0","3","2","1"
"6668","19-03-17 13:00","England","Premier League","2016/2017","Middlesbrough","Manchester Utd","64","36","61","39","67","33","10","14","5","10","5","4","3","6","1","4","2","2","4","4","2","3","2","1"
"6669","18-03-17 18:30","England","Premier League","2016/2017","Bournemouth","Swansea","48","52","52","48","44","56","12","10","6","6","6","4","6","1","2","1","4","0","4","5","4","3","0","2"
"6670","18-03-17 16:00","England","Premier League","2016/2017","Crystal Palace","Watford","44","56","47","53","41","59","7","6","3","3","4","3","0","2","0","1","0","1","5","4","2","2","3","2"
"6671","18-03-17 16:00","England","Premier League","2016/2017","Everton","Hull","51","49","59","41","43","57","16","6","6","4","10","2","8","0","3","0","5","0","4","4","1","2","3","2"
"6672","18-03-17 16:00","England","Premier League","2016/2017","Stoke","Chelsea","36","64","38","62","34","66","5","20","1","6","4","14","1","7","1","2","0","5","2","5","0","1","2","4"
"6673","18-03-17 16:00","England","Premier League","2016/2017","Sunderland","Burnley","42","58","47","53","37","63","14","17","5","9","9","8","5","3","2","1","3","2","7","8","2","6","5","2"
"6674","18-03-17 16:00","England","Premier League","2016/2017","West Ham","Leicester","59","41","50","50","68","32","20","11","8","7","12","4","7","5","1","3","6","2","8","4","6","3","2","1"
"6675","18-03-17 13:30","England","Premier League","2016/2017","West Brom","Arsenal","23","77","21","79","25","75","12","11","6","5","6","6","8","2","4","2","4","0","3","4","1","1","2","3"
"6676","12-03-17 17:00","England","Premier League","2016/2017","Liverpool","Burnley","64","36","69","31","59","41","10","11","5","4","5","7","3","1","1","1","2","0","2","8","1","3","1","5"
"6677","11-03-17 16:00","England","Premier League","2016/2017","Bournemouth","West Ham","51","49","57","43","45","55","21","15","11","9","10","6","9","7","4","3","5","4","8","4","5","4","3","0"
"6678","11-03-17 16:00","England","Premier League","2016/2017","Everton","West Brom","63","37","64","36","62","38","16","5","10","3","6","2","5","2","4","1","1","1","6","1","4","1","2","0"
"6679","11-03-17 16:00","England","Premier League","2016/2017","Hull","Swansea","50","50","55","45","45","55","15","11","6","2","9","9","7","3","2","1","5","2","3","5","2","1","1","4"
"6680","08-03-17 21:00","England","Premier League","2016/2017","Manchester City","Stoke","65","35","64","36","66","34","12","5","3","3","9","2","1","2","1","2","0","0","7","2","0","1","7","1"
"6681","06-03-17 21:00","England","Premier League","2016/2017","West Ham","Chelsea","52","48","49","51","55","45","11","9","3","3","8","6","2","4","0","2","2","2","6","3","1","0","5","3"
"6682","05-03-17 17:00","England","Premier League","2016/2017","Sunderland","Manchester City","29","71","33","67","25","75","11","14","6","4","5","10","3","7","1","2","2","5","5","5","3","2","2","3"
"6683","05-03-17 14:30","England","Premier League","2016/2017","Tottenham","Everton","51","49","57","43","44","56","20","8","8","2","12","6","7","4","2","0","5","4","5","1","2","1","3","0"
"6684","04-03-17 18:30","England","Premier League","2016/2017","Liverpool","Arsenal","52","48","57","43","47","53","18","7","9","2","9","5","7","3","4","1","3","2","5","2","2","1","3","1"
"6685","04-03-17 16:00","England","Premier League","2016/2017","Leicester","Hull","50","50","58","42","42","58","17","10","7","2","10","8","5","4","1","1","4","3","9","5","3","1","6","4"
"6686","04-03-17 16:00","England","Premier League","2016/2017","Stoke","Middlesbrough","55","45","58","42","52","48","13","8","4","5","9","3","8","2","2","1","6","1","5","3","2","1","3","2"
"6687","04-03-17 16:00","England","Premier League","2016/2017","Swansea","Burnley","71","29","67","33","75","25","24","6","9","4","15","2","9","4","4","3","5","1","11","2","4","1","7","1"
"6688","04-03-17 16:00","England","Premier League","2016/2017","Watford","Southampton","38","62","30","70","46","54","16","20","8","11","8","9","4","11","1","6","3","5","7","4","4","2","3","2"
"6689","04-03-17 16:00","England","Premier League","2016/2017","West Brom","Crystal Palace","51","49","44","56","58","42","11","10","4","2","7","8","1","4","0","1","1","3","5","2","2","0","3","2"
"6690","04-03-17 13:30","England","Premier League","2016/2017","Manchester Utd","Bournemouth","69","31","61","39","77","23","20","3","10","2","10","1","7","1","5","1","2","0","5","1","4","0","1","1"
"6691","27-02-17 21:00","England","Premier League","2016/2017","Leicester","Liverpool","31","69","38","62","24","76","13","17","9","6","4","11","7","7","5","3","2","4","4","5","2","1","2","4"
"6692","26-02-17 14:30","England","Premier League","2016/2017","Tottenham","Stoke","64","36","66","34","62","38","21","5","11","3","10","2","9","3","5","1","4","2","7","2","3","2","4","0"
"6693","25-02-17 18:30","England","Premier League","2016/2017","Watford","West Ham","36","64","36","64","36","64","9","13","5","6","4","7","1","2","1","0","0","2","3","7","2","3","1","4"
"6694","25-02-17 16:00","England","Premier League","2016/2017","Chelsea","Swansea","66","34","68","32","64","36","16","3","7","2","9","1","5","2","2","1","3","1","6","1","3","1","3","0"
"6695","25-02-17 16:00","England","Premier League","2016/2017","Crystal Palace","Middlesbrough","46","54","50","50","42","58","15","11","9","2","6","9","3","4","3","0","0","4","7","6","4","2","3","4"
"6696","25-02-17 16:00","England","Premier League","2016/2017","Everton","Sunderland","63","37","71","29","54","46","20","10","11","3","9","7","8","1","4","0","4","1","9","3","6","1","3","2"
"6697","25-02-17 16:00","England","Premier League","2016/2017","Hull","Burnley","66","34","63","37","69","31","15","10","7","5","8","5","1","3","0","2","1","1","9","3","5","1","4","2"
"6698","25-02-17 16:00","England","Premier League","2016/2017","West Brom","Bournemouth","32","68","30","70","34","66","13","12","8","5","5","7","4","4","3","2","1","2","5","6","2","3","3","3"
"6699","13-02-17 21:00","England","Premier League","2016/2017","Bournemouth","Manchester City","38","62","35","65","41","59","5","17","2","11","3","6","1","5","0","4","1","1","0","8","0","4","0","4"
"6700","12-02-17 17:00","England","Premier League","2016/2017","Swansea","Leicester","49","51","60","40","36","64","10","9","6","5","4","4","4","1","3","0","1","1","5","4","2","1","3","3"
"6701","12-02-17 14:30","England","Premier League","2016/2017","Burnley","Chelsea","29","71","29","71","29","71","6","13","5","6","1","7","4","2","3","2","1","0","1","5","1","1","0","4"
"6702","11-02-17 18:30","England","Premier League","2016/2017","Liverpool","Tottenham","51","49","54","46","48","52","17","7","13","5","4","2","9","2","8","2","1","0","4","4","2","3","2","1"
"6703","11-02-17 16:00","England","Premier League","2016/2017","Manchester Utd","Watford","58","42","62","38","54","46","23","9","14","3","9","6","11","3","7","1","4","2","8","5","5","2","3","3"
"6704","11-02-17 16:00","England","Premier League","2016/2017","Middlesbrough","Everton","46","54","42","58","50","50","9","7","2","4","7","3","3","3","1","2","2","1","4","3","1","1","3","2"
"6705","11-02-17 16:00","England","Premier League","2016/2017","Stoke","Crystal Palace","58","42","66","34","50","50","7","6","6","3","1","3","4","1","3","1","1","0","2","4","2","2","0","2"
"6706","11-02-17 16:00","England","Premier League","2016/2017","Sunderland","Southampton","46","54","46","54","46","54","6","15","2","5","4","10","1","8","0","2","1","6","1","4","0","2","1","2"
"6707","11-02-17 16:00","England","Premier League","2016/2017","West Ham","West Brom","65","35","66","34","64","36","16","8","7","5","9","3","4","3","1","2","3","1","4","3","2","2","2","1"
"6708","11-02-17 13:30","England","Premier League","2016/2017","Arsenal","Hull","49","51","49","51","49","51","17","9","10","1","7","8","7","4","4","1","3","3","8","5","4","0","4","5"
"6709","05-02-17 17:00","England","Premier League","2016/2017","Leicester","Manchester Utd","32","68","33","67","31","69","11","15","5","8","6","7","1","9","1","5","0","4","6","4","1","2","5","2"
"6710","05-02-17 14:30","England","Premier League","2016/2017","Manchester City","Swansea","69","31","74","26","63","37","17","4","10","0","7","4","5","2","3","0","2","2","5","2","3","0","2","2"
"6711","04-02-17 18:30","England","Premier League","2016/2017","Tottenham","Middlesbrough","65","35","71","29","59","41","17","8","12","2","5","6","5","0","2","0","3","0","6","5","5","2","1","3"
"6712","04-02-17 16:00","England","Premier League","2016/2017","Crystal Palace","Sunderland","65","35","64","36","66","34","21","10","7","7","14","3","9","7","2","7","7","0","8","3","3","0","5","3"
"6713","04-02-17 16:00","England","Premier League","2016/2017","Everton","Bournemouth","46","54","51","49","41","59","15","18","6","2","9","16","10","8","4","1","6","7","2","8","1","0","1","8"
"6714","04-02-17 16:00","England","Premier League","2016/2017","Hull","Liverpool","28","72","32","68","24","76","7","22","4","9","3","13","4","5","2","1","2","4","3","6","2","3","1","3"
"6715","04-02-17 16:00","England","Premier League","2016/2017","Southampton","West Ham","55","45","47","53","64","36","21","6","5","5","16","1","7","4","3","3","4","1","11","1","1","1","10","0"
"6716","04-02-17 16:00","England","Premier League","2016/2017","Watford","Burnley","60","40","59","41","61","39","16","11","9","1","7","10","7","7","5","1","2","6","3","1","1","0","2","1"
"6717","04-02-17 16:00","England","Premier League","2016/2017","West Brom","Stoke","38","62","38","62","38","62","15","12","11","5","4","7","4","2","3","1","1","1","7","5","6","1","1","4"
"6718","04-02-17 13:30","England","Premier League","2016/2017","Chelsea","Arsenal","42","58","47","53","37","63","13","9","6","5","7","4","6","5","2","2","4","3","5","2","3","1","2","1"
"6719","01-02-17 21:00","England","Premier League","2016/2017","Manchester Utd","Hull","67","33","65","35","69","31","15","6","7","4","8","2","6","2","3","1","3","1","4","4","2","3","2","1"
"6720","01-02-17 21:00","England","Premier League","2016/2017","Stoke","Everton","47","53","52","48","42","58","14","14","5","9","9","5","7","5","4","1","3","4","5","6","1","5","4","1"
"6721","01-02-17 20:45","England","Premier League","2016/2017","West Ham","Manchester City","30","70","28","72","32","68","6","11","3","7","3","4","1","4","1","3","0","1","1","5","1","3","0","2"
"6722","31-01-17 21:00","England","Premier League","2016/2017","Liverpool","Chelsea","62","38","65","35","59","41","7","8","1","3","6","5","3","2","1","1","2","1","2","4","0","1","2","3"
"6723","31-01-17 20:45","England","Premier League","2016/2017","Arsenal","Watford","74","26","69","31","79","21","20","10","3","9","17","1","5","6","0","6","5","0","8","2","2","1","6","1"
"6724","31-01-17 20:45","England","Premier League","2016/2017","Bournemouth","Crystal Palace","65","35","61","39","69","31","10","11","4","5","6","6","2","4","1","1","1","3","5","6","2","3","3","3"
"6725","31-01-17 20:45","England","Premier League","2016/2017","Burnley","Leicester","59","41","64","36","54","46","24","13","9","6","15","7","3","5","0","2","3","3","12","3","5","2","7","1"
"6726","31-01-17 20:45","England","Premier League","2016/2017","Middlesbrough","West Brom","62","38","63","37","61","39","11","15","6","6","5","9","3","5","2","2","1","3","3","5","2","1","1","4"
"6727","31-01-17 20:45","England","Premier League","2016/2017","Sunderland","Tottenham","28","72","33","67","23","77","3","14","3","1","0","13","1","3","1","1","0","2","0","4","0","0","0","4"
"6728","31-01-17 20:45","England","Premier League","2016/2017","Swansea","Southampton","43","57","48","52","38","62","11","10","8","1","3","9","5","2","4","0","1","2","3","5","1","1","2","4"
"6729","22-01-17 17:30","England","Premier League","2016/2017","Chelsea","Hull","53","47","59","41","47","53","9","9","4","3","5","6","5","4","2","2","3","2","1","4","1","1","0","3"
"6730","22-01-17 15:15","England","Premier League","2016/2017","Arsenal","Burnley","70","30","74","26","66","34","24","13","14","5","10","8","8","7","3","3","5","4","7","3","5","2","2","1"
"6731","22-01-17 13:00","England","Premier League","2016/2017","Southampton","Leicester","60","40","60","40","60","40","20","11","8","5","12","6","7","2","3","2","4","0","10","7","4","2","6","5"
"6732","21-01-17 18:30","England","Premier League","2016/2017","Manchester City","Tottenham","55","45","52","48","58","42","17","6","11","2","6","4","7","2","4","0","3","2","9","3","6","1","3","2"
"6733","21-01-17 16:00","England","Premier League","2016/2017","Bournemouth","Watford","63","37","60","40","66","34","15","10","7","4","8","6","5","3","2","1","3","2","6","2","3","1","3","1"
"6734","21-01-17 16:00","England","Premier League","2016/2017","Crystal Palace","Everton","44","56","44","56","44","56","8","16","4","7","4","9","2","8","0","3","2","5","2","6","1","3","1","3"
"6735","21-01-17 16:00","England","Premier League","2016/2017","Middlesbrough","West Ham","61","39","55","45","67","33","11","13","6","8","5","5","2","5","1","3","1","2","5","5","2","3","3","2"
"6736","21-01-17 16:00","England","Premier League","2016/2017","Stoke","Manchester Utd","35","65","39","61","31","69","6","25","1","12","5","13","1","8","0","4","1","4","3","8","1","3","2","5"
"6737","21-01-17 16:00","England","Premier League","2016/2017","West Brom","Sunderland","44","56","48","52","39","61","14","9","9","2","5","7","5","3","4","1","1","2","5","2","3","0","2","2"
"6738","21-01-17 13:30","England","Premier League","2016/2017","Liverpool","Swansea","74","26","72","28","76","24","16","6","6","1","10","5","5","3","0","0","5","3","7","2","5","0","2","2"
"6739","15-01-17 17:00","England","Premier League","2016/2017","Manchester Utd","Liverpool","55","45","51","49","59","41","9","13","4","5","5","8","3","4","2","1","1","3","5","2","2","1","3","1"
"6740","15-01-17 14:30","England","Premier League","2016/2017","Everton","Manchester City","29","71","29","71","29","71","6","13","1","6","5","7","4","5","1","2","3","3","1","4","0","1","1","3"
"6741","14-01-17 18:30","England","Premier League","2016/2017","Leicester","Chelsea","35","65","39","61","31","69","7","8","3","3","4","5","2","3","1","1","1","2","5","2","2","1","3","1"
"6742","14-01-17 16:00","England","Premier League","2016/2017","Burnley","Southampton","41","59","43","57","39","61","9","20","2","9","7","11","3","5","0","1","3","4","4","8","2","3","2","5"
"6743","14-01-17 16:00","England","Premier League","2016/2017","Hull","Bournemouth","39","61","43","57","35","65","14","8","7","6","7","2","3","6","1","4","2","2","9","1","4","1","5","0"
"6744","14-01-17 16:00","England","Premier League","2016/2017","Sunderland","Stoke","51","49","46","54","56","44","14","14","6","8","8","6","3","6","2","5","1","1","5","3","2","0","3","3"
"6745","14-01-17 16:00","England","Premier League","2016/2017","Swansea","Arsenal","43","57","41","59","45","55","12","14","5","3","7","11","3","6","1","2","2","4","6","2","3","0","3","2"
"6746","14-01-17 16:00","England","Premier League","2016/2017","Watford","Middlesbrough","47","53","39","61","55","45","12","5","2","1","10","4","5","1","1","0","4","1","6","4","1","1","5","3"
"6747","14-01-17 16:00","England","Premier League","2016/2017","West Ham","Crystal Palace","44","56","45","55","43","57","14","10","5","3","9","7","3","1","0","1","3","0","7","6","2","2","5","4"
"6748","14-01-17 13:30","England","Premier League","2016/2017","Tottenham","West Brom","73","27","78","22","68","32","21","3","10","0","11","3","11","0","4","0","7","0","7","2","4","0","3","2"
"6749","04-01-17 21:00","England","Premier League","2016/2017","Tottenham","Chelsea","46","54","55","45","36","64","9","11","4","2","5","9","2","2","1","0","1","2","6","6","3","2","3","4"
"6750","03-01-17 21:00","England","Premier League","2016/2017","Crystal Palace","Swansea","47","53","40","60","54","46","7","11","3","7","4","4","3","4","1","3","2","1","2","5","1","4","1","1"
"6751","03-01-17 21:00","England","Premier League","2016/2017","Stoke","Watford","54","46","57","43","51","49","17","9","8","3","9","6","5","2","2","0","3","2","8","4","3","2","5","2"
"6752","03-01-17 20:45","England","Premier League","2016/2017","Bournemouth","Arsenal","40","60","44","56","36","64","12","14","7","3","5","11","6","4","3","0","3","4","4","5","3","2","1","3"
"6753","02-01-17 18:15","England","Premier League","2016/2017","West Ham","Manchester Utd","36","64","37","63","35","65","8","13","6","3","2","10","2","6","1","1","1","5","5","5","4","2","1","3"
"6754","02-01-17 16:00","England","Premier League","2016/2017","Everton","Southampton","54","46","54","46","54","46","17","12","8","7","9","5","6","3","2","1","4","2","5","6","1","4","4","2"
"6755","02-01-17 16:00","England","Premier League","2016/2017","Manchester City","Burnley","55","45","60","40","50","50","14","11","5","3","9","8","3","3","1","0","2","3","4","6","1","2","3","4"
"6756","02-01-17 16:00","England","Premier League","2016/2017","Sunderland","Liverpool","29","71","28","72","30","70","10","21","5","12","5","9","5","15","4","6","1","9","0","3","0","3","0","0"
"6757","02-01-17 16:00","England","Premier League","2016/2017","West Brom","Hull","41","59","45","55","37","63","8","17","4","11","4","6","5","6","2","5","3","1","0","9","0","4","0","5"
"6758","02-01-17 13:30","England","Premier League","2016/2017","Middlesbrough","Leicester","62","38","57","43","67","33","9","10","3","5","6","5","1","4","0","2","1","2","5","4","1","2","4","2"
"6759","01-01-17 17:00","England","Premier League","2016/2017","Arsenal","Crystal Palace","64","36","63","37","65","35","22","7","10","1","12","6","7","4","5","1","2","3","5","2","3","0","2","2"
"6760","01-01-17 14:30","England","Premier League","2016/2017","Watford","Tottenham","34","66","36","64","32","68","6","19","2","13","4","6","2","6","0","4","2","2","1","11","0","7","1","4"
"6761","31-12-16 18:30","England","Premier League","2016/2017","Liverpool","Manchester City","43","57","42","58","44","56","5","9","3","4","2","5","1","2","1","0","0","2","3","4","2","2","1","2"
"6762","31-12-16 16:00","England","Premier League","2016/2017","Burnley","Sunderland","46","54","54","46","38","62","16","11","8","2","8","9","6","3","1","0","5","3","8","5","6","1","2","4"
"6763","31-12-16 16:00","England","Premier League","2016/2017","Chelsea","Stoke","60","40","55","45","65","35","18","5","8","3","10","2","7","2","4","0","3","2","8","3","2","3","6","0"
"6764","31-12-16 16:00","England","Premier League","2016/2017","Leicester","West Ham","40","60","43","57","37","63","12","24","8","14","4","10","4","5","3","3","1","2","6","10","4","6","2","4"
"6765","31-12-16 16:00","England","Premier League","2016/2017","Manchester Utd","Middlesbrough","66","34","65","35","67","33","32","9","15","6","17","3","12","2","3","0","9","2","12","4","7","3","5","1"
"6766","31-12-16 16:00","England","Premier League","2016/2017","Southampton","West Brom","68","32","72","28","64","36","10","7","7","2","3","5","1","3","1","1","0","2","7","3","4","1","3","2"
"6767","31-12-16 16:00","England","Premier League","2016/2017","Swansea","Bournemouth","45","55","40","60","50","50","14","11","2","7","12","4","5","6","0","4","5","2","5","5","2","3","3","2"
"6768","30-12-16 21:00","England","Premier League","2016/2017","Hull","Everton","43","57","41","59","45","55","13","20","7","10","6","10","4","7","2","2","2","5","5","7","2","5","3","2"
"6769","28-12-16 20:45","England","Premier League","2016/2017","Southampton","Tottenham","35","65","34","66","36","64","9","17","5","8","4","9","2","5","1","1","1","4","3","7","2","4","1","3"
"6770","27-12-16 18:15","England","Premier League","2016/2017","Liverpool","Stoke","64","36","71","29","57","43","20","6","14","5","6","1","6","2","5","2","1","0","6","2","4","1","2","1"
"6771","26-12-16 18:15","England","Premier League","2016/2017","Hull","Manchester City","33","67","28","72","40","60","10","16","4","8","6","8","3","6","1","3","2","3","5","6","2","2","3","4"
"6772","26-12-16 16:00","England","Premier League","2016/2017","Arsenal","West Brom","76","24","79","21","73","27","26","3","10","2","16","1","11","1","1","1","10","0","8","1","5","0","3","1"
"6773","26-12-16 16:00","England","Premier League","2016/2017","Burnley","Middlesbrough","44","56","50","50","38","62","6","8","5","2","1","6","4","2","3","0","1","2","2","4","1","2","1","2"
"6774","26-12-16 16:00","England","Premier League","2016/2017","Chelsea","Bournemouth","44","56","46","54","42","58","14","7","5","5","9","2","4","3","2","1","2","2","7","1","2","1","5","0"
"6775","26-12-16 16:00","England","Premier League","2016/2017","Leicester","Everton","43","57","34","66","52","48","7","8","3","2","4","6","2","3","1","0","1","3","3","5","1","2","2","3"
"6776","26-12-16 16:00","England","Premier League","2016/2017","Manchester Utd","Sunderland","62","38","66","34","58","42","26","7","12","6","14","1","9","4","4","3","5","1","11","2","6","2","5","0"
"6777","26-12-16 16:00","England","Premier League","2016/2017","Swansea","West Ham","56","44","63","37","48","52","14","14","4","6","10","8","7","7","1","3","6","4","6","4","3","3","3","1"
"6778","26-12-16 13:30","England","Premier League","2016/2017","Watford","Crystal Palace","56","44","56","44","56","44","9","10","1","8","8","2","3","4","0","4","3","0","4","5","0","3","4","2"
"6779","19-12-16 21:00","England","Premier League","2016/2017","Everton","Liverpool","32","68","40","60","25","75","6","11","4","3","2","8","1","4","0","0","1","4","3","5","2","3","1","2"
"6780","18-12-16 17:00","England","Premier League","2016/2017","Manchester City","Arsenal","61","39","64","36","58","42","14","6","7","4","7","2","5","1","1","1","4","0","7","5","4","3","3","2"
"6781","18-12-16 17:00","England","Premier League","2016/2017","Tottenham","Burnley","60","40","63","37","57","43","30","5","19","3","11","2","9","2","4","2","5","0","12","1","7","0","5","1"
"6782","18-12-16 14:30","England","Premier League","2016/2017","Bournemouth","Southampton","47","53","45","55","49","51","10","14","4","5","6","9","5","8","3","2","2","6","2","4","0","2","2","2"
"6783","17-12-16 18:30","England","Premier League","2016/2017","West Brom","Manchester Utd","43","57","42","58","44","56","10","10","8","5","2","5","1","5","1","2","0","3","6","4","5","3","1","1"
"6784","17-12-16 16:00","England","Premier League","2016/2017","Middlesbrough","Swansea","43","57","49","51","37","63","10","14","4","2","6","12","4","2","2","1","2","1","5","6","2","0","3","6"
"6785","17-12-16 16:00","England","Premier League","2016/2017","Stoke","Leicester","65","35","67","33","63","37","16","14","9","8","7","6","7","8","3","6","4","2","4","3","2","1","2","2"
"6786","17-12-16 16:00","England","Premier League","2016/2017","Sunderland","Watford","42","58","46","54","38","62","12","9","6","3","6","6","4","4","3","2","1","2","3","4","0","1","3","3"
"6787","17-12-16 16:00","England","Premier League","2016/2017","West Ham","Hull","57","43","57","43","57","43","18","16","6","10","12","6","6","5","1","2","5","3","3","8","2","6","1","2"
"6788","17-12-16 13:30","England","Premier League","2016/2017","Crystal Palace","Chelsea","53","47","46","54","60","40","6","13","3","4","3","9","2","6","0","1","2","5","4","3","3","1","1","2"
"6789","14-12-16 21:00","England","Premier League","2016/2017","Crystal Palace","Manchester Utd","39","61","35","65","43","57","6","16","2","9","4","7","3","6","0","3","3","3","3","7","2","4","1","3"
"6790","14-12-16 21:00","England","Premier League","2016/2017","Manchester City","Watford","64","36","66","34","62","38","13","5","8","2","5","3","7","2","5","1","2","1","4","3","3","1","1","2"
"6791","14-12-16 21:00","England","Premier League","2016/2017","Stoke","Southampton","29","71","38","62","20","80","5","15","3","5","2","10","3","4","2","2","1","2","1","7","1","3","0","4"
"6792","14-12-16 21:00","England","Premier League","2016/2017","Tottenham","Hull","63","37","62","38","64","36","27","10","13","4","14","6","9","5","3","3","6","2","6","1","5","0","1","1"
"6793","14-12-16 21:00","England","Premier League","2016/2017","West Brom","Swansea","39","61","39","61","39","61","13","8","7","3","6","5","4","4","1","2","3","2","5","2","4","0","1","2"
"6794","14-12-16 20:45","England","Premier League","2016/2017","Middlesbrough","Liverpool","36","64","39","61","32","68","8","15","6","6","2","9","3","4","3","1","0","3","1","4","0","3","1","1"
"6795","14-12-16 20:45","England","Premier League","2016/2017","Sunderland","Chelsea","34","66","30","70","38","62","8","19","1","7","7","12","3","6","0","2","3","4","4","10","1","4","3","6"
"6796","14-12-16 20:45","England","Premier League","2016/2017","West Ham","Burnley","46","54","46","54","46","54","13","9","6","4","7","5","4","4","2","1","2","3","6","4","3","2","3","2"
"6797","13-12-16 20:45","England","Premier League","2016/2017","Bournemouth","Leicester","63","37","70","30","56","44","9","12","5","4","4","8","3","4","3","1","0","3","3","4","1","1","2","3"
"6798","13-12-16 20:45","England","Premier League","2016/2017","Everton","Arsenal","42","58","44","56","40","60","14","9","6","4","8","5","4","3","1","1","3","2","5","6","4","3","1","3"
"6799","11-12-16 17:30","England","Premier League","2016/2017","Liverpool","West Ham","68","32","65","35","71","29","18","7","9","5","9","2","3","3","1","3","2","0","7","3","4","2","3","1"
"6800","11-12-16 15:15","England","Premier League","2016/2017","Manchester Utd","Tottenham","40","60","41","59","39","61","15","12","11","7","4","5","5","4","4","2","1","2","4","4","2","2","2","2"
"6801","11-12-16 15:15","England","Premier League","2016/2017","Southampton","Middlesbrough","55","45","56","44","54","46","14","6","5","4","9","2","3","2","1","2","2","0","6","1","3","0","3","1"
"6802","11-12-16 13:00","England","Premier League","2016/2017","Chelsea","West Brom","67","33","72","28","62","38","12","6","5","5","7","1","2","1","1","1","1","0","8","5","4","4","4","1"
"6803","10-12-16 18:30","England","Premier League","2016/2017","Leicester","Manchester City","22","78","24","76","19","81","10","19","6","6","4","13","6","4","4","0","2","4","4","8","2","4","2","4"
"6804","10-12-16 16:00","England","Premier League","2016/2017","Arsenal","Stoke","64","36","70","30","58","42","21","12","10","6","11","6","6","5","2","3","4","2","7","5","3","2","4","3"
"6805","10-12-16 16:00","England","Premier League","2016/2017","Burnley","Bournemouth","31","69","33","67","29","71","16","17","8","8","8","9","7","4","4","3","3","1","7","7","3","2","4","5"
"6806","10-12-16 16:00","England","Premier League","2016/2017","Hull","Crystal Palace","57","43","59","41","55","45","15","14","7","7","8","7","6","6","2","2","4","4","7","6","4","5","3","1"
"6807","10-12-16 16:00","England","Premier League","2016/2017","Swansea","Sunderland","62","38","63","37","61","39","14","11","6","2","8","9","5","2","0","0","5","2","7","4","6","1","1","3"
"6808","10-12-16 13:30","England","Premier League","2016/2017","Watford","Everton","47","53","56","44","38","62","11","11","6","1","5","10","6","4","3","1","3","3","4","4","3","0","1","4"
"6809","05-12-16 21:00","England","Premier League","2016/2017","Middlesbrough","Hull","61","39","67","33","55","45","16","6","8","2","8","4","4","2","2","0","2","2","5","3","2","1","3","2"
"6810","04-12-16 17:00","England","Premier League","2016/2017","Everton","Manchester Utd","46","54","38","62","54","46","13","10","4","4","9","6","6","2","0","2","6","0","4","4","4","1","0","3"
"6811","04-12-16 14:30","England","Premier League","2016/2017","Bournemouth","Liverpool","40","60","41","59","39","61","12","10","1","5","11","5","8","3","0","2","8","1","2","5","0","2","2","3"
"6812","03-12-16 18:30","England","Premier League","2016/2017","West Ham","Arsenal","50","50","50","50","50","50","10","19","4","5","6","14","3","10","1","2","2","8","5","6","2","2","3","4"
"6813","03-12-16 16:00","England","Premier League","2016/2017","Crystal Palace","Southampton","42","58","40","60","44","56","9","17","4","5","5","12","4","3","2","1","2","2","3","10","1","2","2","8"
"6814","03-12-16 16:00","England","Premier League","2016/2017","Stoke","Burnley","57","43","68","32","46","54","10","14","6","8","4","6","4","4","2","1","2","3","3","5","3","4","0","1"
"6815","03-12-16 16:00","England","Premier League","2016/2017","Sunderland","Leicester","53","47","54","46","52","48","22","17","11","8","11","9","6","5","1","1","5","4","9","5","5","4","4","1"
"6816","03-12-16 16:00","England","Premier League","2016/2017","Tottenham","Swansea","60","40","67","33","53","47","28","1","12","0","16","1","15","0","6","0","9","0","7","0","2","0","5","0"
"6817","03-12-16 16:00","England","Premier League","2016/2017","West Brom","Watford","41","59","39","61","43","57","11","17","5","8","6","9","3","5","2","1","1","4","8","5","3","3","5","2"
"6818","03-12-16 13:30","England","Premier League","2016/2017","Manchester City","Chelsea","61","39","56","44","66","34","14","10","4","4","10","6","5","4","1","0","4","4","7","5","2","3","5","2"
"6819","27-11-16 17:30","England","Premier League","2016/2017","Manchester Utd","West Ham","68","32","74","26","62","38","17","6","9","2","8","4","8","2","4","1","4","1","7","4","4","1","3","3"
"6820","27-11-16 17:30","England","Premier League","2016/2017","Southampton","Everton","53","47","52","48","54","46","17","13","9","5","8","8","7","1","3","0","4","1","7","11","4","5","3","6"
"6821","27-11-16 15:15","England","Premier League","2016/2017","Arsenal","Bournemouth","52","48","61","39","43","57","16","9","7","7","9","2","3","3","1","2","2","1","7","5","2","4","5","1"
"6822","27-11-16 13:00","England","Premier League","2016/2017","Watford","Stoke","50","50","42","58","58","42","11","14","5","9","6","5","2","1","2","1","0","0","8","7","2","4","6","3"
"6823","26-11-16 18:30","England","Premier League","2016/2017","Chelsea","Tottenham","46","54","48","52","44","56","9","12","3","10","6","2","5","6","3","4","2","2","3","5","0","5","3","0"
"6824","26-11-16 16:00","England","Premier League","2016/2017","Hull","West Brom","53","47","52","48","54","46","10","11","0","6","10","5","4","2","0","1","4","1","4","7","0","4","4","3"
"6825","26-11-16 16:00","England","Premier League","2016/2017","Leicester","Middlesbrough","41","59","41","59","41","59","11","6","3","2","8","4","3","2","1","1","2","1","6","2","1","1","5","1"
"6826","26-11-16 16:00","England","Premier League","2016/2017","Liverpool","Sunderland","78","22","80","20","76","24","27","6","10","4","17","2","7","1","3","1","4","0","13","1","7","1","6","0"
"6827","26-11-16 16:00","England","Premier League","2016/2017","Swansea","Crystal Palace","57","43","61","39","53","47","18","12","6","6","12","6","9","4","3","2","6","2","7","4","2","3","5","1"
"6828","26-11-16 13:30","England","Premier League","2016/2017","Burnley","Manchester City","33","67","36","64","30","70","10","21","3","14","7","7","5","5","3","4","2","1","0","8","0","4","0","4"
"6829","21-11-16 21:00","England","Premier League","2016/2017","West Brom","Burnley","45","55","41","59","49","51","16","5","8","2","8","3","6","2","5","0","1","2","8","2","3","1","5","1"
"6830","20-11-16 17:00","England","Premier League","2016/2017","Middlesbrough","Chelsea","42","58","45","55","39","61","12","13","4","8","8","5","1","3","0","2","1","1","7","6","3","2","4","4"
"6831","19-11-16 18:30","England","Premier League","2016/2017","Tottenham","West Ham","67","33","70","30","63","37","14","11","4","7","10","4","6","3","0","1","6","2","4","3","2","3","2","0"
"6832","19-11-16 16:00","England","Premier League","2016/2017","Crystal Palace","Manchester City","38","62","36","64","40","60","9","10","3","2","6","8","2","4","0","1","2","3","4","5","2","1","2","4"
"6833","19-11-16 16:00","England","Premier League","2016/2017","Everton","Swansea","62","38","54","46","70","30","14","5","5","4","9","1","6","3","3","2","3","1","6","2","2","2","4","0"
"6834","19-11-16 16:00","England","Premier League","2016/2017","Southampton","Liverpool","35","65","40","60","30","70","3","15","2","4","1","11","0","2","0","1","0","1","2","8","1","2","1","6"
"6835","19-11-16 16:00","England","Premier League","2016/2017","Stoke","Bournemouth","51","49","45","55","57","43","14","8","3","5","11","3","6","2","2","2","4","0","5","5","1","2","4","3"
"6836","19-11-16 16:00","England","Premier League","2016/2017","Sunderland","Hull","42","58","39","61","45","55","11","17","6","8","5","9","4","7","1","3","3","4","3","6","3","3","0","3"
"6837","19-11-16 16:00","England","Premier League","2016/2017","Watford","Leicester","45","55","46","54","44","56","10","11","4","5","6","6","3","2","2","1","1","1","7","4","2","2","5","2"
"6838","19-11-16 13:30","England","Premier League","2016/2017","Manchester Utd","Arsenal","45","55","40","60","50","50","12","5","6","4","6","1","5","1","3","0","2","1","5","3","3","3","2","0"
"6839","06-11-16 17:30","England","Premier League","2016/2017","Leicester","West Brom","59","41","61","39","57","43","5","11","0","5","5","6","2","5","0","2","2","3","3","3","0","2","3","1"
"6840","06-11-16 16:00","England","Premier League","2016/2017","Swansea","Manchester Utd","37","63","33","67","41","59","6","9","1","8","5","1","1","3","0","3","1","0","2","5","0","4","2","1"
"6841","06-11-16 15:15","England","Premier League","2016/2017","Hull","Southampton","34","66","38","62","30","70","6","19","1","6","5","13","2","7","0","4","2","3","4","5","1","1","3","4"
"6842","06-11-16 15:15","England","Premier League","2016/2017","Liverpool","Watford","60","40","59","41","61","39","28","11","15","4","13","7","17","8","9","2","8","6","9","2","5","2","4","0"
"6843","06-11-16 13:00","England","Premier League","2016/2017","Arsenal","Tottenham","46","54","41","59","51","49","15","10","7","3","8","7","2","3","1","0","1","3","9","7","4","3","5","4"
"6844","05-11-16 18:30","England","Premier League","2016/2017","Chelsea","Everton","60","40","61","39","59","41","21","1","9","0","12","1","9","0","3","0","6","0","5","1","5","0","0","1"
"6845","05-11-16 16:00","England","Premier League","2016/2017","Bournemouth","Sunderland","70","30","65","35","75","25","22","9","6","6","16","3","7","4","4","2","3","2","10","0","2","0","8","0"
"6846","05-11-16 16:00","England","Premier League","2016/2017","Burnley","Crystal Palace","38","62","42","58","33","67","14","16","5","7","9","9","7","5","3","3","4","2","6","7","1","3","5","4"
"6847","05-11-16 16:00","England","Premier League","2016/2017","Manchester City","Middlesbrough","71","29","78","22","64","36","25","5","19","0","6","5","7","3","7","0","0","3","11","1","6","0","5","1"
"6848","05-11-16 16:00","England","Premier League","2016/2017","West Ham","Stoke","58","42","58","42","58","42","9","12","4","6","5","6","2","4","1","1","1","3","6","7","3","4","3","3"
"6849","31-10-16 21:00","England","Premier League","2016/2017","Stoke","Swansea","46","54","46","54","46","54","17","14","10","8","7","6","4","6","2","3","2","3","8","4","4","2","4","2"
"6850","30-10-16 17:00","England","Premier League","2016/2017","Southampton","Chelsea","55","45","62","38","48","52","10","13","7","5","3","8","1","7","1","3","0","4","6","4","4","0","2","4"
"6851","30-10-16 14:30","England","Premier League","2016/2017","Everton","West Ham","49","51","51","49","47","53","17","13","9","7","8","6","6","3","1","1","5","2","4","4","2","3","2","1"
"6852","29-10-16 18:30","England","Premier League","2016/2017","Crystal Palace","Liverpool","44","56","39","61","49","51","7","17","2","11","5","6","6","10","2","5","4","5","1","5","0","4","1","1"
"6853","29-10-16 16:00","England","Premier League","2016/2017","Manchester Utd","Burnley","72","28","73","27","71","29","37","7","16","4","21","3","11","1","7","1","4","0","8","5","2","2","6","3"
"6854","29-10-16 16:00","England","Premier League","2016/2017","Middlesbrough","Bournemouth","40","60","44","56","35","65","11","18","6","8","5","10","3","3","1","2","2","1","6","8","4","3","2","5"
"6855","29-10-16 16:00","England","Premier League","2016/2017","Tottenham","Leicester","64","36","65","35","63","37","22","6","10","3","12","3","5","1","3","0","2","1","11","4","5","2","6","2"
"6856","29-10-16 16:00","England","Premier League","2016/2017","Watford","Hull","54","46","54","46","54","46","23","8","11","5","12","3","0","2","0","1","0","1","16","4","8","3","8","1"
"6857","29-10-16 16:00","England","Premier League","2016/2017","West Brom","Manchester City","30","70","22","78","38","62","9","21","2","11","7","10","1","8","0","6","1","2","7","4","1","3","6","1"
"6858","29-10-16 13:30","England","Premier League","2016/2017","Sunderland","Arsenal","34","66","35","65","33","67","3","21","2","9","1","12","1","7","0","4","1","3","1","12","1","4","0","8"
"6859","23-10-16 17:00","England","Premier League","2016/2017","Chelsea","Manchester Utd","44","56","47","53","41","59","14","16","6","7","8","9","6","5","2","2","4","3","3","6","2","2","1","4"
"6860","23-10-16 14:30","England","Premier League","2016/2017","Manchester City","Southampton","65","35","67","33","63","37","14","6","3","2","11","4","3","2","0","1","3","1","7","3","3","1","4","2"
"6861","22-10-16 18:30","England","Premier League","2016/2017","Liverpool","West Brom","68","32","72","28","64","36","21","6","8","0","13","6","7","1","2","0","5","1","7","3","3","0","4","3"
"6862","22-10-16 16:00","England","Premier League","2016/2017","Arsenal","Middlesbrough","75","25","72","28","78","22","9","11","3","8","6","3","5","4","1","3","4","1","3","3","2","2","1","1"
"6863","22-10-16 16:00","England","Premier League","2016/2017","Burnley","Everton","34","66","33","67","35","65","9","20","6","8","3","12","3","8","2","3","1","5","4","2","2","1","2","1"
"6864","22-10-16 16:00","England","Premier League","2016/2017","Hull","Stoke","49","51","37","63","61","39","9","12","3","6","6","6","2","6","0","2","2","4","6","4","2","2","4","2"
"6865","22-10-16 16:00","England","Premier League","2016/2017","Leicester","Crystal Palace","45","55","47","53","43","57","17","23","10","6","7","17","4","7","1","0","3","7","8","7","5","4","3","3"
"6866","22-10-16 16:00","England","Premier League","2016/2017","Swansea","Watford","54","46","47","53","61","39","11","10","3","5","8","5","5","2","1","1","4","1","3","3","1","2","2","1"
"6867","22-10-16 16:00","England","Premier League","2016/2017","West Ham","Sunderland","65","35","63","37","67","33","20","10","13","5","7","5","3","2","1","1","2","1","9","4","6","2","3","2"
"6868","22-10-16 13:30","England","Premier League","2016/2017","Bournemouth","Tottenham","38","62","43","57","33","67","8","16","5","7","3","9","1","4","1","1","0","3","3","6","2","3","1","3"
"6869","17-10-16 21:00","England","Premier League","2016/2017","Liverpool","Manchester Utd","65","35","66","34","64","36","9","7","2","5","7","2","3","1","1","1","2","0","3","5","1","3","2","2"
"6870","16-10-16 17:00","England","Premier League","2016/2017","Southampton","Burnley","65","35","60","40","70","30","34","6","14","4","20","2","14","1","6","0","8","1","9","4","4","3","5","1"
"6871","16-10-16 14:30","England","Premier League","2016/2017","Middlesbrough","Watford","64","36","67","33","61","39","10","4","5","1","5","3","3","2","1","0","2","2","7","1","4","0","3","1"
"6872","15-10-16 18:30","England","Premier League","2016/2017","Crystal Palace","West Ham","56","44","55","45","57","43","12","12","4","8","8","4","3","4","0","3","3","1","8","5","3","5","5","0"
"6873","15-10-16 16:00","England","Premier League","2016/2017","Arsenal","Swansea","49","51","54","46","44","56","16","13","9","4","7","9","6","6","3","2","3","4","7","5","3","2","4","3"
"6874","15-10-16 16:00","England","Premier League","2016/2017","Bournemouth","Hull","49","51","52","48","46","54","22","11","14","6","8","5","10","4","5","2","5","2","5","6","4","3","1","3"
"6875","15-10-16 16:00","England","Premier League","2016/2017","Manchester City","Everton","73","27","72","28","74","26","19","3","11","1","8","2","8","2","3","0","5","2","5","1","3","1","2","0"
"6876","15-10-16 16:00","England","Premier League","2016/2017","Stoke","Sunderland","57","43","57","43","57","43","17","11","6","5","11","6","6","1","3","0","3","1","4","4","2","2","2","2"
"6877","15-10-16 16:00","England","Premier League","2016/2017","West Brom","Tottenham","29","71","23","77","35","65","8","20","3","10","5","10","4","8","2","5","2","3","3","3","1","1","2","2"
"6878","15-10-16 13:30","England","Premier League","2016/2017","Chelsea","Leicester","55","45","70","30","40","60","16","5","9","2","7","3","6","0","3","0","3","0","6","3","4","1","2","2"
"6879","02-10-16 17:30","England","Premier League","2016/2017","Burnley","Arsenal","33","67","36","64","30","70","10","18","4","4","6","14","1","3","0","1","1","2","6","8","2","2","4","6"
"6880","02-10-16 15:15","England","Premier League","2016/2017","Leicester","Southampton","38","62","41","59","34","66","9","11","4","5","5","6","1","5","0","2","1","3","5","3","1","2","4","1"
"6881","02-10-16 15:15","England","Premier League","2016/2017","Tottenham","Manchester City","42","58","43","57","41","59","13","12","6","2","7","10","7","6","4","1","3","5","4","3","2","1","2","2"
"6882","02-10-16 13:00","England","Premier League","2016/2017","Manchester Utd","Stoke","67","33","68","32","66","34","24","7","11","4","13","3","9","6","4","3","5","3","7","1","3","1","4","0"
"6883","01-10-16 16:00","England","Premier League","2016/2017","Hull","Chelsea","40","60","40","60","40","60","8","22","5","6","3","16","3","9","2","0","1","9","2","9","0","5","2","4"
"6884","01-10-16 16:00","England","Premier League","2016/2017","Sunderland","West Brom","56","44","55","45","57","43","7","17","2","5","5","12","2","7","0","4","2","3","4","7","2","1","2","6"
"6885","01-10-16 16:00","England","Premier League","2016/2017","Watford","Bournemouth","48","52","53","47","43","57","17","11","10","3","7","8","7","2","3","1","4","1","5","6","2","2","3","4"
"6886","01-10-16 16:00","England","Premier League","2016/2017","West Ham","Middlesbrough","40","60","41","59","39","61","19","9","9","4","10","5","2","3","0","1","2","2","11","4","6","2","5","2"
"6887","01-10-16 13:30","England","Premier League","2016/2017","Swansea","Liverpool","41","59","37","63","45","55","8","18","6","4","2","14","3","6","3","0","0","6","4","3","3","1","1","2"
"6888","30-09-16 21:00","England","Premier League","2016/2017","Everton","Crystal Palace","57","43","56","44","58","42","13","10","7","2","6","8","3","2","2","0","1","2","6","2","3","0","3","2"
"6889","26-09-16 21:00","England","Premier League","2016/2017","Burnley","Watford","44","56","51","49","37","63","13","12","8","2","5","10","4","3","2","1","2","2","3","4","3","1","0","3"
"6890","25-09-16 17:00","England","Premier League","2016/2017","West Ham","Southampton","45","55","41","59","49","51","13","18","4","4","9","14","1","9","0","2","1","7","7","5","2","1","5","4"
"6891","24-09-16 18:30","England","Premier League","2016/2017","Arsenal","Chelsea","50","50","52","48","48","52","14","9","10","4","4","5","5","2","4","0","1","2","5","5","2","2","3","3"
"6892","24-09-16 16:00","England","Premier League","2016/2017","Bournemouth","Everton","53","47","57","43","49","51","12","13","9","7","3","6","1","2","1","2","0","0","7","6","5","2","2","4"
"6893","24-09-16 16:00","England","Premier League","2016/2017","Liverpool","Hull","74","26","76","24","72","28","32","2","15","0","17","2","12","1","7","0","5","1","9","1","5","0","4","1"
"6894","24-09-16 16:00","England","Premier League","2016/2017","Middlesbrough","Tottenham","41","59","41","59","41","59","6","19","3","9","3","10","2","5","0","4","2","1","2","7","1","2","1","5"
"6895","24-09-16 16:00","England","Premier League","2016/2017","Stoke","West Brom","56","44","61","39","51","49","12","9","5","4","7","5","2","3","1","0","1","3","4","3","2","3","2","0"
"6896","24-09-16 16:00","England","Premier League","2016/2017","Sunderland","Crystal Palace","46","54","43","57","49","51","11","20","3","11","8","9","4","4","1","1","3","3","4","12","1","8","3","4"
"6897","24-09-16 16:00","England","Premier League","2016/2017","Swansea","Manchester City","42","58","40","60","44","56","13","18","7","7","6","11","5","4","3","1","2","3","7","9","4","3","3","6"
"6898","24-09-16 13:30","England","Premier League","2016/2017","Manchester Utd","Leicester","67","33","66","34","68","32","16","10","10","5","6","5","7","3","5","0","2","3","8","1","5","1","3","0"
"6899","18-09-16 17:30","England","Premier League","2016/2017","Tottenham","Sunderland","74","26","72","28","76","24","31","6","19","3","12","3","9","2","6","2","3","0","15","3","8","1","7","2"
"6900","18-09-16 15:15","England","Premier League","2016/2017","Crystal Palace","Stoke","57","43","58","42","56","44","14","11","7","1","7","10","8","4","4","0","4","4","2","6","2","1","0","5"
"6901","18-09-16 15:15","England","Premier League","2016/2017","Southampton","Swansea","53","47","55","45","51","49","19","9","8","4","11","5","6","3","4","1","2","2","9","5","3","2","6","3"
"6902","18-09-16 13:00","England","Premier League","2016/2017","Watford","Manchester Utd","40","60","42","58","38","62","10","15","6","8","4","7","5","2","3","0","2","2","3","9","2","6","1","3"
"6903","17-09-16 18:30","England","Premier League","2016/2017","Everton","Middlesbrough","52","48","55","45","49","51","11","7","9","6","2","1","6","4","5","1","1","3","4","3","3","3","1","0"
"6904","17-09-16 16:00","England","Premier League","2016/2017","Hull","Arsenal","39","61","41","59","37","63","6","24","2","14","4","10","2","9","1","4","1","5","2","6","1","3","1","3"
"6905","17-09-16 16:00","England","Premier League","2016/2017","Leicester","Burnley","59","41","56","44","62","38","14","7","6","3","8","4","6","2","3","1","3","1","3","4","3","1","0","3"
"6906","17-09-16 16:00","England","Premier League","2016/2017","Manchester City","Bournemouth","64","36","68","32","60","40","20","6","11","1","9","5","12","2","6","1","6","1","3","3","1","0","2","3"
"6907","17-09-16 16:00","England","Premier League","2016/2017","West Brom","West Ham","29","71","28","72","30","70","8","23","5","10","3","13","6","5","4","1","2","4","2","9","1","5","1","4"
"6908","16-09-16 21:00","England","Premier League","2016/2017","Chelsea","Liverpool","53","47","47","53","59","41","12","13","7","8","5","5","4","5","2","4","2","1","3","2","2","2","1","0"
"6909","12-09-16 21:00","England","Premier League","2016/2017","Sunderland","Everton","33","67","35","65","31","69","11","20","4","6","7","14","2","9","0","2","2","7","1","8","1","3","0","5"
"6910","11-09-16 17:00","England","Premier League","2016/2017","Swansea","Chelsea","45","55","49","51","41","59","6","28","2","14","4","14","2","7","0","4","2","3","2","12","1","7","1","5"
"6911","10-09-16 18:30","England","Premier League","2016/2017","Liverpool","Leicester","63","37","63","37","63","37","17","12","10","5","7","7","11","3","7","1","4","2","2","4","1","2","1","2"
"6912","10-09-16 16:00","England","Premier League","2016/2017","Arsenal","Southampton","57","43","56","44","58","42","17","11","5","4","12","7","2","5","1","1","1","4","7","4","1","1","6","3"
"6913","10-09-16 16:00","England","Premier League","2016/2017","Bournemouth","West Brom","63","37","68","32","58","42","12","12","7","3","5","9","5","2","2","0","3","2","5","6","3","3","2","3"
"6914","10-09-16 16:00","England","Premier League","2016/2017","Burnley","Hull","39","61","48","52","30","70","13","11","3","2","10","9","2","3","0","1","2","2","6","8","1","1","5","7"
"6915","10-09-16 16:00","England","Premier League","2016/2017","Middlesbrough","Crystal Palace","58","42","54","46","62","38","12","11","4","7","8","4","4","4","2","2","2","2","5","3","2","2","3","1"
"6916","10-09-16 16:00","England","Premier League","2016/2017","Stoke","Tottenham","40","60","40","60","40","60","15","20","6","6","9","14","2","8","1","2","1","6","6","4","1","1","5","3"
"6917","10-09-16 16:00","England","Premier League","2016/2017","West Ham","Watford","58","42","52","48","64","36","19","13","11","6","8","7","4","8","3","3","1","5","11","3","6","2","5","1"
"6918","10-09-16 13:30","England","Premier League","2016/2017","Manchester Utd","Manchester City","40","60","35","65","45","55","14","18","6","6","8","12","3","6","3","2","0","4","6","8","1","3","5","5"
"6919","28-08-16 17:00","England","Premier League","2016/2017","Manchester City","West Ham","67","33","68","32","66","34","22","9","10","5","12","4","5","2","2","0","3","2","10","5","4","3","6","2"
"6920","28-08-16 14:30","England","Premier League","2016/2017","West Brom","Middlesbrough","41","59","38","62","44","56","13","7","10","1","3","6","2","2","2","0","0","2","6","4","5","1","1","3"
"6921","27-08-16 18:30","England","Premier League","2016/2017","Hull","Manchester Utd","38","62","37","63","39","61","8","29","5","11","3","18","2","9","2","3","0","6","4","12","2","4","2","8"
"6922","27-08-16 16:00","England","Premier League","2016/2017","Chelsea","Burnley","61","39","64","36","58","42","22","6","10","1","12","5","10","0","5","0","5","0","7","4","2","1","5","3"
"6923","27-08-16 16:00","England","Premier League","2016/2017","Crystal Palace","Bournemouth","59","41","39","61","78","22","24","10","4","8","20","2","5","3","1","2","4","1","12","4","1","3","11","1"
"6924","27-08-16 16:00","England","Premier League","2016/2017","Everton","Stoke","55","45","60","40","50","50","21","8","10","4","11","4","9","1","4","1","5","0","7","4","2","3","5","1"
"6925","27-08-16 16:00","England","Premier League","2016/2017","Leicester","Swansea","52","48","61","39","43","57","13","9","5","3","8","6","6","3","2","2","4","1","5","5","2","1","3","4"
"6926","27-08-16 16:00","England","Premier League","2016/2017","Southampton","Sunderland","64","36","58","42","70","30","16","5","6","2","10","3","7","2","2","0","5","2","5","2","3","2","2","0"
"6927","27-08-16 16:00","England","Premier League","2016/2017","Watford","Arsenal","45","55","37","63","53","47","14","10","4","7","10","3","6","7","0","6","6","1","6","2","3","0","3","2"
"6928","27-08-16 13:30","England","Premier League","2016/2017","Tottenham","Liverpool","49","51","48","52","50","50","11","13","4","6","7","7","4","3","1","3","3","0","5","4","1","1","4","3"
"6929","21-08-16 17:00","England","Premier League","2016/2017","West Ham","Bournemouth","47","53","46","54","48","52","15","9","11","1","4","8","2","5","1","0","1","5","8","1","5","0","3","1"
"6930","21-08-16 14:30","England","Premier League","2016/2017","Sunderland","Middlesbrough","47","53","41","59","53","47","18","8","4","5","14","3","5","3","0","3","5","0","6","2","3","1","3","1"
"6931","20-08-16 18:30","England","Premier League","2016/2017","Leicester","Arsenal","40","60","35","65","45","55","8","13","2","9","6","4","1","4","0","1","1","3","2","4","0","4","2","0"
"6932","20-08-16 16:00","England","Premier League","2016/2017","Burnley","Liverpool","20","80","22","78","18","82","3","26","2","13","1","13","2","5","2","2","0","3","1","13","0","5","1","8"
"6933","20-08-16 16:00","England","Premier League","2016/2017","Swansea","Hull","57","43","58","42","56","44","23","12","12","4","11","8","3","4","2","0","1","4","13","3","8","2","5","1"
"6934","20-08-16 16:00","England","Premier League","2016/2017","Tottenham","Crystal Palace","57","43","61","39","53","47","20","10","12","3","8","7","5","2","4","1","1","1","9","6","5","2","4","4"
"6935","20-08-16 16:00","England","Premier League","2016/2017","Watford","Chelsea","38","62","40","60","36","64","6","13","3","2","3","11","2","4","1","1","1","3","2","6","2","1","0","5"
"6936","20-08-16 16:00","England","Premier League","2016/2017","West Brom","Everton","34","66","31","69","37","63","11","13","3","3","8","10","4","7","2","2","2","5","5","5","1","1","4","4"
"6937","20-08-16 13:30","England","Premier League","2016/2017","Stoke","Manchester City","43","57","40","60","46","54","8","12","5","7","3","5","3","6","1","4","2","2","3","2","3","1","0","1"
"6938","19-08-16 21:00","England","Premier League","2016/2017","Manchester Utd","Southampton","43","57","47","53","39","61","12","13","4","6","8","7","5","1","3","1","2","0","6","9","1","3","5","6"
"6939","15-08-16 21:00","England","Premier League","2016/2017","Chelsea","West Ham","62","38","61","39","63","37","16","7","7","1","9","6","6","3","2","0","4","3","6","2","4","1","2","1"
"6940","14-08-16 17:00","England","Premier League","2016/2017","Arsenal","Liverpool","51","49","51","49","51","49","9","16","6","8","3","8","5","7","3","3","2","4","3","3","2","3","1","0"
"6941","14-08-16 14:30","England","Premier League","2016/2017","Bournemouth","Manchester Utd","47","53","51","49","43","57","9","11","3","5","6","6","3","7","0","3","3","4","2","2","2","1","0","1"
"6942","13-08-16 18:30","England","Premier League","2016/2017","Manchester City","Sunderland","77","23","74","26","81","19","16","7","8","5","8","2","4","3","3","2","1","1","8","2","5","1","3","1"
"6943","13-08-16 16:00","England","Premier League","2016/2017","Burnley","Swansea","47","53","41","59","53","47","10","17","2","8","8","9","3","9","1","4","2","5","5","6","1","3","4","3"
"6944","13-08-16 16:00","England","Premier League","2016/2017","Crystal Palace","West Brom","63","37","63","37","63","37","14","13","4","5","10","8","4","3","1","1","3","2","7","8","2","2","5","6"
"6945","13-08-16 16:00","England","Premier League","2016/2017","Everton","Tottenham","42","58","41","59","43","57","12","13","7","4","5","9","6","4","5","1","1","3","4","4","1","1","3","3"
"6946","13-08-16 16:00","England","Premier League","2016/2017","Middlesbrough","Stoke","46","54","44","56","48","52","12","12","7","4","5","8","2","1","1","0","1","1","6","9","3","4","3","5"
"6947","13-08-16 16:00","England","Premier League","2016/2017","Southampton","Watford","65","35","62","38","68","32","24","5","7","3","17","2","6","1","3","1","3","0","10","4","4","2","6","2"
"6948","13-08-16 13:30","England","Premier League","2016/2017","Hull","Leicester","50","50","56","44","44","56","14","18","7","10","7","8","5","5","2","1","3","4","7","9","5","6","2","3"
"6949","17-05-16 21:00","England","Premier League","2015/2016","Manchester Utd","Bournemouth","67","33","65","35","69","31","12","7","2","2","10","5","5","0","1","0","4","0","3","3","1","0","2","3"
"6950","15-05-16 16:00","England","Premier League","2015/2016","Arsenal","Aston Villa","60","40","58","42","63","37","16","5","6","3","10","2","7","2","2","1","5","1","7","0","2","0","5","0"
"6951","15-05-16 16:00","England","Premier League","2015/2016","Chelsea","Leicester","54","46","58","42","50","50","17","18","13","7","4","11","4","5","3","1","1","4","4","6","3","3","1","3"
"6952","15-05-16 16:00","England","Premier League","2015/2016","Everton","Norwich","46","54","46","54","46","54","15","10","10","7","5","3","8","2","6","1","2","1","4","6","2","4","2","2"
"6953","15-05-16 16:00","England","Premier League","2015/2016","Newcastle","Tottenham","37","63","42","58","32","68","19","17","10","6","9","11","10","5","4","2","6","3","3","6","1","2","2","4"
"6954","15-05-16 16:00","England","Premier League","2015/2016","Southampton","Crystal Palace","50","50","54","46","46","54","18","16","8","6","10","10","5","4","2","2","3","2","11","4","5","1","6","3"
"6955","15-05-16 16:00","England","Premier League","2015/2016","Stoke","West Ham","47","53","45","55","49","51","7","19","1","9","6","10","4","6","0","2","4","4","2","6","1","2","1","4"
"6956","15-05-16 16:00","England","Premier League","2015/2016","Swansea","Manchester City","50","50","55","45","45","55","4","18","3","13","1","5","1","5","1","5","0","0","2","10","1","6","1","4"
"6957","15-05-16 16:00","England","Premier League","2015/2016","Watford","Sunderland","54","46","51","49","57","43","21","6","11","4","10","2","6","4","3","2","3","2","11","1","5","1","6","0"
"6958","15-05-16 16:00","England","Premier League","2015/2016","West Brom","Liverpool","33","67","31","69","35","65","13","7","2","6","11","1","1","3","1","3","0","0","7","3","0","2","7","1"
"6959","11-05-16 21:00","England","Premier League","2015/2016","Liverpool","Chelsea","55","45","52","48","58","42","27","13","14","8","13","5","8","7","4","3","4","4","10","3","6","3","4","0"
"6960","11-05-16 20:45","England","Premier League","2015/2016","Norwich","Watford","56","44","59","41","53","47","18","11","11","3","7","8","6","7","5","3","1","4","6","2","3","0","3","2"
"6961","11-05-16 20:45","England","Premier League","2015/2016","Sunderland","Everton","38","62","44","56","32","68","13","17","8","2","5","15","7","6","4","0","3","6","3","5","1","2","2","3"
"6962","10-05-16 20:45","England","Premier League","2015/2016","West Ham","Manchester Utd","41","59","38","62","44","56","19","3","10","1","9","2","5","2","3","0","2","2","12","1","6","1","6","0"
"6963","08-05-16 17:00","England","Premier League","2015/2016","Liverpool","Watford","66","34","70","30","62","38","19","14","9","7","10","7","5","3","1","0","4","3","8","8","4","4","4","4"
"6964","08-05-16 17:00","England","Premier League","2015/2016","Manchester City","Arsenal","57","43","62","38","52","48","14","5","6","1","8","4","3","2","1","1","2","1","9","2","3","0","6","2"
"6965","08-05-16 14:30","England","Premier League","2015/2016","Tottenham","Southampton","71","29","69","31","73","27","20","10","11","4","9","6","6","2","5","1","1","1","9","5","4","2","5","3"
"6966","07-05-16 18:30","England","Premier League","2015/2016","Leicester","Everton","41","59","36","64","46","54","32","9","11","3","21","6","8","5","4","0","4","5","14","3","5","2","9","1"
"6967","07-05-16 16:00","England","Premier League","2015/2016","Aston Villa","Newcastle","46","54","54","46","38","62","2","9","1","2","1","7","0","3","0","1","0","2","2","5","1","1","1","4"
"6968","07-05-16 16:00","England","Premier League","2015/2016","Bournemouth","West Brom","69","31","71","29","67","33","12","12","4","6","8","6","4","4","1","3","3","1","6","6","3","2","3","4"
"6969","07-05-16 16:00","England","Premier League","2015/2016","Crystal Palace","Stoke","58","42","63","37","53","47","17","12","9","5","8","7","4","3","2","3","2","0","6","7","3","2","3","5"
"6970","07-05-16 16:00","England","Premier League","2015/2016","Sunderland","Chelsea","31","69","31","69","31","69","15","9","5","4","10","5","4","8","2","4","2","4","4","0","1","0","3","0"
"6971","07-05-16 16:00","England","Premier League","2015/2016","West Ham","Swansea","52","48","60","40","44","56","25","13","12","6","13","7","7","6","3","3","4","3","8","3","6","2","2","1"
"6972","07-05-16 13:45","England","Premier League","2015/2016","Norwich","Manchester Utd","33","67","38","62","27","73","8","15","3","8","5","7","2","2","1","1","1","1","3","6","0","1","3","5"
"6973","02-05-16 21:00","England","Premier League","2015/2016","Chelsea","Tottenham","48","52","47","53","49","51","13","16","6","10","7","6","5","5","1","2","4","3","5","5","4","4","1","1"
"6974","01-05-16 17:30","England","Premier League","2015/2016","Southampton","Manchester City","40","60","46","54","34","66","14","6","9","3","5","3","7","5","3","3","4","2","5","1","5","0","0","1"
"6975","01-05-16 15:05","England","Premier League","2015/2016","Manchester Utd","Leicester","70","30","72","28","68","32","21","14","11","5","10","9","6","3","3","1","3","2","7","7","2","3","5","4"
"6976","01-05-16 13:00","England","Premier League","2015/2016","Swansea","Liverpool","48","52","48","52","48","52","18","11","11","7","7","4","9","3","7","2","2","1","4","3","2","3","2","0"
"6977","30-04-16 18:30","England","Premier League","2015/2016","Arsenal","Norwich","69","31","69","31","69","31","14","12","7","7","7","5","3","3","0","3","3","0","6","6","3","4","3","2"
"6978","30-04-16 16:00","England","Premier League","2015/2016","Everton","Bournemouth","57","43","64","36","50","50","12","16","7","5","5","11","5","2","2","1","3","1","4","7","3","1","1","6"
"6979","30-04-16 16:00","England","Premier League","2015/2016","Newcastle","Crystal Palace","50","50","48","52","52","48","10","9","4","6","6","3","4","3","2","2","2","1","3","5","2","4","1","1"
"6980","30-04-16 16:00","England","Premier League","2015/2016","Stoke","Sunderland","53","47","58","42","47","53","11","14","5","8","6","6","3","5","1","3","2","2","6","5","2","3","4","2"
"6981","30-04-16 16:00","England","Premier League","2015/2016","Watford","Aston Villa","65","35","64","36","66","34","17","7","10","3","7","4","5","2","2","1","3","1","7","4","6","2","1","2"
"6982","30-04-16 16:00","England","Premier League","2015/2016","West Brom","West Ham","41","59","38","62","44","56","13","7","5","6","8","1","3","4","1","3","2","1","7","2","2","2","5","0"
"6983","25-04-16 21:00","England","Premier League","2015/2016","Tottenham","West Brom","66","34","72","28","60","40","19","16","12","6","7","10","2","3","2","0","0","3","9","8","4","2","5","6"
"6984","24-04-16 17:15","England","Premier League","2015/2016","Leicester","Swansea","38","62","38","62","38","62","18","9","5","4","13","5","9","1","4","0","5","1","6","4","0","2","6","2"
"6985","24-04-16 15:05","England","Premier League","2015/2016","Sunderland","Arsenal","30","70","25","75","36","64","12","19","6","11","6","8","3","6","0","4","3","2","6","5","3","3","3","2"
"6986","23-04-16 16:00","England","Premier League","2015/2016","Aston Villa","Southampton","42","58","46","54","38","62","15","17","10","9","5","8","6","7","3","2","3","5","7","6","5","4","2","2"
"6987","23-04-16 16:00","England","Premier League","2015/2016","Bournemouth","Chelsea","45","55","48","52","42","58","13","16","8","8","5","8","4","4","4","2","0","2","6","4","4","3","2","1"
"6988","23-04-16 16:00","England","Premier League","2015/2016","Liverpool","Newcastle","67","33","63","37","71","29","13","6","4","2","9","4","4","3","2","0","2","3","3","3","1","2","2","1"
"6989","23-04-16 13:45","England","Premier League","2015/2016","Manchester City","Stoke","53","47","61","39","45","55","11","14","5","6","6","8","6","2","2","1","4","1","3","11","2","5","1","6"
"6990","21-04-16 20:45","England","Premier League","2015/2016","Arsenal","West Brom","71","29","72","28","70","30","15","8","7","2","8","6","6","1","2","0","4","1","6","4","4","1","2","3"
"6991","20-04-16 21:00","England","Premier League","2015/2016","Liverpool","Everton","67","33","62","38","72","28","37","3","18","3","19","0","13","0","6","0","7","0","14","2","5","2","9","0"
"6992","20-04-16 21:00","England","Premier League","2015/2016","Manchester Utd","Crystal Palace","66","34","62","38","70","30","16","5","7","2","9","3","10","0","6","0","4","0","3","1","0","1","3","0"
"6993","20-04-16 20:45","England","Premier League","2015/2016","West Ham","Watford","46","54","44","56","49","51","18","7","10","3","8","4","7","4","4","2","3","2","6","2","4","0","2","2"
"6994","19-04-16 20:45","England","Premier League","2015/2016","Newcastle","Manchester City","43","57","45","55","41","59","5","9","3","2","2","7","3","5","2","1","1","4","2","3","1","1","1","2"
"6995","18-04-16 21:00","England","Premier League","2015/2016","Stoke","Tottenham","51","49","54","46","48","52","12","23","5","11","7","12","2","6","1","2","1","4","6","13","2","6","4","7"
"6996","17-04-16 17:00","England","Premier League","2015/2016","Arsenal","Crystal Palace","72","28","78","22","66","34","21","7","7","4","14","3","6","2","2","1","4","1","8","4","2","2","6","2"
"6997","17-04-16 14:30","England","Premier League","2015/2016","Bournemouth","Liverpool","51","49","53","47","49","51","17","19","6","11","11","8","4","6","1","5","3","1","5","9","2","3","3","6"
"6998","17-04-16 14:30","England","Premier League","2015/2016","Leicester","West Ham","43","57","49","51","37","63","6","19","3","6","3","13","2","4","1","1","1","3","4","12","2","4","2","8"
"6999","16-04-16 18:30","England","Premier League","2015/2016","Chelsea","Manchester City","52","48","52","48","52","48","11","11","6","5","5","6","4","7","1","5","3","2","3","2","2","0","1","2"
"7000","16-04-16 16:00","England","Premier League","2015/2016","Everton","Southampton","49","51","54","46","43","57","7","18","2","11","5","7","2","4","0","1","2","3","2","9","0","7","2","2"
"7001","16-04-16 16:00","England","Premier League","2015/2016","Manchester Utd","Aston Villa","66","34","66","34","66","34","13","7","7","3","6","4","4","1","2","0","2","1","7","4","3","2","4","2"
"7002","16-04-16 16:00","England","Premier League","2015/2016","Newcastle","Swansea","34","66","42","58","26","74","12","11","6","1","6","10","7","1","4","0","3","1","4","7","2","1","2","6"
"7003","16-04-16 16:00","England","Premier League","2015/2016","West Brom","Watford","57","43","53","47","61","39","16","11","8","5","8","6","4","4","1","2","3","2","8","4","4","2","4","2"
"7004","16-04-16 13:45","England","Premier League","2015/2016","Norwich","Sunderland","64","36","58","42","70","30","18","8","7","5","11","3","5","3","3","1","2","2","6","5","0","4","6","1"
"7005","13-04-16 21:00","England","Premier League","2015/2016","Crystal Palace","Everton","57","43","48","52","66","34","18","9","8","6","10","3","6","5","1","3","5","2","9","2","5","1","4","1"
"7006","10-04-16 17:00","England","Premier League","2015/2016","Liverpool","Stoke","53","47","53","47","53","47","14","10","5","7","9","3","6","3","3","2","3","1","4","6","1","5","3","1"
"7007","10-04-16 17:00","England","Premier League","2015/2016","Tottenham","Manchester Utd","47","53","40","60","54","46","16","5","4","2","12","3","8","1","0","0","8","1","7","1","3","0","4","1"
"7008","10-04-16 14:30","England","Premier League","2015/2016","Sunderland","Leicester","45","55","48","52","42","58","15","17","4","9","11","8","1","7","1","1","0","6","8","7","2","5","6","2"
"7009","09-04-16 18:30","England","Premier League","2015/2016","Manchester City","West Brom","62","38","63","37","61","39","13","13","6","6","7","7","4","2","1","1","3","1","4","6","2","2","2","4"
"7010","09-04-16 16:00","England","Premier League","2015/2016","Aston Villa","Bournemouth","41","59","42","58","40","60","6","12","3","7","3","5","1","3","0","2","1","1","5","6","3","3","2","3"
"7011","09-04-16 16:00","England","Premier League","2015/2016","Crystal Palace","Norwich","53","47","56","44","50","50","12","13","3","5","9","8","5","4","1","0","4","4","5","6","1","3","4","3"
"7012","09-04-16 16:00","England","Premier League","2015/2016","Southampton","Newcastle","51","49","55","45","47","53","20","5","11","1","9","4","6","3","4","0","2","3","9","1","5","0","4","1"
"7013","09-04-16 16:00","England","Premier League","2015/2016","Swansea","Chelsea","39","61","45","55","33","67","12","8","5","4","7","4","6","2","4","1","2","1","3","3","1","2","2","1"
"7014","09-04-16 16:00","England","Premier League","2015/2016","Watford","Everton","42","58","41","59","43","57","13","12","8","4","5","8","5","7","3","3","2","4","5","3","3","1","2","2"
"7015","09-04-16 13:45","England","Premier League","2015/2016","West Ham","Arsenal","39","61","43","57","35","65","19","10","9","6","10","4","7","5","4","4","3","1","7","3","3","1","4","2"
"7016","03-04-16 17:00","England","Premier League","2015/2016","Manchester Utd","Everton","54","46","53","47","55","45","10","7","7","1","3","6","2","1","0","0","2","1","3","1","3","0","0","1"
"7017","03-04-16 14:30","England","Premier League","2015/2016","Leicester","Southampton","46","54","52","48","40","60","11","9","5","4","6","5","4","1","1","1","3","0","2","5","1","2","1","3"
"7018","02-04-16 18:30","England","Premier League","2015/2016","Liverpool","Tottenham","42","58","47","53","37","63","15","18","7","6","8","12","7","5","4","2","3","3","2","7","0","1","2","6"
"7019","02-04-16 16:00","England","Premier League","2015/2016","Arsenal","Watford","69","31","70","30","68","32","19","6","11","1","8","5","12","2","6","1","6","1","4","2","2","0","2","2"
"7020","02-04-16 16:00","England","Premier League","2015/2016","Bournemouth","Manchester City","46","54","45","55","47","53","11","15","6","11","5","4","2","7","1","4","1","3","5","8","3","7","2","1"
"7021","02-04-16 16:00","England","Premier League","2015/2016","Norwich","Newcastle","41","59","44","56","38","62","13","13","5","2","8","11","6","5","4","0","2","5","5","7","1","2","4","5"
"7022","02-04-16 16:00","England","Premier League","2015/2016","Stoke","Swansea","47","53","50","50","44","56","12","12","6","6","6","6","5","3","2","1","3","2","5","5","2","4","3","1"
"7023","02-04-16 16:00","England","Premier League","2015/2016","Sunderland","West Brom","56","44","48","52","66","34","22","3","7","2","15","1","7","0","3","0","4","0","8","2","2","2","6","0"
"7024","02-04-16 16:00","England","Premier League","2015/2016","West Ham","Crystal Palace","67","33","73","27","61","39","18","11","10","4","8","7","6","4","5","2","1","2","6","4","3","2","3","2"
"7025","02-04-16 13:45","England","Premier League","2015/2016","Aston Villa","Chelsea","42","58","43","57","41","59","15","11","10","5","5","6","4","8","3","3","1","5","6","3","4","2","2","1"
"7026","20-03-16 17:00","England","Premier League","2015/2016","Manchester City","Manchester Utd","54","46","49","51","59","41","26","5","9","2","17","3","3","4","2","2","1","2","16","0","6","0","10","0"
"7027","20-03-16 17:00","England","Premier League","2015/2016","Tottenham","Bournemouth","63","37","68","32","58","42","16","2","8","1","8","1","7","0","4","0","3","0","8","2","3","1","5","1"
"7028","20-03-16 14:30","England","Premier League","2015/2016","Newcastle","Sunderland","60","40","57","43","64","36","16","14","6","10","10","4","7","4","1","3","6","1","7","7","5","6","2","1"
"7029","20-03-16 14:30","England","Premier League","2015/2016","Southampton","Liverpool","49","51","47","53","51","49","16","18","6","12","10","6","5","9","0","6","5","3","6","3","4","1","2","2"
"7030","19-03-16 18:30","England","Premier League","2015/2016","Swansea","Aston Villa","54","46","49","51","59","41","10","12","6","9","4","3","1","2","0","1","1","1","6","4","4","4","2","0"
"7031","19-03-16 16:00","England","Premier League","2015/2016","Chelsea","West Ham","59","41","57","43","61","39","22","12","7","6","15","6","5","5","3","2","2","3","11","3","3","2","8","1"
"7032","19-03-16 16:00","England","Premier League","2015/2016","Crystal Palace","Leicester","56","44","50","50","62","38","12","8","6","3","6","5","4","3","2","3","2","0","6","3","2","0","4","3"
"7033","19-03-16 16:00","England","Premier League","2015/2016","Watford","Stoke","52","48","43","57","61","39","9","9","4","4","5","5","4","6","1","2","3","4","4","2","2","1","2","1"
"7034","19-03-16 16:00","England","Premier League","2015/2016","West Brom","Norwich","50","50","53","47","46","54","10","7","8","5","2","2","0","1","0","0","0","1","6","4","5","3","1","1"
"7035","19-03-16 13:45","England","Premier League","2015/2016","Everton","Arsenal","54","46","45","55","63","37","8","11","5","7","3","4","2","3","1","3","1","0","5","4","3","2","2","2"
"7036","14-03-16 21:00","England","Premier League","2015/2016","Leicester","Newcastle","50","50","58","42","42","58","10","13","5","7","5","6","1","2","1","1","0","1","3","6","2","4","1","2"
"7037","13-03-16 17:00","England","Premier League","2015/2016","Aston Villa","Tottenham","38","62","42","58","34","66","11","19","3","12","8","7","2","8","1","6","1","2","5","6","1","4","4","2"
"7038","12-03-16 16:00","England","Premier League","2015/2016","Bournemouth","Swansea","44","56","42","58","46","54","12","12","6","6","6","6","4","4","1","1","3","3","6","6","5","5","1","1"
"7039","12-03-16 16:00","England","Premier League","2015/2016","Stoke","Southampton","61","39","62","38","60","40","13","11","6","5","7","6","2","4","0","4","2","0","7","5","5","1","2","4"
"7040","12-03-16 13:45","England","Premier League","2015/2016","Norwich","Manchester City","34","66","39","61","28","72","5","15","4","8","1","7","0","3","0","3","0","0","4","5","3","2","1","3"
"7041","06-03-16 17:00","England","Premier League","2015/2016","West Brom","Manchester Utd","47","53","42","58","52","48","9","7","6","2","3","5","2","1","1","1","1","0","3","2","2","0","1","2"
"7042","06-03-16 14:30","England","Premier League","2015/2016","Crystal Palace","Liverpool","38","62","37","63","39","61","14","19","8","5","6","14","4","5","3","0","1","5","6","6","5","2","1","4"
"7043","05-03-16 18:30","England","Premier League","2015/2016","Watford","Leicester","50","50","56","44","43","57","11","13","5","5","6","8","4","6","1","3","3","3","4","7","2","2","2","5"
"7044","05-03-16 16:00","England","Premier League","2015/2016","Chelsea","Stoke","48","52","52","48","44","56","20","16","11","6","9","10","7","5","3","1","4","4","8","7","4","4","4","3"
"7045","05-03-16 16:00","England","Premier League","2015/2016","Everton","West Ham","42","58","46","54","38","62","15","17","8","9","7","8","8","5","4","2","4","3","2","7","1","5","1","2"
"7046","05-03-16 16:00","England","Premier League","2015/2016","Manchester City","Aston Villa","71","29","78","22","64","36","22","2","13","1","9","1","9","1","4","1","5","0","10","0","7","0","3","0"
"7047","05-03-16 16:00","England","Premier League","2015/2016","Newcastle","Bournemouth","49","51","45","55","53","47","14","16","7","6","7","10","3","5","0","1","3","4","5","4","4","2","1","2"
"7048","05-03-16 16:00","England","Premier League","2015/2016","Southampton","Sunderland","65","35","59","41","71","29","16","11","6","3","10","8","5","3","3","0","2","3","3","4","2","2","1","2"
"7049","05-03-16 16:00","England","Premier League","2015/2016","Swansea","Norwich","56","44","58","42","54","46","10","8","3","2","7","6","3","3","0","2","3","1","5","3","3","0","2","3"
"7050","05-03-16 13:45","England","Premier League","2015/2016","Tottenham","Arsenal","52","48","54","46","50","50","26","10","10","4","16","6","11","4","4","2","7","2","7","2","1","1","6","1"
"7051","02-03-16 21:00","England","Premier League","2015/2016","Liverpool","Manchester City","50","50","54","46","46","54","11","3","4","2","7","1","7","1","3","0","4","1","3","2","0","2","3","0"
"7052","02-03-16 21:00","England","Premier League","2015/2016","Manchester Utd","Watford","61","39","64","36","58","42","14","13","6","8","8","5","3","3","1","3","2","0","6","6","5","3","1","3"
"7053","02-03-16 20:45","England","Premier League","2015/2016","Arsenal","Swansea","63","37","62","38","64","36","18","11","11","5","7","6","4","2","2","1","2","1","8","5","5","2","3","3"
"7054","02-03-16 20:45","England","Premier League","2015/2016","Stoke","Newcastle","55","45","64","36","46","54","9","5","2","3","7","2","2","3","1","2","1","1","5","1","1","0","4","1"
"7055","02-03-16 20:45","England","Premier League","2015/2016","West Ham","Tottenham","35","65","37","63","33","67","14","9","8","0","6","9","3","2","3","0","0","2","6","6","2","0","4","6"
"7056","01-03-16 20:45","England","Premier League","2015/2016","Aston Villa","Everton","46","54","40","60","52","48","14","9","6","3","8","6","5","6","3","3","2","3","4","1","1","0","3","1"
"7057","01-03-16 20:45","England","Premier League","2015/2016","Bournemouth","Southampton","45","55","50","50","40","60","9","6","6","4","3","2","4","1","2","0","2","1","2","3","1","2","1","1"
"7058","01-03-16 20:45","England","Premier League","2015/2016","Leicester","West Brom","65","35","59","41","71","29","22","11","12","3","10","8","5","3","3","1","2","2","11","6","6","0","5","6"
"7059","01-03-16 20:45","England","Premier League","2015/2016","Norwich","Chelsea","47","53","43","57","51","49","13","10","2","6","11","4","2","2","0","2","2","0","7","4","1","1","6","3"
"7060","01-03-16 20:45","England","Premier League","2015/2016","Sunderland","Crystal Palace","58","42","61","39","55","45","17","13","10","5","7","8","6","5","5","2","1","3","7","4","2","2","5","2"
"7061","28-02-16 15:05","England","Premier League","2015/2016","Manchester Utd","Arsenal","39","61","45","55","32","68","7","13","4","8","3","5","5","5","3","2","2","3","1","5","1","4","0","1"
"7062","28-02-16 15:05","England","Premier League","2015/2016","Tottenham","Swansea","57","43","59","41","55","45","34","10","11","5","23","5","14","4","5","2","9","2","14","2","5","1","9","1"
"7063","27-02-16 18:30","England","Premier League","2015/2016","West Brom","Crystal Palace","46","54","44","56","48","52","11","15","8","5","3","10","5","2","4","0","1","2","5","8","3","3","2","5"
"7064","27-02-16 16:00","England","Premier League","2015/2016","Leicester","Norwich","59","41","62","38","56","44","13","9","8","5","5","4","3","1","0","1","3","0","5","5","3","3","2","2"
"7065","27-02-16 16:00","England","Premier League","2015/2016","Southampton","Chelsea","34","66","36","64","32","68","7","16","5","5","2","11","2","4","1","1","1","3","3","9","2","3","1","6"
"7066","27-02-16 16:00","England","Premier League","2015/2016","Stoke","Aston Villa","55","45","52","48","58","42","11","5","4","3","7","2","3","1","0","0","3","1","6","4","3","3","3","1"
"7067","27-02-16 16:00","England","Premier League","2015/2016","Watford","Bournemouth","47","53","48","52","46","54","14","11","5","2","9","9","1","3","1","0","0","3","9","4","2","1","7","3"
"7068","27-02-16 13:45","England","Premier League","2015/2016","West Ham","Sunderland","53","47","62","38","44","56","9","13","5","3","4","10","3","4","3","0","0","4","6","6","2","2","4","4"
"7069","14-02-16 17:15","England","Premier League","2015/2016","Manchester City","Tottenham","46","54","35","65","57","43","19","6","5","3","14","3","4","3","1","1","3","2","7","2","1","1","6","1"
"7070","14-02-16 15:05","England","Premier League","2015/2016","Aston Villa","Liverpool","39","61","38","62","40","60","6","11","1","6","5","5","1","9","0","4","1","5","4","1","1","1","3","0"
"7071","14-02-16 13:00","England","Premier League","2015/2016","Arsenal","Leicester","72","28","67","33","77","23","24","7","4","5","20","2","6","3","0","3","6","0","12","4","2","2","10","2"
"7072","13-02-16 18:30","England","Premier League","2015/2016","Chelsea","Newcastle","55","45","46","54","64","36","14","10","9","5","5","5","7","3","5","2","2","1","3","2","2","1","1","1"
"7073","13-02-16 16:00","England","Premier League","2015/2016","Bournemouth","Stoke","65","35","62","38","68","32","11","11","2","6","9","5","2","6","0","3","2","3","4","4","0","2","4","2"
"7074","13-02-16 16:00","England","Premier League","2015/2016","Crystal Palace","Watford","54","46","46","54","62","38","15","10","6","4","9","6","5","4","2","2","3","2","7","2","2","2","5","0"
"7075","13-02-16 16:00","England","Premier League","2015/2016","Everton","West Brom","76","24","74","26","78","22","33","5","16","4","17","1","5","1","1","1","4","0","13","3","6","2","7","1"
"7076","13-02-16 16:00","England","Premier League","2015/2016","Norwich","West Ham","48","52","52","48","44","56","13","11","5","4","8","7","3","6","0","1","3","5","7","5","5","3","2","2"
"7077","13-02-16 16:00","England","Premier League","2015/2016","Swansea","Southampton","55","45","54","46","56","44","13","13","5","8","8","5","2","5","1","2","1","3","8","3","3","2","5","1"
"7078","13-02-16 13:45","England","Premier League","2015/2016","Sunderland","Manchester Utd","34","66","31","69","37","63","20","12","8","5","12","7","4","6","1","3","3","3","10","1","4","0","6","1"
"7079","07-02-16 17:00","England","Premier League","2015/2016","Chelsea","Manchester Utd","49","51","40","60","58","42","16","17","6","8","10","9","5","7","1","3","4","4","6","6","3","2","3","4"
"7080","07-02-16 14:30","England","Premier League","2015/2016","Bournemouth","Arsenal","51","49","44","56","58","42","17","10","6","6","11","4","4","5","1","2","3","3","7","2","1","1","6","1"
"7081","06-02-16 18:30","England","Premier League","2015/2016","Southampton","West Ham","34","66","49","51","19","81","8","18","5","7","3","11","2","2","2","1","0","1","3","6","1","1","2","5"
"7082","06-02-16 16:00","England","Premier League","2015/2016","Aston Villa","Norwich","49","51","58","42","40","60","10","11","5","4","5","7","3","3","1","2","2","1","4","4","2","2","2","2"
"7083","06-02-16 16:00","England","Premier League","2015/2016","Liverpool","Sunderland","72","28","82","18","62","38","16","7","6","2","10","5","5","2","1","0","4","2","7","4","3","2","4","2"
"7084","06-02-16 16:00","England","Premier League","2015/2016","Newcastle","West Brom","69","31","78","22","60","40","19","7","8","3","11","4","7","0","4","0","3","0","5","3","0","0","5","3"
"7085","06-02-16 16:00","England","Premier League","2015/2016","Stoke","Everton","66","34","69","31","63","37","11","14","4","4","7","10","3","6","1","3","2","3","5","3","3","0","2","3"
"7086","06-02-16 16:00","England","Premier League","2015/2016","Swansea","Crystal Palace","58","42","60","40","56","44","19","12","5","6","14","6","3","2","1","0","2","2","9","6","2","4","7","2"
"7087","06-02-16 16:00","England","Premier League","2015/2016","Tottenham","Watford","66","34","67","33","65","35","26","3","12","1","14","2","9","0","3","0","6","0","8","2","5","1","3","1"
"7088","06-02-16 13:45","England","Premier League","2015/2016","Manchester City","Leicester","66","34","73","27","59","41","22","14","9","6","13","8","4","7","1","3","3","4","12","5","5","2","7","3"
"7089","03-02-16 20:45","England","Premier League","2015/2016","Everton","Newcastle","56","44","62","38","50","50","18","7","7","2","11","5","7","3","2","0","5","3","8","2","4","1","4","1"
"7090","03-02-16 20:45","England","Premier League","2015/2016","Watford","Chelsea","45","55","45","55","45","55","12","12","10","4","2","8","3","4","3","0","0","4","2","3","0","1","2","2"
"7091","02-02-16 21:00","England","Premier League","2015/2016","Crystal Palace","Bournemouth","50","50","51","49","49","51","14","8","5","4","9","4","3","4","1","1","2","3","6","2","4","1","2","1"
"7092","02-02-16 21:00","England","Premier League","2015/2016","Manchester Utd","Stoke","47","53","47","53","47","53","15","10","12","6","3","4","5","0","4","0","1","0","5","7","3","3","2","4"
"7093","02-02-16 21:00","England","Premier League","2015/2016","West Brom","Swansea","45","55","45","55","45","55","16","18","6","6","10","12","6","4","2","2","4","2","7","8","4","2","3","6"
"7094","02-02-16 20:45","England","Premier League","2015/2016","Arsenal","Southampton","67","33","64","36","70","30","20","14","3","5","17","9","10","3","2","2","8","1","6","4","0","3","6","1"
"7095","02-02-16 20:45","England","Premier League","2015/2016","Leicester","Liverpool","36","64","42","58","28","72","13","14","8","7","5","7","6","2","4","1","2","1","4","5","3","2","1","3"
"7096","02-02-16 20:45","England","Premier League","2015/2016","Norwich","Tottenham","46","54","37","63","55","45","10","17","4","14","6","3","2","6","1","5","1","1","6","8","3","6","3","2"
"7097","02-02-16 20:45","England","Premier League","2015/2016","Sunderland","Manchester City","49","51","41","59","57","43","11","6","4","5","7","1","2","2","1","1","1","1","5","3","2","3","3","0"
"7098","02-02-16 20:45","England","Premier League","2015/2016","West Ham","Aston Villa","68","32","63","37","73","27","25","6","11","2","14","4","6","2","1","1","5","1","17","2","10","1","7","1"
"7099","24-01-16 17:00","England","Premier League","2015/2016","Arsenal","Chelsea","47","53","48","52","46","54","9","11","5","7","4","4","1","5","0","4","1","1","7","3","5","2","2","1"
"7100","24-01-16 14:30","England","Premier League","2015/2016","Everton","Swansea","60","40","51","49","69","31","20","7","8","4","12","3","2","5","1","2","1","3","11","1","4","1","7","0"
"7101","23-01-16 18:30","England","Premier League","2015/2016","West Ham","Manchester City","46","54","47","53","45","55","10","16","3","3","7","13","3","3","2","1","1","2","5","3","1","1","4","2"
"7102","23-01-16 16:00","England","Premier League","2015/2016","Crystal Palace","Tottenham","36","64","31","69","41","59","11","24","5","9","6","15","3","11","0","4","3","7","3","6","2","3","1","3"
"7103","23-01-16 16:00","England","Premier League","2015/2016","Leicester","Stoke","45","55","47","53","43","57","15","3","7","0","8","3","5","2","3","0","2","2","7","0","3","0","4","0"
"7104","23-01-16 16:00","England","Premier League","2015/2016","Manchester Utd","Southampton","56","44","57","43","55","45","8","7","5","2","3","5","1","2","1","0","0","2","5","5","4","2","1","3"
"7105","23-01-16 16:00","England","Premier League","2015/2016","Sunderland","Bournemouth","42","58","48","52","32","68","10","15","4","9","6","6","5","5","3","5","2","0","1","7","0","3","1","4"
"7106","23-01-16 16:00","England","Premier League","2015/2016","Watford","Newcastle","51","49","56","44","46","54","13","11","6","3","7","8","5","2","2","1","3","1","7","8","3","1","4","7"
"7107","23-01-16 16:00","England","Premier League","2015/2016","West Brom","Aston Villa","39","61","37","63","41","59","4","15","1","5","3","10","0","4","0","2","0","2","3","7","0","1","3","6"
"7108","23-01-16 13:45","England","Premier League","2015/2016","Norwich","Liverpool","47","53","48","52","46","54","6","13","3","5","3","8","5","7","2","1","3","6","0","2","0","2","0","0"
"7109","18-01-16 21:00","England","Premier League","2015/2016","Swansea","Watford","57","43","66","34","48","52","10","13","7","4","3","9","2","2","2","1","0","1","4","8","2","1","2","7"
"7110","17-01-16 17:15","England","Premier League","2015/2016","Stoke","Arsenal","45","55","47","53","43","57","13","8","5","4","8","4","5","3","1","2","4","1","3","1","3","0","0","1"
"7111","17-01-16 15:05","England","Premier League","2015/2016","Liverpool","Manchester Utd","53","47","50","50","56","44","19","7","7","2","12","5","4","1","1","0","3","1","10","5","5","1","5","4"
"7112","16-01-16 18:30","England","Premier League","2015/2016","Aston Villa","Leicester","56","44","56","44","56","44","14","12","5","7","9","5","5","5","2","4","3","1","5","5","2","1","3","4"
"7113","16-01-16 16:00","England","Premier League","2015/2016","Bournemouth","Norwich","46","54","53","47","39","61","14","10","6","4","8","6","7","3","2","2","5","1","6","3","4","1","2","2"
"7114","16-01-16 16:00","England","Premier League","2015/2016","Chelsea","Everton","55","45","51","49","59","41","14","9","1","5","13","4","7","4","1","1","6","3","3","3","0","2","3","1"
"7115","16-01-16 16:00","England","Premier League","2015/2016","Manchester City","Crystal Palace","53","47","54","46","52","48","17","9","13","6","4","3","4","3","2","3","2","0","6","5","5","3","1","2"
"7116","16-01-16 16:00","England","Premier League","2015/2016","Newcastle","West Ham","50","50","51","49","49","51","23","10","8","6","15","4","10","3","5","1","5","2","8","5","1","4","7","1"
"7117","16-01-16 16:00","England","Premier League","2015/2016","Southampton","West Brom","56","44","61","39","51","49","8","9","5","2","3","7","4","0","3","0","1","0","2","7","0","2","2","5"
"7118","16-01-16 13:45","England","Premier League","2015/2016","Tottenham","Sunderland","68","32","70","30","66","34","26","5","15","3","11","2","11","2","5","2","6","0","9","2","5","1","4","1"
"7119","13-01-16 21:00","England","Premier League","2015/2016","Liverpool","Arsenal","59","41","54","46","64","36","22","14","7","6","15","8","6","5","4","3","2","2","6","5","2","1","4","4"
"7120","13-01-16 21:00","England","Premier League","2015/2016","Tottenham","Leicester","62","38","66","34","58","42","21","10","10","3","11","7","5","2","3","1","2","1","5","3","3","2","2","1"
"7121","13-01-16 20:45","England","Premier League","2015/2016","Chelsea","West Brom","62","38","61","39","63","37","14","13","7","8","7","5","2","6","1","3","1","3","8","4","4","4","4","0"
"7122","13-01-16 20:45","England","Premier League","2015/2016","Manchester City","Everton","55","45","50","50","60","40","22","7","5","4","17","3","5","2","2","2","3","0","7","3","3","2","4","1"
"7123","13-01-16 20:45","England","Premier League","2015/2016","Southampton","Watford","50","50","48","52","52","48","14","4","8","2","6","2","6","1","4","0","2","1","7","0","3","0","4","0"
"7124","13-01-16 20:45","England","Premier League","2015/2016","Stoke","Norwich","64","36","54","46","74","26","14","5","8","3","6","2","4","2","1","1","3","1","7","3","5","2","2","1"
"7125","13-01-16 20:45","England","Premier League","2015/2016","Swansea","Sunderland","51","49","57","43","45","55","10","7","6","3","4","4","5","5","3","2","2","3","3","2","2","1","1","1"
"7126","12-01-16 20:45","England","Premier League","2015/2016","Aston Villa","Crystal Palace","51","49","57","43","45","55","13","8","9","4","4","4","3","1","1","0","2","1","3","6","2","4","1","2"
"7127","12-01-16 20:45","England","Premier League","2015/2016","Bournemouth","West Ham","48","52","52","48","44","56","11","10","5","4","6","6","4","5","2","2","2","3","3","4","1","2","2","2"
"7128","12-01-16 20:45","England","Premier League","2015/2016","Newcastle","Manchester Utd","54","46","56","44","52","48","14","12","3","8","11","4","6","4","2","2","4","2","4","4","1","3","3","1"
"7129","03-01-16 17:00","England","Premier League","2015/2016","Everton","Tottenham","41","59","36","64","46","54","12","19","3","13","9","6","3","4","1","2","2","2","4","4","1","3","3","1"
"7130","03-01-16 14:30","England","Premier League","2015/2016","Crystal Palace","Chelsea","40","60","41","59","39","61","8","10","5","4","3","6","4","4","2","2","2","2","2","2","2","0","0","2"
"7131","02-01-16 18:30","England","Premier League","2015/2016","Watford","Manchester City","48","52","46","54","51","49","11","16","6","8","5","8","3","5","2","2","1","3","6","7","3","4","3","3"
"7132","02-01-16 16:00","England","Premier League","2015/2016","Arsenal","Newcastle","51","49","50","50","52","48","16","16","5","7","11","9","3","6","0","4","3","2","11","5","3","1","8","4"
"7133","02-01-16 16:00","England","Premier League","2015/2016","Leicester","Bournemouth","53","47","41","59","65","35","16","9","5","4","11","5","2","0","0","0","2","0","12","4","5","3","7","1"
"7134","02-01-16 16:00","England","Premier League","2015/2016","Manchester Utd","Swansea","54","46","55","45","53","47","19","9","9","3","10","6","6","4","3","1","3","3","5","3","1","1","4","2"
"7135","02-01-16 16:00","England","Premier League","2015/2016","Norwich","Southampton","41","59","42","58","40","60","10","10","4","9","6","1","1","4","0","4","1","0","7","5","4","4","3","1"
"7136","02-01-16 16:00","England","Premier League","2015/2016","Sunderland","Aston Villa","45","55","43","57","47","53","13","8","5","4","8","4","6","3","2","2","4","1","4","5","3","2","1","3"
"7137","02-01-16 16:00","England","Premier League","2015/2016","West Brom","Stoke","46","54","45","55","47","53","16","10","5","7","11","3","5","3","1","2","4","1","5","2","3","0","2","2"
"7138","02-01-16 13:45","England","Premier League","2015/2016","West Ham","Liverpool","35","65","38","62","31","69","18","22","10","11","8","11","10","1","3","1","7","0","5","9","4","3","1","6"
"7139","30-12-15 20:45","England","Premier League","2015/2016","Sunderland","Liverpool","42","58","34","66","50","50","8","17","5","9","3","8","3","6","1","3","2","3","3","7","3","3","0","4"
"7140","29-12-15 20:45","England","Premier League","2015/2016","Leicester","Manchester City","40","60","37","63","43","57","11","21","5","11","6","10","4","5","1","4","3","1","7","9","4","6","3","3"
"7141","28-12-15 18:30","England","Premier League","2015/2016","Arsenal","Bournemouth","51","49","62","38","40","60","13","10","6","2","7","8","6","3","3","1","3","2","5","3","2","0","3","3"
"7142","28-12-15 18:30","England","Premier League","2015/2016","Manchester Utd","Chelsea","67","33","68","32","66","34","12","8","8","3","4","5","2","3","1","1","1","2","5","5","4","2","1","3"
"7143","28-12-15 18:30","England","Premier League","2015/2016","West Ham","Southampton","50","50","51","49","49","51","12","15","3","10","9","5","4","4","0","2","4","2","7","8","2","6","5","2"
"7144","28-12-15 16:00","England","Premier League","2015/2016","Crystal Palace","Swansea","54","46","55","45","53","47","10","5","3","0","7","5","2","3","0","0","2","3","6","0","3","0","3","0"
"7145","28-12-15 16:00","England","Premier League","2015/2016","Everton","Stoke","51","49","46","54","56","44","15","8","7","5","8","3","3","5","1","2","2","3","6","1","3","1","3","0"
"7146","28-12-15 16:00","England","Premier League","2015/2016","Norwich","Aston Villa","48","52","50","50","46","54","9","6","4","4","5","2","4","3","1","2","3","1","4","2","2","2","2","0"
"7147","28-12-15 16:00","England","Premier League","2015/2016","Watford","Tottenham","37","63","44","56","30","70","9","10","6","5","3","5","1","3","1","1","0","2","4","7","4","4","0","3"
"7148","28-12-15 16:00","England","Premier League","2015/2016","West Brom","Newcastle","52","48","54","46","50","50","21","7","12","3","9","4","4","2","1","1","3","1","5","3","4","1","1","2"
"7149","26-12-15 20:45","England","Premier League","2015/2016","Southampton","Arsenal","35","65","38","62","32","68","11","7","6","5","5","2","5","4","1","2","4","2","5","3","4","3","1","0"
"7150","26-12-15 18:30","England","Premier League","2015/2016","Newcastle","Everton","41","59","34","66","48","52","10","20","3","7","7","13","1","7","0","3","1","4","6","5","3","3","3","2"
"7151","26-12-15 16:00","England","Premier League","2015/2016","Aston Villa","West Ham","59","41","54","46","64","36","14","10","5","5","9","5","7","4","3","2","4","2","5","4","2","3","3","1"
"7152","26-12-15 16:00","England","Premier League","2015/2016","Bournemouth","Crystal Palace","55","45","59","41","51","49","9","8","5","7","4","1","3","5","2","2","1","3","4","4","3","4","1","0"
"7153","26-12-15 16:00","England","Premier League","2015/2016","Chelsea","Watford","62","38","58","42","66","34","17","12","6","6","11","6","2","3","1","1","1","2","8","4","4","4","4","0"
"7154","26-12-15 16:00","England","Premier League","2015/2016","Liverpool","Leicester","65","35","67","33","63","37","25","7","14","3","11","4","4","3","3","1","1","2","12","3","8","2","4","1"
"7155","26-12-15 16:00","England","Premier League","2015/2016","Manchester City","Sunderland","66","34","54","46","78","22","19","11","10","5","9","6","9","3","6","1","3","2","6","8","2","4","4","4"
"7156","26-12-15 16:00","England","Premier League","2015/2016","Swansea","West Brom","57","43","59","41","55","45","7","9","4","4","3","5","2","3","2","0","0","3","3","3","2","2","1","1"
"7157","26-12-15 16:00","England","Premier League","2015/2016","Tottenham","Norwich","60","40","61","39","59","41","15","11","8","7","7","4","10","3","5","2","5","1","3","7","3","4","0","3"
"7158","26-12-15 13:45","England","Premier League","2015/2016","Stoke","Manchester Utd","42","58","46","54","38","62","13","11","8","6","5","5","3","6","2","3","1","3","8","3","4","2","4","1"
"7159","21-12-15 21:00","England","Premier League","2015/2016","Arsenal","Manchester City","37","63","40","60","34","66","8","20","2","7","6","13","5","6","2","1","3","5","3","8","0","4","3","4"
"7160","20-12-15 17:00","England","Premier League","2015/2016","Swansea","West Ham","73","27","74","26","72","28","21","11","8","5","13","6","2","2","1","1","1","1","8","6","4","3","4","3"
"7161","20-12-15 14:30","England","Premier League","2015/2016","Watford","Liverpool","34","66","36","64","32","68","6","12","4","2","2","10","5","4","3","1","2","3","0","4","0","0","0","4"
"7162","19-12-15 18:30","England","Premier League","2015/2016","Newcastle","Aston Villa","47","53","50","50","44","56","8","10","3","3","5","7","4","7","3","2","1","5","4","3","0","1","4","2"
"7163","19-12-15 16:00","England","Premier League","2015/2016","Chelsea","Sunderland","68","32","73","27","63","37","17","11","9","3","8","8","7","3","4","0","3","3","6","6","3","2","3","4"
"7164","19-12-15 16:00","England","Premier League","2015/2016","Everton","Leicester","67","33","68","32","66","34","12","10","5","4","7","6","4","5","2","1","2","4","5","5","3","3","2","2"
"7165","19-12-15 16:00","England","Premier League","2015/2016","Manchester Utd","Norwich","70","30","70","30","70","30","11","6","5","2","6","4","2","4","0","1","2","3","6","2","4","1","2","1"
"7166","19-12-15 16:00","England","Premier League","2015/2016","Southampton","Tottenham","51","49","48","52","54","46","11","13","4","9","7","4","4","6","1","3","3","3","2","4","0","4","2","0"
"7167","19-12-15 16:00","England","Premier League","2015/2016","Stoke","Crystal Palace","59","41","54","46","64","36","26","12","8","3","18","9","5","3","1","1","4","2","10","7","5","2","5","5"
"7168","19-12-15 16:00","England","Premier League","2015/2016","West Brom","Bournemouth","32","68","27","73","37","63","6","16","1","7","5","9","2","7","0","2","2","5","2","4","1","2","1","2"
"7169","14-12-15 21:00","England","Premier League","2015/2016","Leicester","Chelsea","35","65","37","63","33","67","9","9","5","2","4","7","5","3","4","0","1","3","3","2","1","1","2","1"
"7170","13-12-15 17:00","England","Premier League","2015/2016","Liverpool","West Brom","70","30","66","34","75","25","28","4","13","2","15","2","8","2","5","1","3","1","11","2","6","1","5","1"
"7171","13-12-15 17:00","England","Premier League","2015/2016","Tottenham","Newcastle","58","42","58","42","58","42","20","8","11","2","9","6","8","4","4","0","4","4","7","2","4","1","3","1"
"7172","13-12-15 14:30","England","Premier League","2015/2016","Aston Villa","Arsenal","46","54","41","59","52","48","18","8","6","4","12","4","2","4","1","2","1","2","12","3","4","1","8","2"
"7173","12-12-15 18:30","England","Premier League","2015/2016","Bournemouth","Manchester Utd","43","57","41","59","45","55","11","11","6","6","5","5","5","5","3","4","2","1","6","3","3","2","3","1"
"7174","12-12-15 16:00","England","Premier League","2015/2016","Crystal Palace","Southampton","43","57","46","54","40","60","12","15","4","8","8","7","5","3","3","1","2","2","3","8","1","4","2","4"
"7175","12-12-15 16:00","England","Premier League","2015/2016","Manchester City","Swansea","53","47","60","40","46","54","13","13","4","3","9","10","5","7","3","2","2","5","4","3","0","1","4","2"
"7176","12-12-15 16:00","England","Premier League","2015/2016","Sunderland","Watford","47","53","42","58","52","48","14","12","5","7","9","5","2","7","0","4","2","3","11","2","5","2","6","0"
"7177","12-12-15 16:00","England","Premier League","2015/2016","West Ham","Stoke","47","53","45","55","49","51","21","12","7","4","14","8","8","3","3","0","5","3","6","4","0","2","6","2"
"7178","12-12-15 13:45","England","Premier League","2015/2016","Norwich","Everton","41","59","45","55","37","63","8","15","2","7","6","8","1","3","0","2","1","1","5","10","2","5","3","5"
"7179","07-12-15 21:00","England","Premier League","2015/2016","Everton","Crystal Palace","62","38","58","42","66","34","19","14","8","7","11","7","4","5","1","2","3","3","8","8","4","5","4","3"
"7180","06-12-15 17:00","England","Premier League","2015/2016","Newcastle","Liverpool","40","60","41","59","39","61","6","10","2","4","4","6","1","1","0","0","1","1","4","7","2","2","2","5"
"7181","05-12-15 18:30","England","Premier League","2015/2016","Chelsea","Bournemouth","63","37","60","40","67","33","19","15","8","8","11","7","6","5","4","3","2","2","9","4","4","2","5","2"
"7182","05-12-15 16:00","England","Premier League","2015/2016","Arsenal","Sunderland","73","27","73","27","73","27","15","11","4","4","11","7","6","4","1","1","5","3","4","6","2","3","2","3"
"7183","05-12-15 16:00","England","Premier League","2015/2016","Manchester Utd","West Ham","63","37","61","39","65","35","21","9","10","5","11","4","1","2","0","1","1","1","10","5","4","3","6","2"
"7184","05-12-15 16:00","England","Premier League","2015/2016","Southampton","Aston Villa","64","36","61","39","67","33","22","9","10","3","12","6","4","2","2","2","2","0","12","3","6","1","6","2"
"7185","05-12-15 16:00","England","Premier League","2015/2016","Swansea","Leicester","59","41","62","38","56","44","10","16","1","5","9","11","2","5","0","4","2","1","8","5","1","1","7","4"
"7186","05-12-15 16:00","England","Premier League","2015/2016","Watford","Norwich","51","49","56","44","46","54","14","6","5","2","9","4","7","1","2","0","5","1","4","3","1","2","3","1"
"7187","05-12-15 16:00","England","Premier League","2015/2016","West Brom","Tottenham","35","65","38","62","31","69","11","9","4","3","7","6","4","3","1","1","3","2","3","2","1","1","2","1"
"7188","05-12-15 13:45","England","Premier League","2015/2016","Stoke","Manchester City","47","53","42","58","52","48","7","11","4","4","3","7","4","4","2","2","2","2","3","6","2","2","1","4"
"7189","29-11-15 17:15","England","Premier League","2015/2016","Liverpool","Swansea","54","46","57","43","51","49","10","8","3","2","7","6","2","0","0","0","2","0","3","4","1","2","2","2"
"7190","29-11-15 17:15","England","Premier League","2015/2016","Norwich","Arsenal","37","63","33","67","41","59","7","11","3","7","4","4","2","2","2","2","0","0","4","5","1","3","3","2"
"7191","29-11-15 15:05","England","Premier League","2015/2016","West Ham","West Brom","61","39","59","41","64","36","17","7","8","2","9","5","6","3","3","0","3","3","8","4","4","2","4","2"
"7192","29-11-15 13:00","England","Premier League","2015/2016","Tottenham","Chelsea","57","43","59","41","55","45","9","5","7","3","2","2","4","1","3","0","1","1","2","3","2","2","0","1"
"7193","28-11-15 18:30","England","Premier League","2015/2016","Leicester","Manchester Utd","31","69","34","66","28","72","7","10","3","6","4","4","3","2","2","1","1","1","2","4","0","2","2","2"
"7194","28-11-15 16:00","England","Premier League","2015/2016","Aston Villa","Watford","66","34","69","31","63","37","12","14","11","6","1","8","6","6","5","3","1","3","4","2","4","1","0","1"
"7195","28-11-15 16:00","England","Premier League","2015/2016","Bournemouth","Everton","57","43","48","52","66","34","18","11","5","5","13","6","9","6","2","4","7","2","5","1","2","0","3","1"
"7196","28-11-15 16:00","England","Premier League","2015/2016","Crystal Palace","Newcastle","54","46","56","44","52","48","19","7","6","4","13","3","8","2","3","2","5","0","6","1","1","0","5","1"
"7197","28-11-15 16:00","England","Premier League","2015/2016","Manchester City","Southampton","46","54","41","59","51","49","15","12","10","6","5","6","8","8","5","3","3","5","1","2","1","2","0","0"
"7198","28-11-15 16:00","England","Premier League","2015/2016","Sunderland","Stoke","48","52","40","60","56","44","18","7","5","3","13","4","5","3","1","1","4","2","7","3","1","2","6","1"
"7199","23-11-15 21:00","England","Premier League","2015/2016","Crystal Palace","Sunderland","67","33","61","39","73","27","19","11","6","4","13","7","7","3","2","0","5","3","8","6","2","3","6","3"
"7200","22-11-15 17:00","England","Premier League","2015/2016","Tottenham","West Ham","56","44","63","37","49","51","22","10","10","7","12","3","12","4","4","2","8","2","5","3","3","3","2","0"
"7201","21-11-15 18:30","England","Premier League","2015/2016","Manchester City","Liverpool","59","41","63","37","55","45","11","14","3","6","8","8","3","9","1","4","2","5","5","2","1","2","4","0"
"7202","21-11-15 16:00","England","Premier League","2015/2016","Chelsea","Norwich","65","35","60","40","70","30","21","4","10","3","11","1","7","2","3","1","4","1","9","1","5","1","4","0"
"7203","21-11-15 16:00","England","Premier League","2015/2016","Everton","Aston Villa","60","40","66","34","54","46","16","10","6","3","10","7","9","3","5","0","4","3","4","3","0","2","4","1"
"7204","21-11-15 16:00","England","Premier League","2015/2016","Newcastle","Leicester","54","46","51","49","57","43","8","18","4","8","4","10","0","7","0","3","0","4","4","5","2","1","2","4"
"7205","21-11-15 16:00","England","Premier League","2015/2016","Southampton","Stoke","58","42","55","45","61","39","16","15","9","7","7","8","1","3","0","3","1","0","14","11","9","3","5","8"
"7206","21-11-15 16:00","England","Premier League","2015/2016","Swansea","Bournemouth","43","57","41","59","45","55","11","16","6","7","5","9","4","4","4","3","0","1","2","6","1","1","1","5"
"7207","21-11-15 16:00","England","Premier League","2015/2016","West Brom","Arsenal","28","72","35","65","21","79","4","11","2","4","2","7","1","3","1","2","0","1","2","7","0","2","2","5"
"7208","21-11-15 13:45","England","Premier League","2015/2016","Watford","Manchester Utd","44","56","40","60","48","52","10","13","2","4","8","9","5","6","0","2","5","4","2","5","2","1","0","4"
"7209","08-11-15 17:00","England","Premier League","2015/2016","Arsenal","Tottenham","55","45","55","45","55","45","10","13","1","6","9","7","4","4","1","2","3","2","5","7","0","3","5","4"
"7210","08-11-15 17:00","England","Premier League","2015/2016","Liverpool","Crystal Palace","64","36","66","34","62","38","22","9","13","2","9","7","4","4","3","1","1","3","9","4","5","1","4","3"
"7211","08-11-15 14:30","England","Premier League","2015/2016","Aston Villa","Manchester City","40","60","48","52","32","68","3","13","2","3","1","10","0","3","0","1","0","2","3","5","2","1","1","4"
"7212","07-11-15 18:30","England","Premier League","2015/2016","Stoke","Chelsea","36","64","33","67","39","61","8","19","4","7","4","12","2","4","1","2","1","2","5","8","2","2","3","6"
"7213","07-11-15 16:00","England","Premier League","2015/2016","Leicester","Watford","40","60","41","59","39","61","12","8","4","5","8","3","6","4","2","2","4","2","4","4","2","3","2","1"
"7214","07-11-15 16:00","England","Premier League","2015/2016","Manchester Utd","West Brom","69","31","77","23","61","39","13","4","7","1","6","3","3","0","1","0","2","0","5","3","3","1","2","2"
"7215","07-11-15 16:00","England","Premier League","2015/2016","Norwich","Swansea","32","68","28","72","36","64","9","8","3","3","6","5","5","0","1","0","4","0","4","7","2","2","2","5"
"7216","07-11-15 16:00","England","Premier League","2015/2016","Sunderland","Southampton","35","65","33","67","37","63","9","11","2","5","7","6","3","4","1","2","2","2","5","3","1","2","4","1"
"7217","07-11-15 16:00","England","Premier League","2015/2016","West Ham","Everton","51","49","50","50","52","48","16","13","8","9","8","4","5","4","1","3","4","1","8","6","6","3","2","3"
"7218","07-11-15 13:45","England","Premier League","2015/2016","Bournemouth","Newcastle","68","32","66","34","70","30","20","2","12","1","8","1","5","1","4","1","1","0","8","1","4","0","4","1"
"7219","02-11-15 21:00","England","Premier League","2015/2016","Tottenham","Aston Villa","62","38","68","32","56","44","17","13","6","3","11","10","6","2","3","1","3","1","4","5","2","1","2","4"
"7220","01-11-15 17:00","England","Premier League","2015/2016","Southampton","Bournemouth","48","52","69","31","27","73","11","16","9","2","2","14","2","2","2","0","0","2","4","9","2","1","2","8"
"7221","01-11-15 14:30","England","Premier League","2015/2016","Everton","Sunderland","68","32","75","25","61","39","15","17","9","8","6","9","8","9","5","4","3","5","5","3","2","3","3","0"
"7222","31-10-15 16:00","England","Premier League","2015/2016","Crystal Palace","Manchester Utd","44","56","39","61","49","51","10","5","5","2","5","3","5","1","4","1","1","0","3","2","0","1","3","1"
"7223","31-10-15 16:00","England","Premier League","2015/2016","Manchester City","Norwich","72","28","71","29","73","27","21","5","10","3","11","2","5","3","3","1","2","2","10","1","4","1","6","0"
"7224","31-10-15 16:00","England","Premier League","2015/2016","Newcastle","Stoke","52","48","49","51","55","45","15","9","4","2","11","7","6","2","1","0","5","2","5","6","2","2","3","4"
"7225","31-10-15 16:00","England","Premier League","2015/2016","Swansea","Arsenal","54","46","56","44","52","48","8","14","4","5","4","9","3","5","1","1","2","4","1","7","1","3","0","4"
"7226","31-10-15 16:00","England","Premier League","2015/2016","Watford","West Ham","50","50","53","47","47","53","19","8","11","3","8","5","5","3","3","2","2","1","6","5","2","1","4","4"
"7227","31-10-15 16:00","England","Premier League","2015/2016","West Brom","Leicester","47","53","42","58","52","48","14","13","3","8","11","5","6","5","1","2","5","3","5","3","1","2","4","1"
"7228","31-10-15 13:45","England","Premier League","2015/2016","Chelsea","Liverpool","42","58","35","65","49","51","8","16","1","7","7","9","2","7","1","4","1","3","2","5","0","2","2","3"
"7229","25-10-15 17:15","England","Premier League","2015/2016","Liverpool","Southampton","61","39","60","40","62","38","15","8","9","4","6","4","2","3","1","2","1","1","8","3","4","1","4","2"
"7230","25-10-15 15:05","England","Premier League","2015/2016","Bournemouth","Tottenham","45","55","44","56","46","54","11","14","5","6","6","8","2","9","1","4","1","5","6","2","3","1","3","1"
"7231","25-10-15 15:05","England","Premier League","2015/2016","Manchester Utd","Manchester City","59","41","59","41","59","41","6","6","0","4","6","2","1","1","0","0","1","1","2","2","0","2","2","0"
"7232","25-10-15 13:00","England","Premier League","2015/2016","Sunderland","Newcastle","39","61","32","68","46","54","9","21","3","12","6","9","3","8","1","5","2","3","1","8","0","4","1","4"
"7233","24-10-15 18:30","England","Premier League","2015/2016","Arsenal","Everton","57","43","56","44","58","42","20","10","7","3","13","7","5","5","2","1","3","4","9","3","4","1","5","2"
"7234","24-10-15 16:00","England","Premier League","2015/2016","Aston Villa","Swansea","48","52","50","50","46","54","9","10","4","2","5","8","3","4","1","0","2","4","5","5","3","2","2","3"
"7235","24-10-15 16:00","England","Premier League","2015/2016","Leicester","Crystal Palace","48","52","53","47","43","57","12","9","7","1","5","8","3","4","2","1","1","3","5","3","3","0","2","3"
"7236","24-10-15 16:00","England","Premier League","2015/2016","Norwich","West Brom","61","39","63","37","59","41","16","7","9","5","7","2","3","4","2","2","1","2","9","3","4","3","5","0"
"7237","24-10-15 16:00","England","Premier League","2015/2016","Stoke","Watford","68","32","71","29","65","35","12","13","7","6","5","7","1","3","1","1","0","2","8","5","4","2","4","3"
"7238","24-10-15 16:00","England","Premier League","2015/2016","West Ham","Chelsea","45","55","37","63","53","47","12","9","6","4","6","5","5","3","3","1","2","2","4","5","2","3","2","2"
"7239","19-10-15 21:00","England","Premier League","2015/2016","Swansea","Stoke","55","45","46","54","64","36","14","9","4","5","10","4","2","2","1","1","1","1","10","6","3","3","7","3"
"7240","18-10-15 17:00","England","Premier League","2015/2016","Newcastle","Norwich","46","54","48","52","44","56","11","18","8","5","3","13","6","6","3","2","3","4","2","6","2","1","0","5"
"7241","17-10-15 18:30","England","Premier League","2015/2016","Watford","Arsenal","33","67","35","65","31","69","8","17","4","9","4","8","1","6","1","2","0","4","6","5","3","4","3","1"
"7242","17-10-15 16:00","England","Premier League","2015/2016","Chelsea","Aston Villa","49","51","50","50","48","52","9","8","5","4","4","4","3","1","2","1","1","0","3","4","1","3","2","1"
"7243","17-10-15 16:00","England","Premier League","2015/2016","Crystal Palace","West Ham","38","62","45","55","31","69","6","24","5","11","1","13","1","4","1","2","0","2","3","12","2","6","1","6"
"7244","17-10-15 16:00","England","Premier League","2015/2016","Everton","Manchester Utd","52","48","44","56","60","40","12","10","6","5","6","5","3","7","1","3","2","4","6","2","2","1","4","1"
"7245","17-10-15 16:00","England","Premier League","2015/2016","Manchester City","Bournemouth","55","45","48","52","62","38","15","5","8","2","7","3","11","1","8","1","3","0","4","3","0","0","4","3"
"7246","17-10-15 16:00","England","Premier League","2015/2016","Southampton","Leicester","50","50","55","45","45","55","14","26","9","7","5","19","6","7","4","2","2","5","6","11","3","4","3","7"
"7247","17-10-15 16:00","England","Premier League","2015/2016","West Brom","Sunderland","57","43","53","47","61","39","8","9","4","6","4","3","1","2","0","1","1","1","5","1","4","0","1","1"
"7248","17-10-15 13:45","England","Premier League","2015/2016","Tottenham","Liverpool","48","52","53","47","43","57","13","12","9","7","4","5","4","3","2","2","2","1","4","4","3","1","1","3"
"7249","04-10-15 17:00","England","Premier League","2015/2016","Arsenal","Manchester Utd","38","62","50","50","26","74","12","9","7","2","5","7","5","5","3","2","2","3","5","3","4","0","1","3"
"7250","04-10-15 17:00","England","Premier League","2015/2016","Swansea","Tottenham","45","55","42","58","48","52","11","19","5","10","6","9","2","11","2","6","0","5","5","4","1","2","4","2"
"7251","04-10-15 14:30","England","Premier League","2015/2016","Everton","Liverpool","50","50","49","51","51","49","14","13","5","9","9","4","4","4","3","3","1","1","2","5","1","4","1","1"
"7252","03-10-15 18:30","England","Premier League","2015/2016","Chelsea","Southampton","61","39","52","48","70","30","10","13","6","3","4","10","3","5","3","2","0","3","4","4","1","1","3","3"
"7253","03-10-15 16:00","England","Premier League","2015/2016","Aston Villa","Stoke","56","44","42","58","70","30","13","12","2","7","11","5","2","5","1","2","1","3","4","4","1","3","3","1"
"7254","03-10-15 16:00","England","Premier League","2015/2016","Bournemouth","Watford","54","46","54","46","54","46","12","11","4","4","8","7","6","2","1","1","5","1","4","5","2","1","2","4"
"7255","03-10-15 16:00","England","Premier League","2015/2016","Manchester City","Newcastle","65","35","63","37","67","33","23","6","12","6","11","0","11","4","4","4","7","0","8","1","5","1","3","0"
"7256","03-10-15 16:00","England","Premier League","2015/2016","Norwich","Leicester","66","34","63","37","69","31","17","16","4","9","13","7","2","5","0","2","2","3","9","9","3","6","6","3"
"7257","03-10-15 16:00","England","Premier League","2015/2016","Sunderland","West Ham","44","56","52","48","36","64","12","20","11","5","1","15","3","6","3","1","0","5","5","9","5","2","0","7"
"7258","03-10-15 13:45","England","Premier League","2015/2016","Crystal Palace","West Brom","61","39","59","41","63","37","21","7","13","5","8","2","8","2","5","0","3","2","7","3","5","3","2","0"
"7259","28-09-15 21:00","England","Premier League","2015/2016","West Brom","Everton","46","54","51","49","41","59","9","12","3","5","6","7","4","4","2","0","2","4","4","5","1","4","3","1"
"7260","27-09-15 17:00","England","Premier League","2015/2016","Watford","Crystal Palace","55","45","54","46","56","44","15","16","8","6","7","10","2","3","1","1","1","2","9","8","5","2","4","6"
"7261","26-09-15 18:30","England","Premier League","2015/2016","Newcastle","Chelsea","38","62","46","54","30","70","11","16","10","7","1","9","5","4","4","1","1","3","3","8","3","5","0","3"
"7262","26-09-15 16:00","England","Premier League","2015/2016","Leicester","Arsenal","49","51","48","52","50","50","16","26","7","8","9","18","7","12","2","4","5","8","6","1","3","0","3","1"
"7263","26-09-15 16:00","England","Premier League","2015/2016","Liverpool","Aston Villa","63","37","70","30","56","44","21","10","7","4","14","6","12","4","4","1","8","3","2","5","2","2","0","3"
"7264","26-09-15 16:00","England","Premier League","2015/2016","Manchester Utd","Sunderland","63","37","60","40","66","34","12","9","6","3","6","6","7","4","3","2","4","2","1","1","0","0","1","1"
"7265","26-09-15 16:00","England","Premier League","2015/2016","Southampton","Swansea","44","56","46","54","42","58","18","11","8","5","10","6","7","4","2","2","5","2","8","4","6","2","2","2"
"7266","26-09-15 16:00","England","Premier League","2015/2016","Stoke","Bournemouth","44","56","44","56","44","56","8","11","3","4","5","7","5","6","3","2","2","4","2","1","0","0","2","1"
"7267","26-09-15 16:00","England","Premier League","2015/2016","West Ham","Norwich","48","52","43","57","53","47","19","16","9","6","10","10","7","7","3","2","4","5","8","5","4","3","4","2"
"7268","26-09-15 13:45","England","Premier League","2015/2016","Tottenham","Manchester City","47","53","59","41","35","65","15","22","8","11","7","11","8","8","4","4","4","4","3","6","2","3","1","3"
"7269","20-09-15 17:00","England","Premier League","2015/2016","Liverpool","Norwich","60","40","58","42","62","38","23","7","7","2","16","5","7","2","2","0","5","2","7","4","2","2","5","2"
"7270","20-09-15 17:00","England","Premier League","2015/2016","Southampton","Manchester Utd","41","59","42","58","40","60","15","10","8","4","7","6","8","3","3","1","5","2","6","5","4","2","2","3"
"7271","20-09-15 14:30","England","Premier League","2015/2016","Tottenham","Crystal Palace","55","45","61","39","49","51","22","12","11","7","11","5","6","4","3","3","3","1","6","4","4","2","2","2"
"7272","19-09-15 18:30","England","Premier League","2015/2016","Manchester City","West Ham","72","28","67","33","77","23","27","6","10","3","17","3","8","3","4","2","4","1","9","3","4","1","5","2"
"7273","19-09-15 16:00","England","Premier League","2015/2016","Aston Villa","West Brom","60","40","52","48","68","32","12","11","5","6","7","5","3","6","0","3","3","3","5","2","2","1","3","1"
"7274","19-09-15 16:00","England","Premier League","2015/2016","Bournemouth","Sunderland","53","47","52","48","54","46","15","9","6","4","9","5","5","2","3","2","2","0","4","3","1","0","3","3"
"7275","19-09-15 16:00","England","Premier League","2015/2016","Newcastle","Watford","58","42","54","46","62","38","15","13","7","9","8","4","5","4","2","4","3","0","7","6","4","4","3","2"
"7276","19-09-15 16:00","England","Premier League","2015/2016","Stoke","Leicester","55","45","57","43","53","47","11","12","6","6","5","6","4","5","2","2","2","3","5","6","2","3","3","3"
"7277","19-09-15 16:00","England","Premier League","2015/2016","Swansea","Everton","48","52","46","54","50","50","12","17","5","7","7","10","3","2","1","1","2","1","6","7","2","2","4","5"
"7278","19-09-15 13:45","England","Premier League","2015/2016","Chelsea","Arsenal","64","36","54","46","74","26","22","9","8","4","14","5","7","2","4","1","3","1","5","4","2","2","3","2"
"7279","14-09-15 21:00","England","Premier League","2015/2016","West Ham","Newcastle","41","59","40","60","42","58","17","14","6","6","11","8","3","4","1","1","2","3","8","5","5","2","3","3"
"7280","13-09-15 17:00","England","Premier League","2015/2016","Leicester","Aston Villa","49","51","38","62","60","40","21","11","6","8","15","3","6","4","1","3","5","1","9","3","3","2","6","1"
"7281","13-09-15 14:30","England","Premier League","2015/2016","Sunderland","Tottenham","44","56","46","54","42","58","12","14","8","5","4","9","2","4","2","0","0","4","5","5","2","2","3","3"
"7282","12-09-15 18:30","England","Premier League","2015/2016","Manchester Utd","Liverpool","53","47","62","38","44","56","9","8","2","1","7","7","3","4","0","0","3","4","3","4","2","1","1","3"
"7283","12-09-15 16:00","England","Premier League","2015/2016","Arsenal","Stoke","66","34","69","31","63","37","29","9","13","3","16","6","12","4","6","2","6","2","9","2","5","0","4","2"
"7284","12-09-15 16:00","England","Premier League","2015/2016","Crystal Palace","Manchester City","42","58","46","54","38","62","10","21","7","7","3","14","2","7","1","4","1","3","6","10","4","1","2","9"
"7285","12-09-15 16:00","England","Premier League","2015/2016","Norwich","Bournemouth","49","51","50","50","48","52","12","7","4","2","8","5","4","2","1","1","3","1","8","3","3","1","5","2"
"7286","12-09-15 16:00","England","Premier League","2015/2016","Watford","Swansea","38","62","48","52","28","72","17","8","7","3","10","5","6","3","1","2","5","1","7","4","3","0","4","4"
"7287","12-09-15 16:00","England","Premier League","2015/2016","West Brom","Southampton","34","66","46","54","22","78","8","14","3","4","5","10","1","4","1","1","0","3","4","5","1","1","3","4"
"7288","12-09-15 13:45","England","Premier League","2015/2016","Everton","Chelsea","38","62","43","57","33","67","14","15","6","11","8","4","9","2","4","1","5","1","5","6","2","5","3","1"
"7289","30-08-15 17:00","England","Premier League","2015/2016","Swansea","Manchester Utd","35","65","38","62","32","68","9","11","5","7","4","4","4","4","1","2","3","2","4","6","3","4","1","2"
"7290","30-08-15 14:30","England","Premier League","2015/2016","Southampton","Norwich","62","38","66","34","58","42","23","6","10","2","13","4","8","1","3","0","5","1","13","3","6","1","7","2"
"7291","29-08-15 18:30","England","Premier League","2015/2016","Tottenham","Everton","50","50","49","51","51","49","20","8","10","3","10","5","6","3","4","2","2","1","8","4","3","1","5","3"
"7292","29-08-15 16:00","England","Premier League","2015/2016","Aston Villa","Sunderland","63","37","65","35","61","39","21","7","10","1","11","6","6","3","3","1","3","2","11","3","5","0","6","3"
"7293","29-08-15 16:00","England","Premier League","2015/2016","Bournemouth","Leicester","56","44","58","42","54","46","5","4","4","1","1","3","2","2","2","0","0","2","0","2","0","1","0","1"
"7294","29-08-15 16:00","England","Premier League","2015/2016","Chelsea","Crystal Palace","64","36","64","36","64","36","26","13","12","5","14","8","8","6","4","2","4","4","9","5","6","2","3","3"
"7295","29-08-15 16:00","England","Premier League","2015/2016","Liverpool","West Ham","63","37","64","36","62","38","13","12","4","6","9","6","1","5","0","2","1","3","7","4","3","3","4","1"
"7296","29-08-15 16:00","England","Premier League","2015/2016","Manchester City","Watford","59","41","67","33","51","49","18","7","8","2","10","5","5","0","2","0","3","0","8","2","3","0","5","2"
"7297","29-08-15 16:00","England","Premier League","2015/2016","Stoke","West Brom","49","51","59","41","39","61","12","15","6","7","6","8","4","5","3","4","1","1","5","6","2","2","3","4"
"7298","29-08-15 13:45","England","Premier League","2015/2016","Newcastle","Arsenal","26","74","30","70","22","78","1","22","1","10","0","12","0","9","0","2","0","7","1","5","1","3","0","2"
"7299","24-08-15 21:00","England","Premier League","2015/2016","Arsenal","Liverpool","66","34","57","43","75","25","19","15","3","11","16","4","5","8","1","5","4","3","9","4","1","3","8","1"
"7300","23-08-15 17:00","England","Premier League","2015/2016","Everton","Manchester City","45","55","49","51","41","59","10","16","5","9","5","7","1","9","1","5","0","4","5","3","4","1","1","2"
"7301","23-08-15 17:00","England","Premier League","2015/2016","Watford","Southampton","52","48","53","47","51","49","13","14","3","3","10","11","0","5","0","2","0","3","6","9","1","1","5","8"
"7302","23-08-15 14:30","England","Premier League","2015/2016","West Brom","Chelsea","44","56","40","60","48","52","15","15","3","9","12","6","6","5","2","4","4","1","6","7","1","3","5","4"
"7303","22-08-15 16:00","England","Premier League","2015/2016","Crystal Palace","Aston Villa","51","49","47","53","55","45","16","11","5","7","11","4","6","2","1","2","5","0","7","6","3","3","4","3"
"7304","22-08-15 16:00","England","Premier League","2015/2016","Leicester","Tottenham","42","58","39","61","45","55","13","19","6","6","7","13","2","6","0","1","2","5","5","9","2","3","3","6"
"7305","22-08-15 16:00","England","Premier League","2015/2016","Norwich","Stoke","46","54","43","57","49","51","21","6","9","2","12","4","7","1","3","1","4","0","8","4","4","1","4","3"
"7306","22-08-15 16:00","England","Premier League","2015/2016","Sunderland","Swansea","43","57","39","61","47","53","10","20","2","7","8","13","2","9","1","2","1","7","5","6","1","2","4","4"
"7307","22-08-15 16:00","England","Premier League","2015/2016","West Ham","Bournemouth","47","53","46","54","48","52","9","15","1","9","8","6","4","7","0","3","4","4","2","6","1","4","1","2"
"7308","22-08-15 13:45","England","Premier League","2015/2016","Manchester Utd","Newcastle","66","34","57","43","75","25","20","7","9","6","11","1","8","0","6","0","2","0","3","4","0","3","3","1"
"7309","17-08-15 21:00","England","Premier League","2015/2016","Liverpool","Bournemouth","56","44","58","42","54","46","18","13","7","1","11","12","2","2","1","0","1","2","11","6","5","1","6","5"
"7310","16-08-15 17:00","England","Premier League","2015/2016","Manchester City","Chelsea","49","51","53","47","45","55","18","10","9","4","9","6","8","3","4","0","4","3","6","4","4","2","2","2"
"7311","16-08-15 14:30","England","Premier League","2015/2016","Crystal Palace","Arsenal","41","59","38","62","44","56","11","19","4","14","7","5","4","6","2","5","2","1","4","6","0","4","4","2"
"7312","15-08-15 16:00","England","Premier League","2015/2016","Sunderland","Norwich","48","52","48","52","48","52","6","19","3","11","3","8","2","6","0","5","2","1","3","4","2","3","1","1"
"7313","15-08-15 16:00","England","Premier League","2015/2016","Swansea","Newcastle","65","35","57","43","73","27","19","4","9","4","10","0","6","2","3","2","3","0","6","2","3","2","3","0"
"7314","15-08-15 16:00","England","Premier League","2015/2016","Tottenham","Stoke","53","47","58","42","48","52","13","16","6","6","7","10","7","7","5","2","2","5","2","7","0","2","2","5"
"7315","15-08-15 16:00","England","Premier League","2015/2016","Watford","West Brom","59","41","63","37","55","45","16","6","8","3","8","3","5","0","3","0","2","0","8","5","4","2","4","3"
"7316","15-08-15 16:00","England","Premier League","2015/2016","West Ham","Leicester","65","35","61","39","69","31","10","11","4","7","6","4","3","6","0","6","3","0","3","3","3","0","0","3"
"7317","15-08-15 13:45","England","Premier League","2015/2016","Southampton","Everton","55","45","50","50","60","40","17","10","7","6","10","4","4","4","2","3","2","1","9","2","4","1","5","1"
"7318","14-08-15 20:45","England","Premier League","2015/2016","Aston Villa","Manchester Utd","45","55","47","53","43","57","5","9","1","5","4","4","1","2","0","1","1","1","3","4","1","2","2","2"
"7319","10-08-15 21:00","England","Premier League","2015/2016","West Brom","Manchester City","31","69","29","71","33","67","9","19","1","11","8","8","2","7","0","3","2","4","6","2","1","1","5","1"
"7320","09-08-15 17:00","England","Premier League","2015/2016","Stoke","Liverpool","47","53","52","48","42","58","7","8","5","3","2","5","1","3","1","0","0","3","4","1","3","0","1","1"
"7321","09-08-15 14:30","England","Premier League","2015/2016","Arsenal","West Ham","62","38","57","43","67","33","22","8","10","5","12","3","6","4","1","1","5","3","7","2","4","2","3","0"
"7322","09-08-15 14:30","England","Premier League","2015/2016","Newcastle","Southampton","55","45","59","41","51","49","8","15","4","6","4","9","3","5","2","2","1","3","3","7","0","3","3","4"
"7323","08-08-15 18:30","England","Premier League","2015/2016","Chelsea","Swansea","52","48","57","43","47","53","11","18","6","7","5","11","3","10","2","5","1","5","4","3","2","1","2","2"
"7324","08-08-15 16:00","England","Premier League","2015/2016","Bournemouth","Aston Villa","59","41","58","42","60","40","11","7","8","2","3","5","2","3","2","0","0","3","7","2","5","1","2","1"
"7325","08-08-15 16:00","England","Premier League","2015/2016","Everton","Watford","67","33","66","34","68","32","10","11","4","5","6","6","5","5","2","2","3","3","3","3","1","1","2","2"
"7326","08-08-15 16:00","England","Premier League","2015/2016","Leicester","Sunderland","44","56","46","54","42","58","19","10","9","4","10","6","8","5","5","2","3","3","7","3","2","1","5","2"
"7327","08-08-15 16:00","England","Premier League","2015/2016","Norwich","Crystal Palace","63","37","64","36","62","38","17","11","8","6","9","5","6","7","1","3","5","4","9","2","6","1","3","1"
"7328","08-08-15 13:45","England","Premier League","2015/2016","Manchester Utd","Tottenham","50","50","51","49","49","51","9","9","6","6","3","3","1","4","1","2","0","2","4","2","1","2","3","0"