season,date,home_team,away_team,home_goals,away_goals,home_xg,away_xg
2022,2022-08-05 19:00:00,Crystal Palace,Arsenal,0,2,1.20637,1.43601
2022,2022-08-06 11:30:00,Fulham,Liverpool,2,2,1.26822,2.34111
2022,2022-08-06 14:00:00,Bournemouth,Aston Villa,2,0,0.588341,0.488895
2022,2022-08-06 14:00:00,Leeds,Wolverhampton Wanderers,2,1,0.88917,1.10119
2022,2022-08-06 14:00:00,Newcastle United,Nottingham Forest,2,0,1.8591,0.235825
2022,2022-08-06 14:00:00,Tottenham,Southampton,4,1,1.6172,0.386546
2022,2022-08-06 16:30:00,Everton,Chelsea,0,1,0.541983,1.92315
2022,2022-08-07 13:00:00,Manchester United,Brighton,1,2,1.42103,1.7289
2022,2022-08-07 13:00:00,Leicester,Brentford,2,2,0.455695,0.931067
2022,2022-08-07 15:30:00,West Ham,Manchester City,0,2,0.246188,2.58739
2022,2022-08-13 11:30:00,Aston Villa,Everton,2,1,2.66696,1.37507
2022,2022-08-13 14:00:00,Brighton,Newcastle United,0,0,1.60835,0.183952
2022,2022-08-13 14:00:00,Manchester City,Bournemouth,4,0,1.69064,0.123946
2022,2022-08-13 14:00:00,Southampton,Leeds,2,2,1.40906,1.99694
2022,2022-08-13 14:00:00,Wolverhampton Wanderers,Fulham,0,0,0.975375,1.08813
2022,2022-08-13 14:00:00,Arsenal,Leicester,4,2,3.0107,0.690679
2022,2022-08-13 16:30:00,Brentford,Manchester United,4,0,1.38785,0.896038
2022,2022-08-14 13:00:00,Nottingham Forest,West Ham,1,0,1.9717,2.08634
2022,2022-08-14 15:30:00,Chelsea,Tottenham,2,2,1.83945,1.58708
2022,2022-08-15 19:00:00,Liverpool,Crystal Palace,1,1,2.23596,1.64468
2022,2022-08-20 11:30:00,Tottenham,Wolverhampton Wanderers,1,0,1.46608,0.686123
2022,2022-08-20 14:00:00,Crystal Palace,Aston Villa,3,1,2.91137,0.803828
2022,2022-08-20 14:00:00,Everton,Nottingham Forest,1,1,1.43408,0.918315
2022,2022-08-20 14:00:00,Fulham,Brentford,3,2,2.89934,1.59352
2022,2022-08-20 14:00:00,Leicester,Southampton,1,2,0.242948,1.24155
2022,2022-08-20 16:30:00,Bournemouth,Arsenal,0,3,0.211335,1.71081
2022,2022-08-21 13:00:00,Leeds,Chelsea,3,0,2.20971,0.692492
2022,2022-08-21 13:00:00,West Ham,Brighton,0,2,0.768634,1.82645
2022,2022-08-21 15:30:00,Newcastle United,Manchester City,3,3,2.2127,3.67382
2022,2022-08-22 19:00:00,Manchester United,Liverpool,2,1,2.01764,1.52301
2022,2022-08-27 11:30:00,Southampton,Manchester United,0,1,1.35887,1.34359
2022,2022-08-27 14:00:00,Brentford,Everton,1,1,2.28391,1.65465
2022,2022-08-27 14:00:00,Brighton,Leeds,1,0,1.60986,1.14874
2022,2022-08-27 14:00:00,Chelsea,Leicester,2,1,1.74916,1.96023
2022,2022-08-27 14:00:00,Liverpool,Bournemouth,9,0,4.86035,0.180991
2022,2022-08-27 14:00:00,Manchester City,Crystal Palace,4,2,2.3853,0.091976
2022,2022-08-27 16:30:00,Arsenal,Fulham,2,1,2.47427,0.926007
2022,2022-08-28 13:00:00,Aston Villa,West Ham,0,1,0.304555,0.334589
2022,2022-08-28 13:00:00,Wolverhampton Wanderers,Newcastle United,1,1,1.13248,1.93362
2022,2022-08-28 15:30:00,Nottingham Forest,Tottenham,0,2,0.801369,2.44473
2022,2022-08-30 18:30:00,Fulham,Brighton,2,1,1.07093,1.75359
2022,2022-08-30 18:30:00,Crystal Palace,Brentford,1,1,0.777363,1.61808
2022,2022-08-30 18:45:00,Southampton,Chelsea,2,1,1.44086,1.5047
2022,2022-08-30 19:00:00,Leeds,Everton,1,1,1.04551,1.17189
2022,2022-08-31 18:30:00,Manchester City,Nottingham Forest,6,0,3.83759,0.729752
2022,2022-08-31 18:30:00,Arsenal,Aston Villa,2,1,2.79971,0.297168
2022,2022-08-31 18:30:00,Bournemouth,Wolverhampton Wanderers,0,0,0.362035,1.53246
2022,2022-08-31 18:45:00,West Ham,Tottenham,1,1,1.52267,0.723285
2022,2022-08-31 19:00:00,Liverpool,Newcastle United,2,1,1.76119,0.643546
2022,2022-09-01 19:00:00,Leicester,Manchester United,0,1,0.615266,1.09969
2022,2022-09-03 11:30:00,Everton,Liverpool,0,0,1.39169,1.38617
2022,2022-09-03 14:00:00,Newcastle United,Crystal Palace,0,0,2.90672,0.920595
2022,2022-09-03 14:00:00,Nottingham Forest,Bournemouth,2,3,1.32895,0.905041
2022,2022-09-03 14:00:00,Tottenham,Fulham,2,1,2.67823,0.381556
2022,2022-09-03 14:00:00,Wolverhampton Wanderers,Southampton,1,0,1.10039,1.20838
2022,2022-09-03 14:00:00,Brentford,Leeds,5,2,2.7485,1.796
2022,2022-09-03 14:00:00,Chelsea,West Ham,2,1,0.707333,1.4196
2022,2022-09-03 16:30:00,Aston Villa,Manchester City,1,1,0.279392,1.92143
2022,2022-09-04 13:00:00,Brighton,Leicester,5,2,2.73166,1.06549
2022,2022-09-04 15:30:00,Manchester United,Arsenal,3,1,2.02904,1.42238
2022,2022-09-16 19:00:00,Aston Villa,Southampton,1,0,1.34365,0.218302
2022,2022-09-16 19:00:00,Nottingham Forest,Fulham,2,3,1.41541,1.3496
2022,2022-09-17 11:30:00,Wolverhampton Wanderers,Manchester City,0,3,0.310995,1.4242
2022,2022-09-17 14:00:00,Newcastle United,Bournemouth,1,1,1.54758,0.976948
2022,2022-09-17 16:30:00,Tottenham,Leicester,6,2,1.98619,1.59449
2022,2022-09-18 11:00:00,Brentford,Arsenal,0,3,0.54011,1.32021
2022,2022-09-18 13:15:00,Everton,West Ham,1,0,0.39773,0.655351
2022,2022-10-01 11:30:00,Arsenal,Tottenham,3,1,2.48403,1.5027
2022,2022-10-01 14:00:00,Bournemouth,Brentford,0,0,0.758128,1.046
2022,2022-10-01 14:00:00,Crystal Palace,Chelsea,1,2,0.70987,1.25506
2022,2022-10-01 14:00:00,Fulham,Newcastle United,1,4,0.683701,4.67198
2022,2022-10-01 14:00:00,Liverpool,Brighton,3,3,2.1515,2.36567
2022,2022-10-01 14:00:00,Southampton,Everton,1,2,1.95961,1.99979
2022,2022-10-01 16:30:00,West Ham,Wolverhampton Wanderers,2,0,1.03934,0.575988
2022,2022-10-02 13:00:00,Manchester City,Manchester United,6,3,3.01103,1.71335
2022,2022-10-02 15:30:00,Leeds,Aston Villa,0,0,0.298626,1.89645
2022,2022-10-03 19:00:00,Leicester,Nottingham Forest,4,0,1.2497,1.22169
2022,2022-10-08 14:00:00,Bournemouth,Leicester,2,1,1.14891,1.18125
2022,2022-10-08 14:00:00,Chelsea,Wolverhampton Wanderers,3,0,2.43092,0.748449
2022,2022-10-08 14:00:00,Manchester City,Southampton,4,0,2.73536,0.101148
2022,2022-10-08 14:00:00,Newcastle United,Brentford,5,1,2.44631,1.13466
2022,2022-10-08 16:30:00,Brighton,Tottenham,0,1,0.899735,0.771641
2022,2022-10-09 13:00:00,Crystal Palace,Leeds,2,1,1.65194,1.06564
2022,2022-10-09 13:00:00,West Ham,Fulham,3,1,3.43676,0.549848
2022,2022-10-09 15:30:00,Arsenal,Liverpool,3,2,2.81968,0.765151
2022,2022-10-09 18:00:00,Everton,Manchester United,1,2,0.365844,1.82612
2022,2022-10-10 19:00:00,Nottingham Forest,Aston Villa,1,1,0.221346,0.657187
2022,2022-10-14 19:00:00,Brentford,Brighton,2,0,1.90636,2.15668
2022,2022-10-15 11:30:00,Leicester,Crystal Palace,0,0,0.973426,0.346808
2022,2022-10-15 14:00:00,Fulham,Bournemouth,2,2,1.61738,1.62829
2022,2022-10-15 14:00:00,Wolverhampton Wanderers,Nottingham Forest,1,0,1.22368,1.24761
2022,2022-10-15 16:30:00,Tottenham,Everton,2,0,2.49409,0.560039
2022,2022-10-16 13:00:00,Aston Villa,Chelsea,0,2,2.44542,1.23643
2022,2022-10-16 13:00:00,Leeds,Arsenal,0,1,2.02232,0.821757
2022,2022-10-16 13:00:00,Manchester United,Newcastle United,0,0,1.41606,0.78815
2022,2022-10-16 13:00:00,Southampton,West Ham,1,1,0.524479,1.70727
2022,2022-10-16 15:30:00,Liverpool,Manchester City,1,0,1.9992,0.911493
2022,2022-10-18 18:30:00,Brighton,Nottingham Forest,0,0,2.10188,0.195003
2022,2022-10-18 19:15:00,Crystal Palace,Wolverhampton Wanderers,2,1,1.25617,0.857837
2022,2022-10-19 18:30:00,Bournemouth,Southampton,0,1,0.810452,1.23878
2022,2022-10-19 18:30:00,Brentford,Chelsea,0,0,1.45228,0.557405
2022,2022-10-19 18:30:00,Newcastle United,Everton,1,0,1.13393,0.0609567
2022,2022-10-19 18:30:00,Liverpool,West Ham,1,0,2.24066,2.48649
2022,2022-10-19 19:15:00,Manchester United,Tottenham,2,0,1.70973,0.658526
2022,2022-10-20 18:30:00,Fulham,Aston Villa,3,0,2.892,0.711487
2022,2022-10-20 19:15:00,Leicester,Leeds,2,0,0.655249,1.19464
2022,2022-10-22 11:30:00,Nottingham Forest,Liverpool,1,0,2.50163,2.19752
2022,2022-10-22 14:00:00,Everton,Crystal Palace,3,0,1.93396,0.597167
2022,2022-10-22 14:00:00,Manchester City,Brighton,3,1,1.86239,0.52863
2022,2022-10-22 15:30:00,Chelsea,Manchester United,1,1,1.20238,0.730935
2022,2022-10-23 13:00:00,Aston Villa,Brentford,4,0,3.45617,1.00462
2022,2022-10-23 13:00:00,Leeds,Fulham,2,3,1.96384,2.47512
2022,2022-10-23 13:00:00,Southampton,Arsenal,1,1,0.622653,1.57897
2022,2022-10-23 13:00:00,Wolverhampton Wanderers,Leicester,0,4,1.61785,0.989075
2022,2022-10-23 15:30:00,Tottenham,Newcastle United,1,2,1.56513,1.1294
2022,2022-10-24 19:00:00,West Ham,Bournemouth,2,0,1.97715,0.730443
2022,2022-10-29 11:30:00,Leicester,Manchester City,0,1,0.693597,0.703827
2022,2022-10-29 14:00:00,Bournemouth,Tottenham,2,3,0.887533,2.1946
2022,2022-10-29 14:00:00,Brentford,Wolverhampton Wanderers,1,1,1.29257,0.557605
2022,2022-10-29 14:00:00,Brighton,Chelsea,4,1,2.881,1.07554
2022,2022-10-29 14:00:00,Crystal Palace,Southampton,1,0,1.00384,1.35803
2022,2022-10-29 14:00:00,Newcastle United,Aston Villa,4,0,4.18808,0.270814
2022,2022-10-29 16:30:00,Fulham,Everton,0,0,1.76438,1.19166
2022,2022-10-29 18:45:00,Liverpool,Leeds,1,2,1.90889,1.61271
2022,2022-10-30 14:00:00,Arsenal,Nottingham Forest,5,0,3.00699,0.206127
2022,2022-10-30 16:15:00,Manchester United,West Ham,1,0,1.7514,1.00033
2022,2022-11-05 15:00:00,Leeds,Bournemouth,4,3,2.22532,1.55594
2022,2022-11-05 15:00:00,Manchester City,Fulham,2,1,2.39332,0.843884
2022,2022-11-05 15:00:00,Nottingham Forest,Brentford,2,2,1.29696,1.2204
2022,2022-11-05 15:00:00,Wolverhampton Wanderers,Brighton,2,3,1.29252,1.87375
2022,2022-11-05 17:30:00,Everton,Leicester,0,2,1.3729,2.2679
2022,2022-11-06 12:00:00,Chelsea,Arsenal,0,1,0.278815,2.37846
2022,2022-11-06 14:00:00,Aston Villa,Manchester United,3,1,0.578563,0.517189
2022,2022-11-06 14:00:00,Southampton,Newcastle United,1,4,1.65228,1.42101
2022,2022-11-06 14:00:00,West Ham,Crystal Palace,1,2,0.192579,1.03344
2022,2022-11-06 16:30:00,Tottenham,Liverpool,1,2,1.81736,1.46548
2022,2022-11-12 12:30:00,Manchester City,Brentford,1,2,1.605,3.29012
2022,2022-11-12 15:00:00,Bournemouth,Everton,3,0,2.45642,0.768756
2022,2022-11-12 15:00:00,Liverpool,Southampton,3,1,2.74418,1.43427
2022,2022-11-12 15:00:00,Nottingham Forest,Crystal Palace,1,0,1.23752,1.14552
2022,2022-11-12 15:00:00,Tottenham,Leeds,4,3,2.58046,1.71731
2022,2022-11-12 15:00:00,West Ham,Leicester,0,2,0.720721,1.60566
2022,2022-11-12 17:30:00,Newcastle United,Chelsea,1,0,1.3601,0.359105
2022,2022-11-12 19:45:00,Wolverhampton Wanderers,Arsenal,0,2,0.512339,2.27996
2022,2022-11-13 14:00:00,Brighton,Aston Villa,1,2,0.829107,1.15437
2022,2022-11-13 16:30:00,Fulham,Manchester United,1,2,1.70218,3.37664
2022,2022-12-26 12:30:00,Brentford,Tottenham,2,2,2.25263,0.883787
2022,2022-12-26 15:00:00,Crystal Palace,Fulham,0,3,0.421754,2.69927
2022,2022-12-26 15:00:00,Everton,Wolverhampton Wanderers,1,2,1.22653,1.22076
2022,2022-12-26 15:00:00,Leicester,Newcastle United,0,3,0.31099,1.76382
2022,2022-12-26 15:00:00,Southampton,Brighton,1,3,1.70709,1.00714
2022,2022-12-26 17:30:00,Aston Villa,Liverpool,1,3,1.69155,3.50694
2022,2022-12-26 20:00:00,Arsenal,West Ham,3,1,1.88828,1.02652
2022,2022-12-27 17:30:00,Chelsea,Bournemouth,2,0,1.91378,0.44307
2022,2022-12-27 20:00:00,Manchester United,Nottingham Forest,3,0,2.13668,0.477076
2022,2022-12-28 20:00:00,Leeds,Manchester City,1,3,0.603751,4.16249
2022,2022-12-30 19:45:00,West Ham,Brentford,0,2,1.13979,1.51436
2022,2022-12-30 20:00:00,Liverpool,Leicester,2,1,2.02463,0.863312
2022,2022-12-31 12:30:00,Wolverhampton Wanderers,Manchester United,0,1,0.587672,2.44728
2022,2022-12-31 15:00:00,Bournemouth,Crystal Palace,0,2,0.895819,1.75264
2022,2022-12-31 15:00:00,Fulham,Southampton,2,1,1.49305,0.698711
2022,2022-12-31 15:00:00,Manchester City,Everton,1,1,2.36333,0.0760019
2022,2022-12-31 15:00:00,Newcastle United,Leeds,0,0,2.78846,0.517099
2022,2022-12-31 17:30:00,Brighton,Arsenal,2,4,1.15663,3.22106
2022,2023-01-01 14:00:00,Tottenham,Aston Villa,0,2,0.569383,1.21733
2022,2023-01-01 16:30:00,Nottingham Forest,Chelsea,1,1,0.985219,1.37305
2022,2023-01-02 17:30:00,Brentford,Liverpool,3,1,2.0991,2.10461
2022,2023-01-03 19:45:00,Arsenal,Newcastle United,0,0,0.970637,0.959523
2022,2023-01-03 19:45:00,Everton,Brighton,1,4,1.16896,2.50731
2022,2023-01-03 19:45:00,Leicester,Fulham,0,1,1.45221,1.33493
2022,2023-01-03 20:00:00,Manchester United,Bournemouth,3,0,2.97383,0.679022
2022,2023-01-04 19:30:00,Southampton,Nottingham Forest,0,1,0.62937,1.22324
2022,2023-01-04 19:45:00,Leeds,West Ham,2,2,1.2577,1.29245
2022,2023-01-04 20:00:00,Aston Villa,Wolverhampton Wanderers,1,1,1.03226,0.832522
2022,2023-01-04 20:00:00,Crystal Palace,Tottenham,0,4,0.787525,1.66514
2022,2023-01-05 20:00:00,Chelsea,Manchester City,0,1,0.493576,1.71972
2022,2023-01-12 19:00:00,Fulham,Chelsea,2,1,0.711266,2.39911
2022,2023-01-13 20:00:00,Aston Villa,Leeds,2,1,1.64599,2.46295
2022,2023-01-14 12:30:00,Manchester United,Manchester City,2,1,1.98228,0.73695
2022,2023-01-14 15:00:00,Brighton,Liverpool,3,0,2.40062,1.28853
2022,2023-01-14 15:00:00,Everton,Southampton,1,2,1.18191,1.08412
2022,2023-01-14 15:00:00,Nottingham Forest,Leicester,2,0,1.75313,0.803421
2022,2023-01-14 15:00:00,Wolverhampton Wanderers,West Ham,1,0,0.806232,0.735105
2022,2023-01-14 17:30:00,Brentford,Bournemouth,2,0,1.29815,0.269283
2022,2023-01-15 14:00:00,Chelsea,Crystal Palace,1,0,2.12987,0.837366
2022,2023-01-15 14:00:00,Newcastle United,Fulham,1,0,1.96256,0.989872
2022,2023-01-15 16:30:00,Tottenham,Arsenal,0,2,1.71032,2.04232
2022,2023-01-18 15:30:00,Crystal Palace,Manchester United,1,1,0.413339,1.39437
2022,2023-01-19 19:00:00,Manchester City,Tottenham,4,2,2.34166,1.16499
2022,2023-01-21 12:30:00,Liverpool,Chelsea,0,0,1.30125,1.84467
2022,2023-01-21 15:00:00,Bournemouth,Nottingham Forest,1,1,1.80549,1.57544
2022,2023-01-21 15:00:00,Leicester,Brighton,2,2,1.35941,1.94491
2022,2023-01-21 15:00:00,Southampton,Aston Villa,0,1,0.672444,1.16432
2022,2023-01-21 15:00:00,West Ham,Everton,2,0,2.46879,0.286826
2022,2023-01-21 17:30:00,Crystal Palace,Newcastle United,0,0,0.333154,1.44384
2022,2023-01-22 14:00:00,Leeds,Brentford,0,0,0.374736,0.17114
2022,2023-01-22 14:00:00,Manchester City,Wolverhampton Wanderers,3,0,3.32757,0.469277
2022,2023-01-22 16:30:00,Arsenal,Manchester United,3,2,2.90273,0.272246
2022,2023-01-23 20:00:00,Fulham,Tottenham,0,1,1.09339,0.993805
2022,2023-02-03 20:00:00,Chelsea,Fulham,0,0,1.41471,0.493341
2022,2023-02-04 12:30:00,Everton,Arsenal,1,0,2.09191,0.690102
2022,2023-02-04 15:00:00,Aston Villa,Leicester,2,4,1.4989,2.49784
2022,2023-02-04 15:00:00,Brentford,Southampton,3,0,2.36747,0.644385
2022,2023-02-04 15:00:00,Brighton,Bournemouth,1,0,2.55696,0.908298
2022,2023-02-04 15:00:00,Manchester United,Crystal Palace,2,1,2.07035,1.3798
2022,2023-02-04 15:00:00,Wolverhampton Wanderers,Liverpool,3,0,2.63328,1.30193
2022,2023-02-04 17:30:00,Newcastle United,West Ham,1,1,1.22883,1.27831
2022,2023-02-05 14:00:00,Nottingham Forest,Leeds,1,0,0.3325,1.12331
2022,2023-02-05 16:30:00,Tottenham,Manchester City,1,0,1.42168,0.773747
2022,2023-02-08 19:00:00,Manchester United,Leeds,2,2,2.00007,0.554798
2022,2023-02-11 12:30:00,West Ham,Chelsea,1,1,1.07615,0.900465
2022,2023-02-11 15:00:00,Arsenal,Brentford,1,1,1.36738,2.17538
2022,2023-02-11 15:00:00,Crystal Palace,Brighton,1,1,0.928279,2.64981
2022,2023-02-11 15:00:00,Fulham,Nottingham Forest,2,0,1.69704,0.686824
2022,2023-02-11 15:00:00,Leicester,Tottenham,4,1,1.41208,1.11709
2022,2023-02-11 15:00:00,Southampton,Wolverhampton Wanderers,1,2,1.30203,0.615651
2022,2023-02-11 17:30:00,Bournemouth,Newcastle United,1,1,1.54458,1.54853
2022,2023-02-12 14:00:00,Leeds,Manchester United,0,2,1.89163,1.30375
2022,2023-02-12 16:30:00,Manchester City,Aston Villa,3,1,3.60987,0.275348
2022,2023-02-13 20:00:00,Liverpool,Everton,2,0,2.23291,0.402331
2022,2023-02-15 18:30:00,Arsenal,Manchester City,1,3,1.70139,2.00841
2022,2023-02-18 12:30:00,Aston Villa,Arsenal,2,4,0.335752,2.85981
2022,2023-02-18 15:00:00,Brentford,Crystal Palace,1,1,0.610105,1.12202
2022,2023-02-18 15:00:00,Brighton,Fulham,0,1,2.71375,0.224214
2022,2023-02-18 15:00:00,Chelsea,Southampton,0,1,1.61723,0.619532
2022,2023-02-18 15:00:00,Everton,Leeds,1,0,1.53811,0.597403
2022,2023-02-18 15:00:00,Nottingham Forest,Manchester City,1,1,1.12735,2.80966
2022,2023-02-18 15:00:00,Wolverhampton Wanderers,Bournemouth,0,1,0.911415,1.15274
2022,2023-02-18 17:30:00,Newcastle United,Liverpool,0,2,1.74852,2.16549
2022,2023-02-19 14:00:00,Manchester United,Leicester,3,0,4.24663,1.39678
2022,2023-02-19 16:30:00,Tottenham,West Ham,2,0,1.43042,0.365173
2022,2023-02-24 20:00:00,Fulham,Wolverhampton Wanderers,1,1,0.913133,0.997097
2022,2023-02-25 15:00:00,Everton,Aston Villa,0,2,1.54109,2.06037
2022,2023-02-25 15:00:00,Leeds,Southampton,1,0,0.720048,0.391128
2022,2023-02-25 15:00:00,Leicester,Arsenal,0,1,0.0203463,0.722059
2022,2023-02-25 15:00:00,West Ham,Nottingham Forest,4,0,3.05032,0.350849
2022,2023-02-25 17:30:00,Bournemouth,Manchester City,1,4,1.08527,2.98206
2022,2023-02-25 19:45:00,Crystal Palace,Liverpool,0,0,0.989086,1.35123
2022,2023-02-26 13:30:00,Tottenham,Chelsea,2,0,0.926313,0.262281
2022,2023-03-01 20:00:00,Liverpool,Wolverhampton Wanderers,2,0,2.70191,0.78681
2022,2023-03-01 20:00:00,Arsenal,Everton,4,0,3.06919,1.604
2022,2023-03-04 12:30:00,Manchester City,Newcastle United,2,0,1.34144,0.359809
2022,2023-03-04 15:00:00,Arsenal,Bournemouth,3,2,2.46279,1.74267
2022,2023-03-04 15:00:00,Aston Villa,Crystal Palace,1,0,0.890605,0.152761
2022,2023-03-04 15:00:00,Brighton,West Ham,4,0,3.49993,0.250045
2022,2023-03-04 15:00:00,Chelsea,Leeds,1,0,1.8678,0.633995
2022,2023-03-04 15:00:00,Wolverhampton Wanderers,Tottenham,1,0,0.562477,1.25588
2022,2023-03-04 17:30:00,Southampton,Leicester,1,0,1.34332,1.67051
2022,2023-03-05 14:00:00,Nottingham Forest,Everton,2,2,0.799733,1.70877
2022,2023-03-05 16:30:00,Liverpool,Manchester United,7,0,3.44269,0.837542
2022,2023-03-06 20:00:00,Brentford,Fulham,3,2,2.44358,1.67531
2022,2023-03-11 12:30:00,Bournemouth,Liverpool,1,0,1.10128,2.13465
2022,2023-03-11 15:00:00,Everton,Brentford,1,0,1.71599,1.95088
2022,2023-03-11 15:00:00,Leeds,Brighton,2,2,0.596738,1.51388
2022,2023-03-11 15:00:00,Leicester,Chelsea,1,3,2.36139,1.49478
2022,2023-03-11 15:00:00,Tottenham,Nottingham Forest,3,1,1.73482,1.62805
2022,2023-03-11 17:30:00,Crystal Palace,Manchester City,0,1,0.185498,2.1884
2022,2023-03-12 14:00:00,Fulham,Arsenal,0,3,0.61832,2.64355
2022,2023-03-12 14:00:00,Manchester United,Southampton,0,0,0.910911,1.18053
2022,2023-03-12 14:00:00,West Ham,Aston Villa,1,1,2.14634,1.99139
2022,2023-03-12 16:30:00,Newcastle United,Wolverhampton Wanderers,2,1,2.45527,0.709895
2022,2023-03-15 19:30:00,Southampton,Brentford,0,2,0.358977,1.66591
2022,2023-03-15 19:30:00,Brighton,Crystal Palace,1,0,0.588727,1.21452
2022,2023-03-17 20:00:00,Nottingham Forest,Newcastle United,1,2,0.531985,2.50027
2022,2023-03-18 15:00:00,Aston Villa,Bournemouth,3,0,3.45474,0.50014
2022,2023-03-18 15:00:00,Brentford,Leicester,1,1,0.476467,1.42133
2022,2023-03-18 15:00:00,Southampton,Tottenham,3,3,2.52077,1.88473
2022,2023-03-18 15:00:00,Wolverhampton Wanderers,Leeds,2,4,2.76358,1.6549
2022,2023-03-18 17:30:00,Chelsea,Everton,2,2,1.90027,1.64675
2022,2023-03-19 14:00:00,Arsenal,Crystal Palace,4,1,1.53568,1.19194
2022,2023-04-01 11:30:00,Manchester City,Liverpool,4,1,3.01243,0.318171
2022,2023-04-01 14:00:00,Arsenal,Leeds,4,1,3.29548,0.497609
2022,2023-04-01 14:00:00,Bournemouth,Fulham,2,1,3.14054,0.601049
2022,2023-04-01 14:00:00,Brighton,Brentford,3,3,3.8195,1.2788
2022,2023-04-01 14:00:00,Crystal Palace,Leicester,2,1,1.93471,0.198959
2022,2023-04-01 14:00:00,Nottingham Forest,Wolverhampton Wanderers,1,1,1.11441,0.383739
2022,2023-04-01 16:30:00,Chelsea,Aston Villa,0,2,2.38024,0.765794
2022,2023-04-02 13:00:00,West Ham,Southampton,1,0,1.40363,0.318261
2022,2023-04-02 15:30:00,Newcastle United,Manchester United,2,0,3.33162,0.334127
2022,2023-04-03 19:00:00,Everton,Tottenham,1,1,0.823365,1.39177
2022,2023-04-04 18:45:00,Leicester,Aston Villa,1,2,0.671597,1.00159
2022,2023-04-04 18:45:00,Bournemouth,Brighton,0,2,1.15322,2.63392
2022,2023-04-04 18:45:00,Leeds,Nottingham Forest,2,1,2.43248,0.613917
2022,2023-04-04 19:00:00,Chelsea,Liverpool,0,0,2.18903,0.202217
2022,2023-04-05 19:00:00,West Ham,Newcastle United,1,5,0.83342,2.84091
2022,2023-04-05 19:00:00,Manchester United,Brentford,1,0,1.1445,0.64499
2022,2023-04-08 11:30:00,Manchester United,Everton,2,0,4.38578,0.949183
2022,2023-04-08 14:00:00,Aston Villa,Nottingham Forest,2,0,1.42718,0.232452
2022,2023-04-08 14:00:00,Brentford,Newcastle United,1,2,2.06521,1.02337
2022,2023-04-08 14:00:00,Fulham,West Ham,0,1,0.456524,1.23261
2022,2023-04-08 14:00:00,Leicester,Bournemouth,0,1,0.731965,1.92396
2022,2023-04-08 14:00:00,Tottenham,Brighton,2,1,0.594139,1.47549
2022,2023-04-08 14:00:00,Wolverhampton Wanderers,Chelsea,1,0,0.601153,0.815308
2022,2023-04-08 16:30:00,Southampton,Manchester City,1,4,0.492801,3.05999
2022,2023-04-09 13:00:00,Leeds,Crystal Palace,1,5,1.02075,3.22687
2022,2023-04-09 15:30:00,Liverpool,Arsenal,2,2,4.64012,1.53631
2022,2023-04-15 11:30:00,Aston Villa,Newcastle United,3,0,1.91802,0.425086
2022,2023-04-15 14:00:00,Chelsea,Brighton,1,2,0.46331,2.52107
2022,2023-04-15 14:00:00,Everton,Fulham,1,3,2.24262,1.92209
2022,2023-04-15 14:00:00,Southampton,Crystal Palace,0,2,0.678449,0.86306
2022,2023-04-15 14:00:00,Tottenham,Bournemouth,2,3,2.30604,1.20598
2022,2023-04-15 14:00:00,Wolverhampton Wanderers,Brentford,2,0,0.93912,1.5133
2022,2023-04-15 16:30:00,Manchester City,Leicester,3,1,1.60702,1.92692
2022,2023-04-16 13:00:00,West Ham,Arsenal,2,2,1.96095,2.71782
2022,2023-04-16 15:30:00,Nottingham Forest,Manchester United,0,2,1.05289,3.33747
2022,2023-04-17 19:00:00,Leeds,Liverpool,1,6,1.16748,2.65476
2022,2023-04-21 19:00:00,Arsenal,Southampton,3,3,2.39609,1.43063
2022,2023-04-22 11:30:00,Fulham,Leeds,2,1,1.43763,1.07482
2022,2023-04-22 14:00:00,Brentford,Aston Villa,1,1,2.03162,1.66602
2022,2023-04-22 14:00:00,Crystal Palace,Everton,0,0,0.368137,0.433712
2022,2023-04-22 14:00:00,Leicester,Wolverhampton Wanderers,2,1,2.66929,0.59626
2022,2023-04-22 14:00:00,Liverpool,Nottingham Forest,3,2,3.32745,0.724666
2022,2023-04-23 13:00:00,Bournemouth,West Ham,0,4,0.974687,2.52322
2022,2023-04-23 13:00:00,Newcastle United,Tottenham,6,1,3.98532,0.883001
2022,2023-04-25 18:30:00,Wolverhampton Wanderers,Crystal Palace,2,0,1.12829,0.580294
2022,2023-04-25 18:45:00,Aston Villa,Fulham,1,0,0.839159,0.079864
2022,2023-04-25 19:00:00,Leeds,Leicester,1,1,2.09645,2.08594
2022,2023-04-26 18:30:00,Nottingham Forest,Brighton,3,1,2.43846,2.33064
2022,2023-04-26 18:45:00,West Ham,Liverpool,1,2,0.939348,1.7045
2022,2023-04-26 18:45:00,Chelsea,Brentford,0,2,1.21124,0.695344
2022,2023-04-26 19:00:00,Manchester City,Arsenal,4,1,2.01168,0.398372
2022,2023-04-27 18:45:00,Everton,Newcastle United,1,4,0.777008,2.86368
2022,2023-04-27 18:45:00,Southampton,Bournemouth,0,1,0.477034,0.988554
2022,2023-04-27 19:15:00,Tottenham,Manchester United,2,2,2.37239,1.96508
2022,2023-04-29 11:30:00,Crystal Palace,West Ham,4,3,2.31888,1.98262
2022,2023-04-29 14:00:00,Brentford,Nottingham Forest,2,1,1.32059,0.939693
2022,2023-04-29 14:00:00,Brighton,Wolverhampton Wanderers,6,0,3.60471,0.603985
2022,2023-04-30 13:00:00,Bournemouth,Leeds,4,1,2.51723,1.33691
2022,2023-04-30 13:00:00,Fulham,Manchester City,1,2,0.431813,2.32338
2022,2023-04-30 13:00:00,Manchester United,Aston Villa,1,0,1.3056,0.434738
2022,2023-04-30 13:00:00,Newcastle United,Southampton,3,1,3.91457,0.897175
2022,2023-04-30 15:30:00,Liverpool,Tottenham,4,3,2.42911,1.44927
2022,2023-05-01 19:00:00,Leicester,Everton,2,2,3.32486,3.28648
2022,2023-05-02 19:00:00,Arsenal,Chelsea,3,1,2.7832,0.785202
2022,2023-05-03 19:00:00,Liverpool,Fulham,1,0,1.67372,0.740125
2022,2023-05-03 19:00:00,Manchester City,West Ham,3,0,2.99908,0.492075
2022,2023-05-04 19:00:00,Brighton,Manchester United,1,0,2.09953,1.32105
2022,2023-05-06 14:00:00,Bournemouth,Chelsea,1,3,1.21755,1.76852
2022,2023-05-06 14:00:00,Manchester City,Leeds,2,1,2.83472,0.140924
2022,2023-05-06 14:00:00,Tottenham,Crystal Palace,1,0,1.15665,0.306669
2022,2023-05-06 14:00:00,Wolverhampton Wanderers,Aston Villa,1,0,0.80605,1.50158
2022,2023-05-06 16:30:00,Liverpool,Brentford,1,0,1.992,0.183892
2022,2023-05-07 15:30:00,Newcastle United,Arsenal,0,2,1.37224,1.29061
2022,2023-05-07 18:00:00,West Ham,Manchester United,1,0,1.76618,1.1942
2022,2023-05-08 14:00:00,Fulham,Leicester,5,3,1.75276,2.92566
2022,2023-05-08 16:30:00,Brighton,Everton,1,5,3.23717,2.94223
2022,2023-05-08 19:00:00,Nottingham Forest,Southampton,4,3,1.91326,3.31096
2022,2023-05-13 11:30:00,Leeds,Newcastle United,2,2,2.01567,2.35118
2022,2023-05-13 14:00:00,Aston Villa,Tottenham,2,1,1.79987,1.18505
2022,2023-05-13 14:00:00,Chelsea,Nottingham Forest,2,2,0.999181,1.96797
2022,2023-05-13 14:00:00,Crystal Palace,Bournemouth,2,0,1.40237,0.262022
2022,2023-05-13 14:00:00,Manchester United,Wolverhampton Wanderers,2,0,3.10118,0.268789
2022,2023-05-13 14:00:00,Southampton,Fulham,0,2,0.149649,1.27085
2022,2023-05-14 13:00:00,Brentford,West Ham,2,0,4.42571,0.203312
2022,2023-05-14 13:00:00,Everton,Manchester City,0,3,1.18597,1.04338
2022,2023-05-14 15:30:00,Arsenal,Brighton,0,3,0.958651,2.21276
2022,2023-05-15 19:00:00,Leicester,Liverpool,0,3,0.527496,1.77085
2022,2023-05-18 18:30:00,Newcastle United,Brighton,4,1,4.11359,0.593493
2022,2023-05-20 11:30:00,Tottenham,Brentford,1,3,1.61667,1.15344
2022,2023-05-20 14:00:00,Bournemouth,Manchester United,0,1,0.815723,1.71783
2022,2023-05-20 14:00:00,Fulham,Crystal Palace,2,2,1.95519,1.70785
2022,2023-05-20 14:00:00,Liverpool,Aston Villa,1,1,0.918508,1.46948
2022,2023-05-20 14:00:00,Wolverhampton Wanderers,Everton,1,1,1.28976,2.46976
2022,2023-05-20 16:30:00,Nottingham Forest,Arsenal,1,0,1.1397,0.4902
2022,2023-05-21 12:30:00,West Ham,Leeds,3,1,2.48001,0.645828
2022,2023-05-21 13:00:00,Brighton,Southampton,3,1,2.41418,0.863659
2022,2023-05-21 15:00:00,Manchester City,Chelsea,1,0,1.20557,1.15648
2022,2023-05-22 19:00:00,Newcastle United,Leicester,0,0,2.05089,0.0839072
2022,2023-05-24 19:00:00,Brighton,Manchester City,1,1,2.11486,1.92973
2022,2023-05-25 19:00:00,Manchester United,Chelsea,4,1,4.92231,1.68364
2022,2023-05-28 15:30:00,Arsenal,Wolverhampton Wanderers,5,0,3.02466,0.38772
2022,2023-05-28 15:30:00,Aston Villa,Brighton,2,1,2.55845,1.23117
2022,2023-05-28 15:30:00,Brentford,Manchester City,1,0,1.43893,1.18649
2022,2023-05-28 15:30:00,Chelsea,Newcastle United,1,1,2.01924,1.51899
2022,2023-05-28 15:30:00,Crystal Palace,Nottingham Forest,1,1,1.00786,0.436439
2022,2023-05-28 15:30:00,Everton,Bournemouth,1,0,1.12933,0.432084
2022,2023-05-28 15:30:00,Leeds,Tottenham,1,4,1.19151,2.03315
2022,2023-05-28 15:30:00,Leicester,West Ham,2,1,2.03013,0.970352
2022,2023-05-28 15:30:00,Manchester United,Fulham,2,1,2.74766,1.88167
2022,2023-05-28 15:30:00,Southampton,Liverpool,4,4,1.33964,4.00345
2023,2023-08-11 19:00:00,Burnley,Manchester City,0,3,0.311032,2.40074
2023,2023-08-12 11:30:00,Arsenal,Nottingham Forest,2,1,0.84262,0.966305
2023,2023-08-12 14:00:00,Bournemouth,West Ham,1,1,1.51025,1.4834
2023,2023-08-12 14:00:00,Brighton,Luton,4,1,4.36748,1.88594
2023,2023-08-12 14:00:00,Everton,Fulham,0,1,2.59001,1.58144
2023,2023-08-12 14:00:00,Sheffield United,Crystal Palace,0,1,0.422704,2.27616
2023,2023-08-12 16:30:00,Newcastle United,Aston Villa,5,1,4.32208,1.486
2023,2023-08-13 13:00:00,Brentford,Tottenham,2,2,1.90756,1.45316
2023,2023-08-13 15:30:00,Chelsea,Liverpool,1,1,1.93258,1.29994
2023,2023-08-14 19:00:00,Manchester United,Wolverhampton Wanderers,1,0,1.97087,1.72228
2023,2023-08-18 18:45:00,Nottingham Forest,Sheffield United,2,1,1.37181,0.551038
2023,2023-08-19 14:00:00,Wolverhampton Wanderers,Brighton,1,4,2.68821,3.15562
2023,2023-08-19 14:00:00,Fulham,Brentford,0,3,0.399899,3.46888
2023,2023-08-19 14:00:00,Liverpool,Bournemouth,3,1,3.25448,1.3867
2023,2023-08-19 16:30:00,Tottenham,Manchester United,2,0,2.53904,2.44604
2023,2023-08-19 19:00:00,Manchester City,Newcastle United,1,0,1.22528,0.257154
2023,2023-08-20 13:00:00,Aston Villa,Everton,4,0,3.24336,0.721465
2023,2023-08-20 15:30:00,West Ham,Chelsea,3,1,1.71234,1.60916
2023,2023-08-21 19:00:00,Crystal Palace,Arsenal,0,1,1.06916,2.20593
2023,2023-08-25 19:00:00,Chelsea,Luton,3,0,3.41419,0.465741
2023,2023-08-26 11:30:00,Bournemouth,Tottenham,0,2,0.483582,2.26115
2023,2023-08-26 14:00:00,Arsenal,Fulham,2,2,3.23088,0.849817
2023,2023-08-26 14:00:00,Brentford,Crystal Palace,1,1,0.948011,1.06061
2023,2023-08-26 14:00:00,Everton,Wolverhampton Wanderers,0,1,1.89792,1.40228
2023,2023-08-26 14:00:00,Manchester United,Nottingham Forest,3,2,3.02803,0.960354
2023,2023-08-26 16:30:00,Brighton,West Ham,1,3,1.3743,2.9527
2023,2023-08-27 13:00:00,Burnley,Aston Villa,1,3,0.630605,2.83691
2023,2023-08-27 13:00:00,Sheffield United,Manchester City,1,2,0.762232,3.84804
2023,2023-08-27 15:30:00,Newcastle United,Liverpool,1,2,1.62037,0.856121
2023,2023-09-01 19:00:00,Luton,West Ham,1,2,2.02244,1.22528
2023,2023-09-02 11:30:00,Sheffield United,Everton,2,2,1.575,2.73871
2023,2023-09-02 14:00:00,Manchester City,Fulham,5,1,2.00152,1.46427
2023,2023-09-02 14:00:00,Brentford,Bournemouth,2,2,3.07185,2.11013
2023,2023-09-02 14:00:00,Burnley,Tottenham,2,5,1.66604,2.39785
2023,2023-09-02 14:00:00,Chelsea,Nottingham Forest,0,1,2.28442,1.1505
2023,2023-09-02 16:30:00,Brighton,Newcastle United,3,1,1.32258,0.90476
2023,2023-09-03 13:00:00,Crystal Palace,Wolverhampton Wanderers,3,2,2.32935,1.13911
2023,2023-09-03 13:00:00,Liverpool,Aston Villa,3,0,2.73138,0.615503
2023,2023-09-03 15:30:00,Arsenal,Manchester United,3,1,1.90973,0.966109
2023,2023-09-16 11:30:00,Wolverhampton Wanderers,Liverpool,1,3,0.538833,2.82701
2023,2023-09-16 14:00:00,Tottenham,Sheffield United,2,1,2.15909,0.790655
2023,2023-09-16 14:00:00,West Ham,Manchester City,1,3,0.895632,4.15046
2023,2023-09-16 14:00:00,Aston Villa,Crystal Palace,3,1,2.31518,1.11696
2023,2023-09-16 14:00:00,Fulham,Luton,1,0,1.75704,1.45705
2023,2023-09-16 14:00:00,Manchester United,Brighton,1,3,0.719951,1.93908
2023,2023-09-16 16:30:00,Newcastle United,Brentford,1,0,1.50126,0.633678
2023,2023-09-17 13:00:00,Bournemouth,Chelsea,0,0,1.32515,1.39677
2023,2023-09-17 15:30:00,Everton,Arsenal,0,1,0.28317,0.802605
2023,2023-09-18 18:45:00,Nottingham Forest,Burnley,1,1,0.705795,0.807651
2023,2023-09-23 14:00:00,Luton,Wolverhampton Wanderers,1,1,2.24101,0.762984
2023,2023-09-23 14:00:00,Manchester City,Nottingham Forest,2,0,1.33984,0.729109
2023,2023-09-23 14:00:00,Crystal Palace,Fulham,0,0,0.37236,0.542678
2023,2023-09-23 16:30:00,Brentford,Everton,1,3,1.57402,2.51497
2023,2023-09-23 19:00:00,Burnley,Manchester United,0,1,0.935444,0.840273
2023,2023-09-24 13:00:00,Chelsea,Aston Villa,0,1,1.19716,1.13479
2023,2023-09-24 13:00:00,Brighton,Bournemouth,3,1,2.14533,1.58984
2023,2023-09-24 13:00:00,Arsenal,Tottenham,2,2,2.3429,2.21166
2023,2023-09-24 13:00:00,Liverpool,West Ham,3,1,4.14262,1.53878
2023,2023-09-24 15:30:00,Sheffield United,Newcastle United,0,8,0.579392,5.1082
2023,2023-09-30 11:30:00,Aston Villa,Brighton,6,1,1.90746,1.72819
2023,2023-09-30 14:00:00,Everton,Luton,1,2,3.65377,1.5102
2023,2023-09-30 14:00:00,Manchester United,Crystal Palace,0,1,1.55408,1.19015
2023,2023-09-30 14:00:00,Newcastle United,Burnley,2,0,3.08516,0.801849
2023,2023-09-30 14:00:00,Bournemouth,Arsenal,0,4,0.644443,4.0742
2023,2023-09-30 14:00:00,West Ham,Sheffield United,2,0,3.19753,0.911997
2023,2023-09-30 14:00:00,Wolverhampton Wanderers,Manchester City,2,1,0.673985,0.98075
2023,2023-09-30 16:30:00,Tottenham,Liverpool,2,1,2.18823,1.12299
2023,2023-10-01 13:00:00,Nottingham Forest,Brentford,1,1,0.800317,1.75862
2023,2023-10-02 19:00:00,Fulham,Chelsea,0,2,0.889383,1.98461
2023,2023-10-03 18:30:00,Luton,Burnley,1,2,1.53058,0.920206
2023,2023-10-07 11:30:00,Luton,Tottenham,0,1,0.848118,2.37947
2023,2023-10-07 14:00:00,Burnley,Chelsea,1,4,0.956642,1.97566
2023,2023-10-07 14:00:00,Everton,Bournemouth,3,0,3.16482,0.981732
2023,2023-10-07 14:00:00,Fulham,Sheffield United,3,1,2.26612,0.251809
2023,2023-10-07 14:00:00,Manchester United,Brentford,2,1,1.29356,1.02509
2023,2023-10-07 16:30:00,Crystal Palace,Nottingham Forest,0,0,0.982452,1.22105
2023,2023-10-08 13:00:00,Brighton,Liverpool,2,2,2.23187,2.51029
2023,2023-10-08 13:00:00,West Ham,Newcastle United,2,2,0.931345,1.97865
2023,2023-10-08 13:00:00,Wolverhampton Wanderers,Aston Villa,1,1,1.76232,1.81618
2023,2023-10-08 15:30:00,Arsenal,Manchester City,1,0,0.386558,0.858071
2023,2023-10-21 11:30:00,Liverpool,Everton,2,0,2.28568,0.0937725
2023,2023-10-21 14:00:00,Bournemouth,Wolverhampton Wanderers,1,2,1.01839,2.30454
2023,2023-10-21 14:00:00,Brentford,Burnley,3,0,3.15685,0.693129
2023,2023-10-21 14:00:00,Manchester City,Brighton,2,1,0.962509,0.963733
2023,2023-10-21 14:00:00,Newcastle United,Crystal Palace,4,0,3.73336,1.08795
2023,2023-10-21 14:00:00,Nottingham Forest,Luton,2,2,3.27549,1.49555
2023,2023-10-21 16:30:00,Chelsea,Arsenal,2,2,1.71838,1.05791
2023,2023-10-21 19:00:00,Sheffield United,Manchester United,1,2,1.41074,1.46187
2023,2023-10-22 15:30:00,Aston Villa,West Ham,4,1,2.34143,0.659622
2023,2023-10-23 19:00:00,Tottenham,Fulham,2,0,1.63523,0.745838
2023,2023-10-27 19:00:00,Crystal Palace,Tottenham,1,2,0.561834,0.989103
2023,2023-10-28 11:30:00,Chelsea,Brentford,0,2,1.71801,2.48137
2023,2023-10-28 14:00:00,Bournemouth,Burnley,2,1,1.10052,0.90255
2023,2023-10-28 14:00:00,Arsenal,Sheffield United,5,0,3.03496,0.0281554
2023,2023-10-28 16:30:00,Wolverhampton Wanderers,Newcastle United,2,2,0.863393,2.31987
2023,2023-10-29 13:00:00,West Ham,Everton,0,1,0.618578,0.733813
2023,2023-10-29 14:00:00,Aston Villa,Luton,3,1,3.07654,0.453117
2023,2023-10-29 14:00:00,Brighton,Fulham,1,1,1.31996,0.552523
2023,2023-10-29 14:00:00,Liverpool,Nottingham Forest,3,0,2.70428,0.642014
2023,2023-10-29 15:30:00,Manchester United,Manchester City,0,3,0.714628,4.54595
2023,2023-11-04 12:30:00,Fulham,Manchester United,0,1,1.18241,0.697095
2023,2023-11-04 15:00:00,Brentford,West Ham,3,2,1.82944,1.75505
2023,2023-11-04 15:00:00,Burnley,Crystal Palace,0,2,1.4998,1.43653
2023,2023-11-04 15:00:00,Everton,Brighton,1,1,0.617607,0.442489
2023,2023-11-04 15:00:00,Manchester City,Bournemouth,6,1,2.39949,0.643127
2023,2023-11-04 15:00:00,Sheffield United,Wolverhampton Wanderers,2,1,1.10165,1.14803
2023,2023-11-04 17:30:00,Newcastle United,Arsenal,1,0,1.12355,0.535473
2023,2023-11-05 14:00:00,Nottingham Forest,Aston Villa,2,0,0.592447,1.33116
2023,2023-11-05 16:30:00,Luton,Liverpool,1,1,1.3411,3.03925
2023,2023-11-06 20:00:00,Tottenham,Chelsea,1,4,0.959108,4.05865
2023,2023-11-11 12:30:00,Wolverhampton Wanderers,Tottenham,2,1,1.90884,0.432315
2023,2023-11-11 15:00:00,Arsenal,Burnley,3,1,2.63194,0.327706
2023,2023-11-11 15:00:00,Crystal Palace,Everton,2,3,1.89194,1.7904
2023,2023-11-11 15:00:00,Manchester United,Luton,1,0,2.74105,0.408265
2023,2023-11-11 17:30:00,Bournemouth,Newcastle United,2,0,2.78424,0.306141
2023,2023-11-12 14:00:00,Aston Villa,Fulham,3,1,2.86039,0.648745
2023,2023-11-12 14:00:00,Brighton,Sheffield United,1,1,1.08601,0.84434
2023,2023-11-12 14:00:00,Liverpool,Brentford,3,0,1.56004,1.44954
2023,2023-11-12 14:00:00,West Ham,Nottingham Forest,3,2,2.06402,1.42128
2023,2023-11-12 16:30:00,Chelsea,Manchester City,4,4,3.47238,3.19324
2023,2023-11-25 12:30:00,Manchester City,Liverpool,1,1,1.79622,0.766278
2023,2023-11-25 15:00:00,Burnley,West Ham,1,2,1.44228,1.36963
2023,2023-11-25 15:00:00,Luton,Crystal Palace,2,1,0.996153,1.83546
2023,2023-11-25 15:00:00,Newcastle United,Chelsea,4,1,2.15227,0.968061
2023,2023-11-25 15:00:00,Nottingham Forest,Brighton,2,3,2.22655,1.21792
2023,2023-11-25 15:00:00,Sheffield United,Bournemouth,1,3,0.816227,3.13975
2023,2023-11-25 17:30:00,Brentford,Arsenal,0,1,1.66315,1.82699
2023,2023-11-26 14:00:00,Tottenham,Aston Villa,1,2,2.22542,2.39755
2023,2023-11-26 16:30:00,Everton,Manchester United,0,3,2.49764,2.07334
2023,2023-11-27 20:00:00,Fulham,Wolverhampton Wanderers,3,2,2.49057,1.57875
2023,2023-12-02 15:00:00,Arsenal,Wolverhampton Wanderers,2,1,3.30368,1.07886
2023,2023-12-02 15:00:00,Brentford,Luton,3,1,3.25952,0.227176
2023,2023-12-02 15:00:00,Burnley,Sheffield United,5,0,2.60469,0.618131
2023,2023-12-02 17:30:00,Nottingham Forest,Everton,0,1,0.673085,0.623789
2023,2023-12-02 20:00:00,Newcastle United,Manchester United,1,0,2.90191,0.422674
2023,2023-12-03 14:00:00,Bournemouth,Aston Villa,2,2,2.54937,0.89511
2023,2023-12-03 14:00:00,Chelsea,Brighton,3,2,1.66304,0.855058
2023,2023-12-03 14:00:00,Liverpool,Fulham,4,3,2.72831,1.51005
2023,2023-12-03 14:00:00,West Ham,Crystal Palace,1,1,1.1466,0.987682
2023,2023-12-03 16:30:00,Manchester City,Tottenham,3,3,2.90729,0.433077
2023,2023-12-05 19:30:00,Wolverhampton Wanderers,Burnley,1,0,1.11886,0.781542
2023,2023-12-05 20:15:00,Luton,Arsenal,3,4,0.526254,2.58815
2023,2023-12-06 19:30:00,Brighton,Brentford,2,1,1.54099,1.22007
2023,2023-12-06 19:30:00,Fulham,Nottingham Forest,5,0,3.09427,0.218659
2023,2023-12-06 19:30:00,Sheffield United,Liverpool,0,2,0.834172,1.80116
2023,2023-12-06 19:30:00,Crystal Palace,Bournemouth,0,2,1.26441,1.79997
2023,2023-12-06 20:15:00,Aston Villa,Manchester City,1,0,2.1922,1.00198
2023,2023-12-06 20:15:00,Manchester United,Chelsea,2,1,4.03949,2.3512
2023,2023-12-07 19:30:00,Everton,Newcastle United,3,0,2.95393,1.29564
2023,2023-12-07 20:15:00,Tottenham,West Ham,1,2,1.61268,1.7409
2023,2023-12-09 12:30:00,Crystal Palace,Liverpool,1,2,1.79152,1.3708
2023,2023-12-09 15:00:00,Brighton,Burnley,1,1,2.96247,1.05162
2023,2023-12-09 15:00:00,Manchester United,Bournemouth,0,3,1.11296,1.9742
2023,2023-12-09 15:00:00,Sheffield United,Brentford,1,0,0.841976,0.644638
2023,2023-12-09 15:00:00,Wolverhampton Wanderers,Nottingham Forest,1,1,1.02199,1.21801
2023,2023-12-09 17:30:00,Aston Villa,Arsenal,1,0,0.628499,1.71667
2023,2023-12-10 14:00:00,Everton,Chelsea,2,0,1.11437,0.885512
2023,2023-12-10 14:00:00,Fulham,West Ham,5,0,2.1884,0.983
2023,2023-12-10 14:00:00,Luton,Manchester City,1,2,0.689037,2.23353
2023,2023-12-10 16:30:00,Tottenham,Newcastle United,4,1,4.40118,1.61368
2023,2023-12-15 20:00:00,Nottingham Forest,Tottenham,0,2,1.70569,1.60738
2023,2023-12-16 15:00:00,Chelsea,Sheffield United,2,0,3.27322,0.44014
2023,2023-12-16 15:00:00,Manchester City,Crystal Palace,2,2,2.41646,1.64977
2023,2023-12-16 15:00:00,Newcastle United,Fulham,3,0,4.27933,0.471042
2023,2023-12-16 17:30:00,Burnley,Everton,0,2,0.811435,2.22305
2023,2023-12-17 14:00:00,Arsenal,Brighton,2,0,2.76976,0.663054
2023,2023-12-17 14:00:00,Brentford,Aston Villa,1,2,0.796812,1.4664
2023,2023-12-17 14:00:00,West Ham,Wolverhampton Wanderers,3,0,1.03828,0.556206
2023,2023-12-17 16:30:00,Liverpool,Manchester United,0,0,1.97111,0.632715
2023,2023-12-21 20:00:00,Crystal Palace,Brighton,1,1,1.65409,1.33653
2023,2023-12-22 20:00:00,Aston Villa,Sheffield United,1,1,1.21861,0.646159
2023,2023-12-23 12:30:00,West Ham,Manchester United,2,0,1.51468,0.730496
2023,2023-12-23 15:00:00,Fulham,Burnley,0,2,1.38096,0.41714
2023,2023-12-23 15:00:00,Luton,Newcastle United,1,0,1.81844,1.41488
2023,2023-12-23 15:00:00,Nottingham Forest,Bournemouth,2,3,0.791806,1.89067
2023,2023-12-23 15:00:00,Tottenham,Everton,2,1,1.57527,1.98385
2023,2023-12-23 17:30:00,Liverpool,Arsenal,1,1,0.982901,0.851681
2023,2023-12-24 13:00:00,Wolverhampton Wanderers,Chelsea,2,1,1.74626,1.75447
2023,2023-12-26 12:30:00,Newcastle United,Nottingham Forest,1,3,2.79106,3.1074
2023,2023-12-26 15:00:00,Bournemouth,Fulham,3,0,2.07911,0.324365
2023,2023-12-26 15:00:00,Sheffield United,Luton,2,3,3.61788,0.715575
2023,2023-12-26 17:30:00,Burnley,Liverpool,0,2,0.972389,1.68451
2023,2023-12-26 20:00:00,Manchester United,Aston Villa,3,2,1.20104,1.83637
2023,2023-12-27 19:30:00,Brentford,Wolverhampton Wanderers,1,4,2.59347,1.89483
2023,2023-12-27 19:30:00,Chelsea,Crystal Palace,2,1,2.73005,0.958077
2023,2023-12-27 20:15:00,Everton,Manchester City,1,3,1.23529,2.28321
2023,2023-12-28 19:30:00,Brighton,Tottenham,4,2,3.84702,2.06955
2023,2023-12-28 20:15:00,Arsenal,West Ham,0,2,2.7884,1.59711
2023,2023-12-30 12:30:00,Luton,Chelsea,2,3,2.64093,1.57463
2023,2023-12-30 15:00:00,Aston Villa,Burnley,3,2,2.92587,1.11923
2023,2023-12-30 15:00:00,Crystal Palace,Brentford,3,1,1.61057,1.28731
2023,2023-12-30 15:00:00,Manchester City,Sheffield United,2,0,2.24229,0.263211
2023,2023-12-30 15:00:00,Wolverhampton Wanderers,Everton,3,0,2.64477,0.519641
2023,2023-12-30 17:30:00,Nottingham Forest,Manchester United,2,1,0.744348,0.651905
2023,2023-12-31 14:00:00,Fulham,Arsenal,2,1,1.52829,1.6591
2023,2023-12-31 14:00:00,Tottenham,Bournemouth,3,1,2.15027,1.58229
2023,2024-01-01 19:00:00,Liverpool,Newcastle United,4,2,6.67151,0.910974
2023,2024-01-02 18:30:00,West Ham,Brighton,0,0,0.9831,2.1552
2023,2024-01-12 19:45:00,Burnley,Luton,1,1,1.52023,0.965167
2023,2024-01-13 12:30:00,Chelsea,Fulham,1,0,2.0456,0.697847
2023,2024-01-13 17:30:00,Newcastle United,Manchester City,2,3,1.23638,2.55452
2023,2024-01-14 14:00:00,Everton,Aston Villa,0,0,1.03664,1.3435
2023,2024-01-14 16:30:00,Manchester United,Tottenham,2,2,0.923233,1.31224
2023,2024-01-20 12:30:00,Arsenal,Crystal Palace,5,0,3.52167,0.288083
2023,2024-01-20 17:30:00,Brentford,Nottingham Forest,3,2,1.94219,1.22251
2023,2024-01-21 14:00:00,Sheffield United,West Ham,2,2,2.61362,2.4241
2023,2024-01-21 16:30:00,Bournemouth,Liverpool,0,4,0.834585,1.53344
2023,2024-01-22 19:45:00,Brighton,Wolverhampton Wanderers,0,0,1.3701,1.14116
2023,2024-01-30 19:30:00,Nottingham Forest,Arsenal,1,2,0.631618,1.39143
2023,2024-01-30 19:45:00,Fulham,Everton,0,0,2.37499,2.83317
2023,2024-01-30 19:45:00,Luton,Brighton,4,0,3.63312,1.01366
2023,2024-01-30 20:00:00,Crystal Palace,Sheffield United,3,2,1.1601,0.768467
2023,2024-01-30 20:15:00,Aston Villa,Newcastle United,1,3,1.44485,3.3224
2023,2024-01-31 19:30:00,Tottenham,Brentford,3,2,3.36194,1.59637
2023,2024-01-31 19:30:00,Manchester City,Burnley,3,1,1.84756,1.49114
2023,2024-01-31 20:15:00,Liverpool,Chelsea,4,1,3.6627,0.477972
2023,2024-02-01 19:30:00,West Ham,Bournemouth,1,1,1.3128,1.13487
2023,2024-02-01 20:15:00,Wolverhampton Wanderers,Manchester United,3,4,2.27609,3.22698
2023,2024-02-03 12:30:00,Everton,Tottenham,2,2,3.25881,0.922371
2023,2024-02-03 15:00:00,Brighton,Crystal Palace,4,1,1.92591,0.241137
2023,2024-02-03 15:00:00,Burnley,Fulham,2,2,1.00428,1.28806
2023,2024-02-03 15:00:00,Newcastle United,Luton,4,4,2.37353,2.67463
2023,2024-02-03 17:30:00,Sheffield United,Aston Villa,0,5,1.52784,2.99015
2023,2024-02-04 14:00:00,Bournemouth,Nottingham Forest,1,1,1.1895,0.456548
2023,2024-02-04 14:00:00,Chelsea,Wolverhampton Wanderers,2,4,2.35967,2.48996
2023,2024-02-04 14:00:00,Manchester United,West Ham,3,0,0.96721,1.1807
2023,2024-02-04 16:30:00,Arsenal,Liverpool,3,1,2.8526,0.542052
2023,2024-02-05 20:00:00,Brentford,Manchester City,1,3,0.865741,2.10785
2023,2024-02-10 12:30:00,Manchester City,Everton,2,0,1.58971,0.192072
2023,2024-02-10 15:00:00,Fulham,Bournemouth,3,1,1.7456,2.60612
2023,2024-02-10 15:00:00,Liverpool,Burnley,3,1,3.14734,1.11123
2023,2024-02-10 15:00:00,Luton,Sheffield United,1,3,1.76215,1.98283
2023,2024-02-10 15:00:00,Tottenham,Brighton,2,1,2.10928,1.49285
2023,2024-02-10 15:00:00,Wolverhampton Wanderers,Brentford,0,2,1.05781,1.84908
2023,2024-02-10 17:30:00,Nottingham Forest,Newcastle United,2,3,0.968075,0.511375
2023,2024-02-11 14:00:00,West Ham,Arsenal,0,6,0.191065,3.99893
2023,2024-02-11 16:30:00,Aston Villa,Manchester United,1,2,2.64675,2.44591
2023,2024-02-12 20:00:00,Crystal Palace,Chelsea,1,3,0.719516,1.26948
2023,2024-02-17 12:30:00,Brentford,Liverpool,1,4,1.69518,3.08952
2023,2024-02-17 15:00:00,Burnley,Arsenal,0,5,0.335143,2.20575
2023,2024-02-17 15:00:00,Fulham,Aston Villa,1,2,1.41796,1.57297
2023,2024-02-17 15:00:00,Newcastle United,Bournemouth,2,2,2.38425,2.08098
2023,2024-02-17 15:00:00,Nottingham Forest,West Ham,2,0,2.66942,0.520016
2023,2024-02-17 15:00:00,Tottenham,Wolverhampton Wanderers,1,2,1.59768,1.77591
2023,2024-02-17 17:30:00,Manchester City,Chelsea,1,1,2.77713,1.82903
2023,2024-02-18 14:00:00,Sheffield United,Brighton,0,5,0.586214,3.35549
2023,2024-02-18 16:30:00,Luton,Manchester United,1,2,1.57234,3.58973
2023,2024-02-19 20:00:00,Everton,Crystal Palace,1,1,2.44588,0.734685
2023,2024-02-20 18:30:00,Manchester City,Brentford,1,0,2.53766,0.503799
2023,2024-02-21 15:00:00,Liverpool,Luton,4,1,3.70302,0.956512
2023,2024-02-24 15:00:00,Aston Villa,Nottingham Forest,4,2,3.48861,2.25569
2023,2024-02-24 15:00:00,Brighton,Everton,1,1,1.6538,0.286655
2023,2024-02-24 15:00:00,Crystal Palace,Burnley,3,0,2.41612,0.0760216
2023,2024-02-24 15:00:00,Manchester United,Fulham,1,2,1.96036,1.1385
2023,2024-02-24 17:30:00,Bournemouth,Manchester City,0,1,0.925889,1.79636
2023,2024-02-24 20:00:00,Arsenal,Newcastle United,4,1,2.59336,0.217373
2023,2024-02-25 13:30:00,Wolverhampton Wanderers,Sheffield United,1,0,1.21618,0.654342
2023,2024-02-26 20:00:00,West Ham,Brentford,4,2,2.06873,1.33683
2023,2024-03-02 15:00:00,Brentford,Chelsea,2,2,2.4732,2.1523
2023,2024-03-02 15:00:00,Everton,West Ham,1,3,3.12075,2.17948
2023,2024-03-02 15:00:00,Fulham,Brighton,3,0,1.37604,1.15198
2023,2024-03-02 15:00:00,Newcastle United,Wolverhampton Wanderers,3,0,3.33495,0.507769
2023,2024-03-02 15:00:00,Nottingham Forest,Liverpool,0,1,0.971466,1.32259
2023,2024-03-02 15:00:00,Tottenham,Crystal Palace,3,1,2.6625,0.277887
2023,2024-03-02 17:30:00,Luton,Aston Villa,2,3,2.43312,2.08586
2023,2024-03-03 13:00:00,Burnley,Bournemouth,0,2,1.60461,1.43616
2023,2024-03-03 15:30:00,Manchester City,Manchester United,3,1,2.64173,0.153764
2023,2024-03-04 20:00:00,Sheffield United,Arsenal,0,6,0.201374,2.47294
2023,2024-03-09 12:30:00,Manchester United,Everton,2,0,2.9016,1.8214
2023,2024-03-09 15:00:00,Bournemouth,Sheffield United,2,2,3.92657,1.91752
2023,2024-03-09 15:00:00,Crystal Palace,Luton,1,1,3.25103,1.08531
2023,2024-03-09 15:00:00,Wolverhampton Wanderers,Fulham,2,1,1.29589,2.94155
2023,2024-03-09 17:30:00,Arsenal,Brentford,2,1,1.59369,0.733239
2023,2024-03-10 13:00:00,Aston Villa,Tottenham,0,4,1.23267,2.25381
2023,2024-03-10 14:00:00,Brighton,Nottingham Forest,1,0,0.534518,0.687034
2023,2024-03-10 14:00:00,West Ham,Burnley,2,2,1.87414,0.88131
2023,2024-03-10 15:45:00,Liverpool,Manchester City,1,1,2.25492,1.37289
2023,2024-03-11 20:00:00,Chelsea,Newcastle United,3,2,1.78315,0.568435
2023,2024-03-13 19:30:00,Bournemouth,Luton,4,3,2.84403,2.79419
2023,2024-03-16 15:00:00,Burnley,Brentford,2,1,2.69776,1.25123
2023,2024-03-16 15:00:00,Luton,Nottingham Forest,1,1,0.853782,1.95268
2023,2024-03-16 17:30:00,Fulham,Tottenham,3,0,2.47234,2.14564
2023,2024-03-17 14:00:00,West Ham,Aston Villa,1,1,1.32829,0.911274
2023,2024-03-30 12:30:00,Newcastle United,West Ham,4,3,3.80922,0.994584
2023,2024-03-30 15:00:00,Bournemouth,Everton,2,1,1.39268,0.93378
2023,2024-03-30 15:00:00,Chelsea,Burnley,2,2,4.46643,2.10422
2023,2024-03-30 15:00:00,Nottingham Forest,Crystal Palace,1,1,0.784652,0.900972
2023,2024-03-30 15:00:00,Sheffield United,Fulham,3,3,1.78824,1.10254
2023,2024-03-30 15:00:00,Tottenham,Luton,2,1,2.46523,0.402402
2023,2024-03-30 17:30:00,Aston Villa,Wolverhampton Wanderers,2,0,1.28271,1.66232
2023,2024-03-30 20:00:00,Brentford,Manchester United,1,1,3.16487,0.989565
2023,2024-03-31 14:00:00,Liverpool,Brighton,2,1,3.21149,0.43922
2023,2024-03-31 16:30:00,Manchester City,Arsenal,0,0,1.22009,0.511402
2023,2024-04-02 18:30:00,Nottingham Forest,Fulham,3,1,1.94619,1.04304
2023,2024-04-02 18:30:00,Newcastle United,Everton,1,1,2.65009,1.69834
2023,2024-04-02 18:45:00,Bournemouth,Crystal Palace,1,0,1.30969,0.174389
2023,2024-04-02 18:45:00,Burnley,Wolverhampton Wanderers,1,1,1.12581,1.01021
2023,2024-04-02 19:15:00,West Ham,Tottenham,1,1,1.47017,1.39423
2023,2024-04-03 18:30:00,Arsenal,Luton,2,0,1.14384,0.292082
2023,2024-04-03 18:30:00,Brentford,Brighton,0,0,0.423299,1.22404
2023,2024-04-03 19:15:00,Manchester City,Aston Villa,4,1,3.87704,1.18643
2023,2024-04-04 18:30:00,Liverpool,Sheffield United,3,1,2.51772,0.720948
2023,2024-04-04 19:15:00,Chelsea,Manchester United,4,3,3.48048,1.56686
2023,2024-04-06 11:30:00,Crystal Palace,Manchester City,2,4,1.49472,2.26381
2023,2024-04-06 14:00:00,Aston Villa,Brentford,3,3,1.16333,1.42064
2023,2024-04-06 14:00:00,Everton,Burnley,1,0,0.659844,0.34699
2023,2024-04-06 14:00:00,Fulham,Newcastle United,0,1,0.834564,1.18012
2023,2024-04-06 14:00:00,Luton,Bournemouth,2,1,1.30478,0.616108
2023,2024-04-06 14:00:00,Wolverhampton Wanderers,West Ham,1,2,1.78341,1.14133
2023,2024-04-06 16:30:00,Brighton,Arsenal,0,3,0.428514,4.16518
2023,2024-04-07 14:30:00,Manchester United,Liverpool,2,2,0.814509,4.43457
2023,2024-04-07 16:30:00,Sheffield United,Chelsea,2,2,1.74265,0.521789
2023,2024-04-07 19:00:00,Tottenham,Nottingham Forest,3,1,1.61978,2.00122
2023,2024-04-13 11:30:00,Newcastle United,Tottenham,4,0,3.1483,0.737596
2023,2024-04-13 14:00:00,Brentford,Sheffield United,2,0,1.09071,0.834498
2023,2024-04-13 14:00:00,Burnley,Brighton,1,1,1.8522,0.889445
2023,2024-04-13 14:00:00,Manchester City,Luton,5,1,4.64245,0.809775
2023,2024-04-13 14:00:00,Nottingham Forest,Wolverhampton Wanderers,2,2,1.76244,1.45688
2023,2024-04-13 16:30:00,Bournemouth,Manchester United,2,2,2.38519,1.52274
2023,2024-04-14 13:00:00,Liverpool,Crystal Palace,0,1,3.04497,2.12879
2023,2024-04-14 13:00:00,West Ham,Fulham,0,2,1.45307,3.61413
2023,2024-04-14 15:30:00,Arsenal,Aston Villa,0,2,1.89003,0.929049
2023,2024-04-15 19:00:00,Chelsea,Everton,6,0,3.37093,1.21791
2023,2024-04-20 14:00:00,Luton,Brentford,1,5,0.497799,3.7809
2023,2024-04-20 14:00:00,Sheffield United,Burnley,1,4,1.97816,2.42338
2023,2024-04-20 18:30:00,Wolverhampton Wanderers,Arsenal,0,2,0.164516,1.66179
2023,2024-04-21 12:30:00,Everton,Nottingham Forest,2,0,0.473233,1.18916
2023,2024-04-21 14:00:00,Aston Villa,Bournemouth,3,1,2.62687,2.05211
2023,2024-04-21 14:00:00,Crystal Palace,West Ham,5,2,3.7185,1.34536
2023,2024-04-21 15:30:00,Fulham,Liverpool,1,3,0.83885,1.02445
2023,2024-04-23 19:00:00,Arsenal,Chelsea,5,0,3.45858,1.60343
2023,2024-04-24 18:45:00,Wolverhampton Wanderers,Bournemouth,0,1,0.484454,2.40311
2023,2024-04-24 19:00:00,Crystal Palace,Newcastle United,2,0,1.43661,0.55129
2023,2024-04-24 19:00:00,Everton,Liverpool,2,0,1.89111,1.87155
2023,2024-04-24 19:00:00,Manchester United,Sheffield United,4,2,3.51311,1.20517
2023,2024-04-25 19:00:00,Brighton,Manchester City,0,4,0.572021,1.90507
2023,2024-04-27 11:30:00,West Ham,Liverpool,2,2,0.794025,2.29298
2023,2024-04-27 14:00:00,Fulham,Crystal Palace,1,1,1.39418,1.05387
2023,2024-04-27 14:00:00,Manchester United,Burnley,1,1,3.06197,1.89591
2023,2024-04-27 14:00:00,Newcastle United,Sheffield United,5,1,2.93477,1.82408
2023,2024-04-27 14:00:00,Wolverhampton Wanderers,Luton,2,1,1.49011,0.90435
2023,2024-04-27 16:30:00,Everton,Brentford,1,0,1.21399,0.956356
2023,2024-04-27 19:00:00,Aston Villa,Chelsea,2,2,0.612257,1.56401
2023,2024-04-28 13:00:00,Bournemouth,Brighton,3,0,2.48132,1.35682
2023,2024-04-28 13:00:00,Tottenham,Arsenal,2,3,2.60458,1.51469
2023,2024-04-28 15:30:00,Nottingham Forest,Manchester City,0,2,2.17312,0.932063
2023,2024-05-02 18:30:00,Chelsea,Tottenham,2,0,2.22432,1.27064
2023,2024-05-03 19:00:00,Luton,Everton,1,1,0.950391,1.22959
2023,2024-05-04 11:30:00,Arsenal,Bournemouth,3,0,3.91372,0.4687
2023,2024-05-04 14:00:00,Brentford,Fulham,0,0,0.809379,1.45579
2023,2024-05-04 14:00:00,Burnley,Newcastle United,1,4,1.28632,4.25643
2023,2024-05-04 14:00:00,Sheffield United,Nottingham Forest,1,3,2.48986,1.93818
2023,2024-05-04 16:30:00,Manchester City,Wolverhampton Wanderers,5,1,4.52542,0.396887
2023,2024-05-05 13:00:00,Brighton,Aston Villa,1,0,2.63566,0.0644055
2023,2024-05-05 13:00:00,Chelsea,West Ham,5,0,4.21838,0.893899
2023,2024-05-05 15:30:00,Liverpool,Tottenham,4,2,3.26222,1.17205
2023,2024-05-06 19:00:00,Crystal Palace,Manchester United,4,0,2.0656,0.341417
2023,2024-05-11 11:30:00,Fulham,Manchester City,0,4,0.0886245,3.15218
2023,2024-05-11 14:00:00,Bournemouth,Brentford,1,2,1.07237,1.92722
2023,2024-05-11 14:00:00,Everton,Sheffield United,1,0,1.82411,0.465523
2023,2024-05-11 14:00:00,Newcastle United,Brighton,1,1,2.45163,1.91556
2023,2024-05-11 14:00:00,Tottenham,Burnley,2,1,3.00238,0.950331
2023,2024-05-11 14:00:00,West Ham,Luton,3,1,3.71009,0.640456
2023,2024-05-11 14:00:00,Wolverhampton Wanderers,Crystal Palace,1,3,1.1561,2.51452
2023,2024-05-11 16:30:00,Nottingham Forest,Chelsea,2,3,2.44569,2.41068
2023,2024-05-12 15:30:00,Manchester United,Arsenal,0,1,0.551669,1.73104
2023,2024-05-13 19:00:00,Aston Villa,Liverpool,3,3,2.71655,1.89968
2023,2024-05-14 19:00:00,Tottenham,Manchester City,0,2,1.84285,2.70331
2023,2024-05-15 18:45:00,Brighton,Chelsea,1,2,1.32423,1.544
2023,2024-05-15 19:00:00,Manchester United,Newcastle United,3,2,1.49706,2.27657
2023,2024-05-19 15:00:00,Arsenal,Everton,2,1,3.2117,0.664904
2023,2024-05-19 15:00:00,Brentford,Newcastle United,2,4,1.70157,3.65044
2023,2024-05-19 15:00:00,Brighton,Manchester United,0,2,1.9717,1.00404
2023,2024-05-19 15:00:00,Burnley,Nottingham Forest,1,2,1.08222,1.57962
2023,2024-05-19 15:00:00,Chelsea,Bournemouth,2,1,1.59771,2.002
2023,2024-05-19 15:00:00,Crystal Palace,Aston Villa,5,0,2.23189,0.598846
2023,2024-05-19 15:00:00,Liverpool,Wolverhampton Wanderers,2,0,5.65937,0.731254
2023,2024-05-19 15:00:00,Luton,Fulham,2,4,2.06743,1.11598
2023,2024-05-19 15:00:00,Manchester City,West Ham,3,1,2.31504,0.240159
2023,2024-05-19 15:00:00,Sheffield United,Tottenham,0,3,0.697312,3.19675
2024,2024-08-16 19:00:00,Manchester United,Fulham,1,0,2.04268,0.418711
2024,2024-08-17 11:30:00,Ipswich,Liverpool,0,2,0.342601,3.92906
2024,2024-08-17 14:00:00,Arsenal,Wolverhampton Wanderers,2,0,1.6283,0.575835
2024,2024-08-17 14:00:00,Everton,Brighton,0,3,0.405325,1.79083
2024,2024-08-17 14:00:00,Newcastle United,Southampton,1,0,0.433489,1.95483
2024,2024-08-17 14:00:00,Nottingham Forest,Bournemouth,1,1,1.24405,1.90915
2024,2024-08-17 16:30:00,West Ham,Aston Villa,1,2,2.8047,2.6703
2024,2024-08-18 13:00:00,Brentford,Crystal Palace,2,1,1.38064,1.14757
2024,2024-08-18 15:30:00,Chelsea,Manchester City,0,2,1.06123,1.18038
2024,2024-08-19 19:00:00,Leicester,Tottenham,1,1,1.02614,1.40775
2024,2024-08-24 11:30:00,Brighton,Manchester United,2,1,2.14153,1.28556
2024,2024-08-24 14:00:00,Crystal Palace,West Ham,0,2,1.3761,1.53421
2024,2024-08-24 14:00:00,Fulham,Leicester,2,1,1.96218,0.857005
2024,2024-08-24 14:00:00,Manchester City,Ipswich,4,1,3.07818,0.479999
2024,2024-08-24 14:00:00,Southampton,Nottingham Forest,0,1,0.214952,2.86475
2024,2024-08-24 14:00:00,Tottenham,Everton,4,0,2.61143,0.648869
2024,2024-08-24 16:30:00,Aston Villa,Arsenal,0,2,1.31664,1.41399
2024,2024-08-25 13:00:00,Wolverhampton Wanderers,Chelsea,2,6,2.4181,2.02935
2024,2024-08-25 13:00:00,Bournemouth,Newcastle United,1,1,2.53513,1.89287
2024,2024-08-25 15:30:00,Liverpool,Brentford,2,0,2.71877,0.457239
2024,2024-08-31 11:30:00,Arsenal,Brighton,1,1,2.41798,1.81748
2024,2024-08-31 14:00:00,Brentford,Southampton,3,1,3.86281,1.64713
2024,2024-08-31 14:00:00,Everton,Bournemouth,2,3,2.55629,2.95688
2024,2024-08-31 14:00:00,Ipswich,Fulham,1,1,0.707048,1.18883
2024,2024-08-31 14:00:00,Leicester,Aston Villa,1,2,0.774741,2.16385
2024,2024-08-31 14:00:00,Nottingham Forest,Wolverhampton Wanderers,1,1,1.41069,0.937632
2024,2024-08-31 16:30:00,West Ham,Manchester City,1,3,0.947201,3.19297
2024,2024-09-01 12:30:00,Newcastle United,Tottenham,2,1,1.58694,1.63304
2024,2024-09-01 12:30:00,Chelsea,Crystal Palace,1,1,2.97743,0.459708
2024,2024-09-01 15:00:00,Manchester United,Liverpool,0,3,1.50087,2.10397
2024,2024-09-14 11:30:00,Southampton,Manchester United,0,3,1.35593,3.02693
2024,2024-09-14 14:00:00,Brighton,Ipswich,0,0,1.75696,0.721323
2024,2024-09-14 14:00:00,Fulham,West Ham,1,1,2.88601,0.682719
2024,2024-09-14 14:00:00,Liverpool,Nottingham Forest,0,1,1.17044,0.589532
2024,2024-09-14 14:00:00,Crystal Palace,Leicester,2,2,2.88716,1.65187
2024,2024-09-14 14:00:00,Manchester City,Brentford,2,1,1.55279,1.05094
2024,2024-09-14 16:30:00,Aston Villa,Everton,3,2,3.15876,0.852158
2024,2024-09-14 19:00:00,Bournemouth,Chelsea,0,1,1.53731,0.932726
2024,2024-09-15 13:00:00,Tottenham,Arsenal,0,1,0.792595,1.1209
2024,2024-09-15 15:30:00,Wolverhampton Wanderers,Newcastle United,1,2,1.46969,1.48343
2024,2024-09-21 11:30:00,West Ham,Chelsea,0,3,0.758267,2.39727
2024,2024-09-21 14:00:00,Southampton,Ipswich,1,1,2.89813,1.645
2024,2024-09-21 14:00:00,Leicester,Everton,1,1,1.33793,1.82377
2024,2024-09-21 14:00:00,Liverpool,Bournemouth,3,0,2.43731,1.46979
2024,2024-09-21 14:00:00,Fulham,Newcastle United,3,1,3.21141,1.09768
2024,2024-09-21 14:00:00,Aston Villa,Wolverhampton Wanderers,3,1,2.37351,0.520117
2024,2024-09-21 14:00:00,Tottenham,Brentford,3,1,3.89481,0.893565
2024,2024-09-21 16:30:00,Crystal Palace,Manchester United,0,0,1.66928,2.35056
2024,2024-09-22 13:00:00,Brighton,Nottingham Forest,2,2,1.56836,1.36923
2024,2024-09-22 15:30:00,Manchester City,Arsenal,2,2,2.75588,1.28411
2024,2024-09-28 11:30:00,Newcastle United,Manchester City,1,1,1.34344,1.26516
2024,2024-09-28 14:00:00,Nottingham Forest,Fulham,0,1,0.614351,1.43592
2024,2024-09-28 14:00:00,Everton,Crystal Palace,2,1,1.10959,1.12358
2024,2024-09-28 14:00:00,Arsenal,Leicester,4,2,6.05305,0.337909
2024,2024-09-28 14:00:00,Brentford,West Ham,1,1,0.370222,0.878617
2024,2024-09-28 14:00:00,Chelsea,Brighton,4,2,3.65839,1.20712
2024,2024-09-28 16:30:00,Wolverhampton Wanderers,Liverpool,1,2,0.748925,2.11724
2024,2024-09-29 13:00:00,Ipswich,Aston Villa,2,2,1.84608,1.14494
2024,2024-09-29 15:30:00,Manchester United,Tottenham,0,3,0.600721,5.4072
2024,2024-09-30 19:00:00,Bournemouth,Southampton,3,1,1.44215,0.696068
2024,2024-10-05 11:30:00,Crystal Palace,Liverpool,0,1,0.609481,2.07332
2024,2024-10-05 14:00:00,Leicester,Bournemouth,1,0,0.912063,1.94963
2024,2024-10-05 14:00:00,Manchester City,Fulham,3,2,1.36684,2.75846
2024,2024-10-05 14:00:00,West Ham,Ipswich,4,1,4.39402,1.18463
2024,2024-10-05 14:00:00,Arsenal,Southampton,3,1,3.25165,1.27313
2024,2024-10-05 14:00:00,Brentford,Wolverhampton Wanderers,5,3,4.13513,0.696254
2024,2024-10-05 16:30:00,Everton,Newcastle United,0,0,0.692214,1.79048
2024,2024-10-06 13:00:00,Chelsea,Nottingham Forest,1,1,2.27752,1.66654
2024,2024-10-06 13:00:00,Aston Villa,Manchester United,0,0,0.532809,0.448537
2024,2024-10-06 15:30:00,Brighton,Tottenham,3,2,1.97217,1.09279
2024,2024-10-19 11:30:00,Tottenham,West Ham,4,1,1.44052,0.858803
2024,2024-10-19 14:00:00,Fulham,Aston Villa,1,3,2.63074,1.43595
2024,2024-10-19 14:00:00,Ipswich,Everton,0,2,1.174,1.60804
2024,2024-10-19 14:00:00,Manchester United,Brentford,2,1,1.76555,0.892843
2024,2024-10-19 14:00:00,Newcastle United,Brighton,0,1,1.93657,1.6779
2024,2024-10-19 14:00:00,Southampton,Leicester,2,3,2.42776,2.83826
2024,2024-10-19 16:30:00,Bournemouth,Arsenal,2,0,2.18419,0.740758
2024,2024-10-20 13:00:00,Wolverhampton Wanderers,Manchester City,1,2,0.761217,1.36569
2024,2024-10-20 15:30:00,Liverpool,Chelsea,2,1,2.22517,1.33904
2024,2024-10-21 19:00:00,Nottingham Forest,Crystal Palace,1,0,1.88573,0.835001
2024,2024-10-25 19:00:00,Leicester,Nottingham Forest,1,3,0.832415,2.54488
2024,2024-10-26 14:00:00,Manchester City,Southampton,1,0,3.16286,0.369989
2024,2024-10-26 14:00:00,Aston Villa,Bournemouth,1,1,1.974,0.328651
2024,2024-10-26 14:00:00,Brentford,Ipswich,4,3,4.09663,1.65698
2024,2024-10-26 14:00:00,Brighton,Wolverhampton Wanderers,2,2,1.51347,1.11074
2024,2024-10-26 16:30:00,Everton,Fulham,1,1,0.884845,1.49531
2024,2024-10-27 14:00:00,Chelsea,Newcastle United,2,1,1.61794,1.74225
2024,2024-10-27 14:00:00,Crystal Palace,Tottenham,1,0,0.978611,1.0192
2024,2024-10-27 14:00:00,West Ham,Manchester United,2,1,2.99312,2.62598
2024,2024-10-27 16:30:00,Arsenal,Liverpool,2,2,1.0883,1.35346
2024,2024-11-02 12:30:00,Newcastle United,Arsenal,1,0,0.859715,0.911305
2024,2024-11-02 15:00:00,Bournemouth,Manchester City,2,1,2.4493,2.3527
2024,2024-11-02 15:00:00,Ipswich,Leicester,1,1,1.33617,2.33858
2024,2024-11-02 15:00:00,Liverpool,Brighton,2,1,1.81037,1.01568
2024,2024-11-02 15:00:00,Nottingham Forest,West Ham,3,0,2.35011,0.132317
2024,2024-11-02 15:00:00,Southampton,Everton,1,0,0.540345,1.78581
2024,2024-11-02 17:30:00,Wolverhampton Wanderers,Crystal Palace,2,2,1.65018,2.64849
2024,2024-11-03 14:00:00,Tottenham,Aston Villa,4,1,2.09751,2.48749
2024,2024-11-03 16:30:00,Manchester United,Chelsea,1,1,2.1605,1.21071
2024,2024-11-04 20:00:00,Fulham,Brentford,2,1,1.43017,0.739231
2024,2024-11-09 15:00:00,Brentford,Bournemouth,3,2,1.56474,2.49234
2024,2024-11-09 15:00:00,Crystal Palace,Fulham,0,2,1.96037,2.25331
2024,2024-11-09 15:00:00,West Ham,Everton,0,0,1.1237,0.865983
2024,2024-11-09 15:00:00,Wolverhampton Wanderers,Southampton,2,0,0.912781,0.792655
2024,2024-11-09 17:30:00,Brighton,Manchester City,2,1,2.87116,2.60334
2024,2024-11-09 20:00:00,Liverpool,Aston Villa,2,0,2.68196,1.66337
2024,2024-11-10 14:00:00,Nottingham Forest,Newcastle United,1,3,1.17852,1.86904
2024,2024-11-10 14:00:00,Manchester United,Leicester,3,0,1.2369,0.417295
2024,2024-11-10 14:00:00,Tottenham,Ipswich,1,2,1.75088,2.18392
2024,2024-11-10 16:30:00,Chelsea,Arsenal,1,1,1.24067,1.9605
2024,2024-11-23 12:30:00,Leicester,Chelsea,1,2,0.967987,2.81658
2024,2024-11-23 15:00:00,Bournemouth,Brighton,1,2,1.91157,1.23059
2024,2024-11-23 15:00:00,Arsenal,Nottingham Forest,3,0,1.66016,0.403136
2024,2024-11-23 15:00:00,Everton,Brentford,0,0,1.5951,1.34314
2024,2024-11-23 15:00:00,Aston Villa,Crystal Palace,2,2,3.04455,1.61437
2024,2024-11-23 15:00:00,Fulham,Wolverhampton Wanderers,1,4,0.717158,1.33903
2024,2024-11-23 17:30:00,Manchester City,Tottenham,0,4,2.15899,3.30449
2024,2024-11-24 14:00:00,Southampton,Liverpool,2,3,1.53985,3.18835
2024,2024-11-24 16:30:00,Ipswich,Manchester United,1,1,1.98714,1.26912
2024,2024-11-25 20:00:00,Newcastle United,West Ham,0,2,1.49781,0.942824
2024,2024-11-29 20:00:00,Brighton,Southampton,1,1,1.86986,0.934969
2024,2024-11-30 15:00:00,Brentford,Leicester,4,1,2.21885,0.907555
2024,2024-11-30 15:00:00,Crystal Palace,Newcastle United,1,1,2.29595,0.020989
2024,2024-11-30 15:00:00,Nottingham Forest,Ipswich,1,0,1.76587,0.462771
2024,2024-11-30 15:00:00,Wolverhampton Wanderers,Bournemouth,2,4,0.866034,3.07901
2024,2024-11-30 17:30:00,West Ham,Arsenal,2,5,1.23539,3.99935
2024,2024-12-01 13:30:00,Chelsea,Aston Villa,3,0,1.94939,0.875443
2024,2024-12-01 13:30:00,Manchester United,Everton,4,0,1.76161,0.766749
2024,2024-12-01 13:30:00,Tottenham,Fulham,1,1,1.01086,1.57274
2024,2024-12-01 16:00:00,Liverpool,Manchester City,2,0,3.70054,0.745015
2024,2024-12-03 19:30:00,Ipswich,Crystal Palace,0,1,0.471708,1.65422
2024,2024-12-03 20:15:00,Leicester,West Ham,3,1,2.78061,2.87716
2024,2024-12-04 19:30:00,Everton,Wolverhampton Wanderers,4,0,1.49904,0.847724
2024,2024-12-04 19:30:00,Manchester City,Nottingham Forest,3,0,3.20169,0.802155
2024,2024-12-04 19:30:00,Newcastle United,Liverpool,3,3,1.52057,2.22766
2024,2024-12-04 19:30:00,Southampton,Chelsea,1,5,1.91014,5.8331
2024,2024-12-04 20:15:00,Arsenal,Manchester United,2,0,2.96684,0.256083
2024,2024-12-04 20:15:00,Aston Villa,Brentford,3,1,3.21673,1.13266
2024,2024-12-05 19:30:00,Fulham,Brighton,3,1,0.666644,1.09939
2024,2024-12-05 20:15:00,Bournemouth,Tottenham,1,0,3.27716,0.623934
2024,2024-12-07 15:00:00,Aston Villa,Southampton,1,0,2.51338,0.385832
2024,2024-12-07 15:00:00,Brentford,Newcastle United,4,2,1.746,1.95645
2024,2024-12-07 15:00:00,Crystal Palace,Manchester City,2,2,1.21476,1.5846
2024,2024-12-07 17:30:00,Manchester United,Nottingham Forest,2,3,1.4697,0.651217
2024,2024-12-08 14:00:00,Fulham,Arsenal,1,1,0.150988,2.4333
2024,2024-12-08 14:00:00,Ipswich,Bournemouth,1,2,1.5668,3.49127
2024,2024-12-08 14:00:00,Leicester,Brighton,2,2,1.42438,1.12184
2024,2024-12-08 16:30:00,Tottenham,Chelsea,3,4,3.25488,2.57326
2024,2024-12-09 20:00:00,West Ham,Wolverhampton Wanderers,2,1,1.19808,1.47567
2024,2024-12-14 15:00:00,Liverpool,Fulham,2,2,2.09698,1.2862
2024,2024-12-14 15:00:00,Arsenal,Everton,0,0,1.30865,0.132166
2024,2024-12-14 15:00:00,Wolverhampton Wanderers,Ipswich,1,2,1.23748,1.73349
2024,2024-12-14 15:00:00,Newcastle United,Leicester,4,0,3.95461,0.186759
2024,2024-12-14 17:30:00,Nottingham Forest,Aston Villa,2,1,2.2861,0.389423
2024,2024-12-15 14:00:00,Brighton,Crystal Palace,1,3,1.32323,3.00618
2024,2024-12-15 16:30:00,Manchester City,Manchester United,1,2,0.638103,2.04662
2024,2024-12-15 19:00:00,Chelsea,Brentford,2,1,2.59146,1.65861
2024,2024-12-15 19:00:00,Southampton,Tottenham,0,5,1.27356,3.89322
2024,2024-12-16 20:00:00,Bournemouth,West Ham,1,1,2.04842,1.81827
2024,2024-12-21 12:30:00,Aston Villa,Manchester City,2,1,2.05988,1.09627
2024,2024-12-21 15:00:00,Brentford,Nottingham Forest,0,2,0.769004,0.964897
2024,2024-12-21 15:00:00,West Ham,Brighton,1,1,1.22937,1.34379
2024,2024-12-21 15:00:00,Ipswich,Newcastle United,0,4,1.06427,3.23386
2024,2024-12-21 17:30:00,Crystal Palace,Arsenal,1,5,1.6052,3.05434
2024,2024-12-22 14:00:00,Fulham,Southampton,0,0,1.25255,0.280031
2024,2024-12-22 14:00:00,Everton,Chelsea,0,0,1.07081,1.51591
2024,2024-12-22 14:00:00,Manchester United,Bournemouth,0,3,2.28533,1.82831
2024,2024-12-22 14:00:00,Leicester,Wolverhampton Wanderers,0,3,0.78868,1.13531
2024,2024-12-22 16:30:00,Tottenham,Liverpool,3,6,1.20245,5.20214
2024,2024-12-26 12:30:00,Manchester City,Everton,1,1,2.51965,0.653289
2024,2024-12-26 15:00:00,Bournemouth,Crystal Palace,0,0,1.20189,0.500066
2024,2024-12-26 15:00:00,Chelsea,Fulham,1,2,1.55626,1.77929
2024,2024-12-26 15:00:00,Newcastle United,Aston Villa,3,0,2.82867,0.225522
2024,2024-12-26 15:00:00,Nottingham Forest,Tottenham,1,0,1.30018,1.05758
2024,2024-12-26 15:00:00,Southampton,West Ham,0,1,2.19833,1.90111
2024,2024-12-26 17:30:00,Wolverhampton Wanderers,Manchester United,2,0,0.826489,0.358876
2024,2024-12-26 20:00:00,Liverpool,Leicester,3,1,1.89935,0.22097
2024,2024-12-27 19:30:00,Brighton,Brentford,0,0,1.33538,0.961233
2024,2024-12-27 20:15:00,Arsenal,Ipswich,1,0,2.16462,0.0783327
2024,2024-12-29 14:30:00,Leicester,Manchester City,0,2,1.84208,1.58002
2024,2024-12-29 15:00:00,Crystal Palace,Southampton,2,1,3.05417,1.21853
2024,2024-12-29 15:00:00,Everton,Nottingham Forest,0,2,0.615191,2.02753
2024,2024-12-29 15:00:00,Fulham,Bournemouth,2,2,0.961566,1.70692
2024,2024-12-29 15:00:00,Tottenham,Wolverhampton Wanderers,2,2,2.28433,0.640697
2024,2024-12-29 17:15:00,West Ham,Liverpool,0,5,0.518279,3.29868
2024,2024-12-30 19:45:00,Aston Villa,Brighton,2,2,1.87997,0.938042
2024,2024-12-30 19:45:00,Ipswich,Chelsea,2,0,1.50093,1.60622
2024,2024-12-30 20:00:00,Manchester United,Newcastle United,0,2,1.00073,2.2424
2024,2025-01-01 17:30:00,Brentford,Arsenal,1,3,0.272604,1.99848
2024,2025-01-04 12:30:00,Tottenham,Newcastle United,1,2,1.00333,2.42963
2024,2025-01-04 15:00:00,Bournemouth,Everton,1,0,2.61852,0.561015
2024,2025-01-04 15:00:00,Aston Villa,Leicester,2,1,2.3456,0.81548
2024,2025-01-04 15:00:00,Crystal Palace,Chelsea,1,1,1.2766,1.51541
2024,2025-01-04 15:00:00,Manchester City,West Ham,4,1,1.97986,1.53286
2024,2025-01-04 15:00:00,Southampton,Brentford,0,5,0.249614,5.54874
2024,2025-01-04 17:30:00,Brighton,Arsenal,1,1,1.76513,1.81142
2024,2025-01-05 14:00:00,Fulham,Ipswich,2,2,2.65469,1.4434
2024,2025-01-05 16:30:00,Liverpool,Manchester United,2,2,2.862,1.67469
2024,2025-01-06 20:00:00,Wolverhampton Wanderers,Nottingham Forest,0,3,1.90463,2.57227
2024,2025-01-14 19:30:00,Brentford,Manchester City,2,2,2.39088,2.65315
2024,2025-01-14 19:30:00,West Ham,Fulham,3,2,0.937322,2.83581
2024,2025-01-14 19:30:00,Chelsea,Bournemouth,2,2,2.53808,1.14845
2024,2025-01-14 20:00:00,Nottingham Forest,Liverpool,1,1,0.5292,2.72291
2024,2025-01-15 19:30:00,Everton,Aston Villa,0,1,1.23126,1.28522
2024,2025-01-15 19:30:00,Leicester,Crystal Palace,0,2,2.09904,2.2647
2024,2025-01-15 19:30:00,Newcastle United,Wolverhampton Wanderers,3,0,2.13327,1.47433
2024,2025-01-15 20:00:00,Arsenal,Tottenham,2,1,2.25501,0.777071
2024,2025-01-16 19:30:00,Ipswich,Brighton,0,2,0.268127,1.06343
2024,2025-01-16 20:00:00,Manchester United,Southampton,3,1,3.10847,1.36705
2024,2025-01-18 12:30:00,Newcastle United,Bournemouth,1,4,0.837801,2.70174
2024,2025-01-18 15:00:00,Brentford,Liverpool,0,2,1.20021,4.16249
2024,2025-01-18 15:00:00,Leicester,Fulham,0,2,0.676934,2.36823
2024,2025-01-18 15:00:00,West Ham,Crystal Palace,0,2,0.221062,1.62561
2024,2025-01-18 17:30:00,Arsenal,Aston Villa,2,2,1.64458,1.20602
2024,2025-01-19 14:00:00,Everton,Tottenham,3,2,2.56089,1.35719
2024,2025-01-19 14:00:00,Manchester United,Brighton,1,3,1.31823,2.17172
2024,2025-01-19 14:00:00,Nottingham Forest,Southampton,3,2,2.36419,1.25922
2024,2025-01-19 16:30:00,Ipswich,Manchester City,0,6,0.795637,3.20228
2024,2025-01-20 20:00:00,Chelsea,Wolverhampton Wanderers,3,1,3.14882,1.06726
2024,2025-01-25 15:00:00,Bournemouth,Nottingham Forest,5,0,2.8254,0.996166
2024,2025-01-25 15:00:00,Brighton,Everton,0,1,0.64378,0.870883
2024,2025-01-25 15:00:00,Liverpool,Ipswich,4,1,2.16809,0.804707
2024,2025-01-25 15:00:00,Southampton,Newcastle United,1,3,0.825621,3.08319
2024,2025-01-25 15:00:00,Wolverhampton Wanderers,Arsenal,0,1,0.514724,0.887358
2024,2025-01-25 17:30:00,Manchester City,Chelsea,3,1,2.23213,1.49843
2024,2025-01-26 14:00:00,Crystal Palace,Brentford,1,2,1.23177,1.92037
2024,2025-01-26 14:00:00,Tottenham,Leicester,1,2,1.27483,1.40469
2024,2025-01-26 16:30:00,Aston Villa,West Ham,1,1,0.907851,1.67886
2024,2025-01-26 19:00:00,Fulham,Manchester United,0,1,0.560571,0.201988
2024,2025-02-01 12:30:00,Nottingham Forest,Brighton,7,0,4.0677,0.756296
2024,2025-02-01 15:00:00,Bournemouth,Liverpool,0,2,1.65273,2.7219
2024,2025-02-01 15:00:00,Everton,Leicester,4,0,3.11261,0.447136
2024,2025-02-01 15:00:00,Ipswich,Southampton,1,2,1.94845,1.17566
2024,2025-02-01 15:00:00,Newcastle United,Fulham,1,2,1.22716,1.60881
2024,2025-02-01 17:30:00,Wolverhampton Wanderers,Aston Villa,2,0,2.00146,0.742809
2024,2025-02-02 14:00:00,Brentford,Tottenham,0,2,1.66475,0.945355
2024,2025-02-02 14:00:00,Manchester United,Crystal Palace,0,2,1.50706,2.44633
2024,2025-02-02 16:30:00,Arsenal,Manchester City,5,1,1.53202,0.743191
2024,2025-02-03 20:00:00,Chelsea,West Ham,2,1,1.39066,1.1868
2024,2025-02-12 19:30:00,Everton,Liverpool,2,2,0.910523,0.929103
2024,2025-02-14 20:00:00,Brighton,Chelsea,3,0,2.06892,0.649788
2024,2025-02-15 12:30:00,Leicester,Arsenal,0,2,0.233209,1.75
2024,2025-02-15 15:00:00,Aston Villa,Ipswich,1,1,2.89841,0.332864
2024,2025-02-15 15:00:00,Fulham,Nottingham Forest,2,1,2.20993,0.331301
2024,2025-02-15 15:00:00,Manchester City,Newcastle United,4,0,2.12004,0.157211
2024,2025-02-15 15:00:00,Southampton,Bournemouth,1,3,0.974418,2.08722
2024,2025-02-15 15:00:00,West Ham,Brentford,0,1,0.673466,1.96499
2024,2025-02-15 17:30:00,Crystal Palace,Everton,1,2,2.30646,1.01565
2024,2025-02-16 14:00:00,Liverpool,Wolverhampton Wanderers,2,1,1.86758,1.05329
2024,2025-02-16 16:30:00,Tottenham,Manchester United,1,0,1.97109,1.42652
2024,2025-02-19 15:00:00,Aston Villa,Liverpool,2,2,1.02269,2.04279
2024,2025-02-21 20:00:00,Leicester,Brentford,0,4,0.727901,2.03465
2024,2025-02-22 12:30:00,Everton,Manchester United,2,2,2.10444,0.645685
2024,2025-02-22 15:00:00,Bournemouth,Wolverhampton Wanderers,0,1,0.629691,2.10124
2024,2025-02-22 15:00:00,Arsenal,West Ham,0,1,1.37264,1.02684
2024,2025-02-22 15:00:00,Fulham,Crystal Palace,0,2,0.23426,1.46203
2024,2025-02-22 15:00:00,Ipswich,Tottenham,1,4,1.15389,1.58741
2024,2025-02-22 15:00:00,Southampton,Brighton,0,4,0.154147,5.12018
2024,2025-02-22 17:30:00,Aston Villa,Chelsea,2,1,2.69413,2.17418
2024,2025-02-23 14:00:00,Newcastle United,Nottingham Forest,4,3,3.45858,2.38603
2024,2025-02-23 16:30:00,Manchester City,Liverpool,0,2,0.58248,0.807058
2024,2025-02-25 19:30:00,Brighton,Bournemouth,2,1,2.57927,1.70169
2024,2025-02-25 19:30:00,Wolverhampton Wanderers,Fulham,1,2,0.928973,1.43473
2024,2025-02-25 19:30:00,Crystal Palace,Aston Villa,4,1,4.02522,0.667217
2024,2025-02-25 20:15:00,Chelsea,Southampton,4,0,2.98234,0.845039
2024,2025-02-26 19:30:00,Brentford,Everton,1,1,1.34009,1.44955
2024,2025-02-26 19:30:00,Nottingham Forest,Arsenal,0,0,0.508611,1.31766
2024,2025-02-26 19:30:00,Tottenham,Manchester City,0,1,1.28426,2.38641
2024,2025-02-26 19:30:00,Manchester United,Ipswich,3,2,1.40202,1.04498
2024,2025-02-26 20:15:00,Liverpool,Newcastle United,2,0,1.40027,0.45882
2024,2025-02-27 20:00:00,West Ham,Leicester,2,0,1.70437,0.289578
2024,2025-03-08 12:30:00,Nottingham Forest,Manchester City,1,0,0.501476,0.721234
2024,2025-03-08 15:00:00,Brighton,Fulham,2,1,1.94417,0.708227
2024,2025-03-08 15:00:00,Crystal Palace,Ipswich,1,0,3.13879,1.63282
2024,2025-03-08 15:00:00,Liverpool,Southampton,3,1,4.98996,0.511566
2024,2025-03-08 17:30:00,Brentford,Aston Villa,0,1,0.637743,1.29638
2024,2025-03-08 20:00:00,Wolverhampton Wanderers,Everton,1,1,0.812432,1.3672
2024,2025-03-09 14:00:00,Chelsea,Leicester,1,0,1.76844,0.108487
2024,2025-03-09 14:00:00,Tottenham,Bournemouth,2,2,1.35053,2.22536
2024,2025-03-09 16:30:00,Manchester United,Arsenal,1,1,1.31107,1.82996
2024,2025-03-10 20:00:00,West Ham,Newcastle United,0,1,0.823986,1.62976
2024,2025-03-15 15:00:00,Everton,West Ham,1,1,1.189,0.516029
2024,2025-03-15 15:00:00,Ipswich,Nottingham Forest,2,4,0.520839,1.30722
2024,2025-03-15 15:00:00,Manchester City,Brighton,2,2,2.02642,2.11119
2024,2025-03-15 15:00:00,Southampton,Wolverhampton Wanderers,1,2,1.2821,0.540718
2024,2025-03-15 17:30:00,Bournemouth,Brentford,1,2,2.02714,1.60321
2024,2025-03-16 13:30:00,Arsenal,Chelsea,1,0,0.695725,0.286036
2024,2025-03-16 13:30:00,Fulham,Tottenham,2,0,1.03966,1.40865
2024,2025-03-16 19:00:00,Leicester,Manchester United,0,3,1.30455,1.13892
2024,2025-04-01 19:45:00,Arsenal,Fulham,2,1,2.30189,1.44206
2024,2025-04-01 19:45:00,Wolverhampton Wanderers,West Ham,1,0,1.10359,1.73057
2024,2025-04-01 20:00:00,Nottingham Forest,Manchester United,1,0,0.512063,1.86688
2024,2025-04-02 19:45:00,Brighton,Aston Villa,0,3,0.558009,1.20715
2024,2025-04-02 19:45:00,Bournemouth,Ipswich,1,2,1.99637,1.41263
2024,2025-04-02 19:45:00,Manchester City,Leicester,2,0,2.07165,0.104741
2024,2025-04-02 19:45:00,Newcastle United,Brentford,2,1,2.26584,1.53201
2024,2025-04-02 19:45:00,Southampton,Crystal Palace,1,1,0.687304,0.93776
2024,2025-04-02 20:00:00,Liverpool,Everton,1,0,1.29718,0.823136
2024,2025-04-03 19:00:00,Chelsea,Tottenham,1,0,1.30443,1.40274
2024,2025-04-05 11:30:00,Everton,Arsenal,1,1,1.22875,1.4031
2024,2025-04-05 14:00:00,Crystal Palace,Brighton,2,1,0.443965,1.27226
2024,2025-04-05 14:00:00,Ipswich,Wolverhampton Wanderers,1,2,0.872356,2.8096
2024,2025-04-05 14:00:00,West Ham,Bournemouth,2,2,0.907832,1.94869
2024,2025-04-05 16:30:00,Aston Villa,Nottingham Forest,2,1,2.63349,0.96769
2024,2025-04-06 13:00:00,Brentford,Chelsea,0,0,1.36123,1.47829
2024,2025-04-06 13:00:00,Fulham,Liverpool,3,2,1.72764,1.40638
2024,2025-04-06 13:00:00,Tottenham,Southampton,3,1,2.648,0.780439
2024,2025-04-06 15:30:00,Manchester United,Manchester City,0,0,1.23317,0.687894
2024,2025-04-07 19:00:00,Leicester,Newcastle United,0,3,0.354575,3.44111
2024,2025-04-12 11:30:00,Manchester City,Crystal Palace,5,2,4.59724,1.33808
2024,2025-04-12 14:00:00,Brighton,Leicester,2,2,3.6978,1.98444
2024,2025-04-12 14:00:00,Nottingham Forest,Everton,0,1,0.423949,1.26036
2024,2025-04-12 14:00:00,Southampton,Aston Villa,0,3,0.412256,2.99927
2024,2025-04-12 16:30:00,Arsenal,Brentford,1,1,0.767369,0.588583
2024,2025-04-13 13:00:00,Chelsea,Ipswich,2,2,2.90758,1.60301
2024,2025-04-13 13:00:00,Liverpool,West Ham,2,1,1.42902,1.46598
2024,2025-04-13 13:00:00,Wolverhampton Wanderers,Tottenham,4,2,2.22977,1.62887
2024,2025-04-13 15:30:00,Newcastle United,Manchester United,4,1,2.6383,0.786568
2024,2025-04-14 19:00:00,Bournemouth,Fulham,1,0,1.8577,1.07203
2024,2025-04-16 18:30:00,Newcastle United,Crystal Palace,5,0,2.32947,2.37548
2024,2025-04-19 14:00:00,Brentford,Brighton,4,2,2.95516,1.24107
2024,2025-04-19 14:00:00,Crystal Palace,Bournemouth,0,0,0.337818,0.664093
2024,2025-04-19 14:00:00,Everton,Manchester City,0,2,0.81683,1.87989
2024,2025-04-19 14:00:00,West Ham,Southampton,1,1,0.98423,0.922877
2024,2025-04-19 16:30:00,Aston Villa,Newcastle United,4,1,3.05371,1.27176
2024,2025-04-20 13:00:00,Fulham,Chelsea,1,2,0.306122,0.75172
2024,2025-04-20 13:00:00,Ipswich,Arsenal,0,4,0.192879,2.81362
2024,2025-04-20 13:00:00,Manchester United,Wolverhampton Wanderers,0,1,1.13966,0.187814
2024,2025-04-20 15:30:00,Leicester,Liverpool,0,1,0.232205,4.52706
2024,2025-04-21 19:00:00,Tottenham,Nottingham Forest,1,2,2.4024,0.557682
2024,2025-04-22 19:00:00,Manchester City,Aston Villa,2,1,1.36232,1.85906
2024,2025-04-23 19:00:00,Arsenal,Crystal Palace,2,2,1.92149,2.50515
2024,2025-04-26 11:30:00,Chelsea,Everton,1,0,0.768313,0.916838
2024,2025-04-26 14:00:00,Brighton,West Ham,3,2,1.29433,1.24134
2024,2025-04-26 14:00:00,Newcastle United,Ipswich,3,0,4.11539,0.127203
2024,2025-04-26 14:00:00,Southampton,Fulham,1,2,0.935581,1.9956
2024,2025-04-26 14:00:00,Wolverhampton Wanderers,Leicester,3,0,2.57666,1.04978
2024,2025-04-27 13:00:00,Bournemouth,Manchester United,1,1,0.60995,1.91039
2024,2025-04-27 15:30:00,Liverpool,Tottenham,5,1,2.51104,0.512812
2024,2025-05-01 18:30:00,Nottingham Forest,Brentford,0,2,0.670607,1.52054
2024,2025-05-02 19:00:00,Manchester City,Wolverhampton Wanderers,1,0,0.859463,0.622455
2024,2025-05-03 11:30:00,Aston Villa,Fulham,1,0,1.29013,0.702787
2024,2025-05-03 14:00:00,Everton,Ipswich,2,2,0.808481,1.14351
2024,2025-05-03 14:00:00,Leicester,Southampton,2,0,1.60739,0.550774
2024,2025-05-03 16:30:00,Arsenal,Bournemouth,1,2,2.05484,1.41783
2024,2025-05-04 13:00:00,West Ham,Tottenham,1,1,1.15166,0.847022
2024,2025-05-04 13:00:00,Brighton,Newcastle United,1,1,0.687863,1.63777
2024,2025-05-04 13:00:00,Brentford,Manchester United,4,3,3.58737,1.13404
2024,2025-05-04 15:30:00,Chelsea,Liverpool,3,1,3.51944,1.4267
2024,2025-05-05 19:00:00,Crystal Palace,Nottingham Forest,1,1,2.34037,0.63684
2024,2025-05-10 14:00:00,Fulham,Everton,1,3,1.20869,1.32604
2024,2025-05-10 14:00:00,Ipswich,Brentford,0,1,0.717433,1.32077
2024,2025-05-10 14:00:00,Southampton,Manchester City,0,0,0.136995,1.58463
2024,2025-05-10 14:00:00,Wolverhampton Wanderers,Brighton,0,2,0.73395,1.41254
2024,2025-05-10 16:30:00,Bournemouth,Aston Villa,0,1,1.02272,1.12376
2024,2025-05-11 11:00:00,Newcastle United,Chelsea,2,0,1.6703,0.646426
2024,2025-05-11 13:15:00,Manchester United,West Ham,0,2,2.31287,2.15985
2024,2025-05-11 13:15:00,Nottingham Forest,Leicester,2,2,1.76909,1.22949
2024,2025-05-11 13:15:00,Tottenham,Crystal Palace,0,2,0.806792,3.98546
2024,2025-05-11 15:30:00,Liverpool,Arsenal,2,2,2.74682,2.18795
2024,2025-05-16 18:30:00,Aston Villa,Tottenham,2,0,1.69061,0.523016
2024,2025-05-16 19:15:00,Chelsea,Manchester United,1,0,1.29571,0.337632
2024,2025-05-18 11:00:00,Everton,Southampton,2,0,2.67793,1.05025
2024,2025-05-18 13:15:00,West Ham,Nottingham Forest,1,2,0.850457,2.14756
2024,2025-05-18 14:00:00,Brentford,Fulham,2,3,2.43045,1.61741
2024,2025-05-18 14:00:00,Leicester,Ipswich,2,0,0.788544,1.36957
2024,2025-05-18 15:30:00,Arsenal,Newcastle United,1,0,1.15958,2.24634
2024,2025-05-19 19:00:00,Brighton,Liverpool,3,2,2.17789,3.065
2024,2025-05-20 19:00:00,Crystal Palace,Wolverhampton Wanderers,4,2,1.68451,1.42886
2024,2025-05-20 19:00:00,Manchester City,Bournemouth,3,1,1.59779,0.962014
2024,2025-05-25 15:00:00,Nottingham Forest,Chelsea,0,1,1.58014,1.30874
2024,2025-05-25 15:00:00,Newcastle United,Everton,0,1,1.1591,1.07279
2024,2025-05-25 15:00:00,Manchester United,Aston Villa,2,0,2.96259,0.335222
2024,2025-05-25 15:00:00,Liverpool,Crystal Palace,1,1,1.92122,1.4144
2024,2025-05-25 15:00:00,Tottenham,Brighton,1,4,1.85265,3.11624
2024,2025-05-25 15:00:00,Southampton,Arsenal,1,2,0.598144,2.40711
2024,2025-05-25 15:00:00,Wolverhampton Wanderers,Brentford,1,1,1.10889,1.97196
2024,2025-05-25 15:00:00,Bournemouth,Leicester,2,0,2.72449,0.156702
2024,2025-05-25 15:00:00,Ipswich,West Ham,1,3,0.893095,0.967379
2024,2025-05-25 15:00:00,Fulham,Manchester City,0,2,2.21797,2.45923
2025,2025-08-15 19:00:00,Liverpool,Bournemouth,4,2,2.33007,1.57303
2025,2025-08-16 11:30:00,Aston Villa,Newcastle United,0,0,0.318601,1.40098
2025,2025-08-16 14:00:00,Brighton,Fulham,1,1,1.44008,0.902883
2025,2025-08-16 14:00:00,Sunderland,West Ham,3,0,0.724368,0.558948
2025,2025-08-16 14:00:00,Tottenham,Burnley,3,0,1.97858,0.734138
2025,2025-08-16 16:30:00,Wolverhampton Wanderers,Manchester City,0,4,0.519436,2.29903
2025,2025-08-17 13:00:00,Chelsea,Crystal Palace,0,0,1.36793,1.03414
2025,2025-08-17 13:00:00,Nottingham Forest,Brentford,3,1,1.7555,1.32516
2025,2025-08-17 15:30:00,Manchester United,Arsenal,0,1,1.37653,1.3304
2025,2025-08-18 19:00:00,Leeds,Everton,1,0,2.3812,0.674338
2025,2025-08-22 19:00:00,West Ham,Chelsea,1,5,0.978572,3.94997
2025,2025-08-23 11:30:00,Manchester City,Tottenham,0,2,1.2475,1.28015
2025,2025-08-23 14:00:00,Brentford,Aston Villa,1,0,1.12964,0.976852
2025,2025-08-23 14:00:00,Burnley,Sunderland,2,0,1.00381,1.12127
2025,2025-08-23 14:00:00,Bournemouth,Wolverhampton Wanderers,1,0,1.78462,0.373367
2025,2025-08-23 16:30:00,Arsenal,Leeds,5,0,2.73761,0.156761
2025,2025-08-24 13:00:00,Crystal Palace,Nottingham Forest,1,1,1.10188,1.32987
2025,2025-08-24 13:00:00,Everton,Brighton,2,0,1.80116,2.08487
2025,2025-08-24 15:30:00,Fulham,Manchester United,1,1,1.65333,1.54603
2025,2025-08-25 19:00:00,Newcastle United,Liverpool,2,3,1.96342,0.646559
2025,2025-08-30 11:30:00,Chelsea,Fulham,2,0,2.4324,0.736228
2025,2025-08-30 14:00:00,Tottenham,Bournemouth,0,1,0.17067,2.1201
2025,2025-08-30 14:00:00,Wolverhampton Wanderers,Everton,2,3,0.943257,2.03791
2025,2025-08-30 14:00:00,Sunderland,Brentford,2,1,1.57127,1.44604
2025,2025-08-30 14:00:00,Manchester United,Burnley,3,2,4.02237,1.32618
2025,2025-08-30 16:30:00,Leeds,Newcastle United,0,0,0.6773,0.303635
2025,2025-08-31 13:00:00,Nottingham Forest,West Ham,0,3,0.716018,2.236
2025,2025-08-31 13:00:00,Brighton,Manchester City,2,1,2.20864,2.13418
2025,2025-08-31 15:30:00,Liverpool,Arsenal,1,0,0.481404,0.485679
2025,2025-08-31 18:00:00,Aston Villa,Crystal Palace,0,3,1.20586,2.59713
2025,2025-09-13 11:30:00,Arsenal,Nottingham Forest,3,0,2.8817,0.293681
2025,2025-09-13 14:00:00,Newcastle United,Wolverhampton Wanderers,1,0,1.19186,0.375942
2025,2025-09-13 14:00:00,Bournemouth,Brighton,2,1,1.44187,0.624923
2025,2025-09-13 14:00:00,Crystal Palace,Sunderland,0,0,1.75805,0.354129
2025,2025-09-13 14:00:00,Everton,Aston Villa,0,0,1.8927,0.354327
2025,2025-09-13 14:00:00,Fulham,Leeds,1,0,1.13979,0.830398
2025,2025-09-13 16:30:00,West Ham,Tottenham,0,3,0.793248,1.51402
2025,2025-09-13 19:00:00,Brentford,Chelsea,2,2,1.17533,0.755999
2025,2025-09-14 13:00:00,Burnley,Liverpool,0,1,0.168041,2.79492
2025,2025-09-14 15:30:00,Manchester City,Manchester United,3,0,1.99725,1.51915
2025,2025-09-20 11:30:00,Liverpool,Everton,2,1,1.06166,0.721371
2025,2025-09-20 14:00:00,West Ham,Crystal Palace,1,2,0.466365,2.33565
2025,2025-09-20 14:00:00,Wolverhampton Wanderers,Leeds,1,3,1.5661,0.456988
2025,2025-09-20 14:00:00,Brighton,Tottenham,2,2,1.40466,1.19181
2025,2025-09-20 14:00:00,Burnley,Nottingham Forest,1,1,1.14159,0.830779
2025,2025-09-20 16:30:00,Manchester United,Chelsea,2,1,1.34458,0.469843
2025,2025-09-20 19:00:00,Fulham,Brentford,3,1,1.52431,0.826556
2025,2025-09-21 13:00:00,Bournemouth,Newcastle United,0,0,0.55066,0.153629
2025,2025-09-21 13:00:00,Sunderland,Aston Villa,1,1,0.938312,0.939354
2025,2025-09-21 15:30:00,Arsenal,Manchester City,1,1,0.718575,1.1227
2025,2025-09-27 11:30:00,Brentford,Manchester United,3,1,2.78726,2.23609
2025,2025-09-27 14:00:00,Chelsea,Brighton,1,3,2.02653,2.4751
2025,2025-09-27 14:00:00,Crystal Palace,Liverpool,2,1,3.53323,3.10176
2025,2025-09-27 14:00:00,Leeds,Bournemouth,2,2,2.04728,1.06033
2025,2025-09-27 14:00:00,Manchester City,Burnley,5,1,3.22133,0.509491
2025,2025-09-27 16:30:00,Nottingham Forest,Sunderland,0,1,1.4203,1.94154
2025,2025-09-27 19:00:00,Tottenham,Wolverhampton Wanderers,1,1,0.818711,1.15951
2025,2025-09-28 13:00:00,Aston Villa,Fulham,3,1,1.36575,0.952612
2025,2025-09-28 15:30:00,Newcastle United,Arsenal,1,2,0.739851,2.07048
2025,2025-09-29 19:00:00,Everton,West Ham,1,1,0.909703,0.775766
2025,2025-10-03 19:00:00,Bournemouth,Fulham,3,1,1.33458,0.84335
2025,2025-10-04 11:30:00,Leeds,Tottenham,1,2,1.48051,0.688198
2025,2025-10-04 14:00:00,Arsenal,West Ham,2,0,3.0585,0.864549
2025,2025-10-04 14:00:00,Manchester United,Sunderland,2,0,1.9298,0.807119
2025,2025-10-04 16:30:00,Chelsea,Liverpool,2,1,1.23721,2.05981
2025,2025-10-05 13:00:00,Aston Villa,Burnley,2,1,1.73572,0.502292
2025,2025-10-05 13:00:00,Everton,Crystal Palace,2,1,2.13876,2.17789
2025,2025-10-05 13:00:00,Newcastle United,Nottingham Forest,2,0,3.81662,0.337689
2025,2025-10-05 13:00:00,Wolverhampton Wanderers,Brighton,1,1,0.369404,1.39158
2025,2025-10-05 15:30:00,Brentford,Manchester City,0,1,0.693758,1.09647
2025,2025-10-18 11:30:00,Nottingham Forest,Chelsea,0,3,2.0555,2.5583
2025,2025-10-18 14:00:00,Brighton,Newcastle United,2,1,0.857104,1.28313
2025,2025-10-18 14:00:00,Burnley,Leeds,2,0,0.509647,2.33152
2025,2025-10-18 14:00:00,Crystal Palace,Bournemouth,3,3,4.56284,2.0471
2025,2025-10-18 14:00:00,Manchester City,Everton,2,0,2.4799,0.794622
2025,2025-10-18 14:00:00,Sunderland,Wolverhampton Wanderers,2,0,1.02481,0.676323
2025,2025-10-18 16:30:00,Fulham,Arsenal,0,1,0.502332,2.07823
2025,2025-10-19 13:00:00,Tottenham,Aston Villa,1,2,1.51461,0.352231
2025,2025-10-19 15:30:00,Liverpool,Manchester United,1,2,2.60972,2.53117
2025,2025-10-20 19:00:00,West Ham,Brentford,0,2,0.260251,3.46635
2025,2025-10-24 19:00:00,Leeds,West Ham,2,1,2.2214,0.498653
2025,2025-10-25 14:00:00,Chelsea,Sunderland,1,2,1.21332,1.5506
2025,2025-10-25 14:00:00,Newcastle United,Fulham,2,1,2.76806,1.52001
2025,2025-10-25 16:30:00,Manchester United,Brighton,4,2,1.96231,0.947154
2025,2025-10-25 19:00:00,Brentford,Liverpool,3,2,3.27126,2.11838
2025,2025-10-26 13:00:00,Bournemouth,Nottingham Forest,2,0,0.656601,0.305493
2025,2025-10-26 13:00:00,Arsenal,Crystal Palace,1,0,0.856175,0.350534
2025,2025-10-26 13:00:00,Aston Villa,Manchester City,1,0,0.843906,1.36914
2025,2025-10-26 13:00:00,Wolverhampton Wanderers,Burnley,2,3,2.58132,1.54544
2025,2025-10-26 15:30:00,Everton,Tottenham,0,3,1.4032,2.09327
2025,2025-11-01 15:00:00,Brighton,Leeds,3,0,2.64127,0.35919
2025,2025-11-01 15:00:00,Burnley,Arsenal,0,2,0.679177,2.51649
2025,2025-11-01 15:00:00,Crystal Palace,Brentford,2,0,0.734558,0.820498
2025,2025-11-01 15:00:00,Fulham,Wolverhampton Wanderers,3,0,1.91207,0.209934
2025,2025-11-01 15:00:00,Nottingham Forest,Manchester United,2,2,1.55066,0.91622
2025,2025-11-01 17:30:00,Tottenham,Chelsea,0,1,0.146954,3.34251
2025,2025-11-01 20:00:00,Liverpool,Aston Villa,2,0,1.47021,0.43502
2025,2025-11-02 14:00:00,West Ham,Newcastle United,3,1,1.41383,0.523615
2025,2025-11-02 16:30:00,Manchester City,Bournemouth,3,1,2.48999,0.899846
2025,2025-11-03 20:00:00,Sunderland,Everton,1,1,1.18068,1.00741
2025,2025-11-08 12:30:00,Tottenham,Manchester United,2,2,1.35532,0.820256
2025,2025-11-08 15:00:00,Everton,Fulham,2,0,2.30607,0.424478
2025,2025-11-08 15:00:00,West Ham,Burnley,3,2,2.96728,1.87478
2025,2025-11-08 17:30:00,Sunderland,Arsenal,2,2,1.20495,2.32943
2025,2025-11-08 20:00:00,Chelsea,Wolverhampton Wanderers,3,0,3.98342,0.111462
2025,2025-11-09 14:00:00,Aston Villa,Bournemouth,4,0,1.88282,2.00992
2025,2025-11-09 14:00:00,Brentford,Newcastle United,3,1,2.73729,0.432277
2025,2025-11-09 14:00:00,Crystal Palace,Brighton,0,0,0.839547,0.637037
2025,2025-11-09 14:00:00,Nottingham Forest,Leeds,3,1,2.49097,0.419461
2025,2025-11-09 16:30:00,Manchester City,Liverpool,3,0,1.59542,1.0281
2025,2025-11-22 12:30:00,Burnley,Chelsea,0,2,0.660943,1.72093
2025,2025-11-22 15:00:00,Bournemouth,West Ham,2,2,3.48299,0.390782
2025,2025-11-22 15:00:00,Brighton,Brentford,2,1,0.977488,2.19979
2025,2025-11-22 15:00:00,Fulham,Sunderland,1,0,2.83729,0.222768
2025,2025-11-22 15:00:00,Liverpool,Nottingham Forest,0,3,1.79273,1.19459
2025,2025-11-22 15:00:00,Wolverhampton Wanderers,Crystal Palace,0,2,1.66409,1.44933
2025,2025-11-22 17:30:00,Newcastle United,Manchester City,2,1,2.40555,2.45648
2025,2025-11-23 14:00:00,Leeds,Aston Villa,1,2,1.84668,1.35978
2025,2025-11-23 16:30:00,Arsenal,Tottenham,4,1,2.27827,0.0300672
2025,2025-11-24 20:00:00,Manchester United,Everton,0,1,2.2737,0.155063
2025,2025-11-29 15:00:00,Brentford,Burnley,3,1,3.72106,0.874025
2025,2025-11-29 15:00:00,Manchester City,Leeds,3,2,2.85292,1.75142
2025,2025-11-29 15:00:00,Sunderland,Bournemouth,3,2,1.16955,1.79274
2025,2025-11-29 17:30:00,Everton,Newcastle United,1,4,1.01125,2.45882
2025,2025-11-29 20:00:00,Tottenham,Fulham,1,2,1.04396,0.494736
2025,2025-11-30 12:00:00,Crystal Palace,Manchester United,1,2,2.13561,1.47768
2025,2025-11-30 14:05:00,Aston Villa,Wolverhampton Wanderers,1,0,1.15486,0.692588
2025,2025-11-30 14:05:00,Nottingham Forest,Brighton,0,2,0.960325,2.0572
2025,2025-11-30 14:05:00,West Ham,Liverpool,0,2,0.364152,1.56793
2025,2025-11-30 16:30:00,Chelsea,Arsenal,1,1,0.791914,1.22828
2025,2025-12-02 19:30:00,Bournemouth,Everton,0,1,0.635415,1.19573
2025,2025-12-02 19:30:00,Fulham,Manchester City,4,5,0.972635,1.96225
2025,2025-12-02 20:15:00,Newcastle United,Tottenham,2,2,1.88558,1.05205
2025,2025-12-03 19:30:00,Arsenal,Brentford,2,0,2.63126,0.588716
2025,2025-12-03 19:30:00,Brighton,Aston Villa,3,4,1.96298,3.15745
2025,2025-12-03 19:30:00,Burnley,Crystal Palace,0,1,1.16852,0.987797
2025,2025-12-03 19:30:00,Wolverhampton Wanderers,Nottingham Forest,0,1,1.02461,1.12389
2025,2025-12-03 20:15:00,Leeds,Chelsea,3,1,2.2047,0.964018
2025,2025-12-03 20:15:00,Liverpool,Sunderland,1,1,1.37633,0.712662
2025,2025-12-04 20:00:00,Manchester United,West Ham,1,1,2.27674,1.36584
2025,2025-12-06 12:30:00,Aston Villa,Arsenal,2,1,2.71986,1.85965
2025,2025-12-06 15:00:00,Bournemouth,Chelsea,0,0,1.41931,0.672602
2025,2025-12-06 15:00:00,Everton,Nottingham Forest,3,0,1.25348,0.31234
2025,2025-12-06 15:00:00,Manchester City,Sunderland,3,0,2.41605,0.626486
2025,2025-12-06 15:00:00,Newcastle United,Burnley,2,1,1.80708,1.58375
2025,2025-12-06 15:00:00,Tottenham,Brentford,2,0,2.42388,0.470563
2025,2025-12-06 17:30:00,Leeds,Liverpool,3,3,1.79333,2.04805
2025,2025-12-07 14:00:00,Brighton,West Ham,1,1,2.10077,1.7064
2025,2025-12-07 16:30:00,Fulham,Crystal Palace,1,2,0.766771,1.71109
2025,2025-12-08 20:00:00,Wolverhampton Wanderers,Manchester United,1,4,0.262147,4.04708
2025,2025-12-13 15:00:00,Chelsea,Everton,2,0,2.64457,1.34
2025,2025-12-13 15:00:00,Liverpool,Brighton,2,0,2.4127,1.69004
2025,2025-12-13 17:30:00,Burnley,Fulham,2,3,2.05486,1.65053
2025,2025-12-13 20:00:00,Arsenal,Wolverhampton Wanderers,2,1,1.61796,0.61997
2025,2025-12-14 14:00:00,Crystal Palace,Manchester City,0,3,1.30092,1.35317
2025,2025-12-14 14:00:00,Nottingham Forest,Tottenham,3,0,2.32658,0.380246
2025,2025-12-14 14:00:00,Sunderland,Newcastle United,1,0,0.630045,0.169329
2025,2025-12-14 14:00:00,West Ham,Aston Villa,2,3,1.27701,0.595093
2025,2025-12-14 16:30:00,Brentford,Leeds,1,1,0.697006,1.63409
2025,2025-12-15 20:00:00,Manchester United,Bournemouth,4,4,3.21204,2.35196
2025,2025-12-20 12:30:00,Newcastle United,Chelsea,2,2,2.87863,1.0261
2025,2025-12-20 15:00:00,Bournemouth,Burnley,1,1,1.81847,0.480528
2025,2025-12-20 15:00:00,Brighton,Sunderland,0,0,0.919272,1.31044
2025,2025-12-20 15:00:00,Manchester City,West Ham,3,0,3.58188,1.02143
2025,2025-12-20 15:00:00,Wolverhampton Wanderers,Brentford,0,2,1.26823,1.56309
2025,2025-12-20 17:30:00,Tottenham,Liverpool,1,2,1.34905,1.23164
2025,2025-12-20 20:00:00,Everton,Arsenal,0,1,0.213273,1.84723
2025,2025-12-20 20:00:00,Leeds,Crystal Palace,4,1,2.90786,1.53058
2025,2025-12-21 16:30:00,Aston Villa,Manchester United,2,1,1.86917,1.30455
2025,2025-12-22 20:00:00,Fulham,Nottingham Forest,1,0,1.70568,0.486296
2025,2025-12-26 20:00:00,Manchester United,Newcastle United,1,0,0.940811,1.12998
2025,2025-12-27 12:30:00,Nottingham Forest,Manchester City,1,2,0.600141,1.46468
2025,2025-12-27 15:00:00,Arsenal,Brighton,2,1,2.54318,0.710064
2025,2025-12-27 15:00:00,Brentford,Bournemouth,4,1,2.8513,2.56183
2025,2025-12-27 15:00:00,Burnley,Everton,0,0,1.24948,1.25204
2025,2025-12-27 15:00:00,Liverpool,Wolverhampton Wanderers,2,1,1.56502,0.780664
2025,2025-12-27 15:00:00,West Ham,Fulham,0,1,1.13719,1.11436
2025,2025-12-27 17:30:00,Chelsea,Aston Villa,1,2,1.97155,2.05918
2025,2025-12-28 14:00:00,Sunderland,Leeds,1,1,0.805957,2.60653
2025,2025-12-28 16:30:00,Crystal Palace,Tottenham,0,1,0.929681,0.870768
2025,2025-12-30 19:30:00,Burnley,Newcastle United,1,3,1.32551,2.49248
2025,2025-12-30 19:30:00,Chelsea,Bournemouth,2,2,2.33294,3.49142
2025,2025-12-30 19:30:00,Nottingham Forest,Everton,0,2,1.75445,1.69525
2025,2025-12-30 19:30:00,West Ham,Brighton,2,2,2.27644,3.08914
2025,2025-12-30 20:15:00,Arsenal,Aston Villa,4,1,4.41335,2.94195
2025,2025-12-30 20:15:00,Manchester United,Wolverhampton Wanderers,1,1,1.13306,1.21784
2025,2026-01-01 17:30:00,Crystal Palace,Fulham,1,1,2.35346,1.75434
2025,2026-01-01 17:30:00,Liverpool,Leeds,0,0,1.67833,0.15936
2025,2026-01-01 20:00:00,Brentford,Tottenham,0,0,0.556304,0.608309
2025,2026-01-01 20:00:00,Sunderland,Manchester City,0,0,0.962141,2.44247
2025,2026-01-03 12:30:00,Aston Villa,Nottingham Forest,3,1,1.42988,0.8982
2025,2026-01-03 15:00:00,Wolverhampton Wanderers,West Ham,3,0,2.23925,0.235678
2025,2026-01-03 15:00:00,Brighton,Burnley,2,0,1.4717,0.254551
2025,2026-01-03 17:30:00,Bournemouth,Arsenal,2,3,0.947846,1.28
2025,2026-01-04 12:30:00,Leeds,Manchester United,1,1,0.970138,1.94781
2025,2026-01-04 15:00:00,Newcastle United,Crystal Palace,2,0,2.72764,1.27825
2025,2026-01-04 15:00:00,Tottenham,Sunderland,1,1,1.4175,0.467481
2025,2026-01-04 15:00:00,Everton,Brentford,2,4,1.00566,3.05179
2025,2026-01-04 15:00:00,Fulham,Liverpool,2,2,0.609182,1.7188
2025,2026-01-04 17:30:00,Manchester City,Chelsea,1,1,1.03049,2.03726
2025,2026-01-06 20:00:00,West Ham,Nottingham Forest,1,2,1.73697,1.26683
2025,2026-01-07 19:30:00,Everton,Wolverhampton Wanderers,1,1,1.63321,0.71329
2025,2026-01-07 19:30:00,Bournemouth,Tottenham,3,2,1.19014,1.6261
2025,2026-01-07 19:30:00,Brentford,Sunderland,3,0,3.86096,1.50644
2025,2026-01-07 19:30:00,Crystal Palace,Aston Villa,0,0,1.32505,2.07015
2025,2026-01-07 19:30:00,Fulham,Chelsea,2,1,1.06013,2.45107
2025,2026-01-07 19:30:00,Manchester City,Brighton,1,1,2.95904,1.33162
2025,2026-01-07 20:15:00,Burnley,Manchester United,2,2,0.31971,2.52488
2025,2026-01-07 20:15:00,Newcastle United,Leeds,4,3,2.43495,2.35318
2025,2026-01-08 20:00:00,Arsenal,Liverpool,0,0,0.701832,0.318642
2025,2026-01-17 12:30:00,Manchester United,Manchester City,2,0,3.07278,0.387015
2025,2026-01-17 15:00:00,Chelsea,Brentford,2,0,1.62263,1.47521
2025,2026-01-17 15:00:00,Leeds,Fulham,1,0,2.16898,0.258796
2025,2026-01-17 15:00:00,Liverpool,Burnley,1,1,3.49045,0.546971
2025,2026-01-17 15:00:00,Sunderland,Crystal Palace,2,1,1.84601,1.15169
2025,2026-01-17 15:00:00,Tottenham,West Ham,1,2,1.65292,2.76761
2025,2026-01-17 17:30:00,Nottingham Forest,Arsenal,0,0,0.318481,2.86323
2025,2026-01-18 14:00:00,Wolverhampton Wanderers,Newcastle United,0,0,0.390216,0.813313
2025,2026-01-18 16:30:00,Aston Villa,Everton,0,1,0.905393,0.745859
2025,2026-01-19 20:00:00,Brighton,Bournemouth,1,1,0.995777,1.69737
2025,2026-01-24 12:30:00,West Ham,Sunderland,3,1,2.18675,0.713838
2025,2026-01-24 15:00:00,Burnley,Tottenham,2,2,1.54884,2.59093
2025,2026-01-24 15:00:00,Fulham,Brighton,2,1,1.13243,1.94652
2025,2026-01-24 15:00:00,Manchester City,Wolverhampton Wanderers,2,0,1.0654,0.542683
2025,2026-01-24 17:30:00,Bournemouth,Liverpool,3,2,3.31474,0.937335
2025,2026-01-25 14:00:00,Brentford,Nottingham Forest,0,2,2.00413,1.38958
2025,2026-01-25 14:00:00,Crystal Palace,Chelsea,1,3,2.41793,3.08817
2025,2026-01-25 14:00:00,Newcastle United,Aston Villa,0,2,1.95484,1.32143
2025,2026-01-25 16:30:00,Arsenal,Manchester United,2,3,1.42411,0.640902
2025,2026-01-26 20:00:00,Everton,Leeds,1,1,0.889916,1.6766
2025,2026-01-31 15:00:00,Brighton,Everton,1,1,1.42825,1.28126
2025,2026-01-31 15:00:00,Leeds,Arsenal,0,4,0.17871,3.54427
2025,2026-01-31 15:00:00,Wolverhampton Wanderers,Bournemouth,0,2,2.10353,1.59116
2025,2026-01-31 17:30:00,Chelsea,West Ham,3,2,2.66133,1.72585
2025,2026-01-31 20:00:00,Liverpool,Newcastle United,4,1,3.09973,0.284319
2025,2026-02-01 14:00:00,Aston Villa,Brentford,0,1,2.15316,0.314916
2025,2026-02-01 14:00:00,Manchester United,Fulham,3,2,1.84362,1.71998
2025,2026-02-01 14:00:00,Nottingham Forest,Crystal Palace,1,1,0.987254,1.648
2025,2026-02-01 16:30:00,Tottenham,Manchester City,2,2,1.49738,2.03614
2025,2026-02-02 20:00:00,Sunderland,Burnley,3,0,1.8865,0.126371
2025,2026-02-06 20:00:00,Leeds,Nottingham Forest,3,1,3.38179,1.6608
2025,2026-02-07 12:30:00,Manchester United,Tottenham,2,0,2.16576,0.593404
2025,2026-02-07 15:00:00,Bournemouth,Aston Villa,1,1,1.82646,0.646496
2025,2026-02-07 15:00:00,Arsenal,Sunderland,3,0,1.19401,0.427225
2025,2026-02-07 15:00:00,Burnley,West Ham,0,2,1.84644,1.1223
2025,2026-02-07 15:00:00,Fulham,Everton,1,2,2.20126,1.88778
2025,2026-02-07 15:00:00,Wolverhampton Wanderers,Chelsea,1,3,1.11372,3.76278
2025,2026-02-07 17:30:00,Newcastle United,Brentford,2,3,3.3215,1.65022
2025,2026-02-08 14:00:00,Brighton,Crystal Palace,0,1,0.737798,0.928404
2025,2026-02-08 16:30:00,Liverpool,Manchester City,1,2,1.26652,2.41476
2025,2026-02-10 19:30:00,Chelsea,Leeds,2,2,3.21176,1.28948
2025,2026-02-10 19:30:00,Everton,Bournemouth,1,2,2.33114,1.4121
2025,2026-02-10 19:30:00,Tottenham,Newcastle United,1,2,1.68925,2.46991
2025,2026-02-10 20:15:00,West Ham,Manchester United,1,1,1.30746,0.735767
2025,2026-02-11 19:30:00,Aston Villa,Brighton,1,0,0.576138,0.481306
2025,2026-02-11 19:30:00,Crystal Palace,Burnley,2,3,2.1276,0.691273
2025,2026-02-11 19:30:00,Manchester City,Fulham,3,0,1.67722,1.05283
2025,2026-02-11 19:30:00,Nottingham Forest,Wolverhampton Wanderers,0,0,3.69094,0.406959
2025,2026-02-11 20:15:00,Sunderland,Liverpool,0,1,0.693794,3.08172
2025,2026-02-12 20:00:00,Brentford,Arsenal,1,1,1.81154,0.78418
2025,2026-02-18 20:00:00,Wolverhampton Wanderers,Arsenal,2,2,0.173119,2.01018
2025,2026-02-21 15:00:00,Aston Villa,Leeds,1,1,1.25439,1.27855
2025,2026-02-21 15:00:00,Brentford,Brighton,0,2,1.69023,1.37203
2025,2026-02-21 15:00:00,Chelsea,Burnley,1,1,2.51534,1.01255
2025,2026-02-21 17:30:00,West Ham,Bournemouth,0,0,2.34412,0.522731
2025,2026-02-21 20:00:00,Manchester City,Newcastle United,2,1,2.22648,0.507954
2025,2026-02-22 14:00:00,Crystal Palace,Wolverhampton Wanderers,1,0,2.03559,1.67749
2025,2026-02-22 14:00:00,Nottingham Forest,Liverpool,0,1,0.934768,2.39634
2025,2026-02-22 14:00:00,Sunderland,Fulham,1,3,1.7609,2.16696
2025,2026-02-22 16:30:00,Tottenham,Arsenal,1,4,0.383264,3.31701
2025,2026-02-23 20:00:00,Everton,Manchester United,0,1,0.560924,1.4547
2025,2026-02-27 20:00:00,Wolverhampton Wanderers,Aston Villa,2,0,1.50771,1.31328
2025,2026-02-28 12:30:00,Bournemouth,Sunderland,1,1,1.82434,1.07887
2025,2026-02-28 15:00:00,Burnley,Brentford,3,4,0.823824,2.44595
2025,2026-02-28 15:00:00,Liverpool,West Ham,5,2,2.09939,1.3517
2025,2026-02-28 15:00:00,Newcastle United,Everton,2,3,1.11889,2.40731
2025,2026-02-28 17:30:00,Leeds,Manchester City,0,1,1.37824,2.46834
2025,2026-03-01 14:00:00,Brighton,Nottingham Forest,2,1,1.20107,0.83055
2025,2026-03-01 14:00:00,Fulham,Tottenham,2,1,2.3207,0.952091
2025,2026-03-01 14:00:00,Manchester United,Crystal Palace,2,1,2.34609,0.384699
2025,2026-03-01 16:30:00,Arsenal,Chelsea,2,1,1.71598,1.35268
2025,2026-03-03 19:30:00,Bournemouth,Brentford,0,0,2.3177,0.673328
2025,2026-03-03 19:30:00,Everton,Burnley,2,0,1.15845,0.762229
2025,2026-03-03 19:30:00,Leeds,Sunderland,0,1,0.888232,0.843856
2025,2026-03-03 20:15:00,Wolverhampton Wanderers,Liverpool,2,1,0.636033,2.17217
2025,2026-03-04 19:30:00,Aston Villa,Chelsea,1,4,1.06854,3.38883
2025,2026-03-04 19:30:00,Brighton,Arsenal,0,1,0.919228,0.514803
2025,2026-03-04 19:30:00,Fulham,West Ham,0,1,0.628123,1.49528
2025,2026-03-04 19:30:00,Manchester City,Nottingham Forest,2,2,2.72655,1.23642
2025,2026-03-04 20:15:00,Newcastle United,Manchester United,2,1,1.96637,1.80571
2025,2026-03-05 20:00:00,Tottenham,Crystal Palace,1,3,1.29615,1.91515
2025,2026-03-14 15:00:00,Burnley,Bournemouth,0,0,1.67695,2.36979
2025,2026-03-14 15:00:00,Sunderland,Brighton,0,1,0.659083,1.12832
2025,2026-03-14 17:30:00,Arsenal,Everton,2,0,1.90855,1.17847
2025,2026-03-14 17:30:00,Chelsea,Newcastle United,0,1,1.72508,1.03251
2025,2026-03-14 20:00:00,West Ham,Manchester City,1,1,0.488982,1.9546
2025,2026-03-15 14:00:00,Crystal Palace,Leeds,0,0,0.525205,1.13558
2025,2026-03-15 14:00:00,Manchester United,Aston Villa,3,1,1.67823,1.21071
2025,2026-03-15 14:00:00,Nottingham Forest,Fulham,0,0,0.821011,0.933988
2025,2026-03-15 16:30:00,Liverpool,Tottenham,1,1,1.30076,1.15636
2025,2026-03-16 20:00:00,Brentford,Wolverhampton Wanderers,2,2,2.7966,1.80044
2025,2026-03-20 20:00:00,Bournemouth,Manchester United,2,2,1.76664,1.74574
2025,2026-03-21 12:30:00,Brighton,Liverpool,2,1,3.42956,0.956801
2025,2026-03-21 15:00:00,Fulham,Burnley,3,1,3.48438,1.92556
2025,2026-03-21 17:30:00,Everton,Chelsea,3,0,1.44532,1.35143
2025,2026-03-21 20:00:00,Leeds,Brentford,0,0,0.417296,0.302221
2025,2026-03-22 12:00:00,Newcastle United,Sunderland,1,2,1.26705,2.66657
2025,2026-03-22 14:15:00,Aston Villa,West Ham,2,0,2.48528,0.760054
2025,2026-03-22 14:15:00,Tottenham,Nottingham Forest,0,3,1.6189,1.54408
2025,2026-04-10 19:00:00,West Ham,Wolverhampton Wanderers,4,0,2.54379,0.571967
2025,2026-04-11 11:30:00,Arsenal,Bournemouth,1,2,3.16346,1.39461
2025,2026-04-11 14:00:00,Brentford,Everton,2,2,2.26302,1.57033
2025,2026-04-11 14:00:00,Burnley,Brighton,0,2,0.812029,1.07182
2025,2026-04-11 16:30:00,Liverpool,Fulham,2,0,2.01499,1.42024
2025,2026-04-12 13:00:00,Nottingham Forest,Aston Villa,1,1,0.85045,1.36297
2025,2026-04-12 13:00:00,Sunderland,Tottenham,1,0,1.77584,1.01598
2025,2026-04-12 13:00:00,Crystal Palace,Newcastle United,2,1,3.13933,1.27299
2025,2026-04-12 15:30:00,Chelsea,Manchester City,0,3,1.22108,2.40839
2025,2026-04-13 19:00:00,Manchester United,Leeds,1,2,1.36555,2.95118
2025,2026-04-18 11:30:00,Brentford,Fulham,0,0,2.33552,0.790707
2025,2026-04-18 14:00:00,Leeds,Wolverhampton Wanderers,3,0,3.55804,0.568627
2025,2026-04-18 14:00:00,Newcastle United,Bournemouth,1,2,1.61167,3.36662
2025,2026-04-18 16:30:00,Tottenham,Brighton,2,2,1.56052,1.1373
2025,2026-04-18 19:00:00,Chelsea,Manchester United,0,1,1.28109,0.436043
2025,2026-04-19 13:00:00,Aston Villa,Sunderland,4,3,3.90223,1.56008
2025,2026-04-19 13:00:00,Everton,Liverpool,1,2,1.4784,1.38333
2025,2026-04-19 13:00:00,Nottingham Forest,Burnley,4,1,1.4425,0.601418
2025,2026-04-19 15:30:00,Manchester City,Arsenal,2,1,2.61528,2.28964
2025,2026-04-20 19:00:00,Crystal Palace,West Ham,0,0,0.733442,0.622445
2025,2026-04-21 19:00:00,Brighton,Chelsea,3,0,2.51784,0.297865
2025,2026-04-22 19:00:00,Bournemouth,Leeds,2,2,1.91355,1.21601
2025,2026-04-22 19:00:00,Burnley,Manchester City,0,1,0.973776,3.40888
2025,2026-04-24 19:00:00,Sunderland,Nottingham Forest,0,5,0.614323,1.54208
2025,2026-04-25 11:30:00,Fulham,Aston Villa,1,0,1.24069,0.906156
2025,2026-04-25 14:00:00,Liverpool,Crystal Palace,3,1,1.45071,2.19912
2025,2026-04-25 14:00:00,West Ham,Everton,2,1,1.8356,1.1144
2025,2026-04-25 14:00:00,Wolverhampton Wanderers,Tottenham,0,1,0.762656,1.06403
2025,2026-04-25 16:30:00,Arsenal,Newcastle United,1,0,0.639189,0.868897
2025,2026-04-27 19:00:00,Manchester United,Brentford,2,1,1.84852,1.30383
2025,2026-05-01 20:00:00,Leeds,Burnley,3,1,2.09546,0.434597
2025,2026-05-02 15:00:00,Brentford,West Ham,3,0,2.27374,0.753895
2025,2026-05-02 15:00:00,Newcastle United,Brighton,3,1,3.12933,1.87112
2025,2026-05-02 15:00:00,Wolverhampton Wanderers,Sunderland,1,1,1.96131,0.923954
2025,2026-05-02 17:30:00,Arsenal,Fulham,3,0,4.09079,0.696714
2025,2026-05-03 14:00:00,Bournemouth,Crystal Palace,3,0,2.29626,0.678329
2025,2026-05-03 15:30:00,Manchester United,Liverpool,3,2,2.55612,1.02814
2025,2026-05-03 19:00:00,Aston Villa,Tottenham,1,2,0.609494,1.12225
2025,2026-05-04 15:00:00,Chelsea,Nottingham Forest,1,3,2.17132,2.31019
2025,2026-05-04 20:00:00,Everton,Manchester City,3,3,1.68558,1.41706
2025,2026-05-09 12:30:00,Liverpool,Chelsea,1,1,0.623191,0.597184
2025,2026-05-09 15:00:00,Brighton,Wolverhampton Wanderers,3,0,2.22427,0.515647
2025,2026-05-09 15:00:00,Fulham,Bournemouth,0,1,1.24334,0.998003
2025,2026-05-09 15:00:00,Sunderland,Manchester United,0,0,1.2376,0.535981
2025,2026-05-09 17:30:00,Manchester City,Brentford,3,0,4.37429,0.670038
2025,2026-05-10 14:00:00,Burnley,Aston Villa,2,2,1.71234,1.75493
2025,2026-05-10 14:00:00,Crystal Palace,Everton,2,2,3.28826,2.10265
2025,2026-05-10 14:00:00,Nottingham Forest,Newcastle United,1,1,1.46434,1.65067
2025,2026-05-10 16:30:00,West Ham,Arsenal,0,1,1.32011,1.42953
2025,2026-05-11 20:00:00,Tottenham,Leeds,1,1,1.49036,1.86976
2025,2026-05-13 20:00:00,Manchester City,Crystal Palace,3,0,1.95679,0.428862
2025,2026-05-15 20:00:00,Aston Villa,Liverpool,4,2,2.5252,1.55027
2025,2026-05-17 12:30:00,Manchester United,Nottingham Forest,3,2,4.28532,1.84418
2025,2026-05-17 15:00:00,Brentford,Crystal Palace,2,2,1.54564,1.82274
2025,2026-05-17 15:00:00,Everton,Sunderland,1,3,1.32181,1.28383
2025,2026-05-17 15:00:00,Leeds,Brighton,1,0,0.747756,2.23238
2025,2026-05-17 15:00:00,Wolverhampton Wanderers,Fulham,1,1,1.49725,1.48412
2025,2026-05-17 17:30:00,Newcastle United,West Ham,3,1,2.1336,0.957771
2025,2026-05-18 20:00:00,Arsenal,Burnley,1,0,1.22695,0.194884
2025,2026-05-19 19:30:00,Bournemouth,Manchester City,1,1,1.71486,1.26917
2025,2026-05-19 20:15:00,Chelsea,Tottenham,2,1,1.09262,2.15227
2025,2026-05-24 15:00:00,Brighton,Manchester United,0,3,0.702398,2.32868
2025,2026-05-24 15:00:00,Burnley,Wolverhampton Wanderers,1,1,1.28476,2.8433
2025,2026-05-24 15:00:00,Crystal Palace,Arsenal,1,2,1.00492,3.90645
2025,2026-05-24 15:00:00,Fulham,Newcastle United,2,0,1.72878,0.24232
2025,2026-05-24 15:00:00,Liverpool,Brentford,1,1,2.99412,1.46082
2025,2026-05-24 15:00:00,Manchester City,Aston Villa,1,2,1.38085,2.4397
2025,2026-05-24 15:00:00,Nottingham Forest,Bournemouth,1,1,2.05852,1.33684
2025,2026-05-24 15:00:00,Sunderland,Chelsea,2,1,2.33109,0.920885
2025,2026-05-24 15:00:00,Tottenham,Everton,1,0,1.40597,0.268476
2025,2026-05-24 15:00:00,West Ham,Leeds,3,0,2.73135,1.94969
